level_id,object_key,object_type,relevance_class,relevance_score,solvability_changed,winning_first_action_change,strategy_family_change,dependency_graph_change,polarity_transition_change,meaningful_decision_change,ordering_constraint_change,line_of_sight_change,cancellation_change,route_structure_change,analysis_complete
"d2-v5-tutorial-001","arrow:a1","ARROW","HIGH","0.5244","false","0.5","0.0","1.0","1.0","1.0","0.0","0.0","0.0","0.0","true"
"d2-v5-tutorial-001","arrow:a2","ARROW","LOW","0.1111","false","0.0","0.5","0.0","0.5","0.0","0.0","0.0","0.0","0.0","true"
"d2-v5-tutorial-001","arrow:a3","ARROW","MEDIUM","0.29","false","0.0","0.0","0.0","1.0","1.0","0.0","0.0","0.0","0.0","true"
"d2-v5-tutorial-001","magnet:m1","MAGNET","MEDIUM","0.2367","false","0.0","0.0","0.0","1.0","0.0","0.0","1.0","0.0","0.0","true"
"d2-v5-tutorial-001","wall:1,2","WALL","IRRELEVANT","0.0","false","0.0","0.0","0.0","0.0","0.0","0.0","0.0","0.0","0.0","true"
"d2-v5-tutorial-001","wall:3,1","WALL","IRRELEVANT","0.0","false","0.0","0.0","0.0","0.0","0.0","0.0","0.0","0.0","0.0","true"
"d2-v5-tutorial-002","arrow:a1","ARROW","MEDIUM","0.13","false","0.0","1.0","0.0","0.0","0.0","0.0","0.0","0.0","0.0","true"
"d2-v5-tutorial-002","magnet:m1","MAGNET","LOW","0.1","false","0.0","0.0","0.0","0.0","0.0","0.0","1.0","0.0","0.0","true"
"d2-v5-tutorial-002","wall:3,2","WALL","MEDIUM","0.15","false","0.0","0.0","0.0","0.0","0.0","0.0","1.0","0.0","0.0","true"
"d2-v5-tutorial-002","wall:3,4","WALL","IRRELEVANT","0.0","false","0.0","0.0","0.0","0.0","0.0","0.0","0.0","0.0","0.0","true"
"d2-v5-tutorial-003","arrow:a1","ARROW","MEDIUM","0.13","false","0.0","1.0","0.0","0.0","0.0","0.0","0.0","0.0","0.0","true"
"d2-v5-tutorial-003","magnet:m1","MAGNET","LOW","0.1","false","0.0","0.0","0.0","0.0","0.0","0.0","1.0","0.0","0.0","true"
"d2-v5-tutorial-003","wall:3,2","WALL","MEDIUM","0.15","false","0.0","0.0","0.0","0.0","0.0","0.0","1.0","0.0","0.0","true"
"d2-v5-tutorial-004","arrow:a1","ARROW","HIGH","0.4967","false","0.0","0.3333","1.0","1.0","1.0","0.0","0.0","0.0","0.0","true"
"d2-v5-tutorial-004","arrow:a2","ARROW","HIGH","0.4967","false","0.0","0.3333","1.0","1.0","1.0","0.0","0.0","0.0","0.0","true"
"d2-v5-tutorial-004","arrow:a3","ARROW","LOW","0.1017","false","0.0","0.3333","0.0","0.5","0.0","0.0","0.0","0.0","0.0","true"
"d2-v5-tutorial-004","magnet:m1","MAGNET","HIGH","0.59","false","0.0","0.0","1.0","1.0","1.0","0.0","1.0","0.0","1.0","true"
"d2-v5-tutorial-004","wall:2,1","WALL","IRRELEVANT","0.0","false","0.0","0.0","0.0","0.0","0.0","0.0","0.0","0.0","0.0","true"
"d2-v5-tutorial-004","wall:2,2","WALL","MEDIUM","0.3231","false","0.0","0.0","0.619","0.6667","0.5","0.0","0.3333","0.0","0.6667","true"
"d2-v5-tutorial-005","arrow:a1","ARROW","MEDIUM","0.24","false","0.0","1.0","0.0","0.0","0.0","0.0","1.0","1.0","0.0","true"
"d2-v5-tutorial-005","magnet:m1","MAGNET","MEDIUM","0.21","false","0.0","0.0","0.0","0.0","0.0","0.0","1.0","1.0","0.0","true"
"d2-v5-tutorial-005","magnet:m2","MAGNET","MEDIUM","0.21","false","0.0","0.0","0.0","0.0","0.0","0.0","1.0","1.0","0.0","true"
"d2-v5-tutorial-006","arrow:a1","ARROW","MEDIUM","0.2605","false","0.5","0.5","0.5","0.0","0.0","0.0","0.0","0.0","0.5","true"
"d2-v5-tutorial-006","arrow:a2","ARROW","MEDIUM","0.31","false","0.5","0.5","0.75","0.0","0.0","0.0","0.0","0.0","0.5","true"
"d2-v5-tutorial-006","arrow:a3","ARROW","CRITICAL","1.0","true","0.0","1.0","0.7143","1.0","1.0","0.0","0.3333","0.0","0.3333","true"
"d2-v5-tutorial-006","magnet:m1","MAGNET","CRITICAL","1.0","true","1.0","1.0","0.75","1.0","1.0","0.0","1.0","0.0","0.5","true"
"d2-v5-tutorial-006","wall:1,3","WALL","IRRELEVANT","0.0","false","0.0","0.0","0.0","0.0","0.0","0.0","0.0","0.0","0.0","true"
"d2-v5-tutorial-006","wall:4,4","WALL","MEDIUM","0.2678","false","0.5","0.5","0.4375","0.5","0.0","0.0","0.0","0.0","0.4","true"
"d2-v5-tutorial-007","arrow:a1","ARROW","HIGH","0.51","false","0.0","0.5","1.0","1.0","1.0","0.0","0.0","0.0","0.0","true"
"d2-v5-tutorial-007","arrow:a2","ARROW","HIGH","0.51","false","0.0","0.5","1.0","1.0","1.0","0.0","0.0","0.0","0.0","true"
"d2-v5-tutorial-007","magnet:m1","MAGNET","HIGH","0.4922","false","0.0","0.0","1.0","1.0","1.0","0.0","0.0","0.0","1.0","true"
"d2-v5-tutorial-007","wall:2,3","WALL","IRRELEVANT","0.0","false","0.0","0.0","0.0","0.0","0.0","0.0","0.0","0.0","0.0","true"
"d2-v5-tutorial-007","wall:2,4","WALL","IRRELEVANT","0.0","false","0.0","0.0","0.0","0.0","0.0","0.0","0.0","0.0","0.0","true"
"d2-v5-tutorial-008","arrow:a1","ARROW","HIGH","0.4967","false","0.0","0.3333","1.0","1.0","1.0","0.0","0.0","0.0","0.0","true"
"d2-v5-tutorial-008","arrow:a2","ARROW","HIGH","0.4967","false","0.0","0.3333","1.0","1.0","1.0","0.0","0.0","0.0","0.0","true"
"d2-v5-tutorial-008","arrow:a3","ARROW","LOW","0.0967","false","0.0","0.3333","0.0","0.5","0.0","0.0","0.0","0.0","0.0","true"
"d2-v5-tutorial-008","magnet:m1","MAGNET","MEDIUM","0.2667","false","0.3333","0.3333","0.3333","1.0","0.0","0.0","0.0","0.0","0.0","true"
"d2-v5-tutorial-008","wall:1,4","WALL","IRRELEVANT","0.0","false","0.0","0.0","0.0","0.0","0.0","0.0","0.0","0.0","0.0","true"
"d2-v5-tutorial-008","wall:2,2","WALL","IRRELEVANT","0.0","false","0.0","0.0","0.0","0.0","0.0","0.0","0.0","0.0","0.0","true"
"d2-v5-tutorial-009","arrow:a1","ARROW","CRITICAL","1.0","true","0.0","1.0","0.7143","1.0","1.0","0.0","0.3333","0.0","0.3333","true"
"d2-v5-tutorial-009","arrow:a2","ARROW","MEDIUM","0.2605","false","0.5","0.5","0.5","0.0","0.0","0.0","0.0","0.0","0.5","true"
"d2-v5-tutorial-009","arrow:a3","ARROW","MEDIUM","0.31","false","0.5","0.5","0.75","0.0","0.0","0.0","0.0","0.0","0.5","true"
"d2-v5-tutorial-009","magnet:m1","MAGNET","CRITICAL","1.0","true","1.0","1.0","0.75","1.0","1.0","0.0","1.0","0.0","0.5","true"
"d2-v5-tutorial-009","wall:1,4","WALL","MEDIUM","0.2678","false","0.5","0.5","0.4375","0.5","0.0","0.0","0.0","0.0","0.4","true"
"d2-v5-tutorial-009","wall:4,2","WALL","IRRELEVANT","0.0","false","0.0","0.0","0.0","0.0","0.0","0.0","0.0","0.0","0.0","true"
"d2-v5-tutorial-010","arrow:a1","ARROW","MEDIUM","0.17","false","0.0","0.0","0.0","0.0","1.0","0.0","0.0","0.0","0.0","true"
"d2-v5-tutorial-010","arrow:a2","ARROW","MEDIUM","0.29","false","1.0","0.0","0.0","0.0","1.0","0.0","0.0","0.0","0.0","true"
"d2-v5-tutorial-010","wall:1,3","WALL","IRRELEVANT","0.0","false","0.0","0.0","0.0","0.0","0.0","0.0","0.0","0.0","0.0","true"
"d2-v5-tutorial-010","wall:3,3","WALL","IRRELEVANT","0.0","false","0.0","0.0","0.0","0.0","0.0","0.0","0.0","0.0","0.0","true"
"d2-v5-tutorial-011","arrow:a1","ARROW","MEDIUM","0.23","false","0.0","0.0","0.0","0.0","1.0","0.0","0.0","1.0","0.0","true"
"d2-v5-tutorial-011","arrow:a2","ARROW","MEDIUM","0.29","false","1.0","0.0","0.0","0.0","1.0","0.0","0.0","0.0","0.0","true"
"d2-v5-tutorial-011","magnet:m1","MAGNET","HIGH","0.38","false","0.5","0.5","0.0","1.0","0.0","0.0","0.6667","1.0","0.5","true"
"d2-v5-tutorial-011","magnet:m2","MAGNET","HIGH","0.5183","false","0.5","0.5","1.0","0.0","1.0","0.0","0.0","1.0","1.0","true"
"d2-v5-tutorial-011","wall:4,3","WALL","IRRELEVANT","0.0","false","0.0","0.0","0.0","0.0","0.0","0.0","0.0","0.0","0.0","true"
"d2-v5-tutorial-011","wall:4,4","WALL","IRRELEVANT","0.0","false","0.0","0.0","0.0","0.0","0.0","0.0","0.0","0.0","0.0","true"
"d2-v5-tutorial-012","arrow:a1","ARROW","MEDIUM","0.23","false","0.5","0.0","0.0","0.0","1.0","0.0","0.0","0.0","0.0","true"
"d2-v5-tutorial-012","arrow:a2","ARROW","MEDIUM","0.17","false","0.0","0.0","0.0","0.0","1.0","0.0","0.0","0.0","0.0","true"
"d2-v5-tutorial-012","arrow:a3","ARROW","LOW","0.04","false","0.0","0.5","0.0","0.0","0.0","0.0","0.0","0.0","0.0","true"
"d2-v5-hard-013","arrow:a1","ARROW","MEDIUM","0.141","false","0.0","0.3333","0.0","0.5","0.0","0.3333","0.0","0.0","0.0","true"
"d2-v5-hard-013","arrow:a2","ARROW","HIGH","0.64","false","0.0","0.0","1.0","1.0","1.0","1.0","0.0","0.0","1.0","true"
"d2-v5-hard-013","arrow:a3","ARROW","HIGH","0.6264","false","0.3333","0.0","1.0","1.0","1.0","1.0","0.0","0.0","0.0","true"
"d2-v5-hard-013","arrow:a4","ARROW","MEDIUM","0.141","false","0.0","0.3333","0.0","0.5","0.0","0.3333","0.0","0.0","0.0","true"
"d2-v5-hard-013","magnet:m1","MAGNET","IRRELEVANT","0.02","false","0.0","0.0","0.0","0.0","0.0","0.0","0.2","0.0","0.0","true"
"d2-v5-hard-013","magnet:m2","MAGNET","MEDIUM","0.2462","false","0.25","0.25","0.2727","0.0","0.0","1.0","0.2","0.0","0.0","true"
"d2-v5-hard-013","magnet:m3","MAGNET","HIGH","0.5092","false","0.25","0.25","0.6","0.5","0.0","1.0","0.6","1.0","0.6667","true"
"d2-v5-hard-013","magnet:m4","MAGNET","IRRELEVANT","0.02","false","0.0","0.0","0.0","0.0","0.0","0.0","0.2","0.0","0.0","true"
"d2-v5-hard-013","magnet:m5","MAGNET","IRRELEVANT","0.0","false","0.0","0.0","0.0","0.0","0.0","0.0","0.0","0.0","0.0","true"
"d2-v5-hard-013","wall:2,2","WALL","LOW","0.0471","false","0.0","0.0","0.0","0.0","0.0","0.0","0.4","0.0","0.0","true"
"d2-v5-easy-014","arrow:a1","ARROW","HIGH","0.4261","false","0.5","0.5","0.25","0.8333","0.5","0.5","0.0","0.0","0.5","true"
"d2-v5-easy-014","arrow:a2","ARROW","MEDIUM","0.2817","false","0.0","0.5","0.0","0.6667","0.5","0.5","0.0","0.0","0.0","true"
"d2-v5-easy-014","arrow:a3","ARROW","HIGH","0.3607","false","0.0","0.5","0.3","0.6667","0.5","0.5","0.0","0.0","0.3333","true"
"d2-v5-easy-014","magnet:m1","MAGNET","CRITICAL","0.7733","false","0.3333","0.3333","1.0","1.0","1.0","1.0","1.0","0.0","1.0","true"
"d2-v5-easy-014","wall:1,3","WALL","MEDIUM","0.2619","false","0.3333","0.3333","0.1818","0.1429","0.0","1.0","0.0","0.0","0.2857","true"
"d2-v5-easy-014","wall:2,2","WALL","IRRELEVANT","0.0","false","0.0","0.0","0.0","0.0","0.0","0.0","0.0","0.0","0.0","true"
"d2-v5-easy-014","wall:3,2","WALL","IRRELEVANT","0.0","false","0.0","0.0","0.0","0.0","0.0","0.0","0.0","0.0","0.0","true"
"d2-v5-medium-015","arrow:a1","ARROW","HIGH","0.64","false","0.0","0.0","1.0","1.0","1.0","1.0","0.0","0.0","1.0","true"
"d2-v5-medium-015","arrow:a2","ARROW","MEDIUM","0.1421","false","0.0","0.3333","0.0","0.5","0.0","0.3333","0.0","0.0","0.0","true"
"d2-v5-medium-015","arrow:a3","ARROW","HIGH","0.63","false","0.3333","0.0","1.0","1.0","1.0","1.0","0.0","0.0","0.0","true"
"d2-v5-medium-015","arrow:a4","ARROW","MEDIUM","0.1459","false","0.0","0.3333","0.0","0.5","0.0","0.3333","0.0","0.0","0.0","true"
"d2-v5-medium-015","magnet:m1","MAGNET","CRITICAL","0.7054","false","0.25","0.25","1.0","1.0","1.0","1.0","0.5","0.0","1.0","true"
"d2-v5-medium-015","magnet:m2","MAGNET","LOW","0.0333","false","0.0","0.0","0.0","0.0","0.0","0.0","0.3333","0.0","0.0","true"
"d2-v5-medium-015","wall:4,7","WALL","IRRELEVANT","0.025","false","0.0","0.0","0.0","0.0","0.0","0.0","0.25","0.0","0.0","true"
"d2-v5-medium-015","wall:6,7","WALL","CRITICAL","1.0","true","1.0","1.0","0.1667","0.5","0.0","1.0","0.3333","0.0","0.25","true"
"d2-v5-medium-015","wall:7,1","WALL","IRRELEVANT","0.0","false","0.0","0.0","0.0","0.0","0.0","0.0","0.0","0.0","0.0","true"
"d2-v5-medium-015","wall:7,6","WALL","LOW","0.0394","false","0.0","0.0","0.0833","0.0","0.0","0.0","0.0","0.0","0.3333","true"
"d2-v5-expert-016","arrow:a1","ARROW","HIGH","0.3605","false","0.3333","0.0","0.1429","0.5","0.5","0.5714","0.1667","1.0","0.0","true"
"d2-v5-expert-016","arrow:a2","ARROW","CRITICAL","1.0","true","1.0","1.0","0.8","1.0","1.0","1.0","0.1667","0.8","0.0","true"
"d2-v5-expert-016","arrow:a3","ARROW","MEDIUM","0.1631","false","0.0","0.3333","0.0","0.5","0.0","0.2857","0.0","0.4","0.0","true"
"d2-v5-expert-016","arrow:a4","ARROW","HIGH","0.3594","false","0.0","0.0","0.3","1.0","0.5","0.5714","0.0","0.0","0.5","true"
"d2-v5-expert-016","arrow:a5","ARROW","MEDIUM","0.1609","false","0.0","0.3333","0.0","0.5","0.0","0.2857","0.0","0.4","0.0","true"
"d2-v5-expert-016","magnet:m1","MAGNET","MEDIUM","0.2364","false","0.5","0.0","0.1304","0.2","0.0","0.5714","0.25","0.2","0.2857","true"
"d2-v5-expert-016","magnet:m2","MAGNET","HIGH","0.5194","false","0.4","0.4","0.5556","0.2","0.5","1.0","0.4444","0.75","0.6","true"
"d2-v5-expert-016","magnet:m3","MAGNET","MEDIUM","0.3063","false","0.25","0.25","0.3226","0.6","0.3333","0.4286","0.125","0.0","0.4","true"
"d2-v5-expert-016","magnet:m4","MAGNET","MEDIUM","0.2319","false","0.3333","0.3333","0.087","0.5","0.0","0.2857","0.1429","0.4","0.25","true"
"d2-v5-expert-016","magnet:m5","MAGNET","IRRELEVANT","0.0125","false","0.0","0.0","0.0","0.0","0.0","0.0","0.125","0.0","0.0","true"
"d2-v5-expert-016","magnet:m6","MAGNET","IRRELEVANT","0.0","false","0.0","0.0","0.0","0.0","0.0","0.0","0.0","0.0","0.0","true"
"d2-v5-expert-016","wall:2,4","WALL","IRRELEVANT","0.0","false","0.0","0.0","0.0","0.0","0.0","0.0","0.0","0.0","0.0","true"
"d2-v5-expert-016","wall:4,5","WALL","IRRELEVANT","0.0","false","0.0","0.0","0.0","0.0","0.0","0.0","0.0","0.0","0.0","true"
"d2-v5-hard-017","arrow:a1","ARROW","HIGH","0.3765","false","0.3333","0.3333","0.1304","0.7647","0.3333","0.6","0.0","0.5","0.125","true"
"d2-v5-hard-017","arrow:a2","ARROW","HIGH","0.4253","false","0.5","0.25","0.1538","0.4118","0.3333","1.0","0.0","1.0","0.0","true"
"d2-v5-hard-017","arrow:a3","ARROW","MEDIUM","0.1776","false","0.0","0.3333","0.0","0.5","0.0","0.4","0.0","0.5","0.0","true"
"d2-v5-hard-017","arrow:a4","ARROW","HIGH","0.391","false","0.25","0.25","0.12","0.4118","0.3333","1.0","0.0","1.0","0.0","true"
"d2-v5-hard-017","arrow:a5","ARROW","MEDIUM","0.3093","false","0.0","0.3333","0.0435","0.7059","0.3333","0.6","0.0","0.5","0.0","true"
"d2-v5-hard-017","magnet:m1","MAGNET","CRITICAL","1.0","true","1.0","1.0","0.9268","1.0","1.0","1.0","0.0","1.0","0.7857","true"
"d2-v5-hard-017","magnet:m2","MAGNET","LOW","0.085","false","0.0","0.0","0.0","0.0","0.0","0.0","0.25","1.0","0.0","true"
"d2-v5-hard-017","wall:2,3","WALL","IRRELEVANT","0.0113","false","0.0","0.0","0.0222","0.0","0.0","0.0","0.0","0.0","0.0714","true"
"d2-v5-hard-017","wall:4,4","WALL","MEDIUM","0.2796","false","0.25","0.25","0.3382","0.4848","0.25","0.4","0.125","0.0","0.3636","true"
"d2-v5-hard-017","wall:5,2","WALL","IRRELEVANT","0.0","false","0.0","0.0","0.0","0.0","0.0","0.0","0.0","0.0","0.0","true"
"d2-v5-hard-017","wall:5,4","WALL","IRRELEVANT","0.0","false","0.0","0.0","0.0","0.0","0.0","0.0","0.0","0.0","0.0","true"
"d2-v5-medium-018","arrow:a1","ARROW","MEDIUM","0.1927","false","0.3333","0.0","0.0","0.5","0.0","0.2","0.0","0.6","0.0","true"
"d2-v5-medium-018","arrow:a2","ARROW","HIGH","0.4067","false","0.25","0.25","0.2","0.5","0.5","1.0","0.0","0.8","0.0","true"
"d2-v5-medium-018","arrow:a3","ARROW","MEDIUM","0.3385","false","0.25","0.25","0.3529","0.25","0.5","0.2","0.0","0.6","0.5","true"
"d2-v5-medium-018","arrow:a4","ARROW","HIGH","0.4308","false","0.25","0.25","0.2727","0.5","0.5","1.0","0.0","0.8","0.375","true"
"d2-v5-medium-018","arrow:a5","ARROW","MEDIUM","0.3394","false","0.0","0.3333","0.2273","0.8125","0.5","0.2","0.1429","0.7","0.1429","true"
"d2-v5-medium-018","arrow:a6","ARROW","MEDIUM","0.1541","false","0.0","0.3333","0.0","0.5","0.0","0.2","0.0","0.5","0.0","true"
"d2-v5-medium-018","magnet:m1","MAGNET","CRITICAL","1.0","true","1.0","1.0","0.7407","0.75","0.5","1.0","0.4","1.0","0.5556","true"
"d2-v5-medium-018","magnet:m2","MAGNET","CRITICAL","1.0","true","1.0","1.0","0.2414","0.75","0.0","1.0","0.3333","1.0","0.0","true"
"d2-v5-medium-018","wall:2,3","WALL","MEDIUM","0.2723","false","0.25","0.25","0.0938","0.2","0.0","1.0","0.3","0.2","0.2727","true"
"d2-v5-master-019","arrow:a1","ARROW","HIGH","0.3983","false","0.3333","0.3333","0.0","0.5","0.5","0.5","0.1667","1.0","0.5","true"
"d2-v5-master-019","arrow:a2","ARROW","HIGH","0.3686","false","0.5","0.0","0.1176","0.75","0.5","0.3333","0.125","0.6154","0.2","true"
"d2-v5-master-019","arrow:a3","ARROW","MEDIUM","0.1817","false","0.0","0.5","0.0","0.5","0.0","0.3333","0.0","0.4615","0.0","true"
"d2-v5-master-019","arrow:a4","ARROW","MEDIUM","0.2669","false","0.6667","0.0","0.0952","0.5","0.0","0.1667","0.125","0.7692","0.1429","true"
"d2-v5-master-019","arrow:a5","ARROW","CRITICAL","1.0","true","1.0","1.0","0.3125","0.75","0.5","1.0","0.0","0.3077","0.1667","true"
"d2-v5-master-019","magnet:m1","MAGNET","HIGH","0.4245","false","0.5","0.5","0.2895","0.5","0.0","1.0","0.2222","0.6923","0.3333","true"
"d2-v5-master-019","magnet:m2","MAGNET","CRITICAL","1.0","true","1.0","1.0","0.6923","0.875","0.5","1.0","0.0","0.8462","0.4444","true"
"d2-v5-master-019","magnet:m3","MAGNET","IRRELEVANT","0.002","false","0.0","0.0","0.0","0.0","0.0","0.0","0.0","0.0","0.0","true"
"d2-v5-master-019","wall:5,1","WALL","IRRELEVANT","0.0","false","0.0","0.0","0.0","0.0","0.0","0.0","0.0","0.0","0.0","true"
"d2-v5-master-019","wall:6,4","WALL","CRITICAL","1.0","true","1.0","1.0","0.3448","0.0","0.5","1.0","0.0","0.2353","0.2222","true"
"d2-v5-master-019","wall:7,2","WALL","IRRELEVANT","0.0","false","0.0","0.0","0.0","0.0","0.0","0.0","0.0","0.0","0.0","true"
"d2-v5-easy-020","arrow:a1","ARROW","HIGH","0.352","false","0.0","0.0","0.1667","0.6","0.0","1.0","0.2","1.0","0.0","true"
"d2-v5-easy-020","arrow:a2","ARROW","CRITICAL","1.0","true","1.0","1.0","0.5","0.8","0.0","1.0","0.1429","1.0","0.3333","true"
"d2-v5-easy-020","arrow:a3","ARROW","CRITICAL","1.0","true","1.0","1.0","0.2308","0.8","0.0","1.0","0.0","0.3333","0.1667","true"
"d2-v5-easy-020","arrow:a4","ARROW","CRITICAL","1.0","true","1.0","1.0","0.8","1.0","1.0","1.0","0.3333","0.6667","0.5","true"
"d2-v5-easy-020","magnet:m1","MAGNET","CRITICAL","1.0","true","1.0","1.0","0.1765","0.2","0.0","1.0","0.1667","0.6667","0.1667","true"
"d2-v5-easy-020","magnet:m2","MAGNET","MEDIUM","0.2937","false","0.3333","0.3333","0.0","0.375","0.0","1.0","0.1667","0.3333","0.2857","true"
"d2-v5-easy-020","magnet:m3","MAGNET","IRRELEVANT","0.025","false","0.0","0.0","0.0","0.0","0.0","0.0","0.25","0.0","0.0","true"
"d2-v5-easy-020","wall:4,2","WALL","IRRELEVANT","0.0","false","0.0","0.0","0.0","0.0","0.0","0.0","0.0","0.0","0.0","true"
"d2-v5-easy-020","wall:4,3","WALL","CRITICAL","1.0","true","1.0","1.0","0.6471","0.6","0.0","1.0","0.0","0.0","0.5714","true"
"d2-v5-easy-020","wall:5,4","WALL","CRITICAL","1.0","true","1.0","1.0","0.3529","0.8","0.0","1.0","0.0","0.0","0.1429","true"
"d2-v5-hard-021","arrow:a1","ARROW","MEDIUM","0.15","false","0.0","0.3333","0.0","0.5","0.0","0.3333","0.0","0.0","0.0","true"
"d2-v5-hard-021","arrow:a2","ARROW","HIGH","0.6367","false","0.0","0.0","1.0","1.0","1.0","1.0","0.0","0.0","1.0","true"
"d2-v5-hard-021","arrow:a3","ARROW","MEDIUM","0.14","false","0.0","0.3333","0.0","0.5","0.0","0.3333","0.0","0.0","0.0","true"
"d2-v5-hard-021","arrow:a4","ARROW","HIGH","0.63","false","0.3333","0.0","1.0","1.0","1.0","1.0","0.0","0.0","0.0","true"
"d2-v5-hard-021","magnet:m1","MAGNET","CRITICAL","1.0","true","1.0","1.0","0.8182","1.0","1.0","1.0","0.5","0.0","0.5","true"
"d2-v5-hard-021","magnet:m2","MAGNET","MEDIUM","0.3435","false","0.3333","0.3333","0.3158","0.0","0.5","0.3333","0.4","1.0","0.3333","true"
"d2-v5-hard-021","magnet:m3","MAGNET","IRRELEVANT","0.025","false","0.0","0.0","0.0","0.0","0.0","0.0","0.25","0.0","0.0","true"
"d2-v5-hard-021","wall:1,2","WALL","IRRELEVANT","0.0","false","0.0","0.0","0.0","0.0","0.0","0.0","0.0","0.0","0.0","true"
"d2-v5-hard-021","wall:1,3","WALL","IRRELEVANT","0.0","false","0.0","0.0","0.0","0.0","0.0","0.0","0.0","0.0","0.0","true"
"d2-v5-hard-021","wall:3,1","WALL","MEDIUM","0.1892","false","0.25","0.25","0.0","0.0","0.0","1.0","0.0","0.0","0.25","true"
"d2-v5-hard-021","wall:4,3","WALL","IRRELEVANT","0.0","false","0.0","0.0","0.0","0.0","0.0","0.0","0.0","0.0","0.0","true"
"d2-v5-easy-022","arrow:a1","ARROW","MEDIUM","0.254","false","0.0","0.2","0.0435","0.625","0.0","0.6","0.0","0.8","0.0","true"
"d2-v5-easy-022","arrow:a2","ARROW","MEDIUM","0.167","false","0.0","0.2","0.0","0.5","0.0","0.4","0.0","0.5","0.0","true"
"d2-v5-easy-022","arrow:a3","ARROW","HIGH","0.3573","false","0.25","0.4","0.3333","0.625","0.0","0.4","0.0","0.8","0.2857","true"
"d2-v5-easy-022","arrow:a4","ARROW","MEDIUM","0.2838","false","0.25","0.4","0.087","0.625","0.0","0.4","0.0","0.8","0.0","true"
"d2-v5-easy-022","arrow:a5","ARROW","MEDIUM","0.3225","false","0.0","0.2","0.2727","0.625","0.0","0.6","0.0","0.8","0.2857","true"
"d2-v5-easy-022","magnet:m1","MAGNET","CRITICAL","0.7148","false","0.0","0.0","1.0","1.0","1.0","1.0","0.5","1.0","1.0","true"
"d2-v5-easy-022","magnet:m2","MAGNET","LOW","0.0761","false","0.0","0.0","0.0","0.0","0.0","0.0","0.1429","1.0","0.0","true"
"d2-v5-easy-022","wall:2,2","WALL","MEDIUM","0.1232","false","0.2","0.2","0.0","0.0588","0.0","0.2","0.1429","0.6","0.0","true"
"d2-v5-easy-022","wall:3,4","WALL","IRRELEVANT","0.0","false","0.0","0.0","0.0","0.0","0.0","0.0","0.0","0.0","0.0","true"
"d2-v5-easy-022","wall:3,8","WALL","IRRELEVANT","0.0","false","0.0","0.0","0.0","0.0","0.0","0.0","0.0","0.0","0.0","true"
"d2-v5-easy-022","wall:6,4","WALL","IRRELEVANT","0.0","false","0.0","0.0","0.0","0.0","0.0","0.0","0.0","0.0","0.0","true"
"d2-v5-easy-022","wall:8,8","WALL","MEDIUM","0.1939","false","0.0","0.0","0.1111","0.2","0.0","1.0","0.0","0.1667","0.25","true"
"d2-v5-medium-023","arrow:a1","ARROW","HIGH","0.64","false","0.0","0.0","1.0","1.0","1.0","1.0","0.0","0.0","1.0","true"
"d2-v5-medium-023","arrow:a2","ARROW","MEDIUM","0.1459","false","0.0","0.3333","0.0","0.5","0.0","0.3333","0.0","0.0","0.0","true"
"d2-v5-medium-023","arrow:a3","ARROW","HIGH","0.63","false","0.3333","0.0","1.0","1.0","1.0","1.0","0.0","0.0","0.0","true"
"d2-v5-medium-023","arrow:a4","ARROW","MEDIUM","0.1459","false","0.0","0.3333","0.0","0.5","0.0","0.3333","0.0","0.0","0.0","true"
"d2-v5-medium-023","magnet:m1","MAGNET","CRITICAL","0.6554","false","0.25","0.25","1.0","1.0","1.0","1.0","0.0","0.0","1.0","true"
"d2-v5-medium-023","magnet:m2","MAGNET","LOW","0.0372","false","0.0","0.0","0.0","0.0","0.0","0.0","0.3333","0.0","0.0","true"
"d2-v5-medium-023","wall:1,3","WALL","IRRELEVANT","0.0","false","0.0","0.0","0.0","0.0","0.0","0.0","0.0","0.0","0.0","true"
"d2-v5-medium-023","wall:1,4","WALL","IRRELEVANT","0.0","false","0.0","0.0","0.0","0.0","0.0","0.0","0.0","0.0","0.0","true"
"d2-v5-medium-023","wall:3,5","WALL","IRRELEVANT","0.0","false","0.0","0.0","0.0","0.0","0.0","0.0","0.0","0.0","0.0","true"
"d2-v5-medium-023","wall:3,6","WALL","IRRELEVANT","0.0","false","0.0","0.0","0.0","0.0","0.0","0.0","0.0","0.0","0.0","true"
"d2-v5-medium-023","wall:4,4","WALL","MEDIUM","0.1808","false","0.0","0.0","0.4","0.5","0.0","0.0","0.25","0.0","0.4","true"
"d2-v5-medium-023","wall:6,2","WALL","MEDIUM","0.2268","false","0.25","0.25","0.2727","0.0","0.0","1.0","0.0","0.0","0.0","true"
"d2-v5-medium-023","wall:6,3","WALL","IRRELEVANT","0.0","false","0.0","0.0","0.0","0.0","0.0","0.0","0.0","0.0","0.0","true"
"d2-v5-expert-024","arrow:a1","ARROW","CRITICAL","0.72","false","0.25","0.25","1.0","1.0","1.0","1.0","0.2","1.0","0.0","true"
"d2-v5-expert-024","arrow:a2","ARROW","CRITICAL","1.0","true","1.0","1.0","0.8","1.0","1.0","1.0","0.2","0.8889","0.5","true"
"d2-v5-expert-024","arrow:a3","ARROW","CRITICAL","1.0","true","1.0","1.0","0.4444","1.0","0.0","1.0","0.0","0.4444","0.0","true"
"d2-v5-expert-024","arrow:a4","ARROW","MEDIUM","0.1621","false","0.0","0.3333","0.0","0.5","0.0","0.25","0.0","0.4444","0.0","true"
"d2-v5-expert-024","arrow:a5","ARROW","MEDIUM","0.1621","false","0.0","0.3333","0.0","0.5","0.0","0.25","0.0","0.4444","0.0","true"
"d2-v5-expert-024","magnet:m1","MAGNET","HIGH","0.3992","false","0.25","0.25","0.5833","0.5","0.0","1.0","0.2","0.1111","0.5","true"
"d2-v5-expert-024","magnet:m2","MAGNET","HIGH","0.4134","false","0.25","0.25","0.35","0.8333","0.0","1.0","0.375","0.3333","0.3333","true"
"d2-v5-expert-024","magnet:m3","MAGNET","MEDIUM","0.2788","false","0.0","0.0","0.48","0.75","0.5","0.0","0.1429","0.0","0.5","true"
"d2-v5-expert-024","magnet:m4","MAGNET","IRRELEVANT","0.0031","false","0.0","0.0","0.0","0.0","0.0","0.0","0.0","0.0","0.0","true"
"d2-v5-expert-024","wall:7,4","WALL","IRRELEVANT","0.0","false","0.0","0.0","0.0","0.0","0.0","0.0","0.0","0.0","0.0","true"
"d2-v5-expert-024","wall:7,5","WALL","IRRELEVANT","0.0","false","0.0","0.0","0.0","0.0","0.0","0.0","0.0","0.0","0.0","true"
"d2-v5-expert-024","wall:7,6","WALL","IRRELEVANT","0.0","false","0.0","0.0","0.0","0.0","0.0","0.0","0.0","0.0","0.0","true"
"d2-v5-expert-024","wall:8,3","WALL","MEDIUM","0.2362","false","0.25","0.25","0.3333","0.0","0.0","1.0","0.0","0.0","0.0","true"
"d2-v5-hard-025","arrow:a1","ARROW","MEDIUM","0.2385","false","0.5","0.0","0.0","0.3333","0.0","0.3333","0.0","1.0","0.0","true"
"d2-v5-hard-025","arrow:a2","ARROW","HIGH","0.3967","false","0.0","0.0","0.3333","1.0","0.0","1.0","0.0","0.5","0.3333","true"
"d2-v5-hard-025","arrow:a3","ARROW","MEDIUM","0.1785","false","0.0","0.0","0.0","0.3333","0.0","0.3333","0.0","1.0","0.0","true"
"d2-v5-hard-025","arrow:a4","ARROW","HIGH","0.4571","false","0.5","0.0","0.4286","1.0","0.0","1.0","0.0","0.5","0.0","true"
"d2-v5-hard-025","magnet:m1","MAGNET","CRITICAL","1.0","true","1.0","1.0","0.3125","0.6667","0.0","1.0","0.0","1.0","0.0","true"
"d2-v5-hard-025","magnet:m2","MAGNET","MEDIUM","0.3178","false","0.3333","0.3333","0.1429","0.3333","0.0","1.0","0.4","0.0","0.2","true"
"d2-v5-hard-025","magnet:m3","MAGNET","LOW","0.0888","false","0.0","0.0","0.0","0.0","0.0","0.0","0.25","1.0","0.0","true"
"d2-v5-hard-025","magnet:m4","MAGNET","MEDIUM","0.2304","false","0.3333","0.3333","0.2","0.0","0.0","1.0","0.0","0.0","0.0","true"
"d2-v5-hard-025","wall:1,2","WALL","IRRELEVANT","0.0","false","0.0","0.0","0.0","0.0","0.0","0.0","0.0","0.0","0.0","true"
"d2-v5-medium-026","arrow:a1","ARROW","MEDIUM","0.1717","false","0.0","0.3333","0.0","0.5","0.0","0.25","0.1","0.5238","0.0","true"
"d2-v5-medium-026","arrow:a2","ARROW","MEDIUM","0.3187","false","0.3333","0.0","0.2","0.5","0.0","1.0","0.0","0.4762","0.0","true"
"d2-v5-medium-026","arrow:a3","ARROW","HIGH","0.4468","false","0.25","0.25","0.375","0.3333","0.5","1.0","0.0","0.5714","0.5","true"
"d2-v5-medium-026","arrow:a4","ARROW","MEDIUM","0.1601","false","0.3333","0.0","0.0","0.3333","0.0","0.25","0.0","0.381","0.0","true"
"d2-v5-medium-026","arrow:a5","ARROW","MEDIUM","0.3315","false","0.25","0.25","0.2667","0.5","0.0","1.0","0.0","0.2857","0.0","true"
"d2-v5-medium-026","arrow:a6","ARROW","MEDIUM","0.2006","false","0.0","0.0","0.0","0.3333","0.5","0.25","0.0","0.5714","0.0","true"
"d2-v5-medium-026","magnet:m1","MAGNET","MEDIUM","0.1231","false","0.0","0.0","0.2667","0.5","0.0","0.0","0.0","0.0476","0.2","true"
"d2-v5-medium-026","magnet:m2","MAGNET","CRITICAL","1.0","true","1.0","1.0","0.45","1.0","0.5","1.0","0.4286","0.9524","0.125","true"
"d2-v5-medium-026","magnet:m3","MAGNET","MEDIUM","0.1211","false","0.0","0.0","0.1364","0.0","0.5","0.0","0.0","0.4286","0.125","true"
"d2-v5-medium-026","wall:6,4","WALL","IRRELEVANT","0.0123","false","0.0","0.0","0.0","0.0","0.0","0.0","0.1","0.0","0.0","true"
"d2-v5-master-027","arrow:a1","ARROW","MEDIUM","0.1322","false","0.0","0.0","0.0238","0.2381","0.0","0.0","0.0","1.0","0.0833","true"
"d2-v5-master-027","arrow:a2","ARROW","MEDIUM","0.1855","false","0.0","0.0","0.2143","0.2381","0.0","0.0","0.0","1.0","0.1667","true"
"d2-v5-master-027","arrow:a3","ARROW","MEDIUM","0.2332","false","0.3333","0.3333","0.0256","0.4286","0.0","0.4286","0.0","0.3333","0.0769","true"
"d2-v5-master-027","arrow:a4","ARROW","CRITICAL","1.0","true","1.0","1.0","0.3548","0.6667","0.5","1.0","0.0","0.3333","0.2","true"
"d2-v5-master-027","arrow:a5","ARROW","CRITICAL","1.0","true","1.0","1.0","0.3333","0.8571","0.0","1.0","0.0","0.6667","0.1667","true"
"d2-v5-master-027","arrow:a6","ARROW","MEDIUM","0.2682","false","0.5","0.0","0.0682","0.5952","0.0","0.5714","0.0","0.5","0.0","true"
"d2-v5-master-027","magnet:m1","MAGNET","IRRELEVANT","0.0125","false","0.0","0.0","0.0","0.0","0.0","0.0","0.125","0.0","0.0","true"
"d2-v5-master-027","magnet:m2","MAGNET","HIGH","0.496","false","0.5","0.5","0.64","0.4286","0.5","0.2857","0.25","1.0","0.7059","true"
"d2-v5-master-027","magnet:m3","MAGNET","MEDIUM","0.1813","false","0.3333","0.3333","0.0385","0.0476","0.0","0.2857","0.3333","0.4","0.0588","true"
"d2-v5-master-027","wall:2,4","WALL","MEDIUM","0.1931","false","0.3333","0.3333","0.0","0.3438","0.0","0.4615","0.125","0.1429","0.0625","true"
"d2-v5-master-027","wall:5,3","WALL","IRRELEVANT","0.01","false","0.0","0.0","0.0185","0.0","0.0","0.0","0.0","0.0","0.0588","true"
"d2-v5-easy-028","arrow:a1","ARROW","MEDIUM","0.3247","false","0.0","0.2","0.12","0.6429","0.3333","1.0","0.0","0.0","0.0","true"
"d2-v5-easy-028","arrow:a2","ARROW","MEDIUM","0.3291","false","0.0","0.2","0.1538","0.6429","0.3333","1.0","0.0","0.0","0.0","true"
"d2-v5-easy-028","arrow:a3","ARROW","MEDIUM","0.3362","false","0.25","0.4","0.16","0.7857","0.3333","0.5","0.0","0.0","0.125","true"
"d2-v5-easy-028","arrow:a4","ARROW","MEDIUM","0.3362","false","0.25","0.4","0.16","0.7857","0.3333","0.5","0.0","0.0","0.125","true"
"d2-v5-easy-028","arrow:a5","ARROW","MEDIUM","0.1481","false","0.0","0.2","0.0","0.5","0.0","0.5","0.0","0.0","0.0","true"
"d2-v5-easy-028","magnet:m1","MAGNET","CRITICAL","0.7038","false","0.0","0.0","1.0","1.0","1.0","1.0","1.0","0.0","1.0","true"
"d2-v5-easy-028","wall:1,1","WALL","IRRELEVANT","0.0","false","0.0","0.0","0.0","0.0","0.0","0.0","0.0","0.0","0.0","true"
"d2-v5-easy-028","wall:2,5","WALL","MEDIUM","0.1642","false","0.0","0.0","0.0682","0.1765","0.0","1.0","0.0","0.0","0.0769","true"
"d2-v5-easy-028","wall:3,3","WALL","IRRELEVANT","0.0","false","0.0","0.0","0.0","0.0","0.0","0.0","0.0","0.0","0.0","true"
"d2-v5-easy-028","wall:4,4","WALL","IRRELEVANT","0.0","false","0.0","0.0","0.0","0.0","0.0","0.0","0.0","0.0","0.0","true"
"d2-v5-easy-028","wall:5,5","WALL","IRRELEVANT","0.0","false","0.0","0.0","0.0","0.0","0.0","0.0","0.0","0.0","0.0","true"
"d2-v5-hard-029","arrow:a1","ARROW","CRITICAL","1.0","true","1.0","1.0","0.1786","0.5789","0.0","1.0","0.0","1.0","0.0","true"
"d2-v5-hard-029","arrow:a2","ARROW","HIGH","0.3939","false","0.0","0.3333","0.2727","0.8421","0.5","0.625","0.0","0.5","0.1667","true"
"d2-v5-hard-029","arrow:a3","ARROW","HIGH","0.396","false","0.0","0.3333","0.2727","0.8421","0.5","0.625","0.0","0.5","0.1667","true"
"d2-v5-hard-029","arrow:a4","ARROW","HIGH","0.4468","false","0.25","0.25","0.2778","0.4737","0.5","1.0","0.0","1.0","0.0","true"
"d2-v5-hard-029","arrow:a5","ARROW","MEDIUM","0.1307","false","0.25","0.25","0.0606","0.1579","0.0","0.25","0.0","0.0","0.0","true"
"d2-v5-hard-029","arrow:a6","ARROW","MEDIUM","0.1804","false","0.0","0.3333","0.0","0.5","0.0","0.375","0.0","0.5","0.0","true"
"d2-v5-hard-029","magnet:m1","MAGNET","CRITICAL","1.0","true","1.0","1.0","0.3784","0.1579","0.0","1.0","0.1667","1.0","0.2","true"
"d2-v5-hard-029","magnet:m2","MAGNET","CRITICAL","1.0","true","1.0","1.0","0.7714","1.0","0.5","1.0","0.3333","0.2","0.6","true"
"d2-v5-hard-029","magnet:m3","MAGNET","MEDIUM","0.2774","false","0.25","0.25","0.1081","0.4062","0.3333","0.5","0.25","0.5","0.0","true"
"d2-v5-hard-029","wall:1,4","WALL","MEDIUM","0.2113","false","0.4","0.4","0.0976","0.5","0.0","0.0","0.125","0.5","0.1","true"
"d2-v5-easy-030","arrow:a1","ARROW","MEDIUM","0.2039","false","0.0","0.5","0.0","0.5","0.0","0.5","0.0","0.5","0.0","true"
"d2-v5-easy-030","arrow:a2","ARROW","HIGH","0.4647","false","0.3333","0.3333","0.2","0.6","0.5","1.0","0.0","1.0","0.0","true"
"d2-v5-easy-030","arrow:a3","ARROW","HIGH","0.3941","false","0.0","0.0","0.2857","0.8","0.5","1.0","0.0","0.0","0.3333","true"
"d2-v5-easy-030","arrow:a4","ARROW","HIGH","0.4887","false","0.6667","0.3333","0.1111","0.6","0.5","1.0","0.0","1.0","0.0","true"
"d2-v5-easy-030","magnet:m1","MAGNET","LOW","0.0628","false","0.0","0.0","0.0","0.0","0.0","0.0","0.0","1.0","0.0","true"
"d2-v5-easy-030","magnet:m2","MAGNET","HIGH","0.6212","false","0.3333","0.3333","0.7895","1.0","0.5","1.0","0.0","1.0","0.7143","true"
"d2-v5-easy-030","wall:3,3","WALL","IRRELEVANT","0.0","false","0.0","0.0","0.0","0.0","0.0","0.0","0.0","0.0","0.0","true"
"d2-v5-medium-031","arrow:a1","ARROW","MEDIUM","0.283","false","0.0","0.25","0.0","0.6667","0.5","0.25","0.0","0.8","0.0","true"
"d2-v5-medium-031","arrow:a2","ARROW","MEDIUM","0.31","false","0.25","0.25","0.0","0.8333","0.5","0.25","0.0","0.0","0.5","true"
"d2-v5-medium-031","arrow:a3","ARROW","MEDIUM","0.171","false","0.0","0.25","0.0","0.5","0.0","0.25","0.125","0.6","0.0","true"
"d2-v5-medium-031","arrow:a4","ARROW","HIGH","0.3663","false","0.0","0.25","0.25","0.6667","0.5","0.25","0.1667","0.8","0.3333","true"
"d2-v5-medium-031","arrow:a5","ARROW","MEDIUM","0.149","false","0.0","0.25","0.0","0.5","0.0","0.25","0.0","0.4","0.0","true"
"d2-v5-medium-031","magnet:m1","MAGNET","IRRELEVANT","0.0125","false","0.0","0.0","0.0","0.0","0.0","0.0","0.125","0.0","0.0","true"
"d2-v5-medium-031","magnet:m2","MAGNET","MEDIUM","0.3245","false","0.2","0.2","0.5217","0.5714","0.3333","0.3333","0.0","0.2","0.5","true"
"d2-v5-medium-031","magnet:m3","MAGNET","MEDIUM","0.2837","false","0.2","0.2","0.1364","0.1429","0.0","1.0","0.5","0.2","0.0","true"
"d2-v5-medium-031","wall:2,3","WALL","LOW","0.1036","false","0.0","0.0","0.0909","0.0","0.0","0.0","0.125","0.8","0.2857","true"
"d2-v5-expert-032","arrow:a1","ARROW","HIGH","0.4017","false","0.3333","0.3333","0.0","0.5","0.5","0.5","0.2","1.0","0.5","true"
"d2-v5-expert-032","arrow:a2","ARROW","HIGH","0.3704","false","0.5","0.0","0.1176","0.75","0.5","0.3333","0.1429","0.6154","0.2","true"
"d2-v5-expert-032","arrow:a3","ARROW","CRITICAL","1.0","true","1.0","1.0","0.3125","0.75","0.5","1.0","0.0","0.3077","0.1667","true"
"d2-v5-expert-032","arrow:a4","ARROW","MEDIUM","0.2687","false","0.6667","0.0","0.0952","0.5","0.0","0.1667","0.1429","0.7692","0.1429","true"
"d2-v5-expert-032","arrow:a5","ARROW","MEDIUM","0.1817","false","0.0","0.5","0.0","0.5","0.0","0.3333","0.0","0.4615","0.0","true"
"d2-v5-expert-032","magnet:m1","MAGNET","MEDIUM","0.2277","false","0.3333","0.3333","0.0968","0.2","0.0","0.5","0.1429","0.5385","0.1","true"
"d2-v5-expert-032","magnet:m2","MAGNET","HIGH","0.5347","false","0.5","0.5","0.68","0.5","0.5","1.0","0.0","0.3846","0.625","true"
"d2-v5-expert-032","magnet:m3","MAGNET","IRRELEVANT","0.002","false","0.0","0.0","0.0","0.0","0.0","0.0","0.0","0.0","0.0","true"
"d2-v5-expert-032","wall:7,4","WALL","IRRELEVANT","0.0","false","0.0","0.0","0.0","0.0","0.0","0.0","0.0","0.0","0.0","true"
"d2-v5-expert-032","wall:7,5","WALL","IRRELEVANT","0.0","false","0.0","0.0","0.0","0.0","0.0","0.0","0.0","0.0","0.0","true"
"d2-v5-hard-033","arrow:a1","ARROW","MEDIUM","0.1481","false","0.0","0.3333","0.0","0.5","0.0","0.3333","0.0","0.0","0.0","true"
"d2-v5-hard-033","arrow:a2","ARROW","MEDIUM","0.1445","false","0.0","0.3333","0.0","0.5","0.0","0.3333","0.0","0.0","0.0","true"
"d2-v5-hard-033","arrow:a3","ARROW","HIGH","0.6264","false","0.3333","0.0","1.0","1.0","1.0","1.0","0.0","0.0","0.0","true"
"d2-v5-hard-033","arrow:a4","ARROW","HIGH","0.64","false","0.0","0.0","1.0","1.0","1.0","1.0","0.0","0.0","1.0","true"
"d2-v5-hard-033","magnet:m1","MAGNET","MEDIUM","0.2655","false","0.25","0.25","0.2","0.0","0.0","1.0","0.25","0.0","0.3333","true"
"d2-v5-hard-033","magnet:m2","MAGNET","HIGH","0.5148","false","0.25","0.25","0.5","0.4286","0.5","1.0","0.3333","1.0","0.7143","true"
"d2-v5-hard-033","magnet:m3","MAGNET","MEDIUM","0.1722","false","0.0","0.0","0.4","0.5","0.0","0.0","0.1667","0.0","0.4","true"
"d2-v5-hard-033","magnet:m4","MAGNET","IRRELEVANT","0.0167","false","0.0","0.0","0.0","0.0","0.0","0.0","0.1667","0.0","0.0","true"
"d2-v5-hard-033","magnet:m5","MAGNET","IRRELEVANT","0.0","false","0.0","0.0","0.0","0.0","0.0","0.0","0.0","0.0","0.0","true"
"d2-v5-hard-033","wall:2,6","WALL","IRRELEVANT","0.0","false","0.0","0.0","0.0","0.0","0.0","0.0","0.0","0.0","0.0","true"
"d2-v5-medium-034","arrow:a1","ARROW","CRITICAL","0.65","false","0.5","0.0","1.0","1.0","1.0","1.0","0.0","0.0","0.0","true"
"d2-v5-medium-034","arrow:a2","ARROW","MEDIUM","0.1725","false","0.0","0.5","0.0","0.5","0.0","0.5","0.0","0.0","0.0","true"
"d2-v5-medium-034","arrow:a3","ARROW","HIGH","0.6358","false","0.0","0.0","1.0","1.0","1.0","1.0","0.0","0.0","1.0","true"
"d2-v5-medium-034","magnet:m1","MAGNET","CRITICAL","0.6733","false","0.3333","0.3333","1.0","1.0","1.0","1.0","0.0","0.0","1.0","true"
"d2-v5-medium-034","wall:3,4","WALL","IRRELEVANT","0.0","false","0.0","0.0","0.0","0.0","0.0","0.0","0.0","0.0","0.0","true"
"d2-v5-medium-034","wall:4,2","WALL","IRRELEVANT","0.0","false","0.0","0.0","0.0","0.0","0.0","0.0","0.0","0.0","0.0","true"
"d2-v5-medium-034","wall:4,3","WALL","IRRELEVANT","0.0","false","0.0","0.0","0.0","0.0","0.0","0.0","0.0","0.0","0.0","true"
"d2-v5-medium-034","wall:4,4","WALL","LOW","0.0414","false","0.0","0.0","0.0909","0.0","0.0","0.0","0.0","0.0","0.3333","true"
"d2-v5-master-035","arrow:a1","ARROW","HIGH","0.3668","false","0.3333","0.0","0.1429","0.5","0.5","0.5714","0.25","1.0","0.0","true"
"d2-v5-master-035","arrow:a2","ARROW","CRITICAL","1.0","true","1.0","1.0","0.8","1.0","1.0","1.0","0.25","0.8","0.0","true"
"d2-v5-master-035","arrow:a3","ARROW","MEDIUM","0.3402","false","0.0","0.0","0.2222","1.0","0.5","0.5714","0.0","0.0","0.3333","true"
"d2-v5-master-035","arrow:a4","ARROW","MEDIUM","0.16","false","0.0","0.3333","0.0","0.5","0.0","0.2857","0.0","0.4","0.0","true"
"d2-v5-master-035","arrow:a5","ARROW","MEDIUM","0.1575","false","0.0","0.3333","0.0","0.5","0.0","0.2857","0.0","0.4","0.0","true"
"d2-v5-master-035","magnet:m1","MAGNET","MEDIUM","0.2616","false","0.5","0.0","0.2","0.5","0.0","0.5714","0.2","0.2","0.0","true"
"d2-v5-master-035","magnet:m2","MAGNET","MEDIUM","0.3183","false","0.25","0.25","0.3158","0.0","0.5","0.4286","0.2","1.0","0.25","true"
"d2-v5-master-035","magnet:m3","MAGNET","IRRELEVANT","0.0","false","0.0","0.0","0.0","0.0","0.0","0.0","0.0","0.0","0.0","true"
"d2-v5-master-035","magnet:m4","MAGNET","CRITICAL","1.0","true","1.0","1.0","0.8889","1.0","1.0","1.0","0.25","1.0","0.6","true"
"d2-v5-master-035","wall:6,5","WALL","IRRELEVANT","0.0143","false","0.0","0.0","0.0","0.0","0.0","0.0","0.1429","0.0","0.0","true"
"d2-v5-master-035","wall:6,6","WALL","HIGH","0.3644","false","0.25","0.25","0.3667","0.4286","0.3333","0.4286","0.375","0.5455","0.5556","true"
"d2-v5-easy-036","arrow:a1","ARROW","MEDIUM","0.1767","false","0.0","0.5","0.0","0.5","0.0","0.5","0.0","0.0","0.0","true"
"d2-v5-easy-036","arrow:a2","ARROW","CRITICAL","0.65","false","0.5","0.0","1.0","1.0","1.0","1.0","0.0","0.0","0.0","true"
"d2-v5-easy-036","arrow:a3","ARROW","HIGH","0.6358","false","0.0","0.0","1.0","1.0","1.0","1.0","0.0","0.0","1.0","true"
"d2-v5-easy-036","magnet:m1","MAGNET","CRITICAL","1.0","true","1.0","1.0","0.8889","1.0","1.0","1.0","0.0","0.0","0.6667","true"
"d2-v5-easy-036","magnet:m2","MAGNET","IRRELEVANT","0.0","false","0.0","0.0","0.0","0.0","0.0","0.0","0.0","0.0","0.0","true"
"d2-v5-easy-036","wall:3,3","WALL","IRRELEVANT","0.0","false","0.0","0.0","0.0","0.0","0.0","0.0","0.0","0.0","0.0","true"
"d2-v5-easy-036","wall:4,2","WALL","HIGH","0.5545","false","0.3333","0.3333","0.5455","0.4286","0.5","1.0","0.5","1.0","0.7143","true"
"d2-v5-hard-037","arrow:a1","ARROW","MEDIUM","0.1385","false","0.0","0.3333","0.0","0.4737","0.0","0.25","0.0","0.0","0.0","true"
"d2-v5-hard-037","arrow:a2","ARROW","MEDIUM","0.127","false","0.0","0.0","0.0","0.5789","0.0","0.25","0.0","0.0","0.0","true"
"d2-v5-hard-037","arrow:a3","ARROW","MEDIUM","0.3328","false","0.0","0.0","0.2857","0.7895","0.0","1.0","0.0","0.0","0.3333","true"
"d2-v5-hard-037","arrow:a4","ARROW","CRITICAL","1.0","true","1.0","1.0","0.2222","0.7895","0.0","1.0","0.0","0.0","0.0","true"
"d2-v5-hard-037","arrow:a5","ARROW","HIGH","0.428","false","0.3333","0.0","0.6154","0.7895","0.0","1.0","0.0","0.0","0.5","true"
"d2-v5-hard-037","magnet:m1","MAGNET","MEDIUM","0.1492","false","0.25","0.25","0.16","0.3667","0.0","0.0","0.1429","0.0","0.1429","true"
"d2-v5-hard-037","magnet:m2","MAGNET","MEDIUM","0.3211","false","0.25","0.25","0.2143","0.2963","0.5","0.25","0.3333","1.0","0.2222","true"
"d2-v5-hard-037","magnet:m3","MAGNET","HIGH","0.4652","false","0.25","0.25","0.75","0.5789","0.0","1.0","0.4","0.0","0.7143","true"
"d2-v5-hard-037","magnet:m4","MAGNET","IRRELEVANT","0.0143","false","0.0","0.0","0.0","0.0","0.0","0.0","0.1429","0.0","0.0","true"
"d2-v5-hard-037","magnet:m5","MAGNET","MEDIUM","0.1536","false","0.25","0.25","0.1905","0.1579","0.0","0.0","0.2857","0.0","0.2857","true"
"d2-v5-hard-037","wall:4,4","WALL","MEDIUM","0.2475","false","0.25","0.25","0.0","0.0","0.5","1.0","0.0","0.0","0.25","true"
"d2-v5-easy-038","arrow:a1","ARROW","MEDIUM","0.2995","false","0.25","0.4","0.0","0.6667","0.5","0.0","0.0","1.0","0.0","true"
"d2-v5-easy-038","arrow:a2","ARROW","HIGH","0.4814","false","0.0","0.2","0.6364","0.8333","0.5","1.0","0.0","0.0","0.6667","true"
"d2-v5-easy-038","arrow:a3","ARROW","MEDIUM","0.1564","false","0.0","0.2","0.0","0.5","0.0","0.3333","0.0","0.5","0.0","true"
"d2-v5-easy-038","arrow:a4","ARROW","HIGH","0.4187","false","0.25","0.4","0.5","0.6667","0.5","0.0","0.0","1.0","0.3333","true"
"d2-v5-easy-038","arrow:a5","ARROW","MEDIUM","0.1606","false","0.0","0.2","0.0","0.5","0.0","0.3333","0.0","0.5","0.0","true"
"d2-v5-easy-038","magnet:m1","MAGNET","LOW","0.0767","false","0.0","0.0","0.0","0.0","0.0","0.0","0.1667","1.0","0.0","true"
"d2-v5-easy-038","magnet:m2","MAGNET","CRITICAL","0.6958","false","0.0","0.0","1.0","1.0","1.0","1.0","0.3333","1.0","1.0","true"
"d2-v5-easy-038","wall:4,4","WALL","IRRELEVANT","0.0","false","0.0","0.0","0.0","0.0","0.0","0.0","0.0","0.0","0.0","true"
"d2-v5-easy-038","wall:4,5","WALL","MEDIUM","0.3378","false","0.0","0.0","0.3889","0.4","0.0","1.0","0.2857","0.6667","0.5","true"
"d2-v5-easy-038","wall:5,4","WALL","IRRELEVANT","0.0021","false","0.0","0.0","0.0","0.0","0.0","0.0","0.0","0.0","0.0","true"
"d2-v5-medium-039","arrow:a1","ARROW","MEDIUM","0.1445","false","0.0","0.3333","0.0","0.5","0.0","0.3333","0.0","0.0","0.0","true"
"d2-v5-medium-039","arrow:a2","ARROW","MEDIUM","0.1445","false","0.0","0.3333","0.0","0.5","0.0","0.3333","0.0","0.0","0.0","true"
"d2-v5-medium-039","arrow:a3","ARROW","HIGH","0.6264","false","0.3333","0.0","1.0","1.0","1.0","1.0","0.0","0.0","0.0","true"
"d2-v5-medium-039","arrow:a4","ARROW","HIGH","0.64","false","0.0","0.0","1.0","1.0","1.0","1.0","0.0","0.0","1.0","true"
"d2-v5-medium-039","magnet:m1","MAGNET","HIGH","0.4425","false","0.5","0.0","0.6","1.0","0.0","1.0","0.0","0.0","0.3333","true"
"d2-v5-medium-039","magnet:m2","MAGNET","IRRELEVANT","0.0036","false","0.0","0.0","0.0","0.0","0.0","0.0","0.0","0.0","0.0","true"
"d2-v5-medium-039","wall:1,5","WALL","IRRELEVANT","0.0","false","0.0","0.0","0.0","0.0","0.0","0.0","0.0","0.0","0.0","true"
"d2-v5-medium-039","wall:2,2","WALL","IRRELEVANT","0.0","false","0.0","0.0","0.0","0.0","0.0","0.0","0.0","0.0","0.0","true"
"d2-v5-medium-039","wall:2,5","WALL","IRRELEVANT","0.0","false","0.0","0.0","0.0","0.0","0.0","0.0","0.0","0.0","0.0","true"
"d2-v5-medium-039","wall:3,6","WALL","IRRELEVANT","0.0","false","0.0","0.0","0.0","0.0","0.0","0.0","0.0","0.0","0.0","true"
"d2-v5-medium-039","wall:5,2","WALL","LOW","0.0598","false","0.0","0.0","0.1538","0.0","0.0","0.0","0.0","0.0","0.5","true"
"d2-v5-medium-039","wall:7,3","WALL","MEDIUM","0.2717","false","0.0","0.0","0.5385","0.5","0.5","0.0","0.2","0.0","0.625","true"
"d2-v5-medium-039","wall:7,8","WALL","IRRELEVANT","0.0","false","0.0","0.0","0.0","0.0","0.0","0.0","0.0","0.0","0.0","true"
"d2-v5-expert-040","arrow:a1","ARROW","MEDIUM","0.3463","false","0.25","0.25","0.0385","0.3913","0.5","0.5","0.1111","0.7838","0.2857","true"
"d2-v5-expert-040","arrow:a2","ARROW","MEDIUM","0.2174","false","0.5","0.0","0.0333","0.3043","0.0","0.125","0.0909","0.8649","0.1111","true"
"d2-v5-expert-040","arrow:a3","ARROW","CRITICAL","1.0","true","1.0","1.0","0.2143","0.7391","0.0","1.0","0.0","0.3784","0.1111","true"
"d2-v5-expert-040","arrow:a4","ARROW","MEDIUM","0.2169","false","0.0","0.3333","0.0333","0.6522","0.0","0.25","0.0","0.6486","0.0","true"
"d2-v5-expert-040","arrow:a5","ARROW","MEDIUM","0.2443","false","0.3333","0.0","0.0667","0.6522","0.0","0.25","0.0833","0.5405","0.125","true"
"d2-v5-expert-040","arrow:a6","ARROW","MEDIUM","0.1921","false","0.0","0.3333","0.0303","0.6087","0.0","0.25","0.0","0.4865","0.0","true"
"d2-v5-expert-040","magnet:m1","MAGNET","HIGH","0.4014","false","0.4","0.4","0.4872","0.3913","0.0","1.0","0.1","0.3514","0.4167","true"
"d2-v5-expert-040","magnet:m2","MAGNET","MEDIUM","0.162","false","0.0","0.0","0.1277","0.1154","0.0","0.5","0.1538","0.5405","0.2","true"
"d2-v5-expert-040","magnet:m3","MAGNET","IRRELEVANT","0.0","false","0.0","0.0","0.0","0.0","0.0","0.0","0.0","0.0","0.0","true"
"d2-v5-expert-040","magnet:m4","MAGNET","CRITICAL","1.0","true","1.0","1.0","0.4","0.6522","0.0","1.0","0.0833","0.6486","0.1667","true"
"d2-v5-expert-040","magnet:m5","MAGNET","IRRELEVANT","0.0143","false","0.0","0.0","0.0","0.0","0.0","0.0","0.1429","0.0","0.0","true"
"d2-v5-expert-040","magnet:m6","MAGNET","IRRELEVANT","0.0071","false","0.0","0.0","0.0","0.0","0.0","0.0","0.0714","0.0","0.0","true"
"d2-v5-expert-040","wall:3,3","WALL","IRRELEVANT","0.0","false","0.0","0.0","0.0","0.0","0.0","0.0","0.0","0.0","0.0","true"
"d2-v5-expert-040","wall:6,3","WALL","MEDIUM","0.2387","false","0.5","0.0","0.2927","0.3043","0.0","0.2727","0.0","0.5946","0.2727","true"
"d2-v5-hard-041","arrow:a1","ARROW","HIGH","0.4933","false","0.3333","0.3333","0.3333","1.0","0.5","1.0","0.0","0.0","0.3333","true"
"d2-v5-hard-041","arrow:a2","ARROW","LOW","0.1095","false","0.0","0.0","0.0","0.3333","0.0","0.3333","0.0","0.0","0.0","true"
"d2-v5-hard-041","arrow:a3","ARROW","MEDIUM","0.1605","false","0.5","0.0","0.0","0.3333","0.0","0.3333","0.0","0.0","0.0","true"
"d2-v5-hard-041","arrow:a4","ARROW","HIGH","0.5053","false","0.0","0.0","0.6","1.0","0.5","1.0","0.0","1.0","0.4286","true"
"d2-v5-hard-041","arrow:a5","ARROW","HIGH","0.4925","false","0.5","0.0","0.4667","1.0","0.5","1.0","0.0","0.0","0.3333","true"
"d2-v5-hard-041","magnet:m1","MAGNET","MEDIUM","0.1551","false","0.0","0.0","0.2727","0.5385","0.0","0.25","0.0","0.0","0.1818","true"
"d2-v5-hard-041","magnet:m2","MAGNET","HIGH","0.4265","false","0.0","0.0","0.4545","1.0","0.5","1.0","0.1667","0.0","0.3333","true"
"d2-v5-hard-041","magnet:m3","MAGNET","IRRELEVANT","0.025","false","0.0","0.0","0.0","0.0","0.0","0.0","0.25","0.0","0.0","true"
"d2-v5-hard-041","magnet:m4","MAGNET","IRRELEVANT","0.0295","false","0.0","0.0","0.0","0.0","0.0","0.0","0.25","0.0","0.0","true"
"d2-v5-hard-041","magnet:m5","MAGNET","MEDIUM","0.2925","false","0.6667","0.0","0.0","0.4","0.3333","0.3333","0.2222","1.0","0.0","true"
"d2-v5-hard-041","wall:5,5","WALL","MEDIUM","0.2147","false","0.3333","0.3333","0.1304","0.0","0.0","1.0","0.0","0.0","0.0","true"
"d2-v5-medium-042","arrow:a1","ARROW","MEDIUM","0.1437","false","0.0","0.0","0.0","0.6","0.0","0.25","0.0","0.0","0.0","true"
"d2-v5-medium-042","arrow:a2","ARROW","HIGH","0.386","false","0.3333","0.0","0.4444","0.8","0.0","1.0","0.0","0.0","0.0","true"
"d2-v5-medium-042","arrow:a3","ARROW","MEDIUM","0.3404","false","0.0","0.0","0.3333","0.8","0.0","1.0","0.0","0.0","0.4","true"
"d2-v5-medium-042","arrow:a4","ARROW","MEDIUM","0.1306","false","0.0","0.3333","0.0","0.5","0.0","0.25","0.0","0.0","0.0","true"
"d2-v5-medium-042","arrow:a5","ARROW","CRITICAL","1.0","true","1.0","1.0","0.3125","0.8","0.0","1.0","0.0","0.0","0.1667","true"
"d2-v5-medium-042","magnet:m1","MAGNET","HIGH","0.373","false","0.4","0.4","0.1818","0.2857","0.5","1.0","0.25","0.0","0.1429","true"
"d2-v5-medium-042","magnet:m2","MAGNET","HIGH","0.3632","false","0.5","0.0","0.1765","0.6","0.0","1.0","0.6","0.0","0.0","true"
"d2-v5-medium-042","wall:1,4","WALL","IRRELEVANT","0.0","false","0.0","0.0","0.0","0.0","0.0","0.0","0.0","0.0","0.0","true"
"d2-v5-medium-042","wall:4,3","WALL","IRRELEVANT","0.0","false","0.0","0.0","0.0","0.0","0.0","0.0","0.0","0.0","0.0","true"
"d2-v5-master-043","arrow:a1","ARROW","CRITICAL","0.7","false","0.25","0.25","1.0","1.0","1.0","1.0","0.0","1.0","0.0","true"
"d2-v5-master-043","arrow:a2","ARROW","CRITICAL","0.7324","false","0.25","0.25","1.0","1.0","1.0","1.0","0.0","1.0","1.0","true"
"d2-v5-master-043","arrow:a3","ARROW","MEDIUM","0.1865","false","0.3333","0.0","0.0","0.5","0.0","0.25","0.0","0.5","0.0","true"
"d2-v5-master-043","arrow:a4","ARROW","MEDIUM","0.1584","false","0.0","0.3333","0.0","0.5","0.0","0.25","0.0","0.5","0.0","true"
"d2-v5-master-043","arrow:a5","ARROW","MEDIUM","0.1614","false","0.0","0.3333","0.0","0.5","0.0","0.25","0.0","0.5","0.0","true"
"d2-v5-master-043","magnet:m1","MAGNET","LOW","0.0333","false","0.0","0.0","0.0","0.0","0.0","0.0","0.3333","0.0","0.0","true"
"d2-v5-master-043","magnet:m2","MAGNET","MEDIUM","0.3188","false","0.25","0.25","0.0","0.0","0.5","1.0","0.2","1.0","0.0","true"
"d2-v5-master-043","magnet:m3","MAGNET","CRITICAL","1.0","true","1.0","1.0","0.4615","0.5","0.0","1.0","0.0","0.5","0.0","true"
"d2-v5-master-043","wall:3,2","WALL","IRRELEVANT","0.0196","false","0.0","0.0","0.0","0.0","0.0","0.0","0.1667","0.0","0.0","true"
"d2-v5-master-043","wall:5,3","WALL","HIGH","0.3947","false","0.25","0.25","0.3333","1.0","0.0","1.0","0.1667","0.1111","0.25","true"
"d2-v5-easy-044","arrow:a1","ARROW","HIGH","0.4138","false","0.3333","0.0","0.5","1.0","0.0","1.0","0.0","0.0","0.0","true"
"d2-v5-easy-044","arrow:a2","ARROW","LOW","0.1187","false","0.0","0.0","0.0","0.3333","0.0","0.25","0.1429","0.0","0.0","true"
"d2-v5-easy-044","arrow:a3","ARROW","MEDIUM","0.1444","false","0.3333","0.0","0.0","0.3333","0.0","0.25","0.0","0.0","0.0","true"
"d2-v5-easy-044","arrow:a4","ARROW","MEDIUM","0.1385","false","0.0","0.3333","0.0","0.5","0.0","0.25","0.0","0.0","0.0","true"
"d2-v5-easy-044","arrow:a5","ARROW","HIGH","0.3667","false","0.0","0.0","0.3333","1.0","0.0","1.0","0.0","0.0","0.3333","true"
"d2-v5-easy-044","magnet:m1","MAGNET","MEDIUM","0.3035","false","0.25","0.25","0.0625","0.25","0.0","1.0","0.1667","1.0","0.0","true"
"d2-v5-easy-044","magnet:m2","MAGNET","MEDIUM","0.174","false","0.25","0.25","0.2353","0.25","0.0","0.0","0.2857","0.0","0.4","true"
"d2-v5-easy-044","magnet:m3","MAGNET","IRRELEVANT","0.025","false","0.0","0.0","0.0","0.0","0.0","0.0","0.25","0.0","0.0","true"
"d2-v5-easy-044","wall:6,6","WALL","HIGH","0.47","false","0.25","0.25","0.3846","0.4286","0.5","1.0","0.2222","1.0","0.5556","true"
"d2-v5-easy-044","wall:8,5","WALL","MEDIUM","0.1819","false","0.0","0.0","0.1905","0.4","0.0","0.0","0.25","1.0","0.1667","true"
"d2-v5-hard-045","arrow:a1","ARROW","MEDIUM","0.1725","false","0.0","0.3333","0.0","0.5","0.0","0.3333","0.0","0.5","0.0","true"
"d2-v5-hard-045","arrow:a2","ARROW","CRITICAL","1.0","true","1.0","1.0","0.25","0.75","0.5","1.0","0.2","0.0","0.25","true"
"d2-v5-hard-045","arrow:a3","ARROW","MEDIUM","0.1725","false","0.0","0.3333","0.0","0.5","0.0","0.3333","0.0","0.5","0.0","true"
"d2-v5-hard-045","arrow:a4","ARROW","MEDIUM","0.3467","false","0.3333","0.0","0.3333","0.5","0.5","0.0","0.0","1.0","0.3333","true"
"d2-v5-hard-045","arrow:a5","ARROW","MEDIUM","0.2564","false","0.0","0.0","0.0833","0.5","0.5","0.0","0.0","1.0","0.3333","true"
"d2-v5-hard-045","magnet:m1","MAGNET","HIGH","0.512","false","0.25","0.25","0.5556","0.625","0.5","1.0","0.0","1.0","0.5714","true"
"d2-v5-hard-045","magnet:m2","MAGNET","HIGH","0.4188","false","0.3333","0.3333","0.5435","0.5556","0.3333","0.5","0.0","1.0","0.5","true"
"d2-v5-hard-045","wall:5,2","WALL","MEDIUM","0.1608","false","0.0","0.0","0.3548","0.2","0.0","0.0","0.25","0.3333","0.4","true"
"d2-v5-easy-046","arrow:a1","ARROW","HIGH","0.3891","false","0.0","0.2","0.1538","0.6429","0.3333","1.0","0.0","1.0","0.0","true"
"d2-v5-easy-046","arrow:a2","ARROW","HIGH","0.3679","false","0.25","0.4","0.16","0.7857","0.3333","0.5","0.0","0.5","0.125","true"
"d2-v5-easy-046","arrow:a3","ARROW","MEDIUM","0.1798","false","0.0","0.2","0.0","0.5","0.0","0.5","0.0","0.5","0.0","true"
"d2-v5-easy-046","arrow:a4","ARROW","HIGH","0.3847","false","0.0","0.2","0.12","0.6429","0.3333","1.0","0.0","1.0","0.0","true"
"d2-v5-easy-046","arrow:a5","ARROW","HIGH","0.3679","false","0.25","0.4","0.16","0.7857","0.3333","0.5","0.0","0.5","0.125","true"
"d2-v5-easy-046","magnet:m1","MAGNET","IRRELEVANT","0.0125","false","0.0","0.0","0.0","0.0","0.0","0.0","0.125","0.0","0.0","true"
"d2-v5-easy-046","magnet:m2","MAGNET","CRITICAL","1.0","true","1.0","1.0","0.9762","1.0","1.0","1.0","0.3333","1.0","0.9286","true"
"d2-v5-easy-046","magnet:m3","MAGNET","IRRELEVANT","0.016","false","0.0","0.0","0.0","0.0","0.0","0.0","0.1429","0.0","0.0","true"
"d2-v5-easy-046","wall:1,3","WALL","IRRELEVANT","0.0","false","0.0","0.0","0.0","0.0","0.0","0.0","0.0","0.0","0.0","true"
"d2-v5-easy-046","wall:2,5","WALL","MEDIUM","0.1666","false","0.0","0.0","0.1321","0.1964","0.0","0.4","0.2222","0.7333","0.0667","true"
"d2-v5-easy-046","wall:5,2","WALL","IRRELEVANT","0.0111","false","0.0","0.0","0.0","0.0","0.0","0.0","0.1111","0.0","0.0","true"
"d2-v5-easy-046","wall:5,3","WALL","LOW","0.033","false","0.0","0.0","0.0435","0.0","0.0","0.0","0.1111","0.0","0.1429","true"
"d2-v5-medium-047","arrow:a1","ARROW","MEDIUM","0.2082","false","0.0","0.5","0.0","0.5","0.0","0.5","0.0","0.5","0.0","true"
"d2-v5-medium-047","arrow:a2","ARROW","CRITICAL","0.6864","false","0.0","0.0","1.0","1.0","1.0","1.0","0.0","1.0","1.0","true"
"d2-v5-medium-047","arrow:a3","ARROW","CRITICAL","0.71","false","0.5","0.0","1.0","1.0","1.0","1.0","0.0","1.0","0.0","true"
"d2-v5-medium-047","magnet:m1","MAGNET","IRRELEVANT","0.0045","false","0.0","0.0","0.0","0.0","0.0","0.0","0.0","0.0","0.0","true"
"d2-v5-medium-047","magnet:m2","MAGNET","CRITICAL","0.7303","false","0.3333","0.3333","1.0","1.0","1.0","1.0","0.0","1.0","1.0","true"
"d2-v5-medium-047","magnet:m3","MAGNET","IRRELEVANT","0.02","false","0.0","0.0","0.0","0.0","0.0","0.0","0.2","0.0","0.0","true"
"d2-v5-medium-047","wall:2,2","WALL","IRRELEVANT","0.0","false","0.0","0.0","0.0","0.0","0.0","0.0","0.0","0.0","0.0","true"
"d2-v5-medium-047","wall:3,2","WALL","IRRELEVANT","0.0","false","0.0","0.0","0.0","0.0","0.0","0.0","0.0","0.0","0.0","true"
"d2-v5-medium-047","wall:3,5","WALL","IRRELEVANT","0.0","false","0.0","0.0","0.0","0.0","0.0","0.0","0.0","0.0","0.0","true"
"d2-v5-medium-047","wall:4,4","WALL","HIGH","0.4503","false","0.3333","0.3333","0.5","1.0","0.0","1.0","0.2","0.3333","0.0","true"
"d2-v5-medium-047","wall:5,5","WALL","IRRELEVANT","0.0","false","0.0","0.0","0.0","0.0","0.0","0.0","0.0","0.0","0.0","true"
"d2-v5-expert-048","arrow:a1","ARROW","HIGH","0.59","false","0.6667","0.3333","0.5556","1.0","0.0","1.0","0.3333","1.0","0.0","true"
"d2-v5-expert-048","arrow:a2","ARROW","CRITICAL","1.0","true","1.0","1.0","0.6875","1.0","0.0","1.0","0.3333","0.8571","0.4","true"
"d2-v5-expert-048","arrow:a3","ARROW","MEDIUM","0.2784","false","0.0","0.0","0.1538","1.0","0.0","0.5","0.0","0.4286","0.2","true"
"d2-v5-expert-048","arrow:a4","ARROW","MEDIUM","0.1821","false","0.5","0.0","0.0","0.3333","0.0","0.3333","0.0","0.2857","0.0","true"
"d2-v5-expert-048","arrow:a5","ARROW","MEDIUM","0.1221","false","0.0","0.0","0.0","0.3333","0.0","0.3333","0.0","0.2857","0.0","true"
"d2-v5-expert-048","magnet:m1","MAGNET","HIGH","0.4154","false","0.75","0.3333","0.5714","0.0","0.0","1.0","0.3333","0.1429","0.4286","true"
"d2-v5-expert-048","magnet:m2","MAGNET","MEDIUM","0.2941","false","0.0","0.0","0.1481","0.6","0.5","0.5","0.25","0.5714","0.2222","true"
"d2-v5-expert-048","magnet:m3","MAGNET","IRRELEVANT","0.0","false","0.0","0.0","0.0","0.0","0.0","0.0","0.0","0.0","0.0","true"
"d2-v5-expert-048","wall:1,4","WALL","IRRELEVANT","0.0","false","0.0","0.0","0.0","0.0","0.0","0.0","0.0","0.0","0.0","true"
"d2-v5-expert-048","wall:4,3","WALL","MEDIUM","0.2741","false","0.5","0.5","0.2727","0.0","0.0","1.0","0.0","0.0","0.0","true"
"d2-v5-expert-048","wall:4,4","WALL","IRRELEVANT","0.0","false","0.0","0.0","0.0","0.0","0.0","0.0","0.0","0.0","0.0","true"
"d2-v5-expert-048","wall:6,2","WALL","IRRELEVANT","0.0","false","0.0","0.0","0.0","0.0","0.0","0.0","0.0","0.0","0.0","true"
"d2-v5-hard-049","arrow:a1","ARROW","MEDIUM","0.2303","false","0.0","0.3333","0.0","0.7143","0.0","0.3333","0.0","0.6667","0.0","true"
"d2-v5-hard-049","arrow:a2","ARROW","MEDIUM","0.2384","false","0.25","0.25","0.1071","0.0","0.0","1.0","0.0","0.4167","0.0","true"
"d2-v5-hard-049","arrow:a3","ARROW","MEDIUM","0.2303","false","0.0","0.3333","0.0","0.7143","0.0","0.3333","0.0","0.6667","0.0","true"
"d2-v5-hard-049","arrow:a4","ARROW","MEDIUM","0.2853","false","0.3333","0.0","0.0714","0.5","0.0","1.0","0.0","0.5","0.0","true"
"d2-v5-hard-049","arrow:a5","ARROW","CRITICAL","1.0","true","1.0","1.0","0.4545","0.9286","0.5","1.0","0.1667","0.9167","0.4","true"
"d2-v5-hard-049","magnet:m1","MAGNET","CRITICAL","1.0","true","1.0","1.0","0.871","1.0","1.0","1.0","0.5","1.0","0.6667","true"
"d2-v5-hard-049","magnet:m2","MAGNET","MEDIUM","0.3016","false","0.25","0.25","0.1176","0.0","0.0","1.0","0.4286","1.0","0.0833","true"
"d2-v5-hard-049","wall:4,6","WALL","IRRELEVANT","0.0","false","0.0","0.0","0.0","0.0","0.0","0.0","0.0","0.0","0.0","true"
"d2-v5-medium-050","arrow:a1","ARROW","CRITICAL","0.65","false","0.5","0.0","1.0","1.0","1.0","1.0","0.0","0.0","0.0","true"
"d2-v5-medium-050","arrow:a2","ARROW","MEDIUM","0.1767","false","0.0","0.5","0.0","0.5","0.0","0.5","0.0","0.0","0.0","true"
"d2-v5-medium-050","arrow:a3","ARROW","HIGH","0.6358","false","0.0","0.0","1.0","1.0","1.0","1.0","0.0","0.0","1.0","true"
"d2-v5-medium-050","magnet:m1","MAGNET","MEDIUM","0.231","false","0.3333","0.3333","0.2","0.0","0.0","1.0","0.0","0.0","0.0","true"
"d2-v5-medium-050","magnet:m2","MAGNET","IRRELEVANT","0.0042","false","0.0","0.0","0.0","0.0","0.0","0.0","0.0","0.0","0.0","true"
"d2-v5-medium-050","magnet:m3","MAGNET","CRITICAL","0.74","false","0.3333","0.3333","1.0","1.0","1.0","1.0","0.6667","0.0","1.0","true"
"d2-v5-medium-050","magnet:m4","MAGNET","IRRELEVANT","0.0","false","0.0","0.0","0.0","0.0","0.0","0.0","0.0","0.0","0.0","true"
"d2-v5-medium-050","wall:2,2","WALL","IRRELEVANT","0.0","false","0.0","0.0","0.0","0.0","0.0","0.0","0.0","0.0","0.0","true"
"d2-v5-master-051","arrow:a1","ARROW","CRITICAL","0.7375","false","0.25","0.25","1.0","1.0","1.0","1.0","0.0","1.0","1.0","true"
"d2-v5-master-051","arrow:a2","ARROW","CRITICAL","0.7","false","0.25","0.25","1.0","1.0","1.0","1.0","0.0","1.0","0.0","true"
"d2-v5-master-051","arrow:a3","ARROW","MEDIUM","0.1881","false","0.3333","0.0","0.0","0.5","0.0","0.25","0.0","0.5","0.0","true"
"d2-v5-master-051","arrow:a4","ARROW","MEDIUM","0.1654","false","0.0","0.3333","0.0","0.5","0.0","0.25","0.0","0.5","0.0","true"
"d2-v5-master-051","arrow:a5","ARROW","MEDIUM","0.1592","false","0.0","0.3333","0.0","0.5","0.0","0.25","0.0","0.5","0.0","true"
"d2-v5-master-051","magnet:m1","MAGNET","HIGH","0.3894","false","0.0","0.0","0.3333","1.0","0.0","1.0","0.2","1.0","0.0","true"
"d2-v5-master-051","magnet:m2","MAGNET","IRRELEVANT","0.0286","false","0.0","0.0","0.0","0.0","0.0","0.0","0.2857","0.0","0.0","true"
"d2-v5-master-051","magnet:m3","MAGNET","CRITICAL","1.0","true","1.0","1.0","0.4615","0.5","0.0","1.0","0.1667","0.5","0.0","true"
"d2-v5-master-051","magnet:m4","MAGNET","CRITICAL","1.0","true","1.0","1.0","0.2308","0.5","0.0","1.0","0.0","0.5","0.2","true"
"d2-v5-master-051","wall:1,7","WALL","IRRELEVANT","0.0","false","0.0","0.0","0.0","0.0","0.0","0.0","0.0","0.0","0.0","true"
"d2-v5-master-051","wall:7,1","WALL","HIGH","0.4308","false","0.4","0.4","0.4167","1.0","0.0","1.0","0.1667","0.1111","0.0","true"
"d2-v5-easy-052","arrow:a1","ARROW","CRITICAL","0.65","false","0.5","0.0","1.0","1.0","1.0","1.0","0.0","0.0","0.0","true"
"d2-v5-easy-052","arrow:a2","ARROW","HIGH","0.6358","false","0.0","0.0","1.0","1.0","1.0","1.0","0.0","0.0","1.0","true"
"d2-v5-easy-052","arrow:a3","ARROW","MEDIUM","0.1725","false","0.0","0.5","0.0","0.5","0.0","0.5","0.0","0.0","0.0","true"
"d2-v5-easy-052","magnet:m1","MAGNET","CRITICAL","1.0","true","1.0","1.0","0.8889","1.0","1.0","1.0","0.0","0.0","0.6667","true"
"d2-v5-easy-052","wall:2,4","WALL","IRRELEVANT","0.0","false","0.0","0.0","0.0","0.0","0.0","0.0","0.0","0.0","0.0","true"
"d2-v5-easy-052","wall:3,4","WALL","MEDIUM","0.231","false","0.3333","0.3333","0.2","0.0","0.0","1.0","0.0","0.0","0.0","true"
"d2-v5-hard-053","arrow:a1","ARROW","CRITICAL","1.0","true","1.0","1.0","0.75","1.0","1.0","1.0","0.2","0.5","0.5","true"
"d2-v5-hard-053","arrow:a2","ARROW","CRITICAL","1.0","true","1.0","1.0","0.2308","0.75","0.5","1.0","0.1667","1.0","0.0","true"
"d2-v5-hard-053","arrow:a3","ARROW","HIGH","0.3987","false","0.0","0.5","0.375","0.875","0.5","0.6667","0.0","0.0","0.3333","true"
"d2-v5-hard-053","arrow:a4","ARROW","MEDIUM","0.125","false","0.0","0.0","0.0","0.5","0.0","0.3333","0.0","0.0","0.0","true"
"d2-v5-hard-053","magnet:m1","MAGNET","IRRELEVANT","0.0125","false","0.0","0.0","0.0","0.0","0.0","0.0","0.125","0.0","0.0","true"
"d2-v5-hard-053","magnet:m2","MAGNET","HIGH","0.5592","false","0.3333","0.3333","0.7727","0.5","0.5","1.0","0.0","1.0","0.75","true"
"d2-v5-hard-053","magnet:m3","MAGNET","LOW","0.0645","false","0.0","0.0","0.0417","0.0","0.0","0.3333","0.125","0.0","0.0","true"
"d2-v5-hard-053","magnet:m4","MAGNET","CRITICAL","1.0","true","1.0","1.0","0.2083","0.5","0.0","1.0","0.1667","0.5","0.1111","true"
"d2-v5-hard-053","wall:2,4","WALL","IRRELEVANT","0.0","false","0.0","0.0","0.0","0.0","0.0","0.0","0.0","0.0","0.0","true"
"d2-v5-hard-053","wall:3,2","WALL","HIGH","0.3509","false","0.0","0.0","0.56","0.75","0.5","0.3333","0.0","0.5","0.5556","true"
"d2-v5-hard-053","wall:5,4","WALL","CRITICAL","1.0","true","1.0","1.0","0.25","0.5","0.0","1.0","0.0","0.3333","0.0","true"
"d2-v5-easy-054","arrow:a1","ARROW","MEDIUM","0.1567","false","0.0","0.25","0.0","0.5","0.0","0.25","0.0","0.5","0.0","true"
"d2-v5-easy-054","arrow:a2","ARROW","MEDIUM","0.2324","false","0.0","0.25","0.0","0.7143","0.0","0.25","0.0","1.0","0.0","true"
"d2-v5-easy-054","arrow:a3","ARROW","HIGH","0.3879","false","0.0","0.0","0.3333","0.8571","0.0","1.0","0.0","0.5","0.5","true"
"d2-v5-easy-054","arrow:a4","ARROW","MEDIUM","0.2429","false","0.0","0.25","0.0769","0.7143","0.0","0.25","0.0","1.0","0.0","true"
"d2-v5-easy-054","arrow:a5","ARROW","HIGH","0.4195","false","0.25","0.0","0.5","0.8571","0.0","1.0","0.0","0.5","0.0","true"
"d2-v5-easy-054","magnet:m1","MAGNET","HIGH","0.4407","false","0.4","0.0","0.4667","0.8571","0.0","1.0","0.0","1.0","0.25","true"
"d2-v5-easy-054","magnet:m2","MAGNET","MEDIUM","0.201","false","0.0","0.0","0.1875","0.4286","0.0","0.0","0.3333","1.0","0.25","true"
"d2-v5-easy-054","wall:1,2","WALL","IRRELEVANT","0.0","false","0.0","0.0","0.0","0.0","0.0","0.0","0.0","0.0","0.0","true"
"d2-v5-easy-054","wall:1,3","WALL","IRRELEVANT","0.0","false","0.0","0.0","0.0","0.0","0.0","0.0","0.0","0.0","0.0","true"
"d2-v5-easy-054","wall:1,4","WALL","IRRELEVANT","0.0","false","0.0","0.0","0.0","0.0","0.0","0.0","0.0","0.0","0.0","true"
"d2-v5-easy-054","wall:1,5","WALL","IRRELEVANT","0.0","false","0.0","0.0","0.0","0.0","0.0","0.0","0.0","0.0","0.0","true"
"d2-v5-easy-054","wall:1,6","WALL","MEDIUM","0.2117","false","0.2","0.2","0.25","0.0","0.0","1.0","0.0","0.0","0.0","true"
"d2-v5-medium-055","arrow:a1","ARROW","MEDIUM","0.2774","false","0.0","0.25","0.2424","0.6212","0.0","0.625","0.0","0.2857","0.2","true"
"d2-v5-medium-055","arrow:a2","ARROW","MEDIUM","0.2097","false","0.25","0.0","0.1111","0.3636","0.0","0.125","0.1429","0.7143","0.1","true"
"d2-v5-medium-055","arrow:a3","ARROW","MEDIUM","0.2476","false","0.3333","0.5","0.0","0.6061","0.0","0.125","0.0","0.7143","0.0","true"
"d2-v5-medium-055","arrow:a4","ARROW","MEDIUM","0.1485","false","0.0","0.0","0.0278","0.3636","0.0","0.125","0.0","0.7143","0.1","true"
"d2-v5-medium-055","arrow:a5","ARROW","MEDIUM","0.3026","false","0.3333","0.5","0.2059","0.6061","0.0","0.125","0.0","0.7143","0.1","true"
"d2-v5-medium-055","arrow:a6","ARROW","CRITICAL","1.0","true","1.0","1.0","0.1613","0.6818","0.0","1.0","0.0","0.2143","0.0909","true"
"d2-v5-medium-055","magnet:m1","MAGNET","MEDIUM","0.3225","false","0.0","0.0","0.4884","0.5152","0.0","0.5","0.1667","1.0","0.5","true"
"d2-v5-medium-055","magnet:m2","MAGNET","MEDIUM","0.323","false","0.2","0.2","0.3488","0.4545","0.0","0.5","0.1667","1.0","0.3571","true"
"d2-v5-medium-055","wall:4,5","WALL","MEDIUM","0.1254","false","0.0","0.0","0.2281","0.1316","0.0","0.1111","0.2","0.125","0.3684","true"
"d2-v5-expert-056","arrow:a1","ARROW","HIGH","0.4321","false","0.25","0.25","0.4286","0.75","0.0","1.0","0.0","0.75","0.0","true"
"d2-v5-expert-056","arrow:a2","ARROW","HIGH","0.4829","false","0.25","0.25","0.6","0.75","0.0","1.0","0.0","0.75","0.75","true"
"d2-v5-expert-056","arrow:a3","ARROW","MEDIUM","0.2349","false","0.0","0.3333","0.0769","0.75","0.0","0.25","0.0","0.75","0.0","true"
"d2-v5-expert-056","arrow:a4","ARROW","MEDIUM","0.224","false","0.0","0.3333","0.0","0.75","0.0","0.25","0.0","0.75","0.0","true"
"d2-v5-expert-056","arrow:a5","ARROW","MEDIUM","0.1723","false","0.3333","0.0","0.0","0.4375","0.0","0.25","0.0","0.4375","0.0","true"
"d2-v5-expert-056","magnet:m1","MAGNET","IRRELEVANT","0.0143","false","0.0","0.0","0.0","0.0","0.0","0.0","0.1429","0.0","0.0","true"
"d2-v5-expert-056","magnet:m2","MAGNET","HIGH","0.4013","false","0.25","0.25","0.5","0.625","0.0","1.0","0.0","0.625","0.4","true"
"d2-v5-expert-056","magnet:m3","MAGNET","IRRELEVANT","0.0","false","0.0","0.0","0.0","0.0","0.0","0.0","0.0","0.0","0.0","true"
"d2-v5-expert-056","magnet:m4","MAGNET","MEDIUM","0.2069","false","0.3333","0.3333","0.0588","0.625","0.0","0.0","0.0","0.625","0.1667","true"
"d2-v5-expert-056","magnet:m5","MAGNET","IRRELEVANT","0.0","false","0.0","0.0","0.0","0.0","0.0","0.0","0.0","0.0","0.0","true"
"d2-v5-expert-056","wall:4,5","WALL","IRRELEVANT","0.0","false","0.0","0.0","0.0","0.0","0.0","0.0","0.0","0.0","0.0","true"
"d2-v5-expert-056","wall:8,3","WALL","MEDIUM","0.3439","false","0.4","0.4","0.3125","0.4375","0.0","1.0","0.1429","0.2","0.0","true"
"d2-v5-hard-057","arrow:a1","ARROW","HIGH","0.4155","false","0.25","0.0","0.4286","0.7778","0.0","1.0","0.0","0.75","0.0","true"
"d2-v5-hard-057","arrow:a2","ARROW","HIGH","0.418","false","0.0","0.0","0.4286","0.7778","0.0","1.0","0.375","0.75","0.4","true"
"d2-v5-hard-057","arrow:a3","ARROW","MEDIUM","0.2104","false","0.0","0.25","0.0","0.6667","0.0","0.25","0.0","0.75","0.0","true"
"d2-v5-hard-057","arrow:a4","ARROW","MEDIUM","0.1525","false","0.0","0.25","0.0","0.5","0.0","0.25","0.0","0.5","0.0","true"
"d2-v5-hard-057","arrow:a5","ARROW","MEDIUM","0.2424","false","0.0","0.25","0.1429","0.6667","0.0","0.25","0.0","0.75","0.25","true"
"d2-v5-hard-057","magnet:m1","MAGNET","MEDIUM","0.315","false","0.25","0.25","0.1579","0.7778","0.0","0.25","0.4286","1.0","0.0","true"
"d2-v5-hard-057","magnet:m2","MAGNET","HIGH","0.3799","false","0.2","0.2","0.4","0.3333","0.0","1.0","0.25","1.0","0.3333","true"
"d2-v5-hard-057","wall:5,6","WALL","MEDIUM","0.2864","false","0.2","0.2","0.1667","0.25","0.0","1.0","0.25","0.2727","0.375","true"
"d2-v5-medium-058","arrow:a1","ARROW","HIGH","0.63","false","0.3333","0.0","1.0","1.0","1.0","1.0","0.0","0.0","0.0","true"
"d2-v5-medium-058","arrow:a2","ARROW","MEDIUM","0.1459","false","0.0","0.3333","0.0","0.5","0.0","0.3333","0.0","0.0","0.0","true"
"d2-v5-medium-058","arrow:a3","ARROW","HIGH","0.64","false","0.0","0.0","1.0","1.0","1.0","1.0","0.0","0.0","1.0","true"
"d2-v5-medium-058","arrow:a4","ARROW","MEDIUM","0.1459","false","0.0","0.3333","0.0","0.5","0.0","0.3333","0.0","0.0","0.0","true"
"d2-v5-medium-058","magnet:m1","MAGNET","IRRELEVANT","0.0038","false","0.0","0.0","0.0","0.0","0.0","0.0","0.0","0.0","0.0","true"
"d2-v5-medium-058","magnet:m2","MAGNET","HIGH","0.3515","false","0.5","0.0","0.0833","0.5","0.5","1.0","0.0","0.0","0.5","true"
"d2-v5-medium-058","magnet:m3","MAGNET","MEDIUM","0.2881","false","0.25","0.25","0.2","0.0","0.0","1.0","0.5","0.0","0.3333","true"
"d2-v5-medium-058","wall:4,4","WALL","IRRELEVANT","0.0","false","0.0","0.0","0.0","0.0","0.0","0.0","0.0","0.0","0.0","true"
"d2-v5-master-059","arrow:a1","ARROW","HIGH","0.4811","false","0.5","0.0","0.3043","0.7692","0.5","0.5714","0.3333","1.0","0.1667","true"
"d2-v5-master-059","arrow:a2","ARROW","CRITICAL","1.0","true","1.0","1.0","0.7619","1.0","0.5","1.0","0.4","0.875","0.5","true"
"d2-v5-master-059","arrow:a3","ARROW","MEDIUM","0.3036","false","0.0","0.0","0.1154","0.8077","0.5","0.5714","0.0","0.25","0.2222","true"
"d2-v5-master-059","arrow:a4","ARROW","MEDIUM","0.2389","false","0.0","0.0","0.2222","0.5385","0.0","0.2857","0.0","0.625","0.25","true"
"d2-v5-master-059","arrow:a5","ARROW","MEDIUM","0.2339","false","0.5","0.0","0.0","0.5385","0.0","0.2857","0.0","0.625","0.0","true"
"d2-v5-master-059","magnet:m1","MAGNET","IRRELEVANT","0.0083","false","0.0","0.0","0.0","0.0","0.0","0.0","0.0833","0.0","0.0","true"
"d2-v5-master-059","magnet:m2","MAGNET","HIGH","0.5042","false","0.5","0.5","0.5294","0.3846","0.5","1.0","0.1111","0.5","0.5","true"
"d2-v5-master-059","magnet:m3","MAGNET","IRRELEVANT","0.025","false","0.0","0.0","0.0","0.0","0.0","0.0","0.25","0.0","0.0","true"
"d2-v5-master-059","magnet:m4","MAGNET","MEDIUM","0.3152","false","0.75","0.3333","0.2647","0.0385","0.0","0.5714","0.3333","0.2","0.2727","true"
"d2-v5-master-059","wall:2,4","WALL","IRRELEVANT","0.0","false","0.0","0.0","0.0","0.0","0.0","0.0","0.0","0.0","0.0","true"
"d2-v5-master-059","wall:3,2","WALL","CRITICAL","1.0","true","1.0","1.0","0.5833","0.7692","0.5","1.0","0.1818","0.625","0.3","true"
"d2-v5-master-059","wall:8,4","WALL","IRRELEVANT","0.0","false","0.0","0.0","0.0","0.0","0.0","0.0","0.0","0.0","0.0","true"
"d2-v5-easy-060","arrow:a1","ARROW","HIGH","0.64","false","0.0","0.0","1.0","1.0","1.0","1.0","0.0","0.0","1.0","true"
"d2-v5-easy-060","arrow:a2","ARROW","HIGH","0.6264","false","0.3333","0.0","1.0","1.0","1.0","1.0","0.0","0.0","0.0","true"
"d2-v5-easy-060","arrow:a3","ARROW","MEDIUM","0.1445","false","0.0","0.3333","0.0","0.5","0.0","0.3333","0.0","0.0","0.0","true"
"d2-v5-easy-060","arrow:a4","ARROW","MEDIUM","0.1445","false","0.0","0.3333","0.0","0.5","0.0","0.3333","0.0","0.0","0.0","true"
"d2-v5-easy-060","magnet:m1","MAGNET","CRITICAL","0.6912","false","0.25","0.25","1.0","1.0","1.0","1.0","0.3333","0.0","1.0","true"
"d2-v5-easy-060","magnet:m2","MAGNET","IRRELEVANT","0.0286","false","0.0","0.0","0.0","0.0","0.0","0.0","0.25","0.0","0.0","true"
"d2-v5-easy-060","wall:2,2","WALL","HIGH","0.436","false","0.25","0.25","0.4545","0.6","0.5","1.0","0.2","0.0","0.5714","true"
"d2-v5-easy-060","wall:3,4","WALL","LOW","0.0388","false","0.0","0.0","0.0833","0.0","0.0","0.0","0.0","0.0","0.3333","true"
"d2-v5-hard-061","arrow:a1","ARROW","MEDIUM","0.1459","false","0.0","0.3333","0.0","0.5","0.0","0.3333","0.0","0.0","0.0","true"
"d2-v5-hard-061","arrow:a2","ARROW","MEDIUM","0.1497","false","0.0","0.3333","0.0","0.5","0.0","0.3333","0.0","0.0","0.0","true"
"d2-v5-hard-061","arrow:a3","ARROW","HIGH","0.64","false","0.0","0.0","1.0","1.0","1.0","1.0","0.0","0.0","1.0","true"
"d2-v5-hard-061","arrow:a4","ARROW","HIGH","0.63","false","0.3333","0.0","1.0","1.0","1.0","1.0","0.0","0.0","0.0","true"
"d2-v5-hard-061","magnet:m1","MAGNET","IRRELEVANT","0.0","false","0.0","0.0","0.0","0.0","0.0","0.0","0.0","0.0","0.0","true"
"d2-v5-hard-061","magnet:m2","MAGNET","MEDIUM","0.2631","false","0.25","0.25","0.2","0.0","0.0","1.0","0.25","0.0","0.3333","true"
"d2-v5-hard-061","magnet:m3","MAGNET","MEDIUM","0.1892","false","0.0","0.0","0.4","0.5","0.0","0.0","0.3333","0.0","0.4","true"
"d2-v5-hard-061","magnet:m4","MAGNET","HIGH","0.3536","false","0.5","0.0","0.5417","0.5","0.5","0.0","0.25","0.0","0.7143","true"
"d2-v5-hard-061","wall:1,3","WALL","IRRELEVANT","0.0","false","0.0","0.0","0.0","0.0","0.0","0.0","0.0","0.0","0.0","true"
"d2-v5-easy-062","arrow:a1","ARROW","MEDIUM","0.171","false","0.0","0.3333","0.0","0.5","0.0","0.3333","0.0","0.5","0.0","true"
"d2-v5-easy-062","arrow:a2","ARROW","HIGH","0.3941","false","0.0","0.0","0.2857","0.8","0.5","1.0","0.0","0.0","0.3333","true"
"d2-v5-easy-062","arrow:a3","ARROW","HIGH","0.4732","false","0.5","0.25","0.2","0.6","0.5","1.0","0.0","1.0","0.0","true"
"d2-v5-easy-062","arrow:a4","ARROW","MEDIUM","0.1733","false","0.0","0.3333","0.0","0.5","0.0","0.3333","0.0","0.5","0.0","true"
"d2-v5-easy-062","arrow:a5","ARROW","HIGH","0.4563","false","0.25","0.25","0.2727","0.6","0.5","1.0","0.0","1.0","0.0","true"
"d2-v5-easy-062","magnet:m1","MAGNET","MEDIUM","0.2452","false","0.3333","0.3333","0.1154","0.5","0.0","0.3333","0.1429","0.5","0.2222","true"
"d2-v5-easy-062","magnet:m2","MAGNET","HIGH","0.4481","false","0.25","0.25","0.4","0.4","0.5","1.0","0.0","1.0","0.4286","true"
"d2-v5-easy-062","magnet:m3","MAGNET","LOW","0.1073","false","0.0","0.0","0.2581","0.375","0.0","0.0","0.0","0.0","0.2222","true"
"d2-v5-medium-063","arrow:a1","ARROW","HIGH","0.64","false","0.0","0.0","1.0","1.0","1.0","1.0","0.0","0.0","1.0","true"
"d2-v5-medium-063","arrow:a2","ARROW","CRITICAL","0.65","false","0.5","0.0","1.0","1.0","1.0","1.0","0.0","0.0","0.0","true"
"d2-v5-medium-063","arrow:a3","ARROW","MEDIUM","0.1767","false","0.0","0.5","0.0","0.5","0.0","0.5","0.0","0.0","0.0","true"
"d2-v5-medium-063","magnet:m1","MAGNET","IRRELEVANT","0.025","false","0.0","0.0","0.0","0.0","0.0","0.0","0.25","0.0","0.0","true"
"d2-v5-medium-063","magnet:m2","MAGNET","CRITICAL","0.7875","false","0.3333","0.3333","1.0","1.0","1.0","1.0","0.5","1.0","1.0","true"
"d2-v5-medium-063","magnet:m3","MAGNET","IRRELEVANT","0.025","false","0.0","0.0","0.0","0.0","0.0","0.0","0.25","0.0","0.0","true"
"d2-v5-medium-063","magnet:m4","MAGNET","IRRELEVANT","0.0","false","0.0","0.0","0.0","0.0","0.0","0.0","0.0","0.0","0.0","true"
"d2-v5-medium-063","wall:4,2","WALL","MEDIUM","0.2602","false","0.3333","0.3333","0.2","0.0","0.0","1.0","0.25","0.0","0.0","true"
"d2-v5-expert-064","arrow:a1","ARROW","CRITICAL","0.7","false","0.25","0.25","1.0","1.0","1.0","1.0","0.0","1.0","0.0","true"
"d2-v5-expert-064","arrow:a2","ARROW","CRITICAL","0.7344","false","0.25","0.25","1.0","1.0","1.0","1.0","0.0","1.0","1.0","true"
"d2-v5-expert-064","arrow:a3","ARROW","MEDIUM","0.1819","false","0.3333","0.0","0.0","0.5","0.0","0.25","0.0","0.5","0.0","true"
"d2-v5-expert-064","arrow:a4","ARROW","MEDIUM","0.156","false","0.0","0.3333","0.0","0.5","0.0","0.25","0.0","0.5","0.0","true"
"d2-v5-expert-064","arrow:a5","ARROW","MEDIUM","0.1623","false","0.0","0.3333","0.0","0.5","0.0","0.25","0.0","0.5","0.0","true"
"d2-v5-expert-064","magnet:m1","MAGNET","LOW","0.085","false","0.0","0.0","0.0","0.0","0.0","0.0","0.25","1.0","0.0","true"
"d2-v5-expert-064","magnet:m2","MAGNET","HIGH","0.5044","false","0.25","0.25","0.6667","1.0","0.0","1.0","0.0","1.0","0.5","true"
"d2-v5-expert-064","wall:3,3","WALL","IRRELEVANT","0.0","false","0.0","0.0","0.0","0.0","0.0","0.0","0.0","0.0","0.0","true"
"d2-v5-expert-064","wall:5,2","WALL","IRRELEVANT","0.0","false","0.0","0.0","0.0","0.0","0.0","0.0","0.0","0.0","0.0","true"
"d2-v5-expert-064","wall:6,2","WALL","HIGH","0.436","false","0.4","0.4","0.4167","1.0","0.0","1.0","0.25","0.1111","0.0","true"
"d2-v5-hard-065","arrow:a1","ARROW","HIGH","0.64","false","0.0","0.0","1.0","1.0","1.0","1.0","0.0","0.0","1.0","true"
"d2-v5-hard-065","arrow:a2","ARROW","HIGH","0.63","false","0.3333","0.0","1.0","1.0","1.0","1.0","0.0","0.0","0.0","true"
"d2-v5-hard-065","arrow:a3","ARROW","MEDIUM","0.1459","false","0.0","0.3333","0.0","0.5","0.0","0.3333","0.0","0.0","0.0","true"
"d2-v5-hard-065","arrow:a4","ARROW","MEDIUM","0.1497","false","0.0","0.3333","0.0","0.5","0.0","0.3333","0.0","0.0","0.0","true"
"d2-v5-hard-065","magnet:m1","MAGNET","MEDIUM","0.1892","false","0.0","0.0","0.4","0.5","0.0","0.0","0.3333","0.0","0.4","true"
"d2-v5-hard-065","magnet:m2","MAGNET","HIGH","0.3536","false","0.5","0.0","0.5417","0.5","0.5","0.0","0.25","0.0","0.7143","true"
"d2-v5-hard-065","magnet:m3","MAGNET","IRRELEVANT","0.0","false","0.0","0.0","0.0","0.0","0.0","0.0","0.0","0.0","0.0","true"
"d2-v5-hard-065","magnet:m4","MAGNET","MEDIUM","0.2631","false","0.25","0.25","0.2","0.0","0.0","1.0","0.25","0.0","0.3333","true"
"d2-v5-hard-065","wall:2,6","WALL","IRRELEVANT","0.0","false","0.0","0.0","0.0","0.0","0.0","0.0","0.0","0.0","0.0","true"
"d2-v5-medium-066","arrow:a1","ARROW","HIGH","0.4285","false","0.5","0.5","0.4688","0.4444","0.0","1.0","0.0","0.0","0.4167","true"
"d2-v5-medium-066","arrow:a2","ARROW","HIGH","0.3535","false","0.3333","0.3333","0.6379","0.3333","0.0","0.5","0.0","0.0","0.5789","true"
"d2-v5-medium-066","arrow:a3","ARROW","MEDIUM","0.2446","false","0.0","0.5","0.0303","0.4444","0.0","1.0","0.0","0.0","0.0","true"
"d2-v5-medium-066","arrow:a4","ARROW","MEDIUM","0.2957","false","0.3333","0.3333","0.4655","0.3333","0.0","0.5","0.0","0.0","0.4211","true"
"d2-v5-medium-066","arrow:a5","ARROW","CRITICAL","1.0","true","1.0","1.0","0.8529","1.0","1.0","1.0","0.4444","0.0","0.6154","true"
"d2-v5-medium-066","arrow:a6","ARROW","MEDIUM","0.1543","false","0.0","0.0","0.4231","0.25","0.0","0.0","0.0","0.0","0.4118","true"
"d2-v5-medium-066","magnet:m1","MAGNET","CRITICAL","1.0","true","1.0","1.0","0.7143","1.0","0.5","1.0","1.0","0.0","0.6","true"
"d2-v5-medium-066","wall:2,4","WALL","IRRELEVANT","0.0","false","0.0","0.0","0.0","0.0","0.0","0.0","0.0","0.0","0.0","true"
"d2-v5-medium-066","wall:5,4","WALL","MEDIUM","0.2322","false","0.3333","0.3333","0.4179","0.561","0.0","0.0","0.0","0.0","0.3913","true"
"d2-v5-master-067","arrow:a1","ARROW","CRITICAL","0.7","false","0.25","0.25","1.0","1.0","1.0","1.0","0.0","1.0","0.0","true"
"d2-v5-master-067","arrow:a2","ARROW","CRITICAL","0.7324","false","0.25","0.25","1.0","1.0","1.0","1.0","0.0","1.0","1.0","true"
"d2-v5-master-067","arrow:a3","ARROW","MEDIUM","0.1806","false","0.3333","0.0","0.0","0.5","0.0","0.25","0.0","0.5","0.0","true"
"d2-v5-master-067","arrow:a4","ARROW","MEDIUM","0.1584","false","0.0","0.3333","0.0","0.5","0.0","0.25","0.0","0.5","0.0","true"
"d2-v5-master-067","arrow:a5","ARROW","MEDIUM","0.1614","false","0.0","0.3333","0.0","0.5","0.0","0.25","0.0","0.5","0.0","true"
"d2-v5-master-067","magnet:m1","MAGNET","LOW","0.085","false","0.0","0.0","0.0","0.0","0.0","0.0","0.25","1.0","0.0","true"
"d2-v5-master-067","magnet:m2","MAGNET","HIGH","0.5038","false","0.25","0.25","0.6667","1.0","0.0","1.0","0.0","1.0","0.5","true"
"d2-v5-master-067","wall:4,2","WALL","HIGH","0.4355","false","0.4","0.4","0.4167","1.0","0.0","1.0","0.25","0.1111","0.0","true"
"d2-v5-master-067","wall:5,1","WALL","IRRELEVANT","0.0","false","0.0","0.0","0.0","0.0","0.0","0.0","0.0","0.0","0.0","true"
"d2-v5-easy-068","arrow:a1","ARROW","CRITICAL","0.65","false","0.5","0.0","1.0","1.0","1.0","1.0","0.0","0.0","0.0","true"
"d2-v5-easy-068","arrow:a2","ARROW","HIGH","0.6323","false","0.0","0.0","1.0","1.0","1.0","1.0","0.0","0.0","1.0","true"
"d2-v5-easy-068","arrow:a3","ARROW","MEDIUM","0.1715","false","0.0","0.5","0.0","0.5","0.0","0.5","0.0","0.0","0.0","true"
"d2-v5-easy-068","magnet:m1","MAGNET","IRRELEVANT","0.0","false","0.0","0.0","0.0","0.0","0.0","0.0","0.0","0.0","0.0","true"
"d2-v5-easy-068","magnet:m2","MAGNET","CRITICAL","1.0","true","1.0","1.0","0.8889","1.0","1.0","1.0","0.5","0.0","0.6667","true"
"d2-v5-easy-068","magnet:m3","MAGNET","LOW","0.0333","false","0.0","0.0","0.0","0.0","0.0","0.0","0.3333","0.0","0.0","true"
"d2-v5-easy-068","wall:2,2","WALL","CRITICAL","0.6682","false","0.3333","0.3333","1.0","1.0","1.0","1.0","0.0","0.0","1.0","true"
"d2-v5-easy-068","wall:2,8","WALL","IRRELEVANT","0.0","false","0.0","0.0","0.0","0.0","0.0","0.0","0.0","0.0","0.0","true"
"d2-v5-easy-068","wall:4,4","WALL","IRRELEVANT","0.0","false","0.0","0.0","0.0","0.0","0.0","0.0","0.0","0.0","0.0","true"
"d2-v5-hard-069","arrow:a1","ARROW","MEDIUM","0.3101","false","0.0","0.3333","0.0","0.7241","0.5","0.2","0.125","0.8333","0.0","true"
"d2-v5-hard-069","arrow:a2","ARROW","MEDIUM","0.3408","false","0.3333","0.3333","0.16","0.7931","0.5","0.2","0.0","0.3333","0.0","true"
"d2-v5-hard-069","arrow:a3","ARROW","HIGH","0.4056","false","0.3333","0.0","0.1667","0.7931","0.5","1.0","0.0","0.3333","0.0","true"
"d2-v5-hard-069","arrow:a4","ARROW","HIGH","0.4058","false","0.25","0.25","0.5667","0.4483","0.5","0.2","0.0","0.8333","0.6667","true"
"d2-v5-hard-069","arrow:a5","ARROW","LOW","0.1163","false","0.3333","0.0","0.0","0.2759","0.0","0.2","0.0","0.0","0.0","true"
"d2-v5-hard-069","arrow:a6","ARROW","MEDIUM","0.1393","false","0.25","0.25","0.0","0.1034","0.0","0.2","0.0","0.4","0.0","true"
"d2-v5-hard-069","magnet:m1","MAGNET","MEDIUM","0.1328","false","0.0","0.0","0.1136","0.3696","0.0","0.0","0.2","0.625","0.1333","true"
"d2-v5-hard-069","magnet:m2","MAGNET","MEDIUM","0.2309","false","0.25","0.25","0.1316","0.1944","0.0","1.0","0.1","0.0","0.0","true"
"d2-v5-hard-069","magnet:m3","MAGNET","HIGH","0.561","false","0.5","0.0","0.5833","1.0","0.5","1.0","0.375","0.3333","0.4615","true"
"d2-v5-hard-069","magnet:m4","MAGNET","IRRELEVANT","0.01","false","0.0","0.0","0.0","0.0","0.0","0.0","0.1","0.0","0.0","true"
"d2-v5-hard-069","magnet:m5","MAGNET","HIGH","0.3697","false","0.4","0.4","0.1282","0.6705","0.0","1.0","0.2222","0.5714","0.0769","true"
"d2-v5-hard-069","wall:1,2","WALL","IRRELEVANT","0.0","false","0.0","0.0","0.0","0.0","0.0","0.0","0.0","0.0","0.0","true"
"d2-v5-easy-070","arrow:a1","ARROW","MEDIUM","0.3271","false","0.0","0.0","0.1111","0.7143","0.5","1.0","0.0","0.0","0.0","true"
"d2-v5-easy-070","arrow:a2","ARROW","MEDIUM","0.1587","false","0.0","0.3333","0.0","0.5","0.0","0.5","0.0","0.0","0.0","true"
"d2-v5-easy-070","arrow:a3","ARROW","MEDIUM","0.199","false","0.0","0.0","0.4231","0.4286","0.0","0.0","0.0","0.0","0.4286","true"
"d2-v5-easy-070","arrow:a4","ARROW","HIGH","0.4986","false","0.0","0.3333","0.5909","0.9286","0.5","1.0","0.2","0.0","0.4286","true"
"d2-v5-easy-070","arrow:a5","ARROW","MEDIUM","0.1225","false","0.3333","0.0","0.0","0.4286","0.0","0.0","0.0","0.0","0.0","true"
"d2-v5-easy-070","magnet:m1","MAGNET","CRITICAL","1.0","true","1.0","1.0","0.9697","1.0","1.0","1.0","1.0","0.0","0.9091","true"
"d2-v5-easy-070","wall:2,2","WALL","MEDIUM","0.2722","false","0.0","0.0","0.4714","0.6164","0.3333","0.25","0.1667","0.0","0.5","true"
"d2-v5-easy-070","wall:2,5","WALL","IRRELEVANT","0.0","false","0.0","0.0","0.0","0.0","0.0","0.0","0.0","0.0","0.0","true"
"d2-v5-easy-070","wall:5,1","WALL","IRRELEVANT","0.0","false","0.0","0.0","0.0","0.0","0.0","0.0","0.0","0.0","0.0","true"
"d2-v5-easy-070","wall:5,2","WALL","MEDIUM","0.2623","false","0.25","0.25","0.122","0.4615","0.0","1.0","0.0","0.0","0.2308","true"
"d2-v5-medium-071","arrow:a1","ARROW","MEDIUM","0.2286","false","0.0","0.3333","0.0","0.68","0.0","0.3333","0.0","0.8","0.0","true"
"d2-v5-medium-071","arrow:a2","ARROW","MEDIUM","0.2196","false","0.0","0.0","0.0625","0.44","0.5","0.0","0.0","0.6","0.25","true"
"d2-v5-medium-071","arrow:a3","ARROW","MEDIUM","0.2963","false","0.3333","0.0","0.25","0.44","0.5","0.0","0.0","0.6","0.25","true"
"d2-v5-medium-071","arrow:a4","ARROW","CRITICAL","1.0","true","1.0","1.0","0.1818","0.72","0.5","1.0","0.0","0.3","0.25","true"
"d2-v5-medium-071","arrow:a5","ARROW","MEDIUM","0.2347","false","0.0","0.3333","0.05","0.68","0.0","0.3333","0.0","0.8","0.0","true"
"d2-v5-medium-071","magnet:m1","MAGNET","MEDIUM","0.1855","false","0.0","0.0","0.1304","0.36","0.0","0.0","0.4286","1.0","0.1429","true"
"d2-v5-medium-071","magnet:m2","MAGNET","CRITICAL","1.0","true","1.0","1.0","0.6667","0.92","0.5","1.0","0.2","1.0","0.4286","true"
"d2-v5-medium-071","wall:1,5","WALL","MEDIUM","0.2895","false","0.5","0.0","0.4524","0.2188","0.0","0.625","0.1111","0.0","0.5385","true"
"d2-v5-medium-071","wall:6,5","WALL","IRRELEVANT","0.0","false","0.0","0.0","0.0","0.0","0.0","0.0","0.0","0.0","0.0","true"
"d2-v5-expert-072","arrow:a1","ARROW","HIGH","0.3846","false","0.5","0.5","0.1429","0.5","0.5","0.4286","0.1111","0.25","0.4","true"
"d2-v5-expert-072","arrow:a2","ARROW","MEDIUM","0.1698","false","0.5","0.0","0.0","0.5","0.0","0.2857","0.0","0.0","0.0","true"
"d2-v5-expert-072","arrow:a3","ARROW","HIGH","0.4143","false","0.3333","0.3333","0.2632","1.0","0.0","0.5714","0.2","0.7273","0.375","true"
"d2-v5-expert-072","arrow:a4","ARROW","HIGH","0.4312","false","0.3333","0.3333","0.1538","1.0","0.5","0.5714","0.1429","0.4","0.0","true"
"d2-v5-expert-072","arrow:a5","ARROW","MEDIUM","0.1299","false","0.0","0.0","0.04","0.25","0.5","0.1429","0.0","0.0","0.0","true"
"d2-v5-expert-072","arrow:a6","ARROW","MEDIUM","0.1698","false","0.0","0.5","0.0","0.5","0.0","0.2857","0.0","0.3333","0.0","true"
"d2-v5-expert-072","magnet:m1","MAGNET","MEDIUM","0.2989","false","0.0","0.0","0.25","0.625","0.5","0.5714","0.1","0.3333","0.2","true"
"d2-v5-expert-072","magnet:m2","MAGNET","HIGH","0.3573","false","0.5","0.5","0.2069","0.375","0.0","1.0","0.0909","0.5","0.1818","true"
"d2-v5-expert-072","magnet:m3","MAGNET","IRRELEVANT","0.0017","false","0.0","0.0","0.0","0.0","0.0","0.0","0.0","0.0","0.0","true"
"d2-v5-expert-072","magnet:m4","MAGNET","MEDIUM","0.156","false","0.3333","0.3333","0.1333","0.0","0.0","0.0","0.0833","0.7692","0.1818","true"
"d2-v5-expert-072","wall:1,3","WALL","MEDIUM","0.3026","false","0.6667","0.0","0.3617","0.4286","0.3333","0.125","0.0769","0.4","0.3529","true"
"d2-v5-expert-072","wall:1,7","WALL","IRRELEVANT","0.0","false","0.0","0.0","0.0","0.0","0.0","0.0","0.0","0.0","0.0","true"
"d2-v5-expert-072","wall:6,4","WALL","IRRELEVANT","0.0","false","0.0","0.0","0.0","0.0","0.0","0.0","0.0","0.0","0.0","true"
"d2-v5-hard-073","arrow:a1","ARROW","HIGH","0.3508","false","0.5","0.0","0.16","0.8333","0.0","0.8","0.0","0.5","0.0","true"
"d2-v5-hard-073","arrow:a2","ARROW","MEDIUM","0.2369","false","0.5","0.0","0.129","0.1667","0.0","0.4","0.0","1.0","0.1538","true"
"d2-v5-hard-073","arrow:a3","ARROW","IRRELEVANT","0.024","false","0.0","0.0","0.0","0.0","0.0","0.0","0.0","0.0","0.0","true"
"d2-v5-hard-073","arrow:a4","ARROW","MEDIUM","0.2857","false","0.0","0.0","0.1176","0.8333","0.0","0.6","0.0","0.5","0.25","true"
"d2-v5-hard-073","arrow:a5","ARROW","CRITICAL","1.0","true","1.0","1.0","0.25","0.6667","0.0","1.0","0.0","1.0","0.125","true"
"d2-v5-hard-073","arrow:a6","ARROW","MEDIUM","0.1444","false","0.0","0.0","0.0357","0.5","0.0","0.4","0.0","0.0","0.0","true"
"d2-v5-hard-073","magnet:m1","MAGNET","HIGH","0.3566","false","0.5","0.5","0.1944","0.5","0.0","0.8","0.0","1.0","0.0714","true"
"d2-v5-hard-073","magnet:m2","MAGNET","HIGH","0.3921","false","0.5","0.5","0.1053","0.4545","0.0","1.0","0.2857","1.0","0.0","true"
"d2-v5-hard-073","magnet:m3","MAGNET","IRRELEVANT","0.0143","false","0.0","0.0","0.0","0.0","0.0","0.0","0.1429","0.0","0.0","true"
"d2-v5-hard-073","magnet:m4","MAGNET","CRITICAL","1.0","true","1.0","1.0","0.2727","0.6667","0.5","1.0","0.2857","0.0","0.1538","true"
"d2-v5-hard-073","wall:3,6","WALL","MEDIUM","0.2515","false","0.3333","0.3333","0.1667","0.5","0.0","0.2857","0.1429","0.5","0.2857","true"
"d2-v5-medium-074","arrow:a1","ARROW","MEDIUM","0.2977","false","0.0","0.25","0.2381","0.7083","0.5","0.25","0.0","0.0","0.3333","true"
"d2-v5-medium-074","arrow:a2","ARROW","MEDIUM","0.3","false","0.0","0.25","0.0","0.6667","0.5","0.25","0.0","1.0","0.0","true"
"d2-v5-medium-074","arrow:a3","ARROW","MEDIUM","0.3245","false","0.25","0.0","0.1538","0.7083","0.0","1.0","0.0","0.5","0.0","true"
"d2-v5-medium-074","arrow:a4","ARROW","MEDIUM","0.2903","false","0.0","0.0","0.0833","0.7083","0.0","1.0","0.0","0.5","0.125","true"
"d2-v5-medium-074","arrow:a5","ARROW","MEDIUM","0.3","false","0.0","0.25","0.0","0.6667","0.5","0.25","0.0","1.0","0.0","true"
"d2-v5-medium-074","magnet:m1","MAGNET","MEDIUM","0.3141","false","0.2","0.2","0.3333","0.4167","0.0","1.0","0.2","0.0","0.3","true"
"d2-v5-medium-074","magnet:m2","MAGNET","MEDIUM","0.3254","false","0.4","0.0","0.1875","0.375","0.0","1.0","0.0","1.0","0.1","true"
"d2-v5-medium-074","magnet:m3","MAGNET","IRRELEVANT","0.0","false","0.0","0.0","0.0","0.0","0.0","0.0","0.0","0.0","0.0","true"
"d2-v5-medium-074","wall:2,4","WALL","IRRELEVANT","0.0","false","0.0","0.0","0.0","0.0","0.0","0.0","0.0","0.0","0.0","true"
"d2-v5-medium-074","wall:3,3","WALL","IRRELEVANT","0.0","false","0.0","0.0","0.0","0.0","0.0","0.0","0.0","0.0","0.0","true"
"d2-v5-medium-074","wall:3,4","WALL","IRRELEVANT","0.0147","false","0.0","0.0","0.0286","0.0","0.0","0.0","0.0","0.0","0.1","true"
"d2-v5-medium-074","wall:4,3","WALL","IRRELEVANT","0.0","false","0.0","0.0","0.0","0.0","0.0","0.0","0.0","0.0","0.0","true"
"d2-v5-master-075","arrow:a1","ARROW","HIGH","0.3708","false","0.0","0.0","0.2857","0.6","0.0","1.0","0.2","1.0","0.0","true"
"d2-v5-master-075","arrow:a2","ARROW","CRITICAL","1.0","true","1.0","1.0","0.8","1.0","1.0","1.0","0.2","0.8","0.5","true"
"d2-v5-master-075","arrow:a3","ARROW","CRITICAL","1.0","true","1.0","1.0","0.5333","0.8","0.0","1.0","0.1667","1.0","0.3333","true"
"d2-v5-master-075","arrow:a4","ARROW","MEDIUM","0.1638","false","0.0","0.3333","0.0","0.5","0.0","0.3333","0.0","0.4","0.0","true"
"d2-v5-master-075","arrow:a5","ARROW","CRITICAL","1.0","true","1.0","1.0","0.2857","0.8","0.0","1.0","0.0","0.4","0.1667","true"
"d2-v5-master-075","magnet:m1","MAGNET","MEDIUM","0.2986","false","0.0","0.0","0.375","0.2","0.0","1.0","0.4","0.2","0.3333","true"
"d2-v5-master-075","magnet:m2","MAGNET","MEDIUM","0.2824","false","0.25","0.25","0.0588","0.375","0.0","1.0","0.2","0.2","0.2857","true"
"d2-v5-master-075","magnet:m3","MAGNET","IRRELEVANT","0.0","false","0.0","0.0","0.0","0.0","0.0","0.0","0.0","0.0","0.0","true"
"d2-v5-master-075","magnet:m4","MAGNET","IRRELEVANT","0.0143","false","0.0","0.0","0.0","0.0","0.0","0.0","0.1429","0.0","0.0","true"
"d2-v5-master-075","wall:8,3","WALL","IRRELEVANT","0.0","false","0.0","0.0","0.0","0.0","0.0","0.0","0.0","0.0","0.0","true"
"d2-v5-master-075","wall:8,5","WALL","MEDIUM","0.157","false","0.0","0.0","0.1765","0.0","0.0","1.0","0.0","0.0","0.0","true"
"d2-v5-easy-076","arrow:a1","ARROW","HIGH","0.396","false","0.25","0.25","0.6154","0.5714","0.0","0.3333","0.1667","0.6667","0.4","true"
"d2-v5-easy-076","arrow:a2","ARROW","MEDIUM","0.1587","false","0.0","0.25","0.0","0.5","0.0","0.3333","0.0","0.5","0.0","true"
"d2-v5-easy-076","arrow:a3","ARROW","MEDIUM","0.2055","false","0.0","0.25","0.0","0.5714","0.0","0.3333","0.0","0.6667","0.0","true"
"d2-v5-easy-076","arrow:a4","ARROW","CRITICAL","1.0","true","1.0","1.0","0.8333","1.0","1.0","1.0","0.375","1.0","0.625","true"
"d2-v5-easy-076","arrow:a5","ARROW","MEDIUM","0.2077","false","0.0","0.25","0.0","0.5714","0.0","0.3333","0.0","0.6667","0.0","true"
"d2-v5-easy-076","magnet:m1","MAGNET","LOW","0.0822","false","0.0","0.0","0.0","0.0","0.0","0.0","0.2222","1.0","0.0","true"
"d2-v5-easy-076","magnet:m2","MAGNET","CRITICAL","0.7452","false","0.2","0.2","1.0","1.0","1.0","1.0","0.4","1.0","1.0","true"
"d2-v5-easy-076","wall:2,2","WALL","IRRELEVANT","0.0","false","0.0","0.0","0.0","0.0","0.0","0.0","0.0","0.0","0.0","true"
"d2-v5-easy-076","wall:6,3","WALL","MEDIUM","0.1862","false","0.25","0.25","0.2174","0.125","0.0","0.4","0.0","0.0","0.3333","true"
"d2-v5-easy-076","wall:7,2","WALL","IRRELEVANT","0.0","false","0.0","0.0","0.0","0.0","0.0","0.0","0.0","0.0","0.0","true"
"d2-v5-easy-076","wall:8,1","WALL","IRRELEVANT","0.0","false","0.0","0.0","0.0","0.0","0.0","0.0","0.0","0.0","0.0","true"
"d2-v5-easy-076","wall:8,8","WALL","IRRELEVANT","0.0","false","0.0","0.0","0.0","0.0","0.0","0.0","0.0","0.0","0.0","true"
"d2-v5-hard-077","arrow:a1","ARROW","LOW","0.1031","false","0.0","0.0","0.0","0.3333","0.0","0.25","0.0","0.2353","0.0","true"
"d2-v5-hard-077","arrow:a2","ARROW","MEDIUM","0.2354","false","0.0","0.3333","0.0","0.6429","0.0","0.25","0.125","0.8235","0.0","true"
"d2-v5-hard-077","arrow:a3","ARROW","HIGH","0.3542","false","0.5","0.25","0.1","0.5","0.0","1.0","0.0","0.5294","0.2","true"
"d2-v5-hard-077","arrow:a4","ARROW","HIGH","0.3539","false","0.0","0.0","0.2609","0.7619","0.0","1.0","0.2","0.4118","0.2222","true"
"d2-v5-hard-077","arrow:a5","ARROW","MEDIUM","0.221","false","0.3333","0.0","0.0625","0.5714","0.0","0.25","0.1","0.5882","0.0","true"
"d2-v5-hard-077","arrow:a6","ARROW","HIGH","0.4008","false","0.25","0.25","0.3","0.5","0.0","1.0","0.1","0.5294","0.5","true"
"d2-v5-hard-077","magnet:m1","MAGNET","IRRELEVANT","0.0017","false","0.0","0.0","0.0","0.0","0.0","0.0","0.0","0.0","0.0","true"
"d2-v5-hard-077","magnet:m2","MAGNET","HIGH","0.4923","false","0.25","0.25","0.6667","0.8571","0.0","1.0","0.1429","0.6471","0.6154","true"
"d2-v5-hard-077","magnet:m3","MAGNET","IRRELEVANT","0.0","false","0.0","0.0","0.0","0.0","0.0","0.0","0.0","0.0","0.0","true"
"d2-v5-hard-077","magnet:m4","MAGNET","LOW","0.0871","false","0.0","0.0","0.0769","0.2857","0.0","0.0","0.0","0.4706","0.0769","true"
"d2-v5-hard-077","wall:2,1","WALL","HIGH","0.3792","false","0.25","0.25","0.575","0.5238","0.0","1.0","0.0909","0.15","0.4615","true"
"d2-v5-easy-078","arrow:a1","ARROW","MEDIUM","0.1848","false","0.0","0.3333","0.0333","0.625","0.0","0.4","0.0","0.0","0.0","true"
"d2-v5-easy-078","arrow:a2","ARROW","HIGH","0.3793","false","0.0","0.0","0.3158","0.6875","0.5","1.0","0.0","0.0","0.2","true"
"d2-v5-easy-078","arrow:a3","ARROW","MEDIUM","0.1661","false","0.3333","0.0","0.037","0.5","0.0","0.2","0.0","0.0","0.0","true"
"d2-v5-easy-078","arrow:a4","ARROW","HIGH","0.3509","false","0.0","0.3333","0.2917","0.875","0.0","1.0","0.0","0.0","0.1429","true"
"d2-v5-easy-078","arrow:a5","ARROW","MEDIUM","0.2601","false","0.0","0.0","0.1304","0.625","0.0","1.0","0.0","0.0","0.0","true"
"d2-v5-easy-078","magnet:m1","MAGNET","LOW","0.0873","false","0.0","0.0","0.0","0.125","0.0","0.2","0.4","0.0","0.0","true"
"d2-v5-easy-078","magnet:m2","MAGNET","CRITICAL","1.0","true","1.0","1.0","0.3611","0.25","0.0","1.0","0.3333","0.0","0.2727","true"
"d2-v5-easy-078","wall:5,5","WALL","MEDIUM","0.2467","false","0.25","0.25","0.1316","0.4074","0.0","1.0","0.0","0.0","0.0","true"
"d2-v5-medium-079","arrow:a1","ARROW","MEDIUM","0.2966","false","0.0","0.2","0.1429","0.6143","0.5","0.2","0.0","0.72","0.1667","true"
"d2-v5-medium-079","arrow:a2","ARROW","MEDIUM","0.2009","false","0.0","0.2","0.0","0.6857","0.0","0.2","0.0","0.84","0.0","true"
"d2-v5-medium-079","arrow:a3","ARROW","MEDIUM","0.1456","false","0.0","0.2","0.0","0.4429","0.0","0.2","0.0","0.44","0.0","true"
"d2-v5-medium-079","arrow:a4","ARROW","MEDIUM","0.3138","false","0.2","0.2","0.0769","0.7429","0.5","0.2","0.0","0.28","0.4","true"
"d2-v5-medium-079","arrow:a5","ARROW","MEDIUM","0.2054","false","0.0","0.2","0.037","0.6857","0.0","0.2","0.0","0.84","0.0","true"
"d2-v5-medium-079","arrow:a6","ARROW","MEDIUM","0.2582","false","0.0","0.2","0.0","0.6143","0.5","0.2","0.0","0.72","0.0","true"
"d2-v5-medium-079","magnet:m1","MAGNET","CRITICAL","1.0","true","1.0","1.0","0.7857","0.8857","0.5","1.0","0.0","0.68","0.7","true"
"d2-v5-medium-079","magnet:m2","MAGNET","MEDIUM","0.136","false","0.0","0.0","0.4151","0.1765","0.0","0.0","0.0909","0.0741","0.4444","true"
"d2-v5-medium-079","magnet:m3","MAGNET","MEDIUM","0.1421","false","0.2","0.2","0.3023","0.0278","0.0","0.0","0.0","0.32","0.2857","true"
"d2-v5-medium-079","wall:2,2","WALL","IRRELEVANT","0.0","false","0.0","0.0","0.0","0.0","0.0","0.0","0.0","0.0","0.0","true"
"d2-v5-medium-079","wall:3,2","WALL","LOW","0.0941","false","0.0","0.0","0.2955","0.0541","0.0","0.0","0.0833","0.16","0.2857","true"
"d2-v5-medium-079","wall:4,3","WALL","MEDIUM","0.2063","false","0.1667","0.1667","0.0333","0.1667","0.0","1.0","0.0","0.1379","0.2","true"
"d2-v5-medium-079","wall:5,2","WALL","IRRELEVANT","0.0","false","0.0","0.0","0.0","0.0","0.0","0.0","0.0","0.0","0.0","true"
"d2-v5-expert-080","arrow:a1","ARROW","CRITICAL","1.0","true","1.0","1.0","0.0","0.75","0.0","1.0","0.0","0.8571","0.0","true"
"d2-v5-expert-080","arrow:a2","ARROW","MEDIUM","0.3271","false","0.25","0.0","0.2","0.5","0.0","1.0","0.0","0.7143","0.0","true"
"d2-v5-expert-080","arrow:a3","ARROW","MEDIUM","0.2143","false","0.0","0.25","0.0","0.6667","0.0","0.25","0.0","0.5714","0.0","true"
"d2-v5-expert-080","arrow:a4","ARROW","MEDIUM","0.2457","false","0.0","0.25","0.1538","0.6667","0.0","0.25","0.0","0.5714","0.25","true"
"d2-v5-expert-080","arrow:a5","ARROW","MEDIUM","0.2113","false","0.0","0.25","0.0","0.6667","0.0","0.25","0.0","0.5714","0.0","true"
"d2-v5-expert-080","magnet:m1","MAGNET","IRRELEVANT","0.0083","false","0.0","0.0","0.0","0.0","0.0","0.0","0.0833","0.0","0.0","true"
"d2-v5-expert-080","magnet:m2","MAGNET","IRRELEVANT","0.0083","false","0.0","0.0","0.0","0.0","0.0","0.0","0.0833","0.0","0.0","true"
"d2-v5-expert-080","magnet:m3","MAGNET","IRRELEVANT","0.0059","false","0.0","0.0","0.0","0.0","0.0","0.0","0.0","0.0","0.0","true"
"d2-v5-expert-080","magnet:m4","MAGNET","CRITICAL","1.0","true","1.0","1.0","0.3","0.5","0.0","1.0","0.0","0.7143","0.0","true"
"d2-v5-expert-080","magnet:m5","MAGNET","MEDIUM","0.2007","false","0.0","0.0","0.1111","0.25","0.5","0.0","0.2222","0.619","0.3333","true"
"d2-v5-expert-080","wall:2,4","WALL","MEDIUM","0.2076","false","0.2","0.2","0.1304","0.25","0.5","0.25","0.0833","0.0952","0.1429","true"
"d2-v5-expert-080","wall:6,7","WALL","MEDIUM","0.289","false","0.2","0.2","0.3684","0.0","0.0","1.0","0.1818","0.4286","0.2","true"
"d2-v5-hard-081","arrow:a1","ARROW","MEDIUM","0.248","false","0.3333","0.3333","0.3182","0.1429","0.0","0.25","0.0","0.5","0.2857","true"
"d2-v5-hard-081","arrow:a2","ARROW","CRITICAL","1.0","true","1.0","1.0","0.619","0.8571","0.0","1.0","0.3","0.75","0.375","true"
"d2-v5-hard-081","arrow:a3","ARROW","MEDIUM","0.3323","false","0.5","0.5","0.0769","0.3","0.0","1.0","0.0","0.0","0.25","true"
"d2-v5-hard-081","arrow:a4","ARROW","MEDIUM","0.2871","false","0.3333","0.3333","0.1429","0.125","0.0","1.0","0.0","0.25","0.2857","true"
"d2-v5-hard-081","arrow:a5","ARROW","HIGH","0.3654","false","0.3333","0.3333","0.1765","0.125","0.5","1.0","0.2222","0.25","0.0","true"
"d2-v5-hard-081","arrow:a6","ARROW","MEDIUM","0.1752","false","0.0","0.5","0.0","0.5","0.0","0.25","0.0","0.5","0.0","true"
"d2-v5-hard-081","magnet:m1","MAGNET","CRITICAL","1.0","true","1.0","1.0","0.12","0.5","0.0","1.0","0.0833","0.375","0.1","true"
"d2-v5-hard-081","magnet:m2","MAGNET","IRRELEVANT","0.0083","false","0.0","0.0","0.0","0.0","0.0","0.0","0.0833","0.0","0.0","true"
"d2-v5-hard-081","magnet:m3","MAGNET","MEDIUM","0.1593","false","0.3333","0.3333","0.1739","0.1429","0.0","0.0","0.0","0.3333","0.2222","true"
"d2-v5-hard-081","magnet:m4","MAGNET","MEDIUM","0.3459","false","0.3333","0.3333","0.2174","0.4286","0.0","1.0","0.2222","0.5","0.1111","true"
"d2-v5-hard-081","wall:2,2","WALL","IRRELEVANT","0.0","false","0.0","0.0","0.0","0.0","0.0","0.0","0.0","0.0","0.0","true"
"d2-v5-medium-082","arrow:a1","ARROW","HIGH","0.3879","false","0.0","0.0","0.3333","0.8571","0.0","1.0","0.0","0.5","0.5","true"
"d2-v5-medium-082","arrow:a2","ARROW","MEDIUM","0.2408","false","0.0","0.25","0.0769","0.7143","0.0","0.25","0.0","1.0","0.0","true"
"d2-v5-medium-082","arrow:a3","ARROW","MEDIUM","0.1588","false","0.0","0.25","0.0","0.5","0.0","0.25","0.0","0.5","0.0","true"
"d2-v5-medium-082","arrow:a4","ARROW","MEDIUM","0.2301","false","0.0","0.25","0.0","0.7143","0.0","0.25","0.0","1.0","0.0","true"
"d2-v5-medium-082","arrow:a5","ARROW","HIGH","0.4166","false","0.25","0.0","0.5","0.8571","0.0","1.0","0.0","0.5","0.0","true"
"d2-v5-medium-082","magnet:m1","MAGNET","HIGH","0.3698","false","0.4","0.0","0.5714","0.4167","0.5","0.0","0.3333","0.5","0.6","true"
"d2-v5-medium-082","magnet:m2","MAGNET","CRITICAL","1.0","true","1.0","1.0","0.375","0.7143","0.0","1.0","0.4","1.0","0.0","true"
"d2-v5-medium-082","magnet:m3","MAGNET","IRRELEVANT","0.0174","false","0.0","0.0","0.0","0.0","0.0","0.0","0.1429","0.0","0.0","true"
"d2-v5-medium-082","magnet:m4","MAGNET","IRRELEVANT","0.0","false","0.0","0.0","0.0","0.0","0.0","0.0","0.0","0.0","0.0","true"
"d2-v5-medium-082","wall:4,3","WALL","MEDIUM","0.2112","false","0.2","0.2","0.25","0.0","0.0","1.0","0.0","0.0","0.0","true"
"d2-v5-master-083","arrow:a1","ARROW","MEDIUM","0.1615","false","0.0","0.0","0.0625","0.25","0.0","0.5714","0.0","0.25","0.0","true"
"d2-v5-master-083","arrow:a2","ARROW","MEDIUM","0.156","false","0.5","0.0","0.0","0.25","0.0","0.2857","0.0","0.25","0.0","true"
"d2-v5-master-083","arrow:a3","ARROW","MEDIUM","0.2394","false","0.0","0.0","0.4667","0.0","0.0","0.4286","0.2","0.125","0.5294","true"
"d2-v5-master-083","arrow:a4","ARROW","LOW","0.1062","false","0.0","0.0","0.075","0.0","0.0","0.4286","0.0","0.125","0.1429","true"
"d2-v5-master-083","arrow:a5","ARROW","CRITICAL","1.0","true","1.0","1.0","0.4516","0.8","0.5","1.0","0.2727","0.5","0.2857","true"
"d2-v5-master-083","arrow:a6","ARROW","MEDIUM","0.1367","false","0.3333","0.3333","0.0","0.0","0.0","0.2857","0.0909","0.0","0.0","true"
"d2-v5-master-083","arrow:a7","ARROW","MEDIUM","0.219","false","0.5","0.0","0.2889","0.0","0.0","0.4286","0.0","0.125","0.2941","true"
"d2-v5-master-083","magnet:m1","MAGNET","HIGH","0.6111","false","0.3333","0.3333","0.5","1.0","0.5","1.0","0.5714","1.0","0.4118","true"
"d2-v5-master-083","magnet:m2","MAGNET","MEDIUM","0.2084","false","0.3333","0.3333","0.0889","0.3333","0.0","0.0","0.1818","1.0","0.1176","true"
"d2-v5-master-083","wall:1,7","WALL","IRRELEVANT","0.0","false","0.0","0.0","0.0","0.0","0.0","0.0","0.0","0.0","0.0","true"
"d2-v5-master-083","wall:7,6","WALL","MEDIUM","0.3","false","0.3333","0.3333","0.2623","0.75","0.0","0.2857","0.0909","0.6923","0.1905","true"
"d2-v5-easy-084","arrow:a1","ARROW","HIGH","0.45","false","0.3333","0.0","0.5","1.0","0.0","1.0","0.0","0.5","0.0","true"
"d2-v5-easy-084","arrow:a2","ARROW","MEDIUM","0.2333","false","0.0","0.3333","0.0","0.6","0.0","0.3333","0.0","1.0","0.0","true"
"d2-v5-easy-084","arrow:a3","ARROW","MEDIUM","0.2333","false","0.0","0.3333","0.0","0.6","0.0","0.3333","0.0","1.0","0.0","true"
"d2-v5-easy-084","arrow:a4","ARROW","HIGH","0.417","false","0.0","0.0","0.4","1.0","0.0","1.0","0.0","0.5","0.5","true"
"d2-v5-easy-084","magnet:m1","MAGNET","HIGH","0.5213","false","0.25","0.25","0.7692","1.0","0.0","1.0","0.4","0.0","0.75","true"
"d2-v5-easy-084","magnet:m2","MAGNET","MEDIUM","0.1613","false","0.0","0.0","0.2","0.2","0.0","0.0","0.25","1.0","0.25","true"
"d2-v5-easy-084","magnet:m3","MAGNET","MEDIUM","0.1998","false","0.3333","0.3333","0.0625","0.4","0.0","0.0","0.0","1.0","0.2","true"
"d2-v5-easy-084","wall:4,6","WALL","IRRELEVANT","0.0","false","0.0","0.0","0.0","0.0","0.0","0.0","0.0","0.0","0.0","true"
"d2-v5-easy-084","wall:6,3","WALL","LOW","0.0502","false","0.0","0.0","0.125","0.0","0.0","0.0","0.0","0.0","0.4","true"
"d2-v5-easy-084","wall:8,5","WALL","IRRELEVANT","0.0","false","0.0","0.0","0.0","0.0","0.0","0.0","0.0","0.0","0.0","true"
"d2-v5-hard-085","arrow:a1","ARROW","MEDIUM","0.1459","false","0.0","0.3333","0.0","0.5","0.0","0.3333","0.0","0.0","0.0","true"
"d2-v5-hard-085","arrow:a2","ARROW","HIGH","0.63","false","0.3333","0.0","1.0","1.0","1.0","1.0","0.0","0.0","0.0","true"
"d2-v5-hard-085","arrow:a3","ARROW","HIGH","0.64","false","0.0","0.0","1.0","1.0","1.0","1.0","0.0","0.0","1.0","true"
"d2-v5-hard-085","arrow:a4","ARROW","MEDIUM","0.1459","false","0.0","0.3333","0.0","0.5","0.0","0.3333","0.0","0.0","0.0","true"
"d2-v5-hard-085","magnet:m1","MAGNET","CRITICAL","1.0","true","1.0","1.0","0.6","1.0","0.0","1.0","0.5","1.0","0.3333","true"
"d2-v5-hard-085","magnet:m2","MAGNET","IRRELEVANT","0.0","false","0.0","0.0","0.0","0.0","0.0","0.0","0.0","0.0","0.0","true"
"d2-v5-hard-085","magnet:m3","MAGNET","IRRELEVANT","0.0288","false","0.0","0.0","0.0","0.0","0.0","0.0","0.25","0.0","0.0","true"
"d2-v5-hard-085","magnet:m4","MAGNET","MEDIUM","0.3115","false","0.3333","0.3333","0.2","0.5","0.5","0.3333","0.25","0.0","0.4","true"
"d2-v5-hard-085","magnet:m5","MAGNET","IRRELEVANT","0.0","false","0.0","0.0","0.0","0.0","0.0","0.0","0.0","0.0","0.0","true"
"d2-v5-hard-085","wall:2,4","WALL","IRRELEVANT","0.0","false","0.0","0.0","0.0","0.0","0.0","0.0","0.0","0.0","0.0","true"
"d2-v5-hard-085","wall:3,1","WALL","MEDIUM","0.2177","false","0.25","0.25","0.0833","0.0","0.0","1.0","0.0","0.0","0.5","true"
"d2-v5-hard-085","wall:3,4","WALL","IRRELEVANT","0.0","false","0.0","0.0","0.0","0.0","0.0","0.0","0.0","0.0","0.0","true"
"d2-v5-easy-086","arrow:a1","ARROW","HIGH","0.5066","false","0.6667","0.3333","0.4545","0.4286","0.6667","0.5","0.0","1.0","0.3333","true"
"d2-v5-easy-086","arrow:a2","ARROW","HIGH","0.4128","false","0.0","0.3333","0.3846","0.8571","0.3333","1.0","0.0","0.0","0.4","true"
"d2-v5-easy-086","arrow:a3","ARROW","MEDIUM","0.333","false","0.5","0.6667","0.0","0.7143","0.3333","0.0","0.0","1.0","0.0","true"
"d2-v5-easy-086","arrow:a4","ARROW","LOW","0.0731","false","0.0","0.0","0.0","0.1429","0.3333","0.0","0.0","0.0","0.0","true"
"d2-v5-easy-086","magnet:m1","MAGNET","MEDIUM","0.2647","false","0.25","0.25","0.12","0.4167","0.3333","0.5","0.0","0.5","0.2222","true"
"d2-v5-easy-086","magnet:m2","MAGNET","MEDIUM","0.1701","false","0.0","0.0","0.0769","0.2222","0.0","1.0","0.0","0.0","0.1111","true"
"d2-v5-easy-086","magnet:m3","MAGNET","HIGH","0.6115","false","0.0","0.0","0.8182","1.0","0.6667","1.0","0.3333","1.0","0.7778","true"
"d2-v5-medium-087","arrow:a1","ARROW","MEDIUM","0.1837","false","0.0","0.0","0.2683","0.3333","0.0","0.0","0.4","0.0","0.3077","true"
"d2-v5-medium-087","arrow:a2","ARROW","MEDIUM","0.2083","false","0.0","0.0","0.439","0.3333","0.0","0.0","0.2","0.0","0.3846","true"
"d2-v5-medium-087","arrow:a3","ARROW","HIGH","0.4377","false","0.0","0.5","0.4333","0.9394","0.0","1.0","0.4","0.0","0.2727","true"
"d2-v5-medium-087","arrow:a4","ARROW","MEDIUM","0.1482","false","0.6667","0.3333","0.0","0.1515","0.0","0.0","0.0","0.0","0.0","true"
"d2-v5-medium-087","arrow:a5","ARROW","MEDIUM","0.2591","false","0.0","0.0","0.0769","0.697","0.0","1.0","0.0","0.0","0.0","true"
"d2-v5-medium-087","arrow:a6","ARROW","MEDIUM","0.1292","false","0.0","0.0","0.0","0.4242","0.0","0.5","0.0","0.0","0.0","true"
"d2-v5-medium-087","magnet:m1","MAGNET","CRITICAL","1.0","true","1.0","1.0","0.7805","1.0","0.0","1.0","1.0","0.0","0.6667","true"
"d2-v5-medium-087","wall:2,1","WALL","IRRELEVANT","0.0","false","0.0","0.0","0.0","0.0","0.0","0.0","0.0","0.0","0.0","true"
"d2-v5-medium-087","wall:4,4","WALL","MEDIUM","0.305","false","0.3333","0.3333","0.1698","0.4923","0.0","1.0","0.1429","0.0","0.2222","true"
"d2-v5-medium-087","wall:5,1","WALL","IRRELEVANT","0.0","false","0.0","0.0","0.0","0.0","0.0","0.0","0.0","0.0","0.0","true"
"d2-v5-medium-087","wall:5,5","WALL","IRRELEVANT","0.0","false","0.0","0.0","0.0","0.0","0.0","0.0","0.0","0.0","0.0","true"
"d2-v5-expert-088","arrow:a1","ARROW","MEDIUM","0.2571","false","0.3333","0.3333","0.0333","0.6818","0.0","0.2222","0.0","0.3571","0.1818","true"
"d2-v5-expert-088","arrow:a2","ARROW","MEDIUM","0.2095","false","0.3333","0.0","0.0857","0.3636","0.0","0.1111","0.1111","0.7143","0.0","true"
"d2-v5-expert-088","arrow:a3","ARROW","MEDIUM","0.2144","false","0.0","0.3333","0.0","0.6061","0.0","0.2222","0.0","0.7143","0.0","true"
"d2-v5-expert-088","arrow:a4","ARROW","CRITICAL","1.0","true","1.0","1.0","0.2","0.6818","0.0","1.0","0.1111","0.2143","0.0909","true"
"d2-v5-expert-088","arrow:a5","ARROW","MEDIUM","0.1554","false","0.0","0.0","0.0286","0.3636","0.0","0.1111","0.0","0.7143","0.1","true"
"d2-v5-expert-088","arrow:a6","ARROW","MEDIUM","0.2509","false","0.0","0.3333","0.0882","0.6061","0.0","0.2222","0.1111","0.7143","0.1","true"
"d2-v5-expert-088","magnet:m1","MAGNET","IRRELEVANT","0.0091","false","0.0","0.0","0.0","0.0","0.0","0.0","0.0909","0.0","0.0","true"
"d2-v5-expert-088","magnet:m2","MAGNET","MEDIUM","0.3285","false","0.25","0.25","0.4762","0.5152","0.0","0.5556","0.0","0.4286","0.5","true"
"d2-v5-expert-088","magnet:m3","MAGNET","CRITICAL","1.0","true","1.0","1.0","0.5476","0.6364","0.0","1.0","0.1429","0.7143","0.4286","true"
"d2-v5-expert-088","wall:3,4","WALL","MEDIUM","0.1843","false","0.0","0.0","0.3731","0.1316","0.0","0.1","0.3571","0.125","0.56","true"
"d2-v5-expert-088","wall:5,3","WALL","MEDIUM","0.1379","false","0.25","0.25","0.0435","0.3889","0.0","0.1","0.0","0.2222","0.0714","true"
"d2-v5-hard-089","arrow:a1","ARROW","MEDIUM","0.1692","false","0.0","0.3333","0.0","0.5","0.0","0.3333","0.0","0.5","0.0","true"
"d2-v5-hard-089","arrow:a2","ARROW","HIGH","0.375","false","0.3333","0.3333","0.4","0.6","0.0","0.3333","0.0","1.0","0.2857","true"
"d2-v5-hard-089","arrow:a3","ARROW","MEDIUM","0.1806","false","0.25","0.25","0.0","0.4","0.0","0.3333","0.0","0.0","0.1429","true"
"d2-v5-hard-089","arrow:a4","ARROW","MEDIUM","0.2341","false","0.0","0.3333","0.0","0.6","0.0","0.3333","0.0","1.0","0.0","true"
"d2-v5-hard-089","arrow:a5","ARROW","MEDIUM","0.2939","false","0.5","0.25","0.2727","0.4","0.0","0.3333","0.1667","0.0","0.2857","true"
"d2-v5-hard-089","magnet:m1","MAGNET","HIGH","0.3739","false","0.4","0.4","0.1389","0.5","0.0","1.0","0.1429","1.0","0.1667","true"
"d2-v5-hard-089","magnet:m2","MAGNET","CRITICAL","1.0","true","1.0","1.0","0.7857","1.0","0.5","1.0","0.25","1.0","0.6364","true"
"d2-v5-hard-089","wall:1,6","WALL","IRRELEVANT","0.0","false","0.0","0.0","0.0","0.0","0.0","0.0","0.0","0.0","0.0","true"
"d2-v5-hard-089","wall:6,1","WALL","MEDIUM","0.2152","false","0.25","0.25","0.1795","0.3548","0.0","0.4","0.125","0.3333","0.1538","true"
"d2-v5-medium-090","arrow:a1","ARROW","HIGH","0.4601","false","0.0","0.5","0.44","0.8571","0.5","1.0","0.0","0.0","0.3333","true"
"d2-v5-medium-090","arrow:a2","ARROW","IRRELEVANT","0.0238","false","0.0","0.0","0.0244","0.0","0.0","0.0","0.0","0.0","0.0769","true"
"d2-v5-medium-090","arrow:a3","ARROW","MEDIUM","0.2771","false","0.3333","0.3333","0.0385","0.0","0.3333","1.0","0.0","0.0","0.1111","true"
"d2-v5-medium-090","arrow:a4","ARROW","HIGH","0.4601","false","0.0","0.5","0.44","0.8571","0.5","1.0","0.0","0.0","0.3333","true"
"d2-v5-medium-090","arrow:a5","ARROW","MEDIUM","0.3357","false","0.5","0.5","0.087","0.4167","0.0","1.0","0.0","0.0","0.0","true"
"d2-v5-medium-090","magnet:m1","MAGNET","CRITICAL","1.0","true","1.0","1.0","0.9512","1.0","1.0","1.0","1.0","0.0","0.8667","true"
"d2-v5-medium-090","wall:2,5","WALL","IRRELEVANT","0.0","false","0.0","0.0","0.0","0.0","0.0","0.0","0.0","0.0","0.0","true"
"d2-v5-master-091","arrow:a1","ARROW","HIGH","0.3772","false","0.3333","0.0","0.1429","0.5","0.5","0.5714","0.3333","1.0","0.0","true"
"d2-v5-master-091","arrow:a2","ARROW","CRITICAL","1.0","true","1.0","1.0","0.8","1.0","1.0","1.0","0.3333","0.8","0.0","true"
"d2-v5-master-091","arrow:a3","ARROW","HIGH","0.3594","false","0.0","0.0","0.3","1.0","0.5","0.5714","0.0","0.0","0.5","true"
"d2-v5-master-091","arrow:a4","ARROW","MEDIUM","0.1586","false","0.0","0.3333","0.0","0.5","0.0","0.2857","0.0","0.4","0.0","true"
"d2-v5-master-091","arrow:a5","ARROW","MEDIUM","0.1586","false","0.0","0.3333","0.0","0.5","0.0","0.2857","0.0","0.4","0.0","true"
"d2-v5-master-091","magnet:m1","MAGNET","MEDIUM","0.348","false","0.4","0.4","0.1364","0.4286","0.0","1.0","0.25","0.2","0.4286","true"
"d2-v5-master-091","magnet:m2","MAGNET","HIGH","0.5876","false","0.4","0.4","0.7895","0.5","0.5","1.0","0.5","0.375","0.8333","true"
"d2-v5-master-091","magnet:m3","MAGNET","IRRELEVANT","0.0","false","0.0","0.0","0.0","0.0","0.0","0.0","0.0","0.0","0.0","true"
"d2-v5-master-091","wall:2,8","WALL","IRRELEVANT","0.0","false","0.0","0.0","0.0","0.0","0.0","0.0","0.0","0.0","0.0","true"
"d2-v5-master-091","wall:8,3","WALL","IRRELEVANT","0.0","false","0.0","0.0","0.0","0.0","0.0","0.0","0.0","0.0","0.0","true"
"d2-v5-easy-092","arrow:a1","ARROW","MEDIUM","0.2178","false","0.0","0.3333","0.0833","0.75","0.0","0.3333","0.0","0.0","0.0","true"
"d2-v5-easy-092","arrow:a2","ARROW","MEDIUM","0.3491","false","0.3333","0.0","0.2727","0.75","0.0","1.0","0.0","0.0","0.0","true"
"d2-v5-easy-092","arrow:a3","ARROW","MEDIUM","0.2178","false","0.0","0.3333","0.0833","0.75","0.0","0.3333","0.0","0.0","0.0","true"
"d2-v5-easy-092","arrow:a4","ARROW","MEDIUM","0.3127","false","0.0","0.0","0.2","0.75","0.0","1.0","0.0","0.0","0.3333","true"
"d2-v5-easy-092","magnet:m1","MAGNET","MEDIUM","0.1554","false","0.0","0.0","0.3333","0.5","0.0","0.0","0.0","0.0","0.4","true"
"d2-v5-easy-092","magnet:m2","MAGNET","HIGH","0.3528","false","0.25","0.25","0.1429","0.3333","0.5","1.0","0.3333","0.0","0.1667","true"
"d2-v5-easy-092","wall:3,4","WALL","MEDIUM","0.2061","false","0.25","0.25","0.1579","0.0","0.0","1.0","0.0","0.0","0.0","true"
"d2-v5-hard-093","arrow:a1","ARROW","MEDIUM","0.2071","false","0.0","0.0","0.4545","0.0","0.0","0.0","0.1667","0.5","0.5714","true"
"d2-v5-hard-093","arrow:a2","ARROW","CRITICAL","1.0","true","1.0","1.0","0.5","0.8","0.5","1.0","0.1667","0.5","0.4","true"
"d2-v5-hard-093","arrow:a3","ARROW","HIGH","0.3619","false","0.5","0.5","0.1818","0.2857","0.0","1.0","0.0","0.5","0.2857","true"
"d2-v5-hard-093","arrow:a4","ARROW","MEDIUM","0.2067","false","0.0","0.5","0.0","0.5","0.0","0.5","0.0","0.5","0.0","true"
"d2-v5-hard-093","arrow:a5","ARROW","MEDIUM","0.2377","false","0.5","0.0","0.4545","0.0","0.0","0.0","0.0","0.5","0.4286","true"
"d2-v5-hard-093","magnet:m1","MAGNET","CRITICAL","1.0","true","1.0","1.0","0.9","1.0","1.0","1.0","0.3333","1.0","0.75","true"
"d2-v5-hard-093","magnet:m2","MAGNET","LOW","0.085","false","0.0","0.0","0.0","0.0","0.0","0.0","0.25","1.0","0.0","true"
"d2-v5-hard-093","wall:1,5","WALL","IRRELEVANT","0.0","false","0.0","0.0","0.0","0.0","0.0","0.0","0.0","0.0","0.0","true"
"d2-v5-hard-093","wall:2,4","WALL","IRRELEVANT","0.0","false","0.0","0.0","0.0","0.0","0.0","0.0","0.0","0.0","0.0","true"
"d2-v5-hard-093","wall:2,6","WALL","IRRELEVANT","0.0153","false","0.0","0.0","0.0","0.0","0.0","0.0","0.125","0.0","0.0","true"
"d2-v5-hard-093","wall:6,1","WALL","HIGH","0.3726","false","0.5","0.5","0.2333","0.5833","0.0","1.0","0.0","0.3333","0.3","true"
"d2-v5-easy-094","arrow:a1","ARROW","HIGH","0.4271","false","0.5","0.0","0.4286","1.0","0.0","1.0","0.0","0.0","0.0","true"
"d2-v5-easy-094","arrow:a2","ARROW","MEDIUM","0.1746","false","0.5","0.0","0.0","0.3333","0.0","0.3333","0.0","0.0","0.0","true"
"d2-v5-easy-094","arrow:a3","ARROW","HIGH","0.3667","false","0.0","0.0","0.3333","1.0","0.0","1.0","0.0","0.0","0.3333","true"
"d2-v5-easy-094","arrow:a4","ARROW","MEDIUM","0.1518","false","0.0","0.0","0.0","0.3333","0.0","0.3333","0.3333","0.0","0.0","true"
"d2-v5-easy-094","magnet:m1","MAGNET","HIGH","0.4225","false","0.6667","0.0","0.4286","1.0","0.0","1.0","0.0","0.0","0.2","true"
"d2-v5-easy-094","magnet:m2","MAGNET","MEDIUM","0.1988","false","0.3333","0.3333","0.25","0.25","0.0","0.0","0.3333","0.0","0.4","true"
"d2-v5-easy-094","wall:1,5","WALL","IRRELEVANT","0.0","false","0.0","0.0","0.0","0.0","0.0","0.0","0.0","0.0","0.0","true"
"d2-v5-easy-094","wall:7,6","WALL","IRRELEVANT","0.0289","false","0.0","0.0","0.0625","0.0","0.0","0.0","0.0","0.0","0.2","true"
"d2-v5-easy-094","wall:7,7","WALL","IRRELEVANT","0.0","false","0.0","0.0","0.0","0.0","0.0","0.0","0.0","0.0","0.0","true"
"d2-v5-medium-095","arrow:a1","ARROW","HIGH","0.3852","false","0.0","0.0","0.2857","0.75","0.5","1.0","0.0","0.0","0.3333","true"
"d2-v5-medium-095","arrow:a2","ARROW","MEDIUM","0.3041","false","0.6667","0.0","0.0","0.5","0.5","0.0","0.0","1.0","0.0","true"
"d2-v5-medium-095","arrow:a3","ARROW","MEDIUM","0.3391","false","0.5","0.0","0.2727","0.5","0.5","0.0","0.0","1.0","0.0","true"
"d2-v5-medium-095","arrow:a4","ARROW","MEDIUM","0.2047","false","0.0","0.5","0.0","0.5","0.0","0.5","0.0","0.5","0.0","true"
"d2-v5-medium-095","magnet:m1","MAGNET","CRITICAL","1.0","true","1.0","1.0","0.8824","1.0","1.0","1.0","0.0","1.0","0.7143","true"
"d2-v5-medium-095","magnet:m2","MAGNET","CRITICAL","1.0","true","1.0","1.0","0.05","0.5","0.0","1.0","0.3333","1.0","0.125","true"
"d2-v5-medium-095","wall:2,4","WALL","IRRELEVANT","0.0","false","0.0","0.0","0.0","0.0","0.0","0.0","0.0","0.0","0.0","true"
"d2-v5-medium-095","wall:3,2","WALL","LOW","0.0616","false","0.0","0.0","0.1364","0.2","0.0","0.0","0.0","0.0","0.1429","true"
"d2-v5-medium-095","wall:5,5","WALL","MEDIUM","0.1776","false","0.5","0.5","0.1364","0.3333","0.0","0.0","0.0","0.0","0.1429","true"
"d2-v5-expert-096","arrow:a1","ARROW","HIGH","0.3833","false","0.5","0.0","0.125","0.5","0.5","0.5556","0.25","1.0","0.0","true"
"d2-v5-expert-096","arrow:a2","ARROW","CRITICAL","1.0","true","1.0","1.0","0.3571","1.0","0.5","1.0","0.25","0.8","0.0","true"
"d2-v5-expert-096","arrow:a3","ARROW","MEDIUM","0.1246","false","0.3333","0.3333","0.0","0.0","0.0","0.2222","0.0","0.0","0.0","true"
"d2-v5-expert-096","arrow:a4","ARROW","MEDIUM","0.1495","false","0.5","0.0","0.0","0.25","0.0","0.2222","0.0","0.2","0.0","true"
"d2-v5-expert-096","arrow:a5","ARROW","MEDIUM","0.3209","false","0.0","0.0","0.1579","1.0","0.5","0.5556","0.0","0.0","0.25","true"
"d2-v5-expert-096","arrow:a6","ARROW","LOW","0.1082","false","0.0","0.0","0.0","0.25","0.0","0.2222","0.1667","0.2","0.0","true"
"d2-v5-expert-096","magnet:m1","MAGNET","MEDIUM","0.2313","false","0.6667","0.0","0.0625","0.2","0.0","0.5556","0.2","0.2","0.1818","true"
"d2-v5-expert-096","magnet:m2","MAGNET","HIGH","0.5272","false","0.5","0.5","0.5714","0.5","0.5","1.0","0.25","0.375","0.4444","true"
"d2-v5-expert-096","magnet:m3","MAGNET","IRRELEVANT","0.0167","false","0.0","0.0","0.0","0.0","0.0","0.0","0.1667","0.0","0.0","true"
"d2-v5-expert-096","wall:3,4","WALL","MEDIUM","0.2392","false","0.3333","0.3333","0.0","0.6667","0.0","0.0","0.375","0.8","0.1","true"
"d2-v5-expert-096","wall:4,2","WALL","IRRELEVANT","0.0","false","0.0","0.0","0.0","0.0","0.0","0.0","0.0","0.0","0.0","true"
"d2-v5-hard-097","arrow:a1","ARROW","MEDIUM","0.1445","false","0.0","0.3333","0.0","0.5","0.0","0.3333","0.0","0.0","0.0","true"
"d2-v5-hard-097","arrow:a2","ARROW","HIGH","0.64","false","0.0","0.0","1.0","1.0","1.0","1.0","0.0","0.0","1.0","true"
"d2-v5-hard-097","arrow:a3","ARROW","MEDIUM","0.1445","false","0.0","0.3333","0.0","0.5","0.0","0.3333","0.0","0.0","0.0","true"
"d2-v5-hard-097","arrow:a4","ARROW","HIGH","0.6264","false","0.3333","0.0","1.0","1.0","1.0","1.0","0.0","0.0","0.0","true"
"d2-v5-hard-097","magnet:m1","MAGNET","MEDIUM","0.3005","false","0.25","0.25","0.2","0.0","0.0","1.0","0.6","0.0","0.3333","true"
"d2-v5-hard-097","magnet:m2","MAGNET","IRRELEVANT","0.02","false","0.0","0.0","0.0","0.0","0.0","0.0","0.2","0.0","0.0","true"
"d2-v5-hard-097","magnet:m3","MAGNET","MEDIUM","0.2862","false","0.3333","0.3333","0.2","0.5","0.5","0.3333","0.0","0.0","0.4","true"
"d2-v5-hard-097","magnet:m4","MAGNET","HIGH","0.436","false","0.25","0.25","0.4545","0.6","0.5","1.0","0.2","0.0","0.5714","true"
"d2-v5-hard-097","magnet:m5","MAGNET","IRRELEVANT","0.0","false","0.0","0.0","0.0","0.0","0.0","0.0","0.0","0.0","0.0","true"
"d2-v5-hard-097","wall:4,1","WALL","LOW","0.0388","false","0.0","0.0","0.0833","0.0","0.0","0.0","0.0","0.0","0.3333","true"
"d2-v5-medium-098","arrow:a1","ARROW","HIGH","0.3667","false","0.0","0.0","0.3333","1.0","0.0","1.0","0.0","0.0","0.3333","true"
"d2-v5-medium-098","arrow:a2","ARROW","MEDIUM","0.1708","false","0.5","0.0","0.0","0.3333","0.0","0.3333","0.0","0.0","0.0","true"
"d2-v5-medium-098","arrow:a3","ARROW","LOW","0.1146","false","0.0","0.0","0.0","0.3333","0.0","0.3333","0.0","0.0","0.0","true"
"d2-v5-medium-098","arrow:a4","ARROW","HIGH","0.4271","false","0.5","0.0","0.4286","1.0","0.0","1.0","0.0","0.0","0.0","true"
"d2-v5-medium-098","magnet:m1","MAGNET","CRITICAL","1.0","true","1.0","1.0","0.6429","1.0","0.0","1.0","1.0","0.0","0.4","true"
"d2-v5-medium-098","wall:2,1","WALL","IRRELEVANT","0.0","false","0.0","0.0","0.0","0.0","0.0","0.0","0.0","0.0","0.0","true"
"d2-v5-medium-098","wall:2,4","WALL","HIGH","0.4721","false","0.3333","0.3333","0.4231","0.5","0.5","1.0","0.5","0.0","0.5556","true"
"d2-v5-medium-098","wall:4,3","WALL","IRRELEVANT","0.0","false","0.0","0.0","0.0","0.0","0.0","0.0","0.0","0.0","0.0","true"
"d2-v5-master-099","arrow:a1","ARROW","CRITICAL","0.7167","false","0.25","0.25","1.0","1.0","1.0","1.0","0.1667","1.0","0.0","true"
"d2-v5-master-099","arrow:a2","ARROW","CRITICAL","1.0","true","1.0","1.0","0.8","1.0","1.0","1.0","0.1667","0.8889","0.5","true"
"d2-v5-master-099","arrow:a3","ARROW","MEDIUM","0.1621","false","0.0","0.3333","0.0","0.5","0.0","0.25","0.0","0.4444","0.0","true"
"d2-v5-master-099","arrow:a4","ARROW","MEDIUM","0.1621","false","0.0","0.3333","0.0","0.5","0.0","0.25","0.0","0.4444","0.0","true"
"d2-v5-master-099","arrow:a5","ARROW","CRITICAL","1.0","true","1.0","1.0","0.4444","1.0","0.0","1.0","0.0","0.4444","0.0","true"
"d2-v5-master-099","magnet:m1","MAGNET","MEDIUM","0.3306","false","0.25","0.25","0.25","0.5","0.0","1.0","0.3333","0.1111","0.0","true"
"d2-v5-master-099","magnet:m2","MAGNET","HIGH","0.3708","false","0.25","0.25","0.25","0.75","0.0","1.0","0.0","0.5556","0.4","true"
"d2-v5-master-099","magnet:m3","MAGNET","IRRELEVANT","0.0125","false","0.0","0.0","0.0","0.0","0.0","0.0","0.125","0.0","0.0","true"
"d2-v5-master-099","magnet:m4","MAGNET","MEDIUM","0.2621","false","0.3333","0.3333","0.2353","0.5","0.5","0.0","0.0","0.2222","0.3333","true"
"d2-v5-master-099","wall:2,4","WALL","IRRELEVANT","0.0","false","0.0","0.0","0.0","0.0","0.0","0.0","0.0","0.0","0.0","true"
"d2-v5-master-099","wall:3,3","WALL","IRRELEVANT","0.0","false","0.0","0.0","0.0","0.0","0.0","0.0","0.0","0.0","0.0","true"
"d2-v5-master-099","wall:6,2","WALL","IRRELEVANT","0.0156","false","0.0","0.0","0.0","0.0","0.0","0.0","0.125","0.0","0.0","true"
"d2-v5-easy-100","arrow:a1","ARROW","CRITICAL","1.0","true","1.0","1.0","0.7778","1.0","1.0","1.0","0.5556","1.0","0.5","true"
"d2-v5-easy-100","arrow:a2","ARROW","HIGH","0.4538","false","0.5","0.5","0.4286","0.5","0.0","1.0","0.0","0.5","0.3333","true"
"d2-v5-easy-100","arrow:a3","ARROW","HIGH","0.3842","false","0.3333","0.3333","0.375","0.5","0.0","1.0","0.0","0.0","0.4","true"
"d2-v5-easy-100","arrow:a4","ARROW","MEDIUM","0.2868","false","0.0","0.5","0.0","0.5","0.0","1.0","0.0","0.5","0.0","true"
"d2-v5-easy-100","arrow:a5","ARROW","HIGH","0.3822","false","0.3333","0.3333","0.4286","0.5","0.0","1.0","0.0","0.3333","0.4","true"
"d2-v5-easy-100","magnet:m1","MAGNET","MEDIUM","0.233","false","0.0","0.0","0.1111","0.0","0.0","0.5","0.5","1.0","0.3333","true"
"d2-v5-easy-100","magnet:m2","MAGNET","LOW","0.09","false","0.0","0.0","0.0","0.0","0.0","0.0","0.3","1.0","0.0","true"
"d2-v5-hard-101","arrow:a1","ARROW","MEDIUM","0.1723","false","0.0","0.3333","0.0","0.5","0.0","0.3333","0.0","0.5","0.0","true"
"d2-v5-hard-101","arrow:a2","ARROW","HIGH","0.384","false","0.25","0.25","0.4286","0.5","0.0","1.0","0.0","0.5","0.0","true"
"d2-v5-hard-101","arrow:a3","ARROW","MEDIUM","0.1785","false","0.0","0.3333","0.0","0.5","0.0","0.3333","0.0","0.5","0.0","true"
"d2-v5-hard-101","arrow:a4","ARROW","MEDIUM","0.296","false","0.0","0.0","0.2","0.5","0.0","1.0","0.0","0.5","0.0","true"
"d2-v5-hard-101","arrow:a5","ARROW","MEDIUM","0.3421","false","0.3333","0.0","0.2857","0.5","0.0","1.0","0.0","0.5","0.0","true"
"d2-v5-hard-101","magnet:m1","MAGNET","IRRELEVANT","0.0222","false","0.0","0.0","0.0","0.0","0.0","0.0","0.2222","0.0","0.0","true"
"d2-v5-hard-101","magnet:m2","MAGNET","HIGH","0.374","false","0.0","0.0","0.0","1.0","0.0","1.0","0.5","1.0","0.1667","true"
"d2-v5-hard-101","magnet:m3","MAGNET","HIGH","0.3545","false","0.3333","0.3333","0.3333","0.5","0.5","0.3333","0.125","0.5","0.4444","true"
"d2-v5-hard-101","wall:1,5","WALL","IRRELEVANT","0.0","false","0.0","0.0","0.0","0.0","0.0","0.0","0.0","0.0","0.0","true"
"d2-v5-hard-101","wall:2,1","WALL","IRRELEVANT","0.0","false","0.0","0.0","0.0","0.0","0.0","0.0","0.0","0.0","0.0","true"
"d2-v5-hard-101","wall:2,5","WALL","IRRELEVANT","0.0","false","0.0","0.0","0.0","0.0","0.0","0.0","0.0","0.0","0.0","true"
"d2-v5-hard-101","wall:3,4","WALL","IRRELEVANT","0.0","false","0.0","0.0","0.0","0.0","0.0","0.0","0.0","0.0","0.0","true"
"d2-v5-hard-101","wall:4,4","WALL","HIGH","0.3501","false","0.3333","0.3333","0.3333","0.5","0.5","0.3333","0.125","0.375","0.4444","true"
"d2-v5-easy-102","arrow:a1","ARROW","HIGH","0.6355","false","0.0","0.0","1.0","1.0","1.0","1.0","0.0","0.0","1.0","true"
"d2-v5-easy-102","arrow:a2","ARROW","MEDIUM","0.1494","false","0.0","0.3333","0.0","0.5","0.0","0.3333","0.0","0.0","0.0","true"
"d2-v5-easy-102","arrow:a3","ARROW","HIGH","0.63","false","0.3333","0.0","1.0","1.0","1.0","1.0","0.0","0.0","0.0","true"
"d2-v5-easy-102","arrow:a4","ARROW","MEDIUM","0.1494","false","0.0","0.3333","0.0","0.5","0.0","0.3333","0.0","0.0","0.0","true"
"d2-v5-easy-102","magnet:m1","MAGNET","CRITICAL","0.7536","false","0.25","0.25","1.0","1.0","1.0","1.0","1.0","0.0","1.0","true"
"d2-v5-easy-102","wall:1,2","WALL","HIGH","0.3717","false","0.5","0.0","0.619","0.6667","0.5","0.0","0.2","0.0","0.7143","true"
"d2-v5-easy-102","wall:3,2","WALL","IRRELEVANT","0.0","false","0.0","0.0","0.0","0.0","0.0","0.0","0.0","0.0","0.0","true"
"d2-v5-easy-102","wall:4,1","WALL","HIGH","0.379","false","0.25","0.25","0.4167","0.3333","0.0","1.0","0.4286","0.0","0.75","true"
"d2-v5-easy-102","wall:4,2","WALL","IRRELEVANT","0.0","false","0.0","0.0","0.0","0.0","0.0","0.0","0.0","0.0","0.0","true"
"d2-v5-easy-102","wall:5,3","WALL","IRRELEVANT","0.0","false","0.0","0.0","0.0","0.0","0.0","0.0","0.0","0.0","0.0","true"
"d2-v5-medium-103","arrow:a1","ARROW","HIGH","0.3787","false","1.0","0.0","0.4","0.5","0.5","0.0","0.0","0.0","0.3333","true"
"d2-v5-medium-103","arrow:a2","ARROW","MEDIUM","0.2782","false","1.0","0.0","0.0","0.5","0.5","0.0","0.0","0.0","0.0","true"
"d2-v5-medium-103","arrow:a3","ARROW","HIGH","0.3793","false","0.0","0.0","0.2857","0.75","0.5","1.0","0.0","0.0","0.3333","true"
"d2-v5-medium-103","magnet:m1","MAGNET","CRITICAL","0.6884","false","0.5","0.5","0.75","1.0","0.5","1.0","1.0","0.0","0.7143","true"
"d2-v5-medium-103","wall:2,2","WALL","IRRELEVANT","0.0","false","0.0","0.0","0.0","0.0","0.0","0.0","0.0","0.0","0.0","true"
"d2-v5-medium-103","wall:3,6","WALL","IRRELEVANT","0.0","false","0.0","0.0","0.0","0.0","0.0","0.0","0.0","0.0","0.0","true"
"d2-v5-medium-103","wall:4,6","WALL","IRRELEVANT","0.0","false","0.0","0.0","0.0","0.0","0.0","0.0","0.0","0.0","0.0","true"
"d2-v5-medium-103","wall:6,2","WALL","LOW","0.0627","false","0.0","0.0","0.1429","0.2","0.0","0.0","0.0","0.0","0.1429","true"
"d2-v5-expert-104","arrow:a1","ARROW","MEDIUM","0.2952","false","0.0","0.25","0.0","0.6667","0.5","0.25","0.0","1.0","0.0","true"
"d2-v5-expert-104","arrow:a2","ARROW","HIGH","0.3617","false","0.0","0.25","0.25","0.6667","0.5","0.25","0.0","1.0","0.3333","true"
"d2-v5-expert-104","arrow:a3","ARROW","MEDIUM","0.3079","false","0.25","0.25","0.0","0.8333","0.5","0.25","0.0","0.0","0.5","true"
"d2-v5-expert-104","arrow:a4","ARROW","MEDIUM","0.1519","false","0.0","0.25","0.0","0.5","0.0","0.25","0.0","0.5","0.0","true"
"d2-v5-expert-104","arrow:a5","ARROW","MEDIUM","0.1543","false","0.0","0.25","0.0","0.5","0.0","0.25","0.0","0.5","0.0","true"
"d2-v5-expert-104","magnet:m1","MAGNET","IRRELEVANT","0.0111","false","0.0","0.0","0.0","0.0","0.0","0.0","0.1111","0.0","0.0","true"
"d2-v5-expert-104","magnet:m2","MAGNET","CRITICAL","0.7614","false","0.2","0.2","1.0","1.0","1.0","1.0","0.5","1.0","1.0","true"
"d2-v5-expert-104","magnet:m3","MAGNET","IRRELEVANT","0.0111","false","0.0","0.0","0.0","0.0","0.0","0.0","0.1111","0.0","0.0","true"
"d2-v5-expert-104","magnet:m4","MAGNET","IRRELEVANT","0.0274","false","0.0","0.0","0.0","0.0","0.0","0.0","0.25","0.0","0.0","true"
"d2-v5-expert-104","wall:6,2","WALL","MEDIUM","0.231","false","0.25","0.25","0.2","0.6667","0.0","0.25","0.1111","0.2","0.0","true"
"d2-v5-expert-104","wall:6,6","WALL","IRRELEVANT","0.0","false","0.0","0.0","0.0","0.0","0.0","0.0","0.0","0.0","0.0","true"
"d2-v5-hard-105","arrow:a1","ARROW","MEDIUM","0.2131","false","0.0","0.5","0.0","0.5","0.0","0.5","0.0","0.5","0.0","true"
"d2-v5-hard-105","arrow:a2","ARROW","HIGH","0.4945","false","0.5","0.0","0.2","1.0","0.5","1.0","0.0","1.0","0.0","true"
"d2-v5-hard-105","arrow:a3","ARROW","CRITICAL","0.7667","false","0.3333","0.3333","1.0","1.0","1.0","1.0","0.0","1.0","1.0","true"
"d2-v5-hard-105","arrow:a4","ARROW","LOW","0.0869","false","0.0","0.0","0.0","0.0","0.5","0.0","0.0","0.0","0.0","true"
"d2-v5-hard-105","magnet:m1","MAGNET","IRRELEVANT","0.0167","false","0.0","0.0","0.0","0.0","0.0","0.0","0.1667","0.0","0.0","true"
"d2-v5-hard-105","magnet:m2","MAGNET","CRITICAL","1.0","true","1.0","1.0","0.7","1.0","1.0","1.0","0.25","1.0","0.25","true"
"d2-v5-hard-105","magnet:m3","MAGNET","MEDIUM","0.3346","false","0.3333","0.3333","0.2727","0.5","0.5","0.3333","0.0","0.5","0.5","true"
"d2-v5-hard-105","magnet:m4","MAGNET","IRRELEVANT","0.0","false","0.0","0.0","0.0","0.0","0.0","0.0","0.0","0.0","0.0","true"
"d2-v5-hard-105","wall:2,2","WALL","HIGH","0.3648","false","0.6667","0.0","0.5417","0.7143","0.3333","0.0","0.0","0.5","0.5556","true"
"d2-v5-hard-105","wall:3,1","WALL","IRRELEVANT","0.0205","false","0.0","0.0","0.0","0.0","0.0","0.0","0.1667","0.0","0.0","true"
"d2-v5-hard-105","wall:7,3","WALL","MEDIUM","0.2304","false","0.3333","0.3333","0.2","0.0","0.0","1.0","0.0","0.0","0.0","true"
"d2-v5-medium-106","arrow:a1","ARROW","MEDIUM","0.1767","false","0.0","0.5","0.0","0.5","0.0","0.5","0.0","0.0","0.0","true"
"d2-v5-medium-106","arrow:a2","ARROW","CRITICAL","0.65","false","0.5","0.0","1.0","1.0","1.0","1.0","0.0","0.0","0.0","true"
"d2-v5-medium-106","arrow:a3","ARROW","HIGH","0.6358","false","0.0","0.0","1.0","1.0","1.0","1.0","0.0","0.0","1.0","true"
"d2-v5-medium-106","magnet:m1","MAGNET","CRITICAL","0.7733","false","0.3333","0.3333","1.0","1.0","1.0","1.0","1.0","0.0","1.0","true"
"d2-v5-medium-106","wall:1,1","WALL","IRRELEVANT","0.0","false","0.0","0.0","0.0","0.0","0.0","0.0","0.0","0.0","0.0","true"
"d2-v5-medium-106","wall:2,2","WALL","HIGH","0.4945","false","0.3333","0.3333","0.5455","0.4286","0.5","1.0","0.5","0.0","0.7143","true"
"d2-v5-master-107","arrow:a1","ARROW","MEDIUM","0.2041","false","0.0","0.0","0.0588","0.4118","0.5","0.0","0.0","0.5","0.2","true"
"d2-v5-master-107","arrow:a2","ARROW","MEDIUM","0.3018","false","0.5","0.0","0.2353","0.4118","0.5","0.0","0.0","0.5","0.2","true"
"d2-v5-master-107","arrow:a3","ARROW","MEDIUM","0.2499","false","0.5","0.0","0.05","0.5294","0.0","0.3333","0.0","0.75","0.0","true"
"d2-v5-master-107","arrow:a4","ARROW","CRITICAL","1.0","true","1.0","1.0","0.1667","0.7059","0.5","1.0","0.0","0.375","0.2","true"
"d2-v5-master-107","arrow:a5","ARROW","MEDIUM","0.1838","false","0.0","0.0","0.0","0.5294","0.0","0.3333","0.0","0.75","0.0","true"
"d2-v5-master-107","magnet:m1","MAGNET","CRITICAL","1.0","true","1.0","1.0","0.0455","0.4118","0.0","1.0","0.0","0.75","0.0","true"
"d2-v5-master-107","magnet:m2","MAGNET","LOW","0.0816","false","0.0","0.0","0.0","0.2941","0.0","0.0","0.0","0.625","0.0","true"
"d2-v5-master-107","magnet:m3","MAGNET","IRRELEVANT","0.0","false","0.0","0.0","0.0","0.0","0.0","0.0","0.0","0.0","0.0","true"
"d2-v5-master-107","wall:1,8","WALL","MEDIUM","0.3343","false","0.5","0.5","0.1111","0.4516","0.0","1.0","0.0","0.3846","0.2222","true"
"d2-v5-master-107","wall:7,4","WALL","IRRELEVANT","0.0","false","0.0","0.0","0.0","0.0","0.0","0.0","0.0","0.0","0.0","true"
"d2-v5-easy-108","arrow:a1","ARROW","MEDIUM","0.2084","false","0.0","0.5","0.0","0.6","0.0","0.5","0.0","0.0","0.0","true"
"d2-v5-easy-108","arrow:a2","ARROW","MEDIUM","0.2159","false","0.3333","0.3333","0.0","0.4","0.0","0.5","0.0","0.0","0.1429","true"
"d2-v5-easy-108","arrow:a3","ARROW","MEDIUM","0.3281","false","0.6667","0.3333","0.2857","0.4","0.0","0.5","0.0","0.0","0.2857","true"
"d2-v5-easy-108","arrow:a4","ARROW","HIGH","0.3626","false","0.5","0.5","0.3684","0.6","0.0","0.5","0.0","0.0","0.2857","true"
"d2-v5-easy-108","magnet:m1","MAGNET","CRITICAL","0.6791","false","0.3333","0.3333","0.8519","1.0","0.5","1.0","1.0","0.0","0.8182","true"
"d2-v5-easy-108","wall:1,5","WALL","MEDIUM","0.1747","false","0.3333","0.3333","0.0625","0.2308","0.0","0.5","0.0","0.0","0.0909","true"
"d2-v5-easy-108","wall:2,1","WALL","IRRELEVANT","0.0","false","0.0","0.0","0.0","0.0","0.0","0.0","0.0","0.0","0.0","true"
"d2-v5-easy-108","wall:2,2","WALL","IRRELEVANT","0.0","false","0.0","0.0","0.0","0.0","0.0","0.0","0.0","0.0","0.0","true"
"d2-v5-hard-109","arrow:a1","ARROW","HIGH","0.3675","false","0.0","0.0","0.2857","0.6","0.0","1.0","0.1667","1.0","0.0","true"
"d2-v5-hard-109","arrow:a2","ARROW","CRITICAL","1.0","true","1.0","1.0","0.5333","0.8","0.0","1.0","0.1667","1.0","0.3333","true"
"d2-v5-hard-109","arrow:a3","ARROW","MEDIUM","0.1665","false","0.0","0.3333","0.0","0.5","0.0","0.3333","0.0","0.4","0.0","true"
"d2-v5-hard-109","arrow:a4","ARROW","CRITICAL","1.0","true","1.0","1.0","0.2857","0.8","0.0","1.0","0.0","0.4","0.1667","true"
"d2-v5-hard-109","arrow:a5","ARROW","CRITICAL","1.0","true","1.0","1.0","0.8","1.0","1.0","1.0","0.1667","0.8","0.5","true"
"d2-v5-hard-109","magnet:m1","MAGNET","IRRELEVANT","0.0","false","0.0","0.0","0.0","0.0","0.0","0.0","0.0","0.0","0.0","true"
"d2-v5-hard-109","magnet:m2","MAGNET","HIGH","0.3575","false","0.25","0.25","0.2941","0.1667","0.0","1.0","0.2","1.0","0.4286","true"
"d2-v5-hard-109","magnet:m3","MAGNET","IRRELEVANT","0.0026","false","0.0","0.0","0.0","0.0","0.0","0.0","0.0","0.0","0.0","true"
"d2-v5-hard-109","magnet:m4","MAGNET","IRRELEVANT","0.0125","false","0.0","0.0","0.0","0.0","0.0","0.0","0.125","0.0","0.0","true"
"d2-v5-hard-109","magnet:m5","MAGNET","MEDIUM","0.2879","false","0.25","0.25","0.0625","0.375","0.0","1.0","0.2857","0.2","0.0","true"
"d2-v5-hard-109","wall:1,3","WALL","IRRELEVANT","0.0","false","0.0","0.0","0.0","0.0","0.0","0.0","0.0","0.0","0.0","true"
"d2-v5-easy-110","arrow:a1","ARROW","HIGH","0.3667","false","0.0","0.0","0.3333","1.0","0.0","1.0","0.0","0.0","0.3333","true"
"d2-v5-easy-110","arrow:a2","ARROW","MEDIUM","0.1757","false","0.5","0.0","0.0","0.3333","0.0","0.3333","0.0","0.0","0.0","true"
"d2-v5-easy-110","arrow:a3","ARROW","CRITICAL","1.0","true","1.0","1.0","0.0909","0.6667","0.0","1.0","0.0","1.0","0.25","true"
"d2-v5-easy-110","arrow:a4","ARROW","HIGH","0.4236","false","0.5","0.0","0.4286","1.0","0.0","1.0","0.0","0.0","0.0","true"
"d2-v5-easy-110","magnet:m1","MAGNET","HIGH","0.4665","false","0.3333","0.3333","0.0667","0.6667","0.5","1.0","0.5","1.0","0.0","true"
"d2-v5-easy-110","magnet:m2","MAGNET","MEDIUM","0.2534","false","0.3333","0.3333","0.2","0.0","0.0","1.0","0.2","0.0","0.0","true"
"d2-v5-easy-110","magnet:m3","MAGNET","MEDIUM","0.1852","false","0.3333","0.3333","0.25","0.25","0.0","0.0","0.2","0.0","0.4","true"
"d2-v5-medium-111","arrow:a1","ARROW","MEDIUM","0.1459","false","0.0","0.3333","0.0","0.5","0.0","0.3333","0.0","0.0","0.0","true"
"d2-v5-medium-111","arrow:a2","ARROW","MEDIUM","0.1421","false","0.0","0.3333","0.0","0.5","0.0","0.3333","0.0","0.0","0.0","true"
"d2-v5-medium-111","arrow:a3","ARROW","HIGH","0.63","false","0.3333","0.0","1.0","1.0","1.0","1.0","0.0","0.0","0.0","true"
"d2-v5-medium-111","arrow:a4","ARROW","HIGH","0.64","false","0.0","0.0","1.0","1.0","1.0","1.0","0.0","0.0","1.0","true"
"d2-v5-medium-111","magnet:m1","MAGNET","CRITICAL","1.0","true","1.0","1.0","0.8","1.0","1.0","1.0","1.0","0.0","0.3333","true"
"d2-v5-medium-111","wall:1,1","WALL","MEDIUM","0.2268","false","0.25","0.25","0.2727","0.0","0.0","1.0","0.0","0.0","0.0","true"
"d2-v5-medium-111","wall:2,4","WALL","HIGH","0.4496","false","0.25","0.25","0.4545","0.6","0.5","1.0","0.3333","0.0","0.5714","true"
"d2-v5-medium-111","wall:3,2","WALL","IRRELEVANT","0.0","false","0.0","0.0","0.0","0.0","0.0","0.0","0.0","0.0","0.0","true"
"d2-v5-expert-112","arrow:a1","ARROW","HIGH","0.4067","false","0.3333","0.3333","0.0","0.5","0.5","0.5","0.25","1.0","0.5","true"
"d2-v5-expert-112","arrow:a2","ARROW","HIGH","0.3728","false","0.5","0.0","0.1176","0.75","0.5","0.3333","0.1667","0.6154","0.2","true"
"d2-v5-expert-112","arrow:a3","ARROW","MEDIUM","0.2711","false","0.6667","0.0","0.0952","0.5","0.0","0.1667","0.1667","0.7692","0.1429","true"
"d2-v5-expert-112","arrow:a4","ARROW","CRITICAL","1.0","true","1.0","1.0","0.3125","0.75","0.5","1.0","0.0","0.3077","0.1667","true"
"d2-v5-expert-112","arrow:a5","ARROW","MEDIUM","0.1797","false","0.0","0.5","0.0","0.5","0.0","0.3333","0.0","0.4615","0.0","true"
"d2-v5-expert-112","magnet:m1","MAGNET","MEDIUM","0.2512","false","0.3333","0.3333","0.0968","0.2","0.0","0.5","0.2857","0.6923","0.1","true"
"d2-v5-expert-112","magnet:m2","MAGNET","HIGH","0.5347","false","0.5","0.5","0.68","0.5","0.5","1.0","0.0","0.3846","0.625","true"
"d2-v5-expert-112","magnet:m3","MAGNET","IRRELEVANT","0.0","false","0.0","0.0","0.0","0.0","0.0","0.0","0.0","0.0","0.0","true"
"d2-v5-expert-112","magnet:m4","MAGNET","IRRELEVANT","0.0","false","0.0","0.0","0.0","0.0","0.0","0.0","0.0","0.0","0.0","true"
"d2-v5-expert-112","wall:4,2","WALL","IRRELEVANT","0.0","false","0.0","0.0","0.0","0.0","0.0","0.0","0.0","0.0","0.0","true"
"d2-v5-expert-112","wall:4,3","WALL","IRRELEVANT","0.0","false","0.0","0.0","0.0","0.0","0.0","0.0","0.0","0.0","0.0","true"
"d2-v5-hard-113","arrow:a1","ARROW","MEDIUM","0.3323","false","0.5","0.5","0.0769","0.3","0.0","1.0","0.0","0.0","0.25","true"
"d2-v5-hard-113","arrow:a2","ARROW","MEDIUM","0.1752","false","0.0","0.5","0.0","0.5","0.0","0.25","0.0","0.5","0.0","true"
"d2-v5-hard-113","arrow:a3","ARROW","CRITICAL","1.0","true","1.0","1.0","0.619","0.8571","0.0","1.0","0.3","0.75","0.375","true"
"d2-v5-hard-113","arrow:a4","ARROW","MEDIUM","0.2871","false","0.3333","0.3333","0.1429","0.125","0.0","1.0","0.0","0.25","0.2857","true"
"d2-v5-hard-113","arrow:a5","ARROW","MEDIUM","0.248","false","0.3333","0.3333","0.3182","0.1429","0.0","0.25","0.0","0.5","0.2857","true"
"d2-v5-hard-113","arrow:a6","ARROW","HIGH","0.3654","false","0.3333","0.3333","0.1765","0.125","0.5","1.0","0.2222","0.25","0.0","true"
"d2-v5-hard-113","magnet:m1","MAGNET","MEDIUM","0.1704","false","0.3333","0.3333","0.1739","0.1429","0.0","0.0","0.1111","0.3333","0.2222","true"
"d2-v5-hard-113","magnet:m2","MAGNET","IRRELEVANT","0.0083","false","0.0","0.0","0.0","0.0","0.0","0.0","0.0833","0.0","0.0","true"
"d2-v5-hard-113","magnet:m3","MAGNET","IRRELEVANT","0.0","false","0.0","0.0","0.0","0.0","0.0","0.0","0.0","0.0","0.0","true"
"d2-v5-hard-113","magnet:m4","MAGNET","MEDIUM","0.3459","false","0.3333","0.3333","0.2174","0.4286","0.0","1.0","0.2222","0.5","0.1111","true"
"d2-v5-hard-113","wall:2,2","WALL","IRRELEVANT","0.0","false","0.0","0.0","0.0","0.0","0.0","0.0","0.0","0.0","0.0","true"
"d2-v5-hard-113","wall:2,5","WALL","IRRELEVANT","0.0","false","0.0","0.0","0.0","0.0","0.0","0.0","0.0","0.0","0.0","true"
"d2-v5-hard-113","wall:4,4","WALL","MEDIUM","0.3103","false","0.5","0.5","0.1071","0.4286","0.5","0.25","0.0833","0.5","0.1818","true"
"d2-v5-medium-114","arrow:a1","ARROW","HIGH","0.64","false","0.0","0.0","1.0","1.0","1.0","1.0","0.0","0.0","1.0","true"
"d2-v5-medium-114","arrow:a2","ARROW","MEDIUM","0.1497","false","0.0","0.3333","0.0","0.5","0.0","0.3333","0.0","0.0","0.0","true"
"d2-v5-medium-114","arrow:a3","ARROW","MEDIUM","0.1497","false","0.0","0.3333","0.0","0.5","0.0","0.3333","0.0","0.0","0.0","true"
"d2-v5-medium-114","arrow:a4","ARROW","HIGH","0.63","false","0.3333","0.0","1.0","1.0","1.0","1.0","0.0","0.0","0.0","true"
"d2-v5-medium-114","magnet:m1","MAGNET","CRITICAL","0.6554","false","0.25","0.25","1.0","1.0","1.0","1.0","0.0","0.0","1.0","true"
"d2-v5-medium-114","magnet:m2","MAGNET","IRRELEVANT","0.0167","false","0.0","0.0","0.0","0.0","0.0","0.0","0.1667","0.0","0.0","true"
"d2-v5-medium-114","magnet:m3","MAGNET","LOW","0.0333","false","0.0","0.0","0.0","0.0","0.0","0.0","0.3333","0.0","0.0","true"
"d2-v5-medium-114","wall:1,8","WALL","IRRELEVANT","0.0","false","0.0","0.0","0.0","0.0","0.0","0.0","0.0","0.0","0.0","true"
"d2-v5-medium-114","wall:2,4","WALL","IRRELEVANT","0.0038","false","0.0","0.0","0.0","0.0","0.0","0.0","0.0","0.0","0.0","true"
"d2-v5-medium-114","wall:3,2","WALL","HIGH","0.5073","false","0.25","0.25","0.5","0.4286","0.5","1.0","0.2857","1.0","0.7143","true"
"d2-v5-medium-114","wall:3,5","WALL","CRITICAL","1.0","true","1.0","1.0","0.1667","0.5","0.0","1.0","0.1667","0.0","0.25","true"
"d2-v5-medium-114","wall:4,4","WALL","IRRELEVANT","0.0205","false","0.0","0.0","0.0","0.0","0.0","0.0","0.1667","0.0","0.0","true"
"d2-v5-medium-114","wall:5,5","WALL","IRRELEVANT","0.0","false","0.0","0.0","0.0","0.0","0.0","0.0","0.0","0.0","0.0","true"
"d2-v5-medium-114","wall:6,3","WALL","IRRELEVANT","0.0","false","0.0","0.0","0.0","0.0","0.0","0.0","0.0","0.0","0.0","true"
"d2-v5-master-115","arrow:a1","ARROW","HIGH","0.3772","false","0.3333","0.0","0.1429","0.5","0.5","0.5714","0.3333","1.0","0.0","true"
"d2-v5-master-115","arrow:a2","ARROW","CRITICAL","1.0","true","1.0","1.0","0.8","1.0","1.0","1.0","0.3333","0.8","0.0","true"
"d2-v5-master-115","arrow:a3","ARROW","MEDIUM","0.1586","false","0.0","0.3333","0.0","0.5","0.0","0.2857","0.0","0.4","0.0","true"
"d2-v5-master-115","arrow:a4","ARROW","HIGH","0.3594","false","0.0","0.0","0.3","1.0","0.5","0.5714","0.0","0.0","0.5","true"
"d2-v5-master-115","arrow:a5","ARROW","MEDIUM","0.1586","false","0.0","0.3333","0.0","0.5","0.0","0.2857","0.0","0.4","0.0","true"
"d2-v5-master-115","magnet:m1","MAGNET","MEDIUM","0.2364","false","0.5","0.0","0.1304","0.2","0.0","0.5714","0.25","0.2","0.2857","true"
"d2-v5-master-115","magnet:m2","MAGNET","HIGH","0.5717","false","0.4","0.4","0.7778","0.5","0.5","1.0","0.3333","0.375","0.8","true"
"d2-v5-master-115","magnet:m3","MAGNET","IRRELEVANT","0.0","false","0.0","0.0","0.0","0.0","0.0","0.0","0.0","0.0","0.0","true"
"d2-v5-master-115","wall:3,6","WALL","IRRELEVANT","0.0167","false","0.0","0.0","0.0","0.0","0.0","0.0","0.1667","0.0","0.0","true"
"d2-v5-master-115","wall:5,6","WALL","IRRELEVANT","0.0167","false","0.0","0.0","0.0","0.0","0.0","0.0","0.1667","0.0","0.0","true"
"d2-v5-easy-116","arrow:a1","ARROW","HIGH","0.4671","false","0.3333","0.0","0.4286","1.0","0.5","1.0","0.0","0.0","0.0","true"
"d2-v5-easy-116","arrow:a2","ARROW","MEDIUM","0.1433","false","0.0","0.3333","0.0","0.5","0.0","0.3333","0.0","0.0","0.0","true"
"d2-v5-easy-116","arrow:a3","ARROW","MEDIUM","0.1517","false","0.0","0.3333","0.0","0.5","0.0","0.3333","0.0","0.0","0.0","true"
"d2-v5-easy-116","arrow:a4","ARROW","HIGH","0.3849","false","0.0","0.0","0.2","1.0","0.5","1.0","0.0","0.0","0.2","true"
"d2-v5-easy-116","arrow:a5","ARROW","MEDIUM","0.1211","false","0.0","0.0","0.0","0.0","0.5","0.0","0.25","0.0","0.0","true"
"d2-v5-easy-116","magnet:m1","MAGNET","IRRELEVANT","0.025","false","0.0","0.0","0.0","0.0","0.0","0.0","0.25","0.0","0.0","true"
"d2-v5-easy-116","magnet:m2","MAGNET","CRITICAL","1.0","true","1.0","1.0","0.8333","1.0","1.0","1.0","0.5","0.0","0.5714","true"
"d2-v5-easy-116","wall:4,3","WALL","LOW","0.0428","false","0.0","0.0","0.0","0.0","0.0","0.0","0.4","0.0","0.0","true"
"d2-v5-easy-116","wall:5,5","WALL","IRRELEVANT","0.0","false","0.0","0.0","0.0","0.0","0.0","0.0","0.0","0.0","0.0","true"
"d2-v5-easy-116","wall:6,4","WALL","IRRELEVANT","0.0","false","0.0","0.0","0.0","0.0","0.0","0.0","0.0","0.0","0.0","true"
"d2-v5-easy-116","wall:6,7","WALL","HIGH","0.4671","false","0.25","0.25","0.3667","0.5","0.3333","1.0","0.4","1.0","0.4545","true"
"d2-v5-easy-116","wall:6,8","WALL","IRRELEVANT","0.0","false","0.0","0.0","0.0","0.0","0.0","0.0","0.0","0.0","0.0","true"
"d2-v5-hard-117","arrow:a1","ARROW","HIGH","0.64","false","0.0","0.0","1.0","1.0","1.0","1.0","0.0","0.0","1.0","true"
"d2-v5-hard-117","arrow:a2","ARROW","HIGH","0.63","false","0.3333","0.0","1.0","1.0","1.0","1.0","0.0","0.0","0.0","true"
"d2-v5-hard-117","arrow:a3","ARROW","MEDIUM","0.1459","false","0.0","0.3333","0.0","0.5","0.0","0.3333","0.0","0.0","0.0","true"
"d2-v5-hard-117","arrow:a4","ARROW","MEDIUM","0.1459","false","0.0","0.3333","0.0","0.5","0.0","0.3333","0.0","0.0","0.0","true"
"d2-v5-hard-117","magnet:m1","MAGNET","CRITICAL","1.0","true","1.0","1.0","0.1667","0.5","0.0","1.0","0.0","0.0","0.25","true"
"d2-v5-hard-117","magnet:m2","MAGNET","IRRELEVANT","0.0","false","0.0","0.0","0.0","0.0","0.0","0.0","0.0","0.0","0.0","true"
"d2-v5-hard-117","magnet:m3","MAGNET","CRITICAL","1.0","true","1.0","1.0","0.9","1.0","1.0","1.0","0.0","0.0","0.6667","true"
"d2-v5-hard-117","wall:2,1","WALL","HIGH","0.5187","false","0.25","0.25","0.5","0.4286","0.5","1.0","0.4","1.0","0.7143","true"
"d2-v5-hard-117","wall:4,4","WALL","IRRELEVANT","0.0","false","0.0","0.0","0.0","0.0","0.0","0.0","0.0","0.0","0.0","true"
"d2-v5-hard-117","wall:5,5","WALL","IRRELEVANT","0.0","false","0.0","0.0","0.0","0.0","0.0","0.0","0.0","0.0","0.0","true"
"d2-v5-hard-117","wall:6,4","WALL","IRRELEVANT","0.0","false","0.0","0.0","0.0","0.0","0.0","0.0","0.0","0.0","0.0","true"
"d2-v5-easy-118","arrow:a1","ARROW","CRITICAL","1.0","true","1.0","1.0","0.1","0.7895","0.5","1.0","0.2","0.75","0.0","true"
"d2-v5-easy-118","arrow:a2","ARROW","MEDIUM","0.2387","false","0.0","0.0","0.0526","0.6842","0.5","0.3333","0.0","0.25","0.0","true"
"d2-v5-easy-118","arrow:a3","ARROW","MEDIUM","0.3291","false","0.3333","0.0","0.0909","0.3684","0.0","1.0","0.2","1.0","0.0","true"
"d2-v5-easy-118","arrow:a4","ARROW","HIGH","0.472","false","0.0","0.3333","0.3333","0.7895","0.5","1.0","0.1667","1.0","0.25","true"
"d2-v5-easy-118","arrow:a5","ARROW","MEDIUM","0.2766","false","0.0","0.3333","0.087","0.8421","0.0","0.6667","0.0","0.5","0.0","true"
"d2-v5-easy-118","magnet:m1","MAGNET","HIGH","0.3836","false","0.25","0.25","0.4483","0.1579","0.5","1.0","0.2","0.0","0.5","true"
"d2-v5-easy-118","magnet:m2","MAGNET","LOW","0.0916","false","0.0","0.0","0.0645","0.3684","0.0","0.0","0.1667","0.2","0.0","true"
"d2-v5-easy-118","magnet:m3","MAGNET","MEDIUM","0.1958","false","0.0","0.0","0.0667","0.2083","0.0","1.0","0.1667","0.25","0.0","true"
"d2-v5-medium-119","arrow:a1","ARROW","MEDIUM","0.3491","false","0.3333","0.0","0.2727","0.75","0.0","1.0","0.0","0.0","0.0","true"
"d2-v5-medium-119","arrow:a2","ARROW","MEDIUM","0.3127","false","0.0","0.0","0.2","0.75","0.0","1.0","0.0","0.0","0.3333","true"
"d2-v5-medium-119","arrow:a3","ARROW","MEDIUM","0.2178","false","0.0","0.3333","0.0833","0.75","0.0","0.3333","0.0","0.0","0.0","true"
"d2-v5-medium-119","arrow:a4","ARROW","MEDIUM","0.2217","false","0.0","0.3333","0.0833","0.75","0.0","0.3333","0.0","0.0","0.0","true"
"d2-v5-medium-119","magnet:m1","MAGNET","HIGH","0.3509","false","0.3333","0.3333","0.2273","0.375","0.5","0.3333","0.5","0.0","0.4286","true"
"d2-v5-medium-119","magnet:m2","MAGNET","MEDIUM","0.3194","false","0.25","0.25","0.1429","0.3333","0.5","1.0","0.0","0.0","0.1667","true"
"d2-v5-medium-119","wall:5,3","WALL","IRRELEVANT","0.0","false","0.0","0.0","0.0","0.0","0.0","0.0","0.0","0.0","0.0","true"
"d2-v5-expert-120","arrow:a1","ARROW","MEDIUM","0.2821","false","0.5","0.0","0.0","0.5","0.5","0.0","0.0","1.0","0.0","true"
"d2-v5-expert-120","arrow:a2","ARROW","HIGH","0.3855","false","0.0","0.0","0.2857","0.75","0.5","1.0","0.0","0.0","0.3333","true"
"d2-v5-expert-120","arrow:a3","ARROW","MEDIUM","0.1751","false","0.0","0.3333","0.0","0.5","0.0","0.3333","0.0","0.5","0.0","true"
"d2-v5-expert-120","arrow:a4","ARROW","HIGH","0.361","false","0.3333","0.0","0.3333","0.5","0.5","0.0","0.1429","1.0","0.3333","true"
"d2-v5-expert-120","arrow:a5","ARROW","MEDIUM","0.1751","false","0.0","0.3333","0.0","0.5","0.0","0.3333","0.0","0.5","0.0","true"
"d2-v5-expert-120","magnet:m1","MAGNET","IRRELEVANT","0.0222","false","0.0","0.0","0.0","0.0","0.0","0.0","0.2222","0.0","0.0","true"
"d2-v5-expert-120","magnet:m2","MAGNET","MEDIUM","0.3467","false","0.25","0.25","0.4872","0.5152","0.0","0.25","0.4167","0.6667","0.5","true"
"d2-v5-expert-120","magnet:m3","MAGNET","IRRELEVANT","0.0178","false","0.0","0.0","0.0","0.0","0.0","0.0","0.125","0.0","0.0","true"
"d2-v5-expert-120","magnet:m4","MAGNET","IRRELEVANT","0.0","false","0.0","0.0","0.0","0.0","0.0","0.0","0.0","0.0","0.0","true"
"d2-v5-expert-120","magnet:m5","MAGNET","HIGH","0.4172","false","0.25","0.25","0.3333","0.25","0.5","1.0","0.0","1.0","0.4286","true"
"d2-v5-expert-120","magnet:m6","MAGNET","IRRELEVANT","0.0","false","0.0","0.0","0.0","0.0","0.0","0.0","0.0","0.0","0.0","true"
"d2-v5-expert-120","wall:2,6","WALL","MEDIUM","0.2094","false","0.4","0.4","0.087","0.3333","0.0","0.0","0.1111","1.0","0.0","true"
"d2-v5-expert-120","wall:7,5","WALL","IRRELEVANT","0.0","false","0.0","0.0","0.0","0.0","0.0","0.0","0.0","0.0","0.0","true"
"d2-v5-hard-121","arrow:a1","ARROW","HIGH","0.3915","false","0.0","0.0","0.2857","0.8","0.5","1.0","0.0","0.0","0.3333","true"
"d2-v5-hard-121","arrow:a2","ARROW","MEDIUM","0.2032","false","0.0","0.5","0.0","0.5","0.0","0.5","0.0","0.5","0.0","true"
"d2-v5-hard-121","arrow:a3","ARROW","HIGH","0.486","false","0.6667","0.3333","0.1111","0.6","0.5","1.0","0.0","1.0","0.0","true"
"d2-v5-hard-121","arrow:a4","ARROW","HIGH","0.4647","false","0.3333","0.3333","0.2","0.6","0.5","1.0","0.0","1.0","0.0","true"
"d2-v5-hard-121","magnet:m1","MAGNET","IRRELEVANT","0.0167","false","0.0","0.0","0.0","0.0","0.0","0.0","0.1667","0.0","0.0","true"
"d2-v5-hard-121","magnet:m2","MAGNET","IRRELEVANT","0.0026","false","0.0","0.0","0.0","0.0","0.0","0.0","0.0","0.0","0.0","true"
"d2-v5-hard-121","magnet:m3","MAGNET","IRRELEVANT","0.0","false","0.0","0.0","0.0","0.0","0.0","0.0","0.0","0.0","0.0","true"
"d2-v5-hard-121","magnet:m4","MAGNET","CRITICAL","1.0","true","1.0","1.0","0.8947","1.0","1.0","1.0","0.0","1.0","0.7143","true"
"d2-v5-hard-121","wall:1,4","WALL","HIGH","0.4899","false","0.5","0.5","0.4545","0.2","0.5","1.0","0.2","1.0","0.4286","true"
"d2-v5-medium-122","arrow:a1","ARROW","MEDIUM","0.1459","false","0.0","0.3333","0.0","0.5","0.0","0.3333","0.0","0.0","0.0","true"
"d2-v5-medium-122","arrow:a2","ARROW","HIGH","0.63","false","0.3333","0.0","1.0","1.0","1.0","1.0","0.0","0.0","0.0","true"
"d2-v5-medium-122","arrow:a3","ARROW","MEDIUM","0.1459","false","0.0","0.3333","0.0","0.5","0.0","0.3333","0.0","0.0","0.0","true"
"d2-v5-medium-122","arrow:a4","ARROW","HIGH","0.64","false","0.0","0.0","1.0","1.0","1.0","1.0","0.0","0.0","1.0","true"
"d2-v5-medium-122","magnet:m1","MAGNET","LOW","0.0372","false","0.0","0.0","0.0","0.0","0.0","0.0","0.3333","0.0","0.0","true"
"d2-v5-medium-122","magnet:m2","MAGNET","CRITICAL","0.7054","false","0.25","0.25","1.0","1.0","1.0","1.0","0.5","0.0","1.0","true"
"d2-v5-medium-122","magnet:m3","MAGNET","MEDIUM","0.2268","false","0.25","0.25","0.2727","0.0","0.0","1.0","0.0","0.0","0.0","true"
"d2-v5-medium-122","wall:4,5","WALL","MEDIUM","0.2674","false","0.0","0.0","0.5","0.5","0.5","0.0","0.25","0.0","0.5714","true"
"d2-v5-hard-123","arrow:a1","ARROW","MEDIUM","0.1481","false","0.0","0.3333","0.0","0.5","0.0","0.3333","0.0","0.0","0.0","true"
"d2-v5-hard-123","arrow:a2","ARROW","HIGH","0.64","false","0.0","0.0","1.0","1.0","1.0","1.0","0.0","0.0","1.0","true"
"d2-v5-hard-123","arrow:a3","ARROW","MEDIUM","0.1445","false","0.0","0.3333","0.0","0.5","0.0","0.3333","0.0","0.0","0.0","true"
"d2-v5-hard-123","arrow:a4","ARROW","HIGH","0.6264","false","0.3333","0.0","1.0","1.0","1.0","1.0","0.0","0.0","0.0","true"
"d2-v5-hard-123","magnet:m1","MAGNET","IRRELEVANT","0.0167","false","0.0","0.0","0.0","0.0","0.0","0.0","0.1667","0.0","0.0","true"
"d2-v5-hard-123","magnet:m2","MAGNET","MEDIUM","0.2429","false","0.25","0.25","0.2727","0.0","0.0","1.0","0.1667","0.0","0.0","true"
"d2-v5-hard-123","magnet:m3","MAGNET","HIGH","0.4004","false","0.0","0.0","0.1667","0.5","0.5","1.0","0.4","1.0","0.25","true"
"d2-v5-hard-123","magnet:m4","MAGNET","IRRELEVANT","0.0271","false","0.0","0.0","0.0","0.0","0.0","0.0","0.2","0.0","0.0","true"
"d2-v5-hard-123","wall:5,6","WALL","HIGH","0.4326","false","0.25","0.25","0.4545","0.6","0.5","1.0","0.1667","0.0","0.5714","true"
"d2-v5-hard-123","wall:6,4","WALL","IRRELEVANT","0.0","false","0.0","0.0","0.0","0.0","0.0","0.0","0.0","0.0","0.0","true"
"d2-v5-hard-123","wall:6,7","WALL","IRRELEVANT","0.0","false","0.0","0.0","0.0","0.0","0.0","0.0","0.0","0.0","0.0","true"
"d2-v5-easy-124","arrow:a1","ARROW","HIGH","0.4835","false","0.0","0.2","0.6364","0.8333","0.5","1.0","0.0","0.0","0.6667","true"
"d2-v5-easy-124","arrow:a2","ARROW","HIGH","0.4187","false","0.25","0.4","0.5","0.6667","0.5","0.0","0.0","1.0","0.3333","true"
"d2-v5-easy-124","arrow:a3","ARROW","MEDIUM","0.1585","false","0.0","0.2","0.0","0.5","0.0","0.3333","0.0","0.5","0.0","true"
"d2-v5-easy-124","arrow:a4","ARROW","MEDIUM","0.1585","false","0.0","0.2","0.0","0.5","0.0","0.3333","0.0","0.5","0.0","true"
"d2-v5-easy-124","arrow:a5","ARROW","MEDIUM","0.2995","false","0.25","0.4","0.0","0.6667","0.5","0.0","0.0","1.0","0.0","true"
"d2-v5-easy-124","magnet:m1","MAGNET","IRRELEVANT","0.0188","false","0.0","0.0","0.0","0.0","0.0","0.0","0.1667","0.0","0.0","true"
"d2-v5-easy-124","magnet:m2","MAGNET","HIGH","0.5453","false","0.2","0.2","0.75","0.6667","0.5","1.0","0.0","1.0","0.7143","true"
"d2-v5-easy-124","magnet:m3","MAGNET","IRRELEVANT","0.0021","false","0.0","0.0","0.0","0.0","0.0","0.0","0.0","0.0","0.0","true"
"d2-v5-easy-124","wall:3,3","WALL","MEDIUM","0.1485","false","0.0","0.0","0.0","0.1429","0.0","1.0","0.0","0.0","0.1429","true"
"d2-v5-hard-125","arrow:a1","ARROW","HIGH","0.3925","false","0.0","0.25","0.3077","0.8214","0.5","0.7273","0.0","0.4444","0.125","true"
"d2-v5-hard-125","arrow:a2","ARROW","HIGH","0.3925","false","0.0","0.25","0.3077","0.8214","0.5","0.7273","0.0","0.4444","0.125","true"
"d2-v5-hard-125","arrow:a3","ARROW","MEDIUM","0.1544","false","0.0","0.25","0.0","0.5","0.0","0.2727","0.0","0.4444","0.0","true"
"d2-v5-hard-125","arrow:a4","ARROW","MEDIUM","0.2255","false","0.0","0.0","0.0667","0.4286","0.0","0.4545","0.125","1.0","0.0","true"
"d2-v5-hard-125","arrow:a5","ARROW","CRITICAL","1.0","true","1.0","1.0","0.5263","0.8571","0.5","1.0","0.125","0.8889","0.25","true"
"d2-v5-hard-125","arrow:a6","ARROW","CRITICAL","1.0","true","1.0","1.0","0.2703","0.7143","0.0","1.0","0.0","0.4444","0.0909","true"
"d2-v5-hard-125","magnet:m1","MAGNET","MEDIUM","0.2638","false","0.2","0.2","0.0244","0.4615","0.0","1.0","0.125","0.1111","0.2308","true"
"d2-v5-hard-125","magnet:m2","MAGNET","IRRELEVANT","0.01","false","0.0","0.0","0.0","0.0","0.0","0.0","0.1","0.0","0.0","true"
"d2-v5-hard-125","magnet:m3","MAGNET","MEDIUM","0.1776","false","0.25","0.25","0.0652","0.3571","0.3333","0.0909","0.0","0.2222","0.1429","true"
"d2-v5-hard-125","magnet:m4","MAGNET","HIGH","0.4239","false","0.0","0.0","0.5","0.5714","0.5","1.0","0.4286","0.1111","0.4167","true"
"d2-v5-hard-125","wall:1,6","WALL","IRRELEVANT","0.0","false","0.0","0.0","0.0","0.0","0.0","0.0","0.0","0.0","0.0","true"
"d2-v5-easy-126","arrow:a1","ARROW","HIGH","0.3925","false","1.0","0.5","0.0","0.6","0.0","1.0","0.0","0.0","0.0","true"
"d2-v5-easy-126","arrow:a2","ARROW","IRRELEVANT","0.0143","false","0.0","0.0","0.0","0.0","0.0","0.0","0.0","0.0","0.0","true"
"d2-v5-easy-126","arrow:a3","ARROW","MEDIUM","0.3487","false","0.5","0.5","0.0769","0.6","0.0","1.0","0.0","0.0","0.0","true"
"d2-v5-easy-126","arrow:a4","ARROW","HIGH","0.4701","false","0.5","0.5","0.2857","0.6","0.5","1.0","0.0","0.0","0.3333","true"
"d2-v5-easy-126","magnet:m1","MAGNET","CRITICAL","1.0","true","1.0","1.0","0.7273","1.0","0.5","1.0","1.0","0.0","0.5556","true"
"d2-v5-easy-126","wall:2,3","WALL","IRRELEVANT","0.0","false","0.0","0.0","0.0","0.0","0.0","0.0","0.0","0.0","0.0","true"
"d2-v5-easy-126","wall:3,4","WALL","IRRELEVANT","0.0","false","0.0","0.0","0.0","0.0","0.0","0.0","0.0","0.0","0.0","true"
"d2-v5-medium-127","arrow:a1","ARROW","HIGH","0.3667","false","0.0","0.0","0.3333","1.0","0.0","1.0","0.0","0.0","0.3333","true"
"d2-v5-medium-127","arrow:a2","ARROW","MEDIUM","0.1433","false","0.3333","0.0","0.0","0.3333","0.0","0.25","0.0","0.0","0.0","true"
"d2-v5-medium-127","arrow:a3","ARROW","HIGH","0.42","false","0.3333","0.0","0.5","1.0","0.0","1.0","0.0","0.0","0.0","true"
"d2-v5-medium-127","arrow:a4","ARROW","MEDIUM","0.1267","false","0.0","0.0","0.0","0.3333","0.0","0.25","0.2","0.0","0.0","true"
"d2-v5-medium-127","arrow:a5","ARROW","MEDIUM","0.1367","false","0.0","0.3333","0.0","0.5","0.0","0.25","0.0","0.0","0.0","true"
"d2-v5-medium-127","magnet:m1","MAGNET","HIGH","0.3837","false","0.5","0.0","0.4","0.6667","0.0","1.0","0.25","0.0","0.2","true"
"d2-v5-medium-127","magnet:m2","MAGNET","MEDIUM","0.1857","false","0.25","0.25","0.2353","0.25","0.0","0.0","0.4","0.0","0.4","true"
"d2-v5-medium-127","wall:2,2","WALL","HIGH","0.4859","false","0.25","0.25","0.3846","0.4286","0.5","1.0","0.375","1.0","0.5556","true"
"d2-v5-expert-128","arrow:a1","ARROW","HIGH","0.4853","false","0.3333","0.3333","0.4","0.3333","0.5","1.0","0.0","1.0","0.3333","true"
"d2-v5-expert-128","arrow:a2","ARROW","CRITICAL","1.0","true","1.0","1.0","0.3077","1.0","0.0","1.0","0.2222","0.8","0.2857","true"
"d2-v5-expert-128","arrow:a3","ARROW","MEDIUM","0.1982","false","0.6667","0.3333","0.0","0.0","0.5","0.0","0.0","0.0","0.0","true"
"d2-v5-expert-128","arrow:a4","ARROW","MEDIUM","0.1548","false","0.0","0.0","0.1","0.6667","0.0","0.0","0.2","0.0","0.0","true"
"d2-v5-expert-128","arrow:a5","ARROW","MEDIUM","0.1851","false","0.0","0.5","0.0","0.5","0.0","0.3333","0.0","0.4","0.0","true"
"d2-v5-expert-128","arrow:a6","ARROW","MEDIUM","0.2675","false","0.3333","0.3333","0.0","0.3333","0.5","0.3333","0.0","0.4","0.0","true"
"d2-v5-expert-128","magnet:m1","MAGNET","IRRELEVANT","0.0053","false","0.0","0.0","0.0","0.0","0.0","0.0","0.0","0.0","0.0","true"
"d2-v5-expert-128","magnet:m2","MAGNET","HIGH","0.5055","false","0.3333","0.3333","0.4783","1.0","0.0","1.0","0.1429","1.0","0.4","true"
"d2-v5-expert-128","magnet:m3","MAGNET","IRRELEVANT","0.0","false","0.0","0.0","0.0","0.0","0.0","0.0","0.0","0.0","0.0","true"
"d2-v5-expert-128","magnet:m4","MAGNET","IRRELEVANT","0.0","false","0.0","0.0","0.0","0.0","0.0","0.0","0.0","0.0","0.0","true"
"d2-v5-expert-128","magnet:m5","MAGNET","IRRELEVANT","0.0","false","0.0","0.0","0.0","0.0","0.0","0.0","0.0","0.0","0.0","true"
"d2-v5-expert-128","magnet:m6","MAGNET","CRITICAL","1.0","true","1.0","1.0","0.24","0.25","0.0","1.0","0.0","0.2","0.1818","true"
"d2-v5-expert-128","wall:5,3","WALL","IRRELEVANT","0.0","false","0.0","0.0","0.0","0.0","0.0","0.0","0.0","0.0","0.0","true"
"d2-v5-expert-128","wall:5,5","WALL","CRITICAL","1.0","true","1.0","1.0","0.375","0.3333","0.0","1.0","0.0","0.4","0.2","true"
"d2-v5-expert-128","wall:8,4","WALL","IRRELEVANT","0.0","false","0.0","0.0","0.0","0.0","0.0","0.0","0.0","0.0","0.0","true"
"d2-v5-hard-129","arrow:a1","ARROW","MEDIUM","0.2704","false","0.0","0.3333","0.0","0.5","0.5","0.3333","0.0","1.0","0.0","true"
"d2-v5-hard-129","arrow:a2","ARROW","MEDIUM","0.1777","false","0.0","0.3333","0.0","0.5","0.0","0.3333","0.0","0.5","0.0","true"
"d2-v5-hard-129","arrow:a3","ARROW","CRITICAL","0.69","false","0.3333","0.0","1.0","1.0","1.0","1.0","0.0","1.0","0.0","true"
"d2-v5-hard-129","arrow:a4","ARROW","HIGH","0.4575","false","0.0","0.0","0.5","1.0","0.5","1.0","0.0","0.0","0.6667","true"
"d2-v5-hard-129","magnet:m1","MAGNET","MEDIUM","0.3188","false","0.3333","0.3333","0.3043","0.1111","0.3333","0.3333","0.5","0.5","0.375","true"
"d2-v5-hard-129","magnet:m2","MAGNET","IRRELEVANT","0.0167","false","0.0","0.0","0.0","0.0","0.0","0.0","0.1667","0.0","0.0","true"
"d2-v5-hard-129","magnet:m3","MAGNET","MEDIUM","0.2053","false","0.25","0.25","0.0","0.0","0.0","1.0","0.0","0.3333","0.2","true"
"d2-v5-hard-129","magnet:m4","MAGNET","HIGH","0.5191","false","0.25","0.25","0.7143","0.5","0.5","1.0","0.2","0.5","0.8","true"
"d2-v5-hard-129","magnet:m5","MAGNET","MEDIUM","0.1864","false","0.0","0.0","0.1875","0.0","0.5","0.0","0.2","1.0","0.2","true"
"d2-v5-hard-129","wall:2,1","WALL","IRRELEVANT","0.0","false","0.0","0.0","0.0","0.0","0.0","0.0","0.0","0.0","0.0","true"
"d2-v5-hard-129","wall:5,4","WALL","IRRELEVANT","0.0","false","0.0","0.0","0.0","0.0","0.0","0.0","0.0","0.0","0.0","true"
"d2-v5-medium-130","arrow:a1","ARROW","MEDIUM","0.2022","false","0.0","0.0","0.0227","0.5484","0.3333","0.3333","0.0","0.3333","0.0","true"
"d2-v5-medium-130","arrow:a2","ARROW","MEDIUM","0.3229","false","0.25","0.25","0.1538","0.1935","0.0","1.0","0.0","1.0","0.0","true"
"d2-v5-medium-130","arrow:a3","ARROW","MEDIUM","0.2673","false","0.0","0.3333","0.0625","0.7097","0.0","0.6667","0.0","0.6667","0.0","true"
"d2-v5-medium-130","arrow:a4","ARROW","HIGH","0.4375","false","0.0","0.3333","0.3714","0.8065","0.3333","1.0","0.0","0.5","0.2727","true"
"d2-v5-medium-130","arrow:a5","ARROW","HIGH","0.3756","false","0.4","0.4","0.1212","0.0312","0.3333","1.0","0.0","1.0","0.0","true"
"d2-v5-medium-130","arrow:a6","ARROW","HIGH","0.4375","false","0.0","0.3333","0.3714","0.8065","0.3333","1.0","0.0","0.5","0.2727","true"
"d2-v5-medium-130","magnet:m1","MAGNET","MEDIUM","0.2126","false","0.25","0.25","0.1818","0.0968","0.3333","0.0","0.0","1.0","0.2353","true"
"d2-v5-medium-130","magnet:m2","MAGNET","HIGH","0.5229","false","0.25","0.25","0.6226","0.6129","0.3333","1.0","0.25","1.0","0.5882","true"
"d2-v5-medium-130","wall:2,4","WALL","IRRELEVANT","0.0","false","0.0","0.0","0.0","0.0","0.0","0.0","0.0","0.0","0.0","true"
"d2-v5-expert-131","arrow:a1","ARROW","MEDIUM","0.2587","false","0.0","0.0","0.0833","0.5","0.5","0.0","0.0","1.0","0.3333","true"
"d2-v5-expert-131","arrow:a2","ARROW","MEDIUM","0.3467","false","0.3333","0.0","0.3333","0.5","0.5","0.0","0.0","1.0","0.3333","true"
"d2-v5-expert-131","arrow:a3","ARROW","CRITICAL","1.0","true","1.0","1.0","0.2857","0.75","0.5","1.0","0.0","0.0","0.3333","true"
"d2-v5-expert-131","arrow:a4","ARROW","MEDIUM","0.1714","false","0.0","0.3333","0.0","0.5","0.0","0.3333","0.0","0.5","0.0","true"
"d2-v5-expert-131","arrow:a5","ARROW","MEDIUM","0.1684","false","0.0","0.3333","0.0","0.5","0.0","0.3333","0.0","0.5","0.0","true"
"d2-v5-expert-131","magnet:m1","MAGNET","LOW","0.0333","false","0.0","0.0","0.0","0.0","0.0","0.0","0.3333","0.0","0.0","true"
"d2-v5-expert-131","magnet:m2","MAGNET","CRITICAL","1.0","true","1.0","1.0","0.9412","1.0","1.0","1.0","0.3333","1.0","0.8333","true"
"d2-v5-expert-131","magnet:m3","MAGNET","IRRELEVANT","0.0","false","0.0","0.0","0.0","0.0","0.0","0.0","0.0","0.0","0.0","true"
"d2-v5-expert-131","wall:1,3","WALL","CRITICAL","1.0","true","1.0","1.0","0.2632","0.5","0.0","1.0","0.1667","0.2","0.1667","true"
"d2-v5-expert-131","wall:4,2","WALL","IRRELEVANT","0.0196","false","0.0","0.0","0.0","0.0","0.0","0.0","0.1667","0.0","0.0","true"
"d2-v5-easy-132","arrow:a1","ARROW","HIGH","0.6358","false","0.0","0.0","1.0","1.0","1.0","1.0","0.0","0.0","1.0","true"
"d2-v5-easy-132","arrow:a2","ARROW","CRITICAL","0.65","false","0.5","0.0","1.0","1.0","1.0","1.0","0.0","0.0","0.0","true"
"d2-v5-easy-132","arrow:a3","ARROW","MEDIUM","0.1767","false","0.0","0.5","0.0","0.5","0.0","0.5","0.0","0.0","0.0","true"
"d2-v5-easy-132","magnet:m1","MAGNET","CRITICAL","0.7733","false","0.3333","0.3333","1.0","1.0","1.0","1.0","1.0","0.0","1.0","true"
"d2-v5-easy-132","wall:2,2","WALL","HIGH","0.4945","false","0.3333","0.3333","0.5455","0.4286","0.5","1.0","0.5","0.0","0.7143","true"
"d2-v5-easy-132","wall:3,4","WALL","IRRELEVANT","0.0","false","0.0","0.0","0.0","0.0","0.0","0.0","0.0","0.0","0.0","true"
"d2-v5-hard-133","arrow:a1","ARROW","MEDIUM","0.1356","false","0.0","0.0","0.0","0.3333","0.0","0.3333","0.25","0.0","0.0","true"
"d2-v5-hard-133","arrow:a2","ARROW","HIGH","0.3877","false","0.0","0.0","0.2","1.0","0.5","1.0","0.0","0.0","0.2","true"
"d2-v5-hard-133","arrow:a3","ARROW","MEDIUM","0.1678","false","0.5","0.0","0.0","0.3333","0.0","0.3333","0.0","0.0","0.0","true"
"d2-v5-hard-133","arrow:a4","ARROW","LOW","0.0822","false","0.0","0.0","0.0","0.0","0.5","0.0","0.0","0.0","0.0","true"
"d2-v5-hard-133","arrow:a5","ARROW","HIGH","0.5338","false","0.6667","0.3333","0.4286","1.0","0.5","1.0","0.0","0.0","0.0","true"
"d2-v5-hard-133","magnet:m1","MAGNET","HIGH","0.511","false","0.6667","0.0","0.3333","1.0","0.5","1.0","0.5","0.0","0.1429","true"
"d2-v5-hard-133","magnet:m2","MAGNET","MEDIUM","0.2406","false","0.3333","0.3333","0.1579","0.0","0.0","1.0","0.2","0.0","0.0","true"
"d2-v5-hard-133","magnet:m3","MAGNET","HIGH","0.4054","false","0.5","0.5","0.2308","0.75","0.3333","1.0","0.0","0.0","0.2222","true"
"d2-v5-hard-133","wall:3,1","WALL","IRRELEVANT","0.0","false","0.0","0.0","0.0","0.0","0.0","0.0","0.0","0.0","0.0","true"
"d2-v5-hard-133","wall:4,1","WALL","IRRELEVANT","0.0","false","0.0","0.0","0.0","0.0","0.0","0.0","0.0","0.0","0.0","true"
"d2-v5-easy-134","arrow:a1","ARROW","MEDIUM","0.145","false","0.3333","0.0","0.0","0.3333","0.0","0.3333","0.0","0.0","0.0","true"
"d2-v5-easy-134","arrow:a2","ARROW","MEDIUM","0.1325","false","0.0","0.0","0.0","0.3333","0.0","0.3333","0.25","0.0","0.0","true"
"d2-v5-easy-134","arrow:a3","ARROW","HIGH","0.365","false","0.0","0.0","0.25","0.75","0.5","1.0","0.0","0.0","0.0","true"
"d2-v5-easy-134","arrow:a4","ARROW","HIGH","0.4504","false","0.0","0.3333","0.4375","0.875","0.5","1.0","0.0","0.0","0.2","true"
"d2-v5-easy-134","arrow:a5","ARROW","HIGH","0.4504","false","0.0","0.3333","0.4375","0.875","0.5","1.0","0.0","0.0","0.2","true"
"d2-v5-easy-134","magnet:m1","MAGNET","HIGH","0.6331","false","0.5","0.0","0.7241","1.0","0.5","1.0","1.0","0.0","0.5556","true"
"d2-v5-easy-134","wall:2,4","WALL","IRRELEVANT","0.0","false","0.0","0.0","0.0","0.0","0.0","0.0","0.0","0.0","0.0","true"
"d2-v5-easy-134","wall:2,7","WALL","IRRELEVANT","0.0","false","0.0","0.0","0.0","0.0","0.0","0.0","0.0","0.0","0.0","true"
"d2-v5-easy-134","wall:4,4","WALL","MEDIUM","0.3219","false","0.0","0.0","0.3673","0.3846","0.0","1.0","0.5714","0.0","0.5","true"
"d2-v5-easy-134","wall:6,8","WALL","IRRELEVANT","0.0","false","0.0","0.0","0.0","0.0","0.0","0.0","0.0","0.0","0.0","true"
"d2-v5-easy-134","wall:8,2","WALL","IRRELEVANT","0.0","false","0.0","0.0","0.0","0.0","0.0","0.0","0.0","0.0","0.0","true"
"d2-v5-medium-135","arrow:a1","ARROW","CRITICAL","0.69","false","0.3333","0.0","1.0","1.0","1.0","1.0","0.0","1.0","0.0","true"
"d2-v5-medium-135","arrow:a2","ARROW","CRITICAL","0.6917","false","0.0","0.0","1.0","1.0","1.0","1.0","0.0","1.0","1.0","true"
"d2-v5-medium-135","arrow:a3","ARROW","MEDIUM","0.1775","false","0.0","0.3333","0.0","0.5","0.0","0.3333","0.0","0.5","0.0","true"
"d2-v5-medium-135","arrow:a4","ARROW","MEDIUM","0.1775","false","0.0","0.3333","0.0","0.5","0.0","0.3333","0.0","0.5","0.0","true"
"d2-v5-medium-135","magnet:m1","MAGNET","IRRELEVANT","0.0242","false","0.0","0.0","0.0","0.0","0.0","0.0","0.2","0.0","0.0","true"
"d2-v5-medium-135","magnet:m2","MAGNET","MEDIUM","0.325","false","0.25","0.25","0.125","0.5","0.0","1.0","0.0","1.0","0.0","true"
"d2-v5-medium-135","magnet:m3","MAGNET","IRRELEVANT","0.0208","false","0.0","0.0","0.0","0.0","0.0","0.0","0.1667","0.0","0.0","true"
"d2-v5-medium-135","wall:1,2","WALL","MEDIUM","0.3331","false","0.5","0.0","0.4615","0.5","0.0","0.0","0.2","1.0","0.75","true"
"d2-v5-medium-135","wall:2,6","WALL","IRRELEVANT","0.0","false","0.0","0.0","0.0","0.0","0.0","0.0","0.0","0.0","0.0","true"
"d2-v5-medium-135","wall:3,2","WALL","IRRELEVANT","0.0","false","0.0","0.0","0.0","0.0","0.0","0.0","0.0","0.0","0.0","true"
"d2-v5-medium-135","wall:5,3","WALL","IRRELEVANT","0.0","false","0.0","0.0","0.0","0.0","0.0","0.0","0.0","0.0","0.0","true"
"d2-v5-medium-135","wall:5,4","WALL","IRRELEVANT","0.0","false","0.0","0.0","0.0","0.0","0.0","0.0","0.0","0.0","0.0","true"
"d2-v5-expert-136","arrow:a1","ARROW","HIGH","0.4051","false","0.25","0.0","0.3","0.5714","0.5","0.6364","0.1111","0.68","0.2857","true"
"d2-v5-expert-136","arrow:a2","ARROW","CRITICAL","1.0","true","1.0","1.0","0.7097","0.9286","0.5","1.0","0.1111","0.8","0.625","true"
"d2-v5-expert-136","arrow:a3","ARROW","MEDIUM","0.3021","false","0.3333","0.5","0.0312","0.7143","0.0","0.2727","0.0","0.8","0.0","true"
"d2-v5-expert-136","arrow:a4","ARROW","MEDIUM","0.3168","false","0.3333","0.5","0.0","0.7143","0.0","0.2727","0.2222","0.8","0.0","true"
"d2-v5-expert-136","arrow:a5","ARROW","MEDIUM","0.2009","false","0.0","0.25","0.0233","0.619","0.0","0.2727","0.0","0.76","0.0","true"
"d2-v5-expert-136","arrow:a6","ARROW","MEDIUM","0.2129","false","0.0","0.0","0.0811","0.7619","0.0","0.4545","0.0","0.24","0.1667","true"
"d2-v5-expert-136","magnet:m1","MAGNET","MEDIUM","0.2794","false","0.4","0.0","0.3778","0.2619","0.0","0.6364","0.125","0.12","0.3846","true"
"d2-v5-expert-136","magnet:m2","MAGNET","MEDIUM","0.2705","false","0.3333","0.3333","0.1489","0.1923","0.0","1.0","0.1111","0.1667","0.0714","true"
"d2-v5-expert-136","magnet:m3","MAGNET","LOW","0.0633","false","0.0","0.0","0.0625","0.2381","0.0","0.0","0.0","0.24","0.0714","true"
"d2-v5-expert-136","magnet:m4","MAGNET","IRRELEVANT","0.0","false","0.0","0.0","0.0","0.0","0.0","0.0","0.0","0.0","0.0","true"
"d2-v5-expert-136","wall:2,1","WALL","IRRELEVANT","0.0","false","0.0","0.0","0.0","0.0","0.0","0.0","0.0","0.0","0.0","true"
"d2-v5-expert-136","wall:3,5","WALL","MEDIUM","0.1479","false","0.2","0.2","0.125","0.0667","0.0","0.5455","0.0","0.1379","0.0","true"
"d2-v5-expert-136","wall:4,4","WALL","IRRELEVANT","0.0","false","0.0","0.0","0.0","0.0","0.0","0.0","0.0","0.0","0.0","true"
"d2-v5-expert-136","wall:6,5","WALL","IRRELEVANT","0.0","false","0.0","0.0","0.0","0.0","0.0","0.0","0.0","0.0","0.0","true"
"d2-v5-hard-137","arrow:a1","ARROW","MEDIUM","0.1618","false","0.0","0.0","0.0312","0.25","0.0","0.4","0.0","0.4286","0.05","true"
"d2-v5-hard-137","arrow:a2","ARROW","MEDIUM","0.2219","false","0.2","0.2","0.061","0.0326","0.0","0.8667","0.0","0.3214","0.2143","true"
"d2-v5-hard-137","arrow:a3","ARROW","HIGH","0.4075","false","0.5","0.5","0.2903","0.7174","0.0","0.6","0.0","0.6429","0.3043","true"
"d2-v5-hard-137","arrow:a4","ARROW","MEDIUM","0.2132","false","0.25","0.0","0.0811","0.2935","0.0","0.4","0.1538","0.5","0.0833","true"
"d2-v5-hard-137","arrow:a5","ARROW","MEDIUM","0.1938","false","0.25","0.0","0.0375","0.4891","0.0","0.2667","0.0","0.5714","0.037","true"
"d2-v5-hard-137","arrow:a6","ARROW","MEDIUM","0.1955","false","0.0","0.25","0.0256","0.4891","0.0","0.4","0.0","0.5357","0.0","true"
"d2-v5-hard-137","arrow:a7","ARROW","HIGH","0.4076","false","0.3333","0.5","0.4054","0.7174","0.0","0.6","0.0667","0.6429","0.3846","true"
"d2-v5-hard-137","magnet:m1","MAGNET","MEDIUM","0.2583","false","0.0","0.0","0.3474","0.3478","0.0","0.4667","0.1538","1.0","0.303","true"
"d2-v5-hard-137","magnet:m2","MAGNET","CRITICAL","1.0","true","1.0","1.0","0.6064","0.7174","0.0","1.0","0.5","1.0","0.4848","true"
"d2-v5-hard-137","wall:3,5","WALL","IRRELEVANT","0.0","false","0.0","0.0","0.0","0.0","0.0","0.0","0.0","0.0","0.0","true"
"d2-v5-medium-138","arrow:a1","ARROW","HIGH","0.3928","false","0.0","0.25","0.4167","1.0","0.5","0.25","0.0","0.4444","0.5","true"
"d2-v5-medium-138","arrow:a2","ARROW","MEDIUM","0.1533","false","0.0","0.25","0.0","0.5","0.0","0.25","0.0","0.4444","0.0","true"
"d2-v5-medium-138","arrow:a3","ARROW","HIGH","0.4166","false","0.25","0.0","0.2","0.5","0.5","1.0","0.2","1.0","0.0","true"
"d2-v5-medium-138","arrow:a4","ARROW","MEDIUM","0.3292","false","0.0","0.25","0.125","1.0","0.5","0.25","0.0","0.4444","0.0","true"
"d2-v5-medium-138","arrow:a5","ARROW","CRITICAL","1.0","true","1.0","1.0","0.0","0.75","0.5","1.0","0.2","0.8889","0.0","true"
"d2-v5-medium-138","magnet:m1","MAGNET","MEDIUM","0.2905","false","0.2","0.2","0.0909","0.4286","0.0","1.0","0.1667","0.5556","0.1429","true"
"d2-v5-medium-138","magnet:m2","MAGNET","IRRELEVANT","0.0028","false","0.0","0.0","0.0","0.0","0.0","0.0","0.0","0.0","0.0","true"
"d2-v5-medium-138","magnet:m3","MAGNET","MEDIUM","0.2743","false","0.2","0.2","0.1579","0.4286","0.0","1.0","0.1667","0.1111","0.0","true"
"d2-v5-medium-138","magnet:m4","MAGNET","MEDIUM","0.3411","false","0.0","0.0","0.5556","1.0","0.5","0.0","0.1667","0.0","0.6667","true"
"d2-v5-medium-138","wall:4,3","WALL","IRRELEVANT","0.0","false","0.0","0.0","0.0","0.0","0.0","0.0","0.0","0.0","0.0","true"
"d2-v5-expert-139","arrow:a1","ARROW","MEDIUM","0.2617","false","0.0","0.0","0.0833","0.5","0.5","0.0","0.0","1.0","0.3333","true"
"d2-v5-expert-139","arrow:a2","ARROW","MEDIUM","0.305","false","0.3333","0.0","0.1667","0.5","0.5","0.0","0.0","1.0","0.25","true"
"d2-v5-expert-139","arrow:a3","ARROW","CRITICAL","1.0","true","1.0","1.0","0.2222","0.75","0.5","1.0","0.0","0.0","0.2","true"
"d2-v5-expert-139","arrow:a4","ARROW","MEDIUM","0.1742","false","0.0","0.3333","0.0","0.5","0.0","0.3333","0.0","0.5","0.0","true"
"d2-v5-expert-139","arrow:a5","ARROW","MEDIUM","0.1692","false","0.0","0.3333","0.0","0.5","0.0","0.3333","0.0","0.5","0.0","true"
"d2-v5-expert-139","magnet:m1","MAGNET","IRRELEVANT","0.02","false","0.0","0.0","0.0","0.0","0.0","0.0","0.2","0.0","0.0","true"
"d2-v5-expert-139","magnet:m2","MAGNET","CRITICAL","1.0","true","1.0","1.0","0.8947","1.0","1.0","1.0","0.0","1.0","0.75","true"
"d2-v5-expert-139","magnet:m3","MAGNET","IRRELEVANT","0.0","false","0.0","0.0","0.0","0.0","0.0","0.0","0.0","0.0","0.0","true"
"d2-v5-expert-139","wall:4,1","WALL","CRITICAL","1.0","true","1.0","1.0","0.2857","0.5","0.0","1.0","0.2","0.2","0.0","true"
"d2-v5-expert-139","wall:4,5","WALL","IRRELEVANT","0.0","false","0.0","0.0","0.0","0.0","0.0","0.0","0.0","0.0","0.0","true"
"d2-v5-expert-139","wall:5,3","WALL","LOW","0.1047","false","0.0","0.0","0.1923","0.2","0.0","0.25","0.0","0.0","0.2222","true"
"d2-v5-easy-140","arrow:a1","ARROW","MEDIUM","0.3491","false","0.3333","0.0","0.2727","0.75","0.0","1.0","0.0","0.0","0.0","true"
"d2-v5-easy-140","arrow:a2","ARROW","MEDIUM","0.2178","false","0.0","0.3333","0.0833","0.75","0.0","0.3333","0.0","0.0","0.0","true"
"d2-v5-easy-140","arrow:a3","ARROW","MEDIUM","0.3127","false","0.0","0.0","0.2","0.75","0.0","1.0","0.0","0.0","0.3333","true"
"d2-v5-easy-140","arrow:a4","ARROW","MEDIUM","0.2178","false","0.0","0.3333","0.0833","0.75","0.0","0.3333","0.0","0.0","0.0","true"
"d2-v5-easy-140","magnet:m1","MAGNET","HIGH","0.3754","false","0.25","0.25","0.5556","0.5","0.0","1.0","0.0","0.0","0.6","true"
"d2-v5-easy-140","magnet:m2","MAGNET","MEDIUM","0.1554","false","0.0","0.0","0.3333","0.5","0.0","0.0","0.0","0.0","0.4","true"
"d2-v5-easy-140","wall:5,2","WALL","IRRELEVANT","0.0","false","0.0","0.0","0.0","0.0","0.0","0.0","0.0","0.0","0.0","true"
"d2-v5-easy-140","wall:5,3","WALL","IRRELEVANT","0.0","false","0.0","0.0","0.0","0.0","0.0","0.0","0.0","0.0","0.0","true"
"d2-v5-easy-140","wall:8,4","WALL","MEDIUM","0.2061","false","0.25","0.25","0.1579","0.0","0.0","1.0","0.0","0.0","0.0","true"
"d2-v5-hard-141","arrow:a1","ARROW","MEDIUM","0.143","false","0.0","0.3333","0.0","0.5","0.0","0.25","0.0","0.0","0.0","true"
"d2-v5-hard-141","arrow:a2","ARROW","MEDIUM","0.1363","false","0.3333","0.0","0.0","0.3333","0.0","0.25","0.0","0.0","0.0","true"
"d2-v5-hard-141","arrow:a3","ARROW","HIGH","0.3667","false","0.0","0.0","0.3333","1.0","0.0","1.0","0.0","0.0","0.3333","true"
"d2-v5-hard-141","arrow:a4","ARROW","LOW","0.0937","false","0.0","0.0","0.0","0.3333","0.0","0.25","0.0","0.0","0.0","true"
"d2-v5-hard-141","arrow:a5","ARROW","HIGH","0.4618","false","0.3333","0.0","0.6667","1.0","0.0","1.0","0.0","0.0","0.5","true"
"d2-v5-hard-141","magnet:m1","MAGNET","MEDIUM","0.1371","false","0.5","0.0","0.1053","0.0","0.0","0.0","0.3333","0.0","0.2857","true"
"d2-v5-hard-141","magnet:m2","MAGNET","IRRELEVANT","0.0","false","0.0","0.0","0.0","0.0","0.0","0.0","0.0","0.0","0.0","true"
"d2-v5-hard-141","magnet:m3","MAGNET","IRRELEVANT","0.0026","false","0.0","0.0","0.0","0.0","0.0","0.0","0.0","0.0","0.0","true"
"d2-v5-hard-141","magnet:m4","MAGNET","MEDIUM","0.1884","false","0.0","0.0","0.2759","0.3333","0.5","0.0","0.25","0.0","0.2222","true"
"d2-v5-hard-141","wall:2,5","WALL","MEDIUM","0.2113","false","0.25","0.25","0.2","0.0","0.0","1.0","0.0","0.0","0.0","true"
"d2-v5-easy-142","arrow:a1","ARROW","HIGH","0.64","false","0.0","0.0","1.0","1.0","1.0","1.0","0.0","0.0","1.0","true"
"d2-v5-easy-142","arrow:a2","ARROW","MEDIUM","0.1445","false","0.0","0.3333","0.0","0.5","0.0","0.3333","0.0","0.0","0.0","true"
"d2-v5-easy-142","arrow:a3","ARROW","MEDIUM","0.141","false","0.0","0.3333","0.0","0.5","0.0","0.3333","0.0","0.0","0.0","true"
"d2-v5-easy-142","arrow:a4","ARROW","HIGH","0.6264","false","0.3333","0.0","1.0","1.0","1.0","1.0","0.0","0.0","0.0","true"
"d2-v5-easy-142","magnet:m1","MAGNET","CRITICAL","0.6876","false","0.25","0.25","1.0","1.0","1.0","1.0","0.3333","0.0","1.0","true"
"d2-v5-easy-142","magnet:m2","MAGNET","CRITICAL","1.0","true","1.0","1.0","0.1667","0.5","0.0","1.0","0.3333","0.0","0.25","true"
"d2-v5-easy-142","magnet:m3","MAGNET","IRRELEVANT","0.0","false","0.0","0.0","0.0","0.0","0.0","0.0","0.0","0.0","0.0","true"
"d2-v5-easy-142","wall:2,6","WALL","IRRELEVANT","0.0","false","0.0","0.0","0.0","0.0","0.0","0.0","0.0","0.0","0.0","true"
"d2-v5-easy-142","wall:4,3","WALL","LOW","0.0388","false","0.0","0.0","0.0833","0.0","0.0","0.0","0.0","0.0","0.3333","true"
"d2-v5-easy-142","wall:4,7","WALL","MEDIUM","0.2502","false","0.25","0.25","0.3333","0.0","0.0","1.0","0.0","0.0","0.3333","true"
"d2-v5-easy-142","wall:5,5","WALL","IRRELEVANT","0.0","false","0.0","0.0","0.0","0.0","0.0","0.0","0.0","0.0","0.0","true"
"d2-v5-easy-142","wall:6,1","WALL","IRRELEVANT","0.0","false","0.0","0.0","0.0","0.0","0.0","0.0","0.0","0.0","0.0","true"
"d2-v5-medium-143","arrow:a1","ARROW","MEDIUM","0.2527","false","0.25","0.25","0.3571","0.25","0.0","0.5","0.0","0.0","0.2857","true"
"d2-v5-medium-143","arrow:a2","ARROW","MEDIUM","0.3279","false","0.25","0.25","0.6071","0.25","0.0","0.5","0.0","0.0","0.5714","true"
"d2-v5-medium-143","arrow:a3","ARROW","MEDIUM","0.1403","false","0.0","0.3333","0.0","0.5","0.0","0.3333","0.0","0.0","0.0","true"
"d2-v5-medium-143","arrow:a4","ARROW","CRITICAL","1.0","true","1.0","1.0","0.8571","1.0","1.0","1.0","0.25","0.0","0.5714","true"
"d2-v5-medium-143","arrow:a5","ARROW","MEDIUM","0.3077","false","0.0","0.0","0.0","0.6667","0.5","1.0","0.0","0.0","0.0","true"
"d2-v5-medium-143","arrow:a6","ARROW","MEDIUM","0.1403","false","0.0","0.3333","0.0","0.5","0.0","0.3333","0.0","0.0","0.0","true"
"d2-v5-medium-143","magnet:m1","MAGNET","CRITICAL","1.0","true","1.0","1.0","0.9167","1.0","1.0","1.0","1.0","0.0","0.7778","true"
"d2-v5-medium-143","wall:2,3","WALL","MEDIUM","0.2783","false","0.25","0.25","0.4222","0.5714","0.0","0.5","0.0","0.0","0.3846","true"
"d2-v5-expert-144","arrow:a1","ARROW","HIGH","0.491","false","0.3333","0.3333","0.3333","1.0","0.0","1.0","0.1429","1.0","0.0","true"
"d2-v5-expert-144","arrow:a2","ARROW","CRITICAL","1.0","true","1.0","1.0","0.3077","1.0","0.0","1.0","0.1429","0.8889","0.1667","true"
"d2-v5-expert-144","arrow:a3","ARROW","MEDIUM","0.1207","false","0.5","0.0","0.0","0.0","0.0","0.2","0.0","0.2222","0.0","true"
"d2-v5-expert-144","arrow:a4","ARROW","MEDIUM","0.174","false","0.0","0.5","0.0","0.5","0.0","0.2","0.0","0.4444","0.0","true"
"d2-v5-expert-144","arrow:a5","ARROW","MEDIUM","0.2502","false","0.3333","0.3333","0.0714","0.5","0.0","0.2","0.3333","0.0","0.2","true"
"d2-v5-expert-144","arrow:a6","ARROW","MEDIUM","0.2098","false","0.3333","0.3333","0.0","0.5","0.0","0.2","0.125","0.0","0.0","true"
"d2-v5-expert-144","magnet:m1","MAGNET","HIGH","0.4145","false","0.5","0.5","0.1905","0.8333","0.0","1.0","0.2857","0.25","0.0","true"
"d2-v5-expert-144","magnet:m2","MAGNET","HIGH","0.3511","false","0.0","0.0","0.3125","0.8","0.0","1.0","0.2222","0.5556","0.3333","true"
"d2-v5-expert-144","magnet:m3","MAGNET","IRRELEVANT","0.0","false","0.0","0.0","0.0","0.0","0.0","0.0","0.0","0.0","0.0","true"
"d2-v5-expert-144","magnet:m4","MAGNET","IRRELEVANT","0.0111","false","0.0","0.0","0.0","0.0","0.0","0.0","0.1111","0.0","0.0","true"
"d2-v5-expert-144","wall:5,1","WALL","MEDIUM","0.2938","false","0.3333","0.3333","0.0","0.8","0.5","0.0","0.2727","0.5714","0.125","true"
"d2-v5-expert-144","wall:6,5","WALL","MEDIUM","0.2595","false","0.3333","0.3333","0.2381","0.0","0.0","1.0","0.2","0.0","0.0","true"
"d2-v5-hard-145","arrow:a1","ARROW","HIGH","0.6364","false","0.0","0.0","1.0","1.0","1.0","1.0","0.0","0.0","1.0","true"
"d2-v5-hard-145","arrow:a2","ARROW","MEDIUM","0.1445","false","0.0","0.3333","0.0","0.5","0.0","0.3333","0.0","0.0","0.0","true"
"d2-v5-hard-145","arrow:a3","ARROW","HIGH","0.63","false","0.3333","0.0","1.0","1.0","1.0","1.0","0.0","0.0","0.0","true"
"d2-v5-hard-145","arrow:a4","ARROW","MEDIUM","0.1445","false","0.0","0.3333","0.0","0.5","0.0","0.3333","0.0","0.0","0.0","true"
"d2-v5-hard-145","magnet:m1","MAGNET","CRITICAL","1.0","true","1.0","1.0","0.9","1.0","1.0","1.0","0.5","1.0","0.6667","true"
"d2-v5-hard-145","magnet:m2","MAGNET","IRRELEVANT","0.02","false","0.0","0.0","0.0","0.0","0.0","0.0","0.2","0.0","0.0","true"
"d2-v5-hard-145","magnet:m3","MAGNET","IRRELEVANT","0.0","false","0.0","0.0","0.0","0.0","0.0","0.0","0.0","0.0","0.0","true"
"d2-v5-hard-145","magnet:m4","MAGNET","IRRELEVANT","0.0036","false","0.0","0.0","0.0","0.0","0.0","0.0","0.0","0.0","0.0","true"
"d2-v5-hard-145","magnet:m5","MAGNET","MEDIUM","0.2262","false","0.25","0.25","0.2727","0.0","0.0","1.0","0.0","0.0","0.0","true"
"d2-v5-hard-145","wall:2,2","WALL","IRRELEVANT","0.0236","false","0.0","0.0","0.0","0.0","0.0","0.0","0.2","0.0","0.0","true"
"d2-v5-medium-146","arrow:a1","ARROW","CRITICAL","1.0","true","1.0","1.0","0.7","0.8571","0.5","1.0","0.2857","0.9167","0.5714","true"
"d2-v5-medium-146","arrow:a2","ARROW","MEDIUM","0.3478","false","0.0","0.25","0.2609","0.7143","0.0","0.6","0.3333","1.0","0.1538","true"
"d2-v5-medium-146","arrow:a3","ARROW","HIGH","0.3719","false","0.0","0.0","0.2258","0.4286","0.5","1.0","0.1429","0.6667","0.0","true"
"d2-v5-medium-146","arrow:a4","ARROW","HIGH","0.3583","false","0.0","0.25","0.1842","0.7857","0.5","0.7","0.0","0.5","0.0909","true"
"d2-v5-medium-146","arrow:a5","ARROW","MEDIUM","0.1804","false","0.0","0.25","0.0","0.5","0.0","0.3","0.0","0.5833","0.0","true"
"d2-v5-medium-146","arrow:a6","ARROW","HIGH","0.3583","false","0.0","0.25","0.1842","0.7857","0.5","0.7","0.0","0.5","0.0909","true"
"d2-v5-medium-146","magnet:m1","MAGNET","MEDIUM","0.3021","false","0.2","0.2","0.4231","0.125","0.0","0.2","0.5","1.0","0.5333","true"
"d2-v5-medium-146","magnet:m2","MAGNET","HIGH","0.5142","false","0.0","0.0","0.7308","0.7143","0.5","1.0","0.1667","1.0","0.6","true"
"d2-v5-medium-146","wall:5,4","WALL","MEDIUM","0.2926","false","0.2","0.2","0.1296","0.3778","0.3333","1.0","0.0","0.2941","0.0667","true"
"d2-v5-expert-147","arrow:a1","ARROW","HIGH","0.3801","false","0.3333","0.3333","0.15","0.4","0.5","0.5556","0.1429","1.0","0.0","true"
"d2-v5-expert-147","arrow:a2","ARROW","CRITICAL","1.0","true","1.0","1.0","0.6429","1.0","0.5","1.0","0.1429","0.8571","0.25","true"
"d2-v5-expert-147","arrow:a3","ARROW","MEDIUM","0.3054","false","0.0","0.0","0.15","0.9","0.5","0.5556","0.0","0.0","0.25","true"
"d2-v5-expert-147","arrow:a4","ARROW","MEDIUM","0.1486","false","0.5","0.0","0.0","0.2","0.0","0.2222","0.0","0.2857","0.0","true"
"d2-v5-expert-147","arrow:a5","ARROW","MEDIUM","0.167","false","0.0","0.5","0.0","0.5","0.0","0.2222","0.0","0.4286","0.0","true"
"d2-v5-expert-147","arrow:a6","ARROW","CRITICAL","1.0","true","1.0","1.0","0.3913","0.6","0.0","1.0","0.0","0.1429","0.1429","true"
"d2-v5-expert-147","magnet:m1","MAGNET","HIGH","0.421","false","0.6667","0.6667","0.2414","0.6429","0.0","1.0","0.1667","0.125","0.125","true"
"d2-v5-expert-147","magnet:m2","MAGNET","HIGH","0.4051","false","0.5","0.5","0.1429","0.1","0.5","1.0","0.5","0.2222","0.2308","true"
"d2-v5-expert-147","magnet:m3","MAGNET","IRRELEVANT","0.0","false","0.0","0.0","0.0","0.0","0.0","0.0","0.0","0.0","0.0","true"
"d2-v5-expert-147","magnet:m4","MAGNET","IRRELEVANT","0.0021","false","0.0","0.0","0.0","0.0","0.0","0.0","0.0","0.0","0.0","true"
"d2-v5-expert-147","wall:3,7","WALL","IRRELEVANT","0.0","false","0.0","0.0","0.0","0.0","0.0","0.0","0.0","0.0","0.0","true"
"d2-v5-expert-147","wall:4,7","WALL","IRRELEVANT","0.0","false","0.0","0.0","0.0","0.0","0.0","0.0","0.0","0.0","0.0","true"
"d2-v5-easy-148","arrow:a1","ARROW","MEDIUM","0.2389","false","0.6667","0.0","0.0","0.5","0.5","0.0","0.0","0.0","0.0","true"
"d2-v5-easy-148","arrow:a2","ARROW","MEDIUM","0.3121","false","0.5","0.0","0.3636","0.5","0.5","0.0","0.0","0.0","0.3333","true"
"d2-v5-easy-148","arrow:a3","ARROW","HIGH","0.3825","false","0.0","0.0","0.2857","0.75","0.5","1.0","0.0","0.0","0.3333","true"
"d2-v5-easy-148","arrow:a4","ARROW","MEDIUM","0.1739","false","0.0","0.5","0.0","0.5","0.0","0.5","0.0","0.0","0.0","true"
"d2-v5-easy-148","magnet:m1","MAGNET","CRITICAL","0.6567","false","0.3333","0.3333","0.7647","1.0","0.5","1.0","1.0","0.0","0.7143","true"
"d2-v5-easy-148","wall:2,1","WALL","IRRELEVANT","0.0","false","0.0","0.0","0.0","0.0","0.0","0.0","0.0","0.0","0.0","true"
"d2-v5-easy-148","wall:2,5","WALL","MEDIUM","0.3103","false","0.3333","0.3333","0.4062","0.3846","0.0","0.5","0.3333","0.0","0.4545","true"
"d2-v5-easy-148","wall:3,2","WALL","IRRELEVANT","0.0","false","0.0","0.0","0.0","0.0","0.0","0.0","0.0","0.0","0.0","true"
"d2-v5-easy-148","wall:5,2","WALL","IRRELEVANT","0.0","false","0.0","0.0","0.0","0.0","0.0","0.0","0.0","0.0","0.0","true"
"d2-v5-easy-148","wall:5,5","WALL","IRRELEVANT","0.0","false","0.0","0.0","0.0","0.0","0.0","0.0","0.0","0.0","0.0","true"
"d2-v5-hard-149","arrow:a1","ARROW","MEDIUM","0.2354","false","0.0","0.3333","0.0","0.5","0.0","0.3333","0.3333","1.0","0.0","true"
"d2-v5-hard-149","arrow:a2","ARROW","HIGH","0.64","false","0.0","0.0","1.0","1.0","1.0","1.0","0.0","0.0","1.0","true"
"d2-v5-hard-149","arrow:a3","ARROW","MEDIUM","0.1382","false","0.0","0.3333","0.0","0.5","0.0","0.3333","0.0","0.0","0.0","true"
"d2-v5-hard-149","arrow:a4","ARROW","HIGH","0.63","false","0.3333","0.0","1.0","1.0","1.0","1.0","0.0","0.0","0.0","true"
"d2-v5-hard-149","magnet:m1","MAGNET","MEDIUM","0.2518","false","0.25","0.25","0.2727","0.0","0.0","1.0","0.25","0.0","0.0","true"
"d2-v5-hard-149","magnet:m2","MAGNET","HIGH","0.6077","false","0.5","0.0","0.6","1.0","0.0","1.0","1.0","1.0","0.3333","true"
"d2-v5-hard-149","magnet:m3","MAGNET","HIGH","0.5012","false","0.25","0.25","0.4545","0.6","0.5","1.0","0.25","1.0","0.5714","true"
"d2-v5-hard-149","wall:6,5","WALL","IRRELEVANT","0.0","false","0.0","0.0","0.0","0.0","0.0","0.0","0.0","0.0","0.0","true"
"d2-v5-easy-150","arrow:a1","ARROW","MEDIUM","0.1367","false","0.0","0.3333","0.0","0.5","0.0","0.25","0.0","0.0","0.0","true"
"d2-v5-easy-150","arrow:a2","ARROW","HIGH","0.3667","false","0.0","0.0","0.3333","1.0","0.0","1.0","0.0","0.0","0.3333","true"
"d2-v5-easy-150","arrow:a3","ARROW","MEDIUM","0.14","false","0.3333","0.0","0.0","0.3333","0.0","0.25","0.0","0.0","0.0","true"
"d2-v5-easy-150","arrow:a4","ARROW","HIGH","0.4167","false","0.3333","0.0","0.5","1.0","0.0","1.0","0.0","0.0","0.0","true"
"d2-v5-easy-150","arrow:a5","ARROW","LOW","0.1","false","0.0","0.0","0.0","0.3333","0.0","0.25","0.0","0.0","0.0","true"
"d2-v5-easy-150","magnet:m1","MAGNET","HIGH","0.5653","false","0.25","0.25","0.7333","1.0","0.0","1.0","1.0","0.0","0.6","true"
"d2-v5-easy-150","wall:4,5","WALL","MEDIUM","0.2217","false","0.25","0.25","0.25","0.0","0.0","1.0","0.0","0.0","0.0","true"
"d2-v5-easy-150","wall:6,4","WALL","HIGH","0.4232","false","0.25","0.25","0.3462","0.6","0.5","1.0","0.3333","0.0","0.4444","true"
"d2-v5-easy-150","wall:6,6","WALL","IRRELEVANT","0.025","false","0.0","0.0","0.0","0.0","0.0","0.0","0.25","0.0","0.0","true"
"d2-v5-easy-150","wall:6,7","WALL","IRRELEVANT","0.025","false","0.0","0.0","0.0","0.0","0.0","0.0","0.25","0.0","0.0","true"
"d2-v5-easy-150","wall:8,2","WALL","IRRELEVANT","0.0","false","0.0","0.0","0.0","0.0","0.0","0.0","0.0","0.0","0.0","true"
"d2-v5-medium-151","arrow:a1","ARROW","MEDIUM","0.2206","false","0.0","0.3333","0.0","0.5","0.0","0.3333","0.2","1.0","0.0","true"
"d2-v5-medium-151","arrow:a2","ARROW","HIGH","0.4533","false","0.3333","0.0","0.4286","1.0","0.5","1.0","0.0","0.0","0.0","true"
"d2-v5-medium-151","arrow:a3","ARROW","LOW","0.0822","false","0.0","0.0","0.0","0.0","0.5","0.0","0.0","0.0","0.0","true"
"d2-v5-medium-151","arrow:a4","ARROW","CRITICAL","0.69","false","0.25","0.25","1.0","1.0","1.0","1.0","0.0","0.0","1.0","true"
"d2-v5-medium-151","arrow:a5","ARROW","MEDIUM","0.1433","false","0.0","0.3333","0.0","0.5","0.0","0.3333","0.0","0.0","0.0","true"
"d2-v5-medium-151","magnet:m1","MAGNET","HIGH","0.5597","false","0.25","0.25","0.7143","1.0","0.5","1.0","0.4","0.0","0.6","true"
"d2-v5-medium-151","magnet:m2","MAGNET","MEDIUM","0.2796","false","0.0","0.0","0.36","0.6667","0.0","0.25","0.25","1.0","0.2857","true"
"d2-v5-medium-151","magnet:m3","MAGNET","MEDIUM","0.2544","false","0.3333","0.3333","0.2381","0.3333","0.0","0.0","0.25","1.0","0.2857","true"
"d2-v5-medium-151","wall:4,3","WALL","LOW","0.0434","false","0.0","0.0","0.1176","0.0","0.0","0.0","0.0","0.0","0.3333","true"
"d2-v5-expert-152","arrow:a1","ARROW","HIGH","0.3638","false","0.3333","0.0","0.1429","0.5","0.5","0.5714","0.2","1.0","0.0","true"
"d2-v5-expert-152","arrow:a2","ARROW","CRITICAL","1.0","true","1.0","1.0","0.8","1.0","1.0","1.0","0.2","0.8","0.0","true"
"d2-v5-expert-152","arrow:a3","ARROW","HIGH","0.3617","false","0.0","0.0","0.3","1.0","0.5","0.5714","0.0","0.0","0.5","true"
"d2-v5-expert-152","arrow:a4","ARROW","MEDIUM","0.1609","false","0.0","0.3333","0.0","0.5","0.0","0.2857","0.0","0.4","0.0","true"
"d2-v5-expert-152","arrow:a5","ARROW","MEDIUM","0.1586","false","0.0","0.3333","0.0","0.5","0.0","0.2857","0.0","0.4","0.0","true"
"d2-v5-expert-152","magnet:m1","MAGNET","MEDIUM","0.2314","false","0.5","0.0","0.1304","0.2","0.0","0.5714","0.2","0.2","0.2857","true"
"d2-v5-expert-152","magnet:m2","MAGNET","HIGH","0.5255","false","0.4","0.4","0.4211","0.5","0.5","1.0","0.625","0.6154","0.3333","true"
"d2-v5-expert-152","magnet:m3","MAGNET","IRRELEVANT","0.0","false","0.0","0.0","0.0","0.0","0.0","0.0","0.0","0.0","0.0","true"
"d2-v5-expert-152","wall:2,2","WALL","MEDIUM","0.213","false","0.3333","0.3333","0.3226","0.3333","0.0","0.125","0.1429","0.0","0.3333","true"
"d2-v5-expert-152","wall:4,4","WALL","MEDIUM","0.133","false","0.25","0.25","0.15","0.0","0.0","0.4286","0.0","0.0","0.0","true"
"d2-v5-hard-153","arrow:a1","ARROW","MEDIUM","0.2122","false","0.0","0.25","0.0","0.6471","0.0","0.25","0.0","0.75","0.0","true"
"d2-v5-hard-153","arrow:a2","ARROW","MEDIUM","0.2888","false","0.0","0.0","0.1154","0.7647","0.0","1.0","0.0","0.25","0.2","true"
"d2-v5-hard-153","arrow:a3","ARROW","MEDIUM","0.2463","false","0.0","0.25","0.12","0.6471","0.0","0.25","0.0","0.75","0.125","true"
"d2-v5-hard-153","arrow:a4","ARROW","MEDIUM","0.3468","false","0.0","0.25","0.2381","0.5882","0.5","0.25","0.1667","0.6667","0.3333","true"
"d2-v5-hard-153","arrow:a5","ARROW","HIGH","0.6037","false","0.25","0.0","0.8261","0.8824","0.5","1.0","0.1667","0.5833","0.8333","true"
"d2-v5-hard-153","magnet:m1","MAGNET","MEDIUM","0.3381","false","0.2","0.2","0.3333","0.1765","0.0","1.0","0.0","1.0","0.3636","true"
"d2-v5-hard-153","magnet:m2","MAGNET","MEDIUM","0.2701","false","0.2","0.2","0.0278","0.15","0.0","1.0","0.1667","1.0","0.0","true"
"d2-v5-hard-153","wall:4,2","WALL","IRRELEVANT","0.0","false","0.0","0.0","0.0","0.0","0.0","0.0","0.0","0.0","0.0","true"
"d2-v5-medium-154","arrow:a1","ARROW","CRITICAL","0.65","false","0.5","0.0","1.0","1.0","1.0","1.0","0.0","0.0","0.0","true"
"d2-v5-medium-154","arrow:a2","ARROW","HIGH","0.6358","false","0.0","0.0","1.0","1.0","1.0","1.0","0.0","0.0","1.0","true"
"d2-v5-medium-154","arrow:a3","ARROW","MEDIUM","0.1767","false","0.0","0.5","0.0","0.5","0.0","0.5","0.0","0.0","0.0","true"
"d2-v5-medium-154","magnet:m1","MAGNET","CRITICAL","0.7733","false","0.3333","0.3333","1.0","1.0","1.0","1.0","1.0","0.0","1.0","true"
"d2-v5-medium-154","wall:4,3","WALL","HIGH","0.4945","false","0.3333","0.3333","0.5455","0.4286","0.5","1.0","0.5","0.0","0.7143","true"
"d2-v5-medium-154","wall:5,2","WALL","IRRELEVANT","0.0","false","0.0","0.0","0.0","0.0","0.0","0.0","0.0","0.0","0.0","true"
"d2-v5-expert-155","arrow:a1","ARROW","CRITICAL","0.72","false","0.25","0.25","1.0","1.0","1.0","1.0","0.2","1.0","0.0","true"
"d2-v5-expert-155","arrow:a2","ARROW","CRITICAL","1.0","true","1.0","1.0","0.8","1.0","1.0","1.0","0.2","0.8889","0.5","true"
"d2-v5-expert-155","arrow:a3","ARROW","CRITICAL","1.0","true","1.0","1.0","0.4444","1.0","0.0","1.0","0.0","0.4444","0.0","true"
"d2-v5-expert-155","arrow:a4","ARROW","MEDIUM","0.1621","false","0.0","0.3333","0.0","0.5","0.0","0.25","0.0","0.4444","0.0","true"
"d2-v5-expert-155","arrow:a5","ARROW","MEDIUM","0.159","false","0.0","0.3333","0.0","0.5","0.0","0.25","0.0","0.4444","0.0","true"
"d2-v5-expert-155","magnet:m1","MAGNET","HIGH","0.4764","false","0.4","0.4","0.6364","0.5","0.0","1.0","0.4","0.1111","0.6667","true"
"d2-v5-expert-155","magnet:m2","MAGNET","HIGH","0.36","false","0.25","0.25","0.1875","0.75","0.0","1.0","0.1667","0.5556","0.2","true"
"d2-v5-expert-155","magnet:m3","MAGNET","IRRELEVANT","0.0143","false","0.0","0.0","0.0","0.0","0.0","0.0","0.1429","0.0","0.0","true"
"d2-v5-expert-155","magnet:m4","MAGNET","IRRELEVANT","0.0031","false","0.0","0.0","0.0","0.0","0.0","0.0","0.0","0.0","0.0","true"
"d2-v5-expert-155","wall:1,4","WALL","IRRELEVANT","0.0","false","0.0","0.0","0.0","0.0","0.0","0.0","0.0","0.0","0.0","true"
"d2-v5-expert-155","wall:7,3","WALL","IRRELEVANT","0.0","false","0.0","0.0","0.0","0.0","0.0","0.0","0.0","0.0","0.0","true"
"d2-v5-hard-156","arrow:a1","ARROW","MEDIUM","0.1481","false","0.0","0.3333","0.0","0.5","0.0","0.3333","0.0","0.0","0.0","true"
"d2-v5-hard-156","arrow:a2","ARROW","MEDIUM","0.2212","false","0.0","0.3333","0.0","0.5","0.0","0.3333","0.1667","1.0","0.0","true"
"d2-v5-hard-156","arrow:a3","ARROW","HIGH","0.64","false","0.0","0.0","1.0","1.0","1.0","1.0","0.0","0.0","1.0","true"
"d2-v5-hard-156","arrow:a4","ARROW","HIGH","0.6264","false","0.3333","0.0","1.0","1.0","1.0","1.0","0.0","0.0","0.0","true"
"d2-v5-hard-156","magnet:m1","MAGNET","IRRELEVANT","0.0143","false","0.0","0.0","0.0","0.0","0.0","0.0","0.1429","0.0","0.0","true"
"d2-v5-hard-156","magnet:m2","MAGNET","LOW","0.1143","false","0.0","0.0","0.0","0.0","0.0","0.0","0.4","1.0","0.0","true"
"d2-v5-hard-156","magnet:m3","MAGNET","MEDIUM","0.2299","false","0.0","0.0","0.4","0.5","0.0","0.0","0.1429","1.0","0.4","true"
"d2-v5-hard-156","magnet:m4","MAGNET","MEDIUM","0.2605","false","0.25","0.25","0.2","0.0","0.0","1.0","0.2","0.0","0.3333","true"
"d2-v5-hard-156","wall:5,4","WALL","MEDIUM","0.2262","false","0.25","0.25","0.2727","0.0","0.0","1.0","0.0","0.0","0.0","true"
"d2-v5-hard-157","arrow:a1","ARROW","MEDIUM","0.2264","false","0.3333","0.0","0.0","0.5","0.0","0.25","0.0","1.0","0.0","true"
"d2-v5-hard-157","arrow:a2","ARROW","MEDIUM","0.3024","false","0.0","0.0","0.1111","0.75","0.0","1.0","0.0","0.5","0.1667","true"
"d2-v5-hard-157","arrow:a3","ARROW","MEDIUM","0.3172","false","0.0","0.3333","0.2381","0.8125","0.0","0.25","0.2","1.0","0.1667","true"
"d2-v5-hard-157","arrow:a4","ARROW","MEDIUM","0.274","false","0.0","0.0","0.3","0.5","0.0","0.25","0.0","1.0","0.4","true"
"d2-v5-hard-157","arrow:a5","ARROW","MEDIUM","0.3478","false","0.3333","0.0","0.2","0.75","0.0","1.0","0.0","0.5","0.0","true"
"d2-v5-hard-157","magnet:m1","MAGNET","MEDIUM","0.232","false","0.0","0.0","0.3462","0.625","0.0","0.0","0.0","1.0","0.375","true"
"d2-v5-hard-157","magnet:m2","MAGNET","MEDIUM","0.3478","false","0.25","0.25","0.4074","0.5","0.0","1.0","0.1667","0.0","0.375","true"
"d2-v5-hard-157","magnet:m3","MAGNET","MEDIUM","0.2145","false","0.25","0.25","0.1429","0.0","0.0","1.0","0.1429","0.0","0.0","true"
"d2-v5-hard-157","wall:3,1","WALL","IRRELEVANT","0.0","false","0.0","0.0","0.0","0.0","0.0","0.0","0.0","0.0","0.0","true"
"d2-v5-expert-158","arrow:a1","ARROW","MEDIUM","0.1705","false","0.3333","0.3333","0.0","0.0667","0.0","0.3333","0.0","0.5","0.0","true"
"d2-v5-expert-158","arrow:a2","ARROW","MEDIUM","0.274","false","0.0","0.0","0.1429","0.7333","0.0","1.0","0.0","0.0","0.0","true"
"d2-v5-expert-158","arrow:a3","ARROW","MEDIUM","0.2195","false","0.3333","0.3333","0.0976","0.0667","0.0","0.3333","0.2857","0.5","0.1538","true"
"d2-v5-expert-158","arrow:a4","ARROW","MEDIUM","0.3286","false","0.0","0.0","0.2941","0.6","0.3333","0.3333","0.0","1.0","0.2727","true"
"d2-v5-expert-158","arrow:a5","ARROW","HIGH","0.4711","false","0.0","0.5","0.4516","0.9","0.0","1.0","0.1429","1.0","0.2727","true"
"d2-v5-expert-158","arrow:a6","ARROW","MEDIUM","0.2262","false","0.6667","0.3333","0.0","0.2","0.0","0.0","0.0","1.0","0.0","true"
"d2-v5-expert-158","magnet:m1","MAGNET","IRRELEVANT","0.0125","false","0.0","0.0","0.0","0.0","0.0","0.0","0.125","0.0","0.0","true"
"d2-v5-expert-158","magnet:m2","MAGNET","CRITICAL","1.0","true","1.0","1.0","0.7674","1.0","0.5","1.0","0.2","1.0","0.6","true"
"d2-v5-expert-158","magnet:m3","MAGNET","IRRELEVANT","0.0","false","0.0","0.0","0.0","0.0","0.0","0.0","0.0","0.0","0.0","true"
"d2-v5-expert-158","magnet:m4","MAGNET","MEDIUM","0.1743","false","0.3333","0.3333","0.0851","0.3182","0.0","0.0","0.1429","0.5","0.1333","true"
"d2-v5-expert-158","wall:1,6","WALL","MEDIUM","0.2877","false","0.3333","0.3333","0.0612","0.4","0.0","1.0","0.0","0.5","0.1765","true"
"d2-v5-expert-158","wall:4,4","WALL","IRRELEVANT","0.0","false","0.0","0.0","0.0","0.0","0.0","0.0","0.0","0.0","0.0","true"
"d2-v5-expert-158","wall:5,7","WALL","IRRELEVANT","0.0","false","0.0","0.0","0.0","0.0","0.0","0.0","0.0","0.0","0.0","true"
"d2-v5-medium-159","arrow:a1","ARROW","HIGH","0.433","false","0.25","0.25","0.6","0.6667","0.0","1.0","0.0","0.0","0.5","true"
"d2-v5-medium-159","arrow:a2","ARROW","MEDIUM","0.3103","false","0.0","0.25","0.2857","0.6667","0.0","1.0","0.0","0.0","0.0","true"
"d2-v5-medium-159","arrow:a3","ARROW","MEDIUM","0.1367","false","0.0","0.25","0.0","0.5","0.0","0.3333","0.0","0.0","0.0","true"
"d2-v5-medium-159","arrow:a4","ARROW","MEDIUM","0.1339","false","0.0","0.25","0.0","0.5","0.0","0.3333","0.0","0.0","0.0","true"
"d2-v5-medium-159","arrow:a5","ARROW","CRITICAL","1.0","true","1.0","1.0","0.8182","1.0","1.0","1.0","0.25","0.0","0.5","true"
"d2-v5-medium-159","magnet:m1","MAGNET","CRITICAL","1.0","true","1.0","1.0","0.9167","1.0","1.0","1.0","1.0","0.0","0.8","true"
"d2-v5-medium-159","wall:2,4","WALL","IRRELEVANT","0.0","false","0.0","0.0","0.0","0.0","0.0","0.0","0.0","0.0","0.0","true"
"d2-v5-medium-159","wall:3,3","WALL","MEDIUM","0.2261","false","0.0","0.0","0.25","0.25","0.0","1.0","0.0","0.0","0.4","true"
"d2-v5-medium-159","wall:5,7","WALL","IRRELEVANT","0.0","false","0.0","0.0","0.0","0.0","0.0","0.0","0.0","0.0","0.0","true"
"d2-v5-medium-159","wall:6,1","WALL","IRRELEVANT","0.0","false","0.0","0.0","0.0","0.0","0.0","0.0","0.0","0.0","0.0","true"
"d2-v5-medium-159","wall:7,3","WALL","HIGH","0.3729","false","0.0","0.0","0.65","0.7","0.5","0.5","0.2","0.0","0.5833","true"
"d2-v5-medium-159","wall:7,7","WALL","IRRELEVANT","0.0","false","0.0","0.0","0.0","0.0","0.0","0.0","0.0","0.0","0.0","true"
"d2-v5-medium-159","wall:8,1","WALL","IRRELEVANT","0.0","false","0.0","0.0","0.0","0.0","0.0","0.0","0.0","0.0","0.0","true"
"d2-v5-expert-160","arrow:a1","ARROW","MEDIUM","0.3203","false","0.3333","0.0","0.25","0.44","0.5","0.0","0.0","1.0","0.25","true"
"d2-v5-expert-160","arrow:a2","ARROW","MEDIUM","0.2547","false","0.0","0.0","0.0625","0.44","0.5","0.0","0.1111","1.0","0.25","true"
"d2-v5-expert-160","arrow:a3","ARROW","CRITICAL","1.0","true","1.0","1.0","0.1818","0.72","0.5","1.0","0.0","0.0","0.25","true"
"d2-v5-expert-160","arrow:a4","ARROW","MEDIUM","0.2225","false","0.0","0.3333","0.0","0.68","0.0","0.3333","0.0","0.6","0.0","true"
"d2-v5-expert-160","arrow:a5","ARROW","MEDIUM","0.2449","false","0.0","0.3333","0.05","0.68","0.0","0.3333","0.2222","0.6","0.0","true"
"d2-v5-expert-160","magnet:m1","MAGNET","CRITICAL","1.0","true","1.0","1.0","0.7619","0.84","0.5","1.0","0.0","1.0","0.7143","true"
"d2-v5-expert-160","magnet:m2","MAGNET","LOW","0.1169","false","0.0","0.0","0.1304","0.36","0.0","0.0","0.2222","0.2","0.1429","true"
"d2-v5-expert-160","magnet:m3","MAGNET","IRRELEVANT","0.0182","false","0.0","0.0","0.0","0.0","0.0","0.0","0.1818","0.0","0.0","true"
"d2-v5-expert-160","magnet:m4","MAGNET","IRRELEVANT","0.0159","false","0.0","0.0","0.0","0.0","0.0","0.0","0.1","0.0","0.0","true"
"d2-v5-expert-160","wall:1,1","WALL","IRRELEVANT","0.0","false","0.0","0.0","0.0","0.0","0.0","0.0","0.0","0.0","0.0","true"
"d2-v5-expert-160","wall:6,6","WALL","MEDIUM","0.2368","false","0.4","0.4","0.3611","0.2647","0.0","0.0","0.0909","0.2857","0.5","true"
"d2-v5-hard-161","arrow:a1","ARROW","MEDIUM","0.15","false","0.0","0.3333","0.0","0.5","0.0","0.3333","0.0","0.0","0.0","true"
"d2-v5-hard-161","arrow:a2","ARROW","MEDIUM","0.225","false","0.0","0.3333","0.0","0.5","0.0","0.3333","0.25","1.0","0.0","true"
"d2-v5-hard-161","arrow:a3","ARROW","HIGH","0.6333","false","0.0","0.0","1.0","1.0","1.0","1.0","0.0","0.0","1.0","true"
"d2-v5-hard-161","arrow:a4","ARROW","HIGH","0.63","false","0.3333","0.0","1.0","1.0","1.0","1.0","0.0","0.0","0.0","true"
"d2-v5-hard-161","magnet:m1","MAGNET","IRRELEVANT","0.0","false","0.0","0.0","0.0","0.0","0.0","0.0","0.0","0.0","0.0","true"
"d2-v5-hard-161","magnet:m2","MAGNET","MEDIUM","0.3435","false","0.3333","0.3333","0.3158","0.0","0.5","0.3333","0.6667","0.5","0.3333","true"
"d2-v5-hard-161","magnet:m3","MAGNET","IRRELEVANT","0.0","false","0.0","0.0","0.0","0.0","0.0","0.0","0.0","0.0","0.0","true"
"d2-v5-hard-161","magnet:m4","MAGNET","CRITICAL","0.7033","false","0.25","0.25","1.0","1.0","1.0","1.0","0.5","0.0","1.0","true"
"d2-v5-hard-161","magnet:m5","MAGNET","MEDIUM","0.2336","false","0.0","0.0","0.381","0.5","0.0","0.0","0.25","1.0","0.3333","true"
"d2-v5-hard-161","wall:4,4","WALL","LOW","0.033","false","0.0","0.0","0.0769","0.0","0.0","0.0","0.0","0.0","0.25","true"
"d2-v5-medium-162","arrow:a1","ARROW","HIGH","0.64","false","0.0","0.0","1.0","1.0","1.0","1.0","0.0","0.0","1.0","true"
"d2-v5-medium-162","arrow:a2","ARROW","MEDIUM","0.1459","false","0.0","0.3333","0.0","0.5","0.0","0.3333","0.0","0.0","0.0","true"
"d2-v5-medium-162","arrow:a3","ARROW","HIGH","0.63","false","0.3333","0.0","1.0","1.0","1.0","1.0","0.0","0.0","0.0","true"
"d2-v5-medium-162","arrow:a4","ARROW","MEDIUM","0.1421","false","0.0","0.3333","0.0","0.5","0.0","0.3333","0.0","0.0","0.0","true"
"d2-v5-medium-162","magnet:m1","MAGNET","CRITICAL","1.0","true","1.0","1.0","0.9","1.0","1.0","1.0","0.0","0.0","0.6667","true"
"d2-v5-medium-162","magnet:m2","MAGNET","IRRELEVANT","0.0038","false","0.0","0.0","0.0","0.0","0.0","0.0","0.0","0.0","0.0","true"
"d2-v5-medium-162","wall:1,2","WALL","IRRELEVANT","0.0","false","0.0","0.0","0.0","0.0","0.0","0.0","0.0","0.0","0.0","true"
"d2-v5-medium-162","wall:3,3","WALL","IRRELEVANT","0.0","false","0.0","0.0","0.0","0.0","0.0","0.0","0.0","0.0","0.0","true"
"d2-v5-medium-162","wall:4,5","WALL","MEDIUM","0.2268","false","0.25","0.25","0.2727","0.0","0.0","1.0","0.0","0.0","0.0","true"
"d2-v5-medium-162","wall:6,5","WALL","IRRELEVANT","0.0","false","0.0","0.0","0.0","0.0","0.0","0.0","0.0","0.0","0.0","true"
"d2-v5-expert-163","arrow:a1","ARROW","CRITICAL","0.7","false","0.25","0.25","1.0","1.0","1.0","1.0","0.0","1.0","0.0","true"
"d2-v5-expert-163","arrow:a2","ARROW","CRITICAL","0.7324","false","0.25","0.25","1.0","1.0","1.0","1.0","0.0","1.0","1.0","true"
"d2-v5-expert-163","arrow:a3","ARROW","MEDIUM","0.1835","false","0.3333","0.0","0.0","0.5","0.0","0.25","0.0","0.5","0.0","true"
"d2-v5-expert-163","arrow:a4","ARROW","MEDIUM","0.1643","false","0.0","0.3333","0.0","0.5","0.0","0.25","0.0","0.5","0.0","true"
"d2-v5-expert-163","arrow:a5","ARROW","MEDIUM","0.1614","false","0.0","0.3333","0.0","0.5","0.0","0.25","0.0","0.5","0.0","true"
"d2-v5-expert-163","magnet:m1","MAGNET","LOW","0.0879","false","0.0","0.0","0.0","0.0","0.0","0.0","0.25","1.0","0.0","true"
"d2-v5-expert-163","magnet:m2","MAGNET","HIGH","0.5038","false","0.25","0.25","0.6667","1.0","0.0","1.0","0.0","1.0","0.5","true"
"d2-v5-expert-163","wall:2,6","WALL","IRRELEVANT","0.0","false","0.0","0.0","0.0","0.0","0.0","0.0","0.0","0.0","0.0","true"
"d2-v5-expert-163","wall:5,4","WALL","MEDIUM","0.3055","false","0.4","0.4","0.25","0.0","0.0","1.0","0.2","0.1111","0.5","true"
"d2-v5-expert-163","wall:6,4","WALL","IRRELEVANT","0.0","false","0.0","0.0","0.0","0.0","0.0","0.0","0.0","0.0","0.0","true"
"d2-v5-hard-164","arrow:a1","ARROW","MEDIUM","0.3007","false","0.0","0.0","0.1176","0.75","0.5","0.5","0.0","0.3333","0.1667","true"
"d2-v5-hard-164","arrow:a2","ARROW","CRITICAL","1.0","true","1.0","1.0","0.3889","0.75","0.5","1.0","0.1667","1.0","0.1667","true"
"d2-v5-hard-164","arrow:a3","ARROW","MEDIUM","0.2336","false","0.5","0.5","0.1667","0.3333","0.0","0.0","0.0","0.3333","0.1667","true"
"d2-v5-hard-164","arrow:a4","ARROW","HIGH","0.4582","false","0.6667","0.3333","0.2308","0.5","0.5","1.0","0.0","0.3333","0.0","true"
"d2-v5-hard-164","arrow:a5","ARROW","MEDIUM","0.2135","false","0.0","0.5","0.0","0.5","0.0","0.5","0.0","0.5","0.0","true"
"d2-v5-hard-164","arrow:a6","ARROW","MEDIUM","0.2733","false","0.5","0.5","0.2917","0.3333","0.0","0.0","0.0","0.3333","0.3333","true"
"d2-v5-hard-164","magnet:m1","MAGNET","HIGH","0.5326","false","0.75","0.3333","0.4167","0.5","0.5","1.0","0.1667","1.0","0.25","true"
"d2-v5-hard-164","magnet:m2","MAGNET","CRITICAL","1.0","true","1.0","1.0","0.5417","0.5","0.5","1.0","0.4","1.0","0.375","true"
"d2-v5-hard-164","wall:4,4","WALL","MEDIUM","0.3374","false","0.3333","0.3333","0.3421","0.5","0.3333","0.25","0.2222","0.4545","0.4167","true"
"d2-v5-hard-165","arrow:a1","ARROW","MEDIUM","0.2217","false","0.0","0.3333","0.0833","0.75","0.0","0.3333","0.0","0.0","0.0","true"
"d2-v5-hard-165","arrow:a2","ARROW","MEDIUM","0.3491","false","0.3333","0.0","0.2727","0.75","0.0","1.0","0.0","0.0","0.0","true"
"d2-v5-hard-165","arrow:a3","ARROW","MEDIUM","0.3127","false","0.0","0.0","0.2","0.75","0.0","1.0","0.0","0.0","0.3333","true"
"d2-v5-hard-165","arrow:a4","ARROW","MEDIUM","0.2217","false","0.0","0.3333","0.0833","0.75","0.0","0.3333","0.0","0.0","0.0","true"
"d2-v5-hard-165","magnet:m1","MAGNET","MEDIUM","0.3394","false","0.25","0.25","0.1429","0.3333","0.5","1.0","0.2","0.0","0.1667","true"
"d2-v5-hard-165","magnet:m2","MAGNET","IRRELEVANT","0.0167","false","0.0","0.0","0.0","0.0","0.0","0.0","0.1667","0.0","0.0","true"
"d2-v5-hard-165","magnet:m3","MAGNET","IRRELEVANT","0.0","false","0.0","0.0","0.0","0.0","0.0","0.0","0.0","0.0","0.0","true"
"d2-v5-hard-165","magnet:m4","MAGNET","MEDIUM","0.3349","false","0.25","0.25","0.2941","0.5","0.0","1.0","0.25","0.0","0.0","true"
"d2-v5-hard-165","wall:3,1","WALL","MEDIUM","0.1558","false","0.0","0.0","0.4","0.5","0.0","0.0","0.0","0.0","0.4","true"
"d2-v5-expert-166","arrow:a1","ARROW","MEDIUM","0.3467","false","0.0","0.0","0.1429","0.5","0.0","1.0","0.1429","1.0","0.3333","true"
"d2-v5-expert-166","arrow:a2","ARROW","MEDIUM","0.3462","false","0.3333","0.3333","0.5","0.75","0.0","0.0","0.1111","0.5455","0.25","true"
"d2-v5-expert-166","arrow:a3","ARROW","MEDIUM","0.2552","false","0.3333","0.0","0.1429","0.5","0.0","0.3333","0.125","0.7273","0.1667","true"
"d2-v5-expert-166","arrow:a4","ARROW","MEDIUM","0.1698","false","0.0","0.3333","0.0","0.5","0.0","0.3333","0.0","0.4545","0.0","true"
"d2-v5-expert-166","arrow:a5","ARROW","CRITICAL","1.0","true","1.0","1.0","0.625","1.0","0.0","1.0","0.2","0.8182","0.4286","true"
"d2-v5-expert-166","magnet:m1","MAGNET","MEDIUM","0.2255","false","0.0","0.0","0.2222","0.0","0.0","1.0","0.1111","0.6364","0.1429","true"
"d2-v5-expert-166","magnet:m2","MAGNET","HIGH","0.371","false","0.25","0.25","0.1579","0.5","0.5","1.0","0.2222","0.0833","0.1429","true"
"d2-v5-expert-166","magnet:m3","MAGNET","MEDIUM","0.2413","false","0.3333","0.3333","0.3448","0.3333","0.0","0.4","0.1","0.0","0.2","true"
"d2-v5-expert-166","magnet:m4","MAGNET","IRRELEVANT","0.0091","false","0.0","0.0","0.0","0.0","0.0","0.0","0.0909","0.0","0.0","true"
"d2-v5-expert-166","magnet:m5","MAGNET","CRITICAL","1.0","true","1.0","1.0","0.1579","0.2","0.0","1.0","0.1","0.0","0.125","true"
"d2-v5-expert-166","wall:3,5","WALL","IRRELEVANT","0.0","false","0.0","0.0","0.0","0.0","0.0","0.0","0.0","0.0","0.0","true"
"d2-v5-expert-166","wall:5,2","WALL","IRRELEVANT","0.0","false","0.0","0.0","0.0","0.0","0.0","0.0","0.0","0.0","0.0","true"
"d2-v5-medium-167","arrow:a1","ARROW","LOW","0.1033","false","0.0","0.0","0.0","0.3333","0.0","0.25","0.0","0.0","0.0","true"
"d2-v5-medium-167","arrow:a2","ARROW","MEDIUM","0.1333","false","0.0","0.3333","0.0","0.5","0.0","0.25","0.0","0.0","0.0","true"
"d2-v5-medium-167","arrow:a3","ARROW","MEDIUM","0.14","false","0.3333","0.0","0.0","0.3333","0.0","0.25","0.0","0.0","0.0","true"
"d2-v5-medium-167","arrow:a4","ARROW","HIGH","0.3667","false","0.0","0.0","0.3333","1.0","0.0","1.0","0.0","0.0","0.3333","true"
"d2-v5-medium-167","arrow:a5","ARROW","HIGH","0.4167","false","0.3333","0.0","0.5","1.0","0.0","1.0","0.0","0.0","0.0","true"
"d2-v5-medium-167","magnet:m1","MAGNET","CRITICAL","1.0","true","1.0","1.0","0.6667","1.0","0.0","1.0","1.0","0.0","0.4","true"
"d2-v5-medium-167","wall:1,5","WALL","IRRELEVANT","0.0","false","0.0","0.0","0.0","0.0","0.0","0.0","0.0","0.0","0.0","true"
"d2-v5-medium-167","wall:2,2","WALL","HIGH","0.447","false","0.25","0.25","0.3846","0.5","0.5","1.0","0.5","0.0","0.5556","true"
"d2-v5-medium-167","wall:3,4","WALL","IRRELEVANT","0.025","false","0.0","0.0","0.0","0.0","0.0","0.0","0.25","0.0","0.0","true"
"d2-v5-medium-167","wall:4,1","WALL","IRRELEVANT","0.0","false","0.0","0.0","0.0","0.0","0.0","0.0","0.0","0.0","0.0","true"
"d2-v5-medium-167","wall:4,3","WALL","IRRELEVANT","0.0","false","0.0","0.0","0.0","0.0","0.0","0.0","0.0","0.0","0.0","true"
"d2-v5-medium-167","wall:4,4","WALL","IRRELEVANT","0.025","false","0.0","0.0","0.0","0.0","0.0","0.0","0.25","0.0","0.0","true"
"d2-v5-expert-168","arrow:a1","ARROW","CRITICAL","1.0","true","1.0","1.0","0.9167","1.0","1.0","1.0","0.1667","0.9412","0.6667","true"
"d2-v5-expert-168","arrow:a2","ARROW","HIGH","0.6027","false","0.5","0.25","0.625","1.0","0.5","1.0","0.1429","0.7647","0.0","true"
"d2-v5-expert-168","arrow:a3","ARROW","MEDIUM","0.2841","false","0.0","0.0","0.1667","1.0","0.0","0.5","0.0","0.4706","0.25","true"
"d2-v5-expert-168","arrow:a4","ARROW","MEDIUM","0.1716","false","0.0","0.3333","0.0","0.5","0.0","0.3333","0.0","0.4706","0.0","true"
"d2-v5-expert-168","arrow:a5","ARROW","MEDIUM","0.2552","false","0.0","0.3333","0.0","0.5","0.5","0.3333","0.0","0.7059","0.0","true"
"d2-v5-expert-168","magnet:m1","MAGNET","IRRELEVANT","0.02","false","0.0","0.0","0.0","0.0","0.0","0.0","0.2","0.0","0.0","true"
"d2-v5-expert-168","magnet:m2","MAGNET","HIGH","0.3861","false","0.4","0.4","0.6316","0.0","0.0","1.0","0.2222","0.0588","0.6","true"
"d2-v5-expert-168","magnet:m3","MAGNET","IRRELEVANT","0.0","false","0.0","0.0","0.0","0.0","0.0","0.0","0.0","0.0","0.0","true"
"d2-v5-expert-168","magnet:m4","MAGNET","MEDIUM","0.2752","false","0.25","0.25","0.12","0.6667","0.0","0.3333","0.3333","0.4706","0.25","true"
"d2-v5-expert-168","magnet:m5","MAGNET","MEDIUM","0.1346","false","0.0","0.0","0.1364","0.0","0.5","0.0","0.1111","0.4706","0.1667","true"
"d2-v5-expert-168","wall:2,6","WALL","IRRELEVANT","0.0","false","0.0","0.0","0.0","0.0","0.0","0.0","0.0","0.0","0.0","true"
"d2-v5-expert-168","wall:3,4","WALL","IRRELEVANT","0.0206","false","0.0","0.0","0.0","0.0","0.0","0.0","0.1818","0.0","0.0","true"
"d2-v5-hard-169","arrow:a1","ARROW","HIGH","0.4248","false","0.3333","0.3333","0.2857","0.5","0.5","1.0","0.0","0.0","0.3333","true"
"d2-v5-hard-169","arrow:a2","ARROW","LOW","0.085","false","0.0","0.0","0.0","0.5","0.0","0.0","0.0","0.0","0.0","true"
"d2-v5-hard-169","arrow:a3","ARROW","MEDIUM","0.1788","false","0.0","0.5","0.0","0.5","0.0","0.5","0.0","0.0","0.0","true"
"d2-v5-hard-169","arrow:a4","ARROW","HIGH","0.4002","false","0.5","0.0","0.1818","0.75","0.5","1.0","0.0","0.0","0.0","true"
"d2-v5-hard-169","arrow:a5","ARROW","CRITICAL","1.0","true","1.0","1.0","0.2308","0.5","0.5","1.0","0.25","0.0","0.0","true"
"d2-v5-hard-169","magnet:m1","MAGNET","HIGH","0.4081","false","0.5","0.5","0.3158","0.5","0.5","0.5","0.3333","0.0","0.5714","true"
"d2-v5-hard-169","magnet:m2","MAGNET","HIGH","0.4556","false","0.3333","0.3333","0.5","0.5","0.5","1.0","0.25","0.0","0.4286","true"
"d2-v5-hard-169","wall:3,1","WALL","IRRELEVANT","0.0","false","0.0","0.0","0.0","0.0","0.0","0.0","0.0","0.0","0.0","true"
"d2-v5-hard-169","wall:3,3","WALL","IRRELEVANT","0.0224","false","0.0","0.0","0.05","0.0","0.0","0.0","0.0","0.0","0.1429","true"
"d2-v5-hard-169","wall:3,5","WALL","IRRELEVANT","0.0","false","0.0","0.0","0.0","0.0","0.0","0.0","0.0","0.0","0.0","true"
"d2-v5-hard-169","wall:4,3","WALL","IRRELEVANT","0.0","false","0.0","0.0","0.0","0.0","0.0","0.0","0.0","0.0","0.0","true"
"d2-v5-hard-169","wall:5,2","WALL","MEDIUM","0.3257","false","0.0","0.0","0.4242","0.5556","0.0","0.5","0.3333","1.0","0.4","true"
"d2-v5-medium-170","arrow:a1","ARROW","MEDIUM","0.1412","false","0.3333","0.0","0.0","0.3333","0.0","0.25","0.0","0.0","0.0","true"
"d2-v5-medium-170","arrow:a2","ARROW","MEDIUM","0.1408","false","0.0","0.0","0.0","0.3333","0.0","0.25","0.3333","0.0","0.0","true"
"d2-v5-medium-170","arrow:a3","ARROW","MEDIUM","0.1354","false","0.0","0.3333","0.0","0.5","0.0","0.25","0.0","0.0","0.0","true"
"d2-v5-medium-170","arrow:a4","ARROW","HIGH","0.3667","false","0.0","0.0","0.3333","1.0","0.0","1.0","0.0","0.0","0.3333","true"
"d2-v5-medium-170","arrow:a5","ARROW","HIGH","0.4138","false","0.3333","0.0","0.5","1.0","0.0","1.0","0.0","0.0","0.0","true"
"d2-v5-medium-170","magnet:m1","MAGNET","IRRELEVANT","0.0286","false","0.0","0.0","0.0","0.0","0.0","0.0","0.2857","0.0","0.0","true"
"d2-v5-medium-170","magnet:m2","MAGNET","MEDIUM","0.2234","false","0.25","0.25","0.0","0.5714","0.0","0.0","0.2857","1.0","0.2","true"
"d2-v5-medium-170","magnet:m3","MAGNET","MEDIUM","0.3297","false","0.25","0.25","0.0625","0.25","0.0","1.0","0.4286","1.0","0.0","true"
"d2-v5-medium-170","wall:4,3","WALL","HIGH","0.4728","false","0.25","0.25","0.3846","0.4286","0.5","1.0","0.25","1.0","0.5556","true"
"d2-v5-expert-171","arrow:a1","ARROW","MEDIUM","0.2888","false","0.0","0.0","0.1111","0.5714","0.0","0.5714","0.2","1.0","0.2","true"
"d2-v5-expert-171","arrow:a2","ARROW","MEDIUM","0.2655","false","0.3333","0.0","0.1176","0.7143","0.0","0.5714","0.0","0.0","0.0","true"
"d2-v5-expert-171","arrow:a3","ARROW","MEDIUM","0.2191","false","0.0","0.3333","0.0476","0.7857","0.0","0.2857","0.0","0.4","0.0","true"
"d2-v5-expert-171","arrow:a4","ARROW","MEDIUM","0.2191","false","0.0","0.3333","0.0476","0.7857","0.0","0.2857","0.0","0.4","0.0","true"
"d2-v5-expert-171","arrow:a5","ARROW","MEDIUM","0.3315","false","0.5","0.0","0.2105","0.7143","0.0","0.5714","0.2727","0.0","0.3333","true"
"d2-v5-expert-171","magnet:m1","MAGNET","MEDIUM","0.1934","false","0.0","0.0","0.25","0.3571","0.0","0.5714","0.0","0.2","0.25","true"
"d2-v5-expert-171","magnet:m2","MAGNET","MEDIUM","0.3162","false","0.4","0.4","0.3103","0.125","0.0","1.0","0.0833","0.2","0.3333","true"
"d2-v5-expert-171","magnet:m3","MAGNET","MEDIUM","0.1266","false","0.0","0.0","0.2143","0.5714","0.0","0.0","0.0","0.0","0.2222","true"
"d2-v5-expert-171","magnet:m4","MAGNET","IRRELEVANT","0.0143","false","0.0","0.0","0.0","0.0","0.0","0.0","0.1429","0.0","0.0","true"
"d2-v5-expert-171","magnet:m5","MAGNET","IRRELEVANT","0.0","false","0.0","0.0","0.0","0.0","0.0","0.0","0.0","0.0","0.0","true"
"d2-v5-expert-171","magnet:m6","MAGNET","CRITICAL","1.0","true","1.0","1.0","0.3667","0.2857","0.0","1.0","0.1538","0.375","0.2222","true"
"d2-v5-expert-171","wall:2,7","WALL","IRRELEVANT","0.0","false","0.0","0.0","0.0","0.0","0.0","0.0","0.0","0.0","0.0","true"
"d2-v5-expert-171","wall:2,8","WALL","IRRELEVANT","0.0","false","0.0","0.0","0.0","0.0","0.0","0.0","0.0","0.0","0.0","true"
"d2-v5-expert-171","wall:3,5","WALL","MEDIUM","0.1703","false","0.0","0.0","0.3103","0.5714","0.0","0.1429","0.0","0.1667","0.25","true"
"d2-v5-expert-171","wall:6,8","WALL","MEDIUM","0.1469","false","0.0","0.0","0.2667","0.5714","0.0","0.0","0.0714","0.1667","0.2222","true"
"d2-v5-hard-172","arrow:a1","ARROW","CRITICAL","0.75","false","0.25","0.25","1.0","1.0","1.0","1.0","0.0","1.0","1.0","true"
"d2-v5-hard-172","arrow:a2","ARROW","MEDIUM","0.1742","false","0.0","0.3333","0.0","0.5","0.0","0.3333","0.0","0.5","0.0","true"
"d2-v5-hard-172","arrow:a3","ARROW","HIGH","0.4796","false","0.3333","0.0","0.4286","1.0","0.5","1.0","0.0","0.5","0.0","true"
"d2-v5-hard-172","arrow:a4","ARROW","MEDIUM","0.1717","false","0.0","0.3333","0.0","0.5","0.0","0.3333","0.0","0.5","0.0","true"
"d2-v5-hard-172","arrow:a5","ARROW","MEDIUM","0.145","false","0.0","0.0","0.0","0.0","0.5","0.0","0.0","1.0","0.0","true"
"d2-v5-hard-172","magnet:m1","MAGNET","MEDIUM","0.196","false","0.0","0.0","0.4074","0.4286","0.0","0.0","0.2","0.5","0.375","true"
"d2-v5-hard-172","magnet:m2","MAGNET","MEDIUM","0.1644","false","0.0","0.0","0.4286","0.5","0.0","0.0","0.0","0.0","0.4444","true"
"d2-v5-hard-172","magnet:m3","MAGNET","HIGH","0.4025","false","0.25","0.25","0.6429","0.0","0.5","1.0","0.1429","0.0","0.6","true"
"d2-v5-hard-172","magnet:m4","MAGNET","LOW","0.075","false","0.0","0.0","0.0","0.0","0.0","0.0","0.125","1.0","0.0","true"
"d2-v5-hard-172","magnet:m5","MAGNET","IRRELEVANT","0.0222","false","0.0","0.0","0.0","0.0","0.0","0.0","0.2222","0.0","0.0","true"
"d2-v5-hard-172","wall:4,5","WALL","HIGH","0.509","false","0.4","0.4","0.4667","0.5","0.5","1.0","0.125","1.0","0.5","true"
"d2-v5-hard-173","arrow:a1","ARROW","CRITICAL","1.0","true","1.0","1.0","0.2381","0.7059","0.5","1.0","0.0","0.25","0.2222","true"
"d2-v5-hard-173","arrow:a2","ARROW","CRITICAL","1.0","true","1.0","1.0","0.3333","0.7647","0.0","1.0","0.2222","0.875","0.1818","true"
"d2-v5-hard-173","arrow:a3","ARROW","MEDIUM","0.3221","false","0.0","0.0","0.1053","0.4118","0.5","0.4","0.1429","1.0","0.4286","true"
"d2-v5-hard-173","arrow:a4","ARROW","MEDIUM","0.3379","false","0.5","0.0","0.0909","0.5294","0.5","0.4","0.1111","0.625","0.125","true"
"d2-v5-hard-173","arrow:a5","ARROW","MEDIUM","0.2742","false","0.5","0.5","0.125","0.5294","0.0","0.0","0.1111","0.625","0.125","true"
"d2-v5-hard-173","magnet:m1","MAGNET","MEDIUM","0.295","false","0.3333","0.3333","0.2558","0.15","0.0","0.4","0.3333","1.0","0.2","true"
"d2-v5-hard-173","magnet:m2","MAGNET","HIGH","0.4585","false","0.6667","0.0","0.1724","0.5294","0.5","1.0","0.1667","1.0","0.1","true"
"d2-v5-hard-173","wall:7,6","WALL","IRRELEVANT","0.0","false","0.0","0.0","0.0","0.0","0.0","0.0","0.0","0.0","0.0","true"
"d2-v5-expert-174","arrow:a1","ARROW","MEDIUM","0.2924","false","0.25","0.0","0.12","0.6364","0.0","0.7143","0.0","0.8462","0.0","true"
"d2-v5-expert-174","arrow:a2","ARROW","MEDIUM","0.2601","false","0.0","0.0","0.0833","0.6364","0.0","0.7143","0.0","0.8462","0.125","true"
"d2-v5-expert-174","arrow:a3","ARROW","MEDIUM","0.313","false","0.3333","0.5","0.0","0.6364","0.5","0.1429","0.0","0.6923","0.0","true"
"d2-v5-expert-174","arrow:a4","ARROW","HIGH","0.389","false","0.3333","0.5","0.3","0.6364","0.5","0.1429","0.0","0.6923","0.2","true"
"d2-v5-expert-174","arrow:a5","ARROW","HIGH","0.3786","false","0.0","0.25","0.3684","0.7273","0.5","0.5714","0.0","0.3077","0.4","true"
"d2-v5-expert-174","magnet:m1","MAGNET","IRRELEVANT","0.0125","false","0.0","0.0","0.0","0.0","0.0","0.0","0.125","0.0","0.0","true"
"d2-v5-expert-174","magnet:m2","MAGNET","MEDIUM","0.2464","false","0.2","0.2","0.2581","0.2727","0.0","0.5714","0.0","0.6923","0.2222","true"
"d2-v5-expert-174","magnet:m3","MAGNET","HIGH","0.4171","false","0.0","0.0","0.6897","0.7576","0.5","0.4286","0.1667","0.3846","0.7778","true"
"d2-v5-expert-174","magnet:m4","MAGNET","IRRELEVANT","0.0","false","0.0","0.0","0.0","0.0","0.0","0.0","0.0","0.0","0.0","true"
"d2-v5-expert-174","magnet:m5","MAGNET","IRRELEVANT","0.0","false","0.0","0.0","0.0","0.0","0.0","0.0","0.0","0.0","0.0","true"
"d2-v5-expert-174","wall:1,3","WALL","IRRELEVANT","0.0152","false","0.0","0.0","0.0312","0.0","0.0","0.0","0.0","0.0","0.1111","true"
"d2-v5-expert-174","wall:3,4","WALL","MEDIUM","0.2184","false","0.4","0.0","0.129","0.4545","0.0","0.5714","0.125","0.0","0.1111","true"
"d2-v5-medium-175","arrow:a1","ARROW","HIGH","0.64","false","0.0","0.0","1.0","1.0","1.0","1.0","0.0","0.0","1.0","true"
"d2-v5-medium-175","arrow:a2","ARROW","MEDIUM","0.1517","false","0.0","0.3333","0.0","0.5","0.0","0.3333","0.0","0.0","0.0","true"
"d2-v5-medium-175","arrow:a3","ARROW","HIGH","0.63","false","0.3333","0.0","1.0","1.0","1.0","1.0","0.0","0.0","0.0","true"
"d2-v5-medium-175","arrow:a4","ARROW","MEDIUM","0.1417","false","0.0","0.3333","0.0","0.5","0.0","0.3333","0.0","0.0","0.0","true"
"d2-v5-medium-175","magnet:m1","MAGNET","CRITICAL","0.755","false","0.25","0.25","1.0","1.0","1.0","1.0","1.0","0.0","1.0","true"
"d2-v5-medium-175","wall:1,2","WALL","IRRELEVANT","0.0","false","0.0","0.0","0.0","0.0","0.0","0.0","0.0","0.0","0.0","true"
"d2-v5-medium-175","wall:2,2","WALL","IRRELEVANT","0.0","false","0.0","0.0","0.0","0.0","0.0","0.0","0.0","0.0","0.0","true"
"d2-v5-medium-175","wall:3,6","WALL","MEDIUM","0.2571","false","0.25","0.25","0.4286","0.0","0.0","1.0","0.0","0.0","0.0","true"
"d2-v5-medium-175","wall:4,2","WALL","IRRELEVANT","0.0","false","0.0","0.0","0.0","0.0","0.0","0.0","0.0","0.0","0.0","true"
"d2-v5-medium-175","wall:4,3","WALL","IRRELEVANT","0.0","false","0.0","0.0","0.0","0.0","0.0","0.0","0.0","0.0","0.0","true"
"d2-v5-medium-175","wall:6,2","WALL","IRRELEVANT","0.0","false","0.0","0.0","0.0","0.0","0.0","0.0","0.0","0.0","0.0","true"
"d2-v5-medium-175","wall:6,5","WALL","CRITICAL","1.0","true","1.0","1.0","0.5","0.6","0.5","1.0","0.25","0.0","0.7143","true"
"d2-v5-expert-176","arrow:a1","ARROW","MEDIUM","0.2925","false","0.0","0.25","0.0","0.6667","0.5","0.25","0.0","1.0","0.0","true"
"d2-v5-expert-176","arrow:a2","ARROW","MEDIUM","0.1575","false","0.0","0.25","0.0","0.5","0.0","0.25","0.0","0.5","0.0","true"
"d2-v5-expert-176","arrow:a3","ARROW","MEDIUM","0.155","false","0.0","0.25","0.0","0.5","0.0","0.25","0.0","0.5","0.0","true"
"d2-v5-expert-176","arrow:a4","ARROW","HIGH","0.3617","false","0.0","0.25","0.25","0.6667","0.5","0.25","0.0","1.0","0.3333","true"
"d2-v5-expert-176","arrow:a5","ARROW","MEDIUM","0.31","false","0.25","0.25","0.0","0.8333","0.5","0.25","0.0","0.0","0.5","true"
"d2-v5-expert-176","magnet:m1","MAGNET","HIGH","0.4974","false","0.2","0.2","0.5789","0.3333","0.5","1.0","0.2","1.0","0.7143","true"
"d2-v5-expert-176","magnet:m2","MAGNET","CRITICAL","1.0","true","1.0","1.0","0.1364","0.5","0.0","1.0","0.0","0.25","0.125","true"
"d2-v5-expert-176","magnet:m3","MAGNET","IRRELEVANT","0.0","false","0.0","0.0","0.0","0.0","0.0","0.0","0.0","0.0","0.0","true"
"d2-v5-expert-176","magnet:m4","MAGNET","IRRELEVANT","0.0","false","0.0","0.0","0.0","0.0","0.0","0.0","0.0","0.0","0.0","true"
"d2-v5-expert-176","magnet:m5","MAGNET","MEDIUM","0.1422","false","0.0","0.0","0.1538","0.3846","0.0","0.0","0.1429","0.7143","0.125","true"
"d2-v5-expert-176","magnet:m6","MAGNET","IRRELEVANT","0.0","false","0.0","0.0","0.0","0.0","0.0","0.0","0.0","0.0","0.0","true"
"d2-v5-expert-176","wall:2,1","WALL","MEDIUM","0.2178","false","0.2","0.2","0.0909","0.1429","0.0","1.0","0.0","0.0","0.2857","true"
"d2-v5-expert-176","wall:7,1","WALL","IRRELEVANT","0.0","false","0.0","0.0","0.0","0.0","0.0","0.0","0.0","0.0","0.0","true"
"d2-v5-hard-177","arrow:a1","ARROW","HIGH","0.4647","false","0.3333","0.3333","0.2","0.6","0.5","1.0","0.0","1.0","0.0","true"
"d2-v5-hard-177","arrow:a2","ARROW","HIGH","0.3941","false","0.0","0.0","0.2857","0.8","0.5","1.0","0.0","0.0","0.3333","true"
"d2-v5-hard-177","arrow:a3","ARROW","HIGH","0.4887","false","0.6667","0.3333","0.1111","0.6","0.5","1.0","0.0","1.0","0.0","true"
"d2-v5-hard-177","arrow:a4","ARROW","MEDIUM","0.2039","false","0.0","0.5","0.0","0.5","0.0","0.5","0.0","0.5","0.0","true"
"d2-v5-hard-177","magnet:m1","MAGNET","HIGH","0.6212","false","0.3333","0.3333","0.7895","1.0","0.5","1.0","0.0","1.0","0.7143","true"
"d2-v5-hard-177","magnet:m2","MAGNET","LOW","0.0628","false","0.0","0.0","0.0","0.0","0.0","0.0","0.0","1.0","0.0","true"
"d2-v5-hard-177","wall:4,2","WALL","IRRELEVANT","0.0","false","0.0","0.0","0.0","0.0","0.0","0.0","0.0","0.0","0.0","true"
"d2-v5-medium-178","arrow:a1","ARROW","HIGH","0.5631","false","0.3333","0.0","0.6667","1.0","0.0","1.0","0.5","1.0","0.5","true"
"d2-v5-medium-178","arrow:a2","ARROW","CRITICAL","1.0","true","1.0","1.0","0.6897","1.0","0.0","1.0","0.5","0.9167","0.5455","true"
"d2-v5-medium-178","arrow:a3","ARROW","MEDIUM","0.1865","false","0.0","0.3333","0.0","0.5455","0.0","0.25","0.0","0.5","0.0","true"
"d2-v5-medium-178","arrow:a4","ARROW","MEDIUM","0.334","false","0.3333","0.3333","0.3913","0.5455","0.0","0.25","0.0","0.5","0.4286","true"
"d2-v5-medium-178","arrow:a5","ARROW","MEDIUM","0.1881","false","0.0","0.3333","0.0","0.5455","0.0","0.25","0.0","0.5","0.0","true"
"d2-v5-medium-178","magnet:m1","MAGNET","HIGH","0.4454","false","0.5","0.0","0.5938","0.5455","0.0","1.0","0.1429","0.5833","0.5","true"
"d2-v5-medium-178","magnet:m2","MAGNET","MEDIUM","0.301","false","0.25","0.25","0.2","0.3125","0.0","1.0","0.1667","0.5","0.0909","true"
"d2-v5-medium-178","magnet:m3","MAGNET","IRRELEVANT","0.0214","false","0.0","0.0","0.0","0.0","0.0","0.0","0.2143","0.0","0.0","true"
"d2-v5-medium-178","wall:4,2","WALL","MEDIUM","0.1746","false","0.0","0.0","0.2","0.2667","0.5","0.25","0.0","0.0833","0.2","true"
"d2-v5-expert-179","arrow:a1","ARROW","MEDIUM","0.1705","false","0.3333","0.0","0.0","0.4091","0.0","0.25","0.0","0.5","0.0","true"
"d2-v5-expert-179","arrow:a2","ARROW","HIGH","0.4782","false","0.3333","0.0","0.5","0.8182","0.5","1.0","0.0","0.0","0.4","true"
"d2-v5-expert-179","arrow:a3","ARROW","MEDIUM","0.2746","false","0.0","0.0","0.0","0.6364","0.5","0.25","0.0","1.0","0.0","true"
"d2-v5-expert-179","arrow:a4","ARROW","HIGH","0.4965","false","0.0","0.0","0.7143","0.8182","0.5","1.0","0.3333","0.0","0.7","true"
"d2-v5-expert-179","arrow:a5","ARROW","HIGH","0.3583","false","0.3333","0.0","0.2","0.6364","0.5","0.25","0.0","1.0","0.3333","true"
"d2-v5-expert-179","magnet:m1","MAGNET","MEDIUM","0.2368","false","0.25","0.25","0.2353","0.0833","0.0","1.0","0.0","0.0","0.1818","true"
"d2-v5-expert-179","magnet:m2","MAGNET","IRRELEVANT","0.0091","false","0.0","0.0","0.0","0.0","0.0","0.0","0.0909","0.0","0.0","true"
"d2-v5-expert-179","magnet:m3","MAGNET","CRITICAL","1.0","true","1.0","1.0","0.6875","0.8636","0.5","1.0","0.125","1.0","0.5455","true"
"d2-v5-expert-179","magnet:m4","MAGNET","IRRELEVANT","0.0","false","0.0","0.0","0.0","0.0","0.0","0.0","0.0","0.0","0.0","true"
"d2-v5-expert-179","magnet:m5","MAGNET","IRRELEVANT","0.0036","false","0.0","0.0","0.0","0.0","0.0","0.0","0.0","0.0","0.0","true"
"d2-v5-expert-179","wall:5,7","WALL","MEDIUM","0.1938","false","0.3333","0.3333","0.1765","0.0","0.0","0.3333","0.1","0.5","0.2","true"
"d2-v5-expert-179","wall:6,5","WALL","IRRELEVANT","0.0","false","0.0","0.0","0.0","0.0","0.0","0.0","0.0","0.0","0.0","true"
"d2-v5-hard-180","arrow:a1","ARROW","HIGH","0.64","false","0.0","0.0","1.0","1.0","1.0","1.0","0.0","0.0","1.0","true"
"d2-v5-hard-180","arrow:a2","ARROW","HIGH","0.63","false","0.3333","0.0","1.0","1.0","1.0","1.0","0.0","0.0","0.0","true"
"d2-v5-hard-180","arrow:a3","ARROW","MEDIUM","0.1421","false","0.0","0.3333","0.0","0.5","0.0","0.3333","0.0","0.0","0.0","true"
"d2-v5-hard-180","arrow:a4","ARROW","MEDIUM","0.1459","false","0.0","0.3333","0.0","0.5","0.0","0.3333","0.0","0.0","0.0","true"
"d2-v5-hard-180","magnet:m1","MAGNET","CRITICAL","1.0","true","1.0","1.0","0.9","1.0","1.0","1.0","0.0","0.0","0.6667","true"
"d2-v5-hard-180","magnet:m2","MAGNET","IRRELEVANT","0.0","false","0.0","0.0","0.0","0.0","0.0","0.0","0.0","0.0","0.0","true"
"d2-v5-hard-180","magnet:m3","MAGNET","IRRELEVANT","0.0","false","0.0","0.0","0.0","0.0","0.0","0.0","0.0","0.0","0.0","true"
"d2-v5-hard-180","wall:2,4","WALL","IRRELEVANT","0.025","false","0.0","0.0","0.0","0.0","0.0","0.0","0.25","0.0","0.0","true"
"d2-v5-hard-180","wall:2,5","WALL","MEDIUM","0.2518","false","0.25","0.25","0.2727","0.0","0.0","1.0","0.25","0.0","0.0","true"
"d2-v5-hard-180","wall:3,4","WALL","IRRELEVANT","0.0","false","0.0","0.0","0.0","0.0","0.0","0.0","0.0","0.0","0.0","true"
"d2-v5-hard-180","wall:4,4","WALL","HIGH","0.4496","false","0.25","0.25","0.4545","0.6","0.5","1.0","0.3333","0.0","0.5714","true"
"d2-v5-hard-181","arrow:a1","ARROW","HIGH","0.4589","false","0.0","0.3333","0.4375","0.8841","0.5","0.6364","0.125","0.7647","0.3333","true"
"d2-v5-hard-181","arrow:a2","ARROW","MEDIUM","0.2234","false","0.0","0.0","0.3243","0.4348","0.0","0.0909","0.0","0.5882","0.3333","true"
"d2-v5-hard-181","arrow:a3","ARROW","MEDIUM","0.2977","false","0.0","0.0","0.1379","0.6522","0.5","0.6364","0.0","0.2941","0.0","true"
"d2-v5-hard-181","arrow:a4","ARROW","MEDIUM","0.2832","false","0.3333","0.0","0.0976","0.5942","0.0","0.6364","0.0","0.8824","0.0","true"
"d2-v5-hard-181","arrow:a5","ARROW","MEDIUM","0.1696","false","0.3333","0.0","0.0","0.4348","0.0","0.0909","0.0","0.5882","0.0","true"
"d2-v5-hard-181","arrow:a6","ARROW","MEDIUM","0.239","false","0.0","0.0","0.0513","0.5942","0.0","0.6364","0.0","0.8824","0.0833","true"
"d2-v5-hard-181","magnet:m1","MAGNET","HIGH","0.5273","false","0.25","0.25","0.6889","0.8261","0.5","0.5455","0.2","1.0","0.6923","true"
"d2-v5-hard-181","magnet:m2","MAGNET","CRITICAL","1.0","true","1.0","1.0","0.2708","0.5942","0.0","1.0","0.125","1.0","0.0","true"
"d2-v5-hard-181","wall:1,6","WALL","IRRELEVANT","0.0","false","0.0","0.0","0.0","0.0","0.0","0.0","0.0","0.0","0.0","true"
"d2-v5-hard-181","wall:2,5","WALL","IRRELEVANT","0.0","false","0.0","0.0","0.0","0.0","0.0","0.0","0.0","0.0","0.0","true"
"d2-v5-hard-181","wall:4,1","WALL","IRRELEVANT","0.0","false","0.0","0.0","0.0","0.0","0.0","0.0","0.0","0.0","0.0","true"
"d2-v5-hard-181","wall:4,2","WALL","IRRELEVANT","0.0","false","0.0","0.0","0.0","0.0","0.0","0.0","0.0","0.0","0.0","true"
"d2-v5-hard-181","wall:4,3","WALL","MEDIUM","0.2237","false","0.5","0.0","0.2836","0.0435","0.3333","0.2727","0.1","0.0","0.4","true"
"d2-v5-hard-181","wall:4,4","WALL","IRRELEVANT","0.0","false","0.0","0.0","0.0","0.0","0.0","0.0","0.0","0.0","0.0","true"
"d2-v5-hard-181","wall:4,6","WALL","IRRELEVANT","0.0","false","0.0","0.0","0.0","0.0","0.0","0.0","0.0","0.0","0.0","true"
"d2-v5-hard-181","wall:5,1","WALL","MEDIUM","0.2121","false","0.25","0.25","0.0588","0.4344","0.0","0.5455","0.0","0.3462","0.2","true"
"d2-v5-hard-181","wall:6,6","WALL","IRRELEVANT","0.0","false","0.0","0.0","0.0","0.0","0.0","0.0","0.0","0.0","0.0","true"
"d2-v5-expert-182","arrow:a1","ARROW","MEDIUM","0.1833","false","0.5","0.0","0.0","0.3333","0.0","0.25","0.0","0.3333","0.0","true"
"d2-v5-expert-182","arrow:a2","ARROW","MEDIUM","0.3403","false","0.3333","0.3333","0.25","0.3333","0.0","1.0","0.125","0.3333","0.0","true"
"d2-v5-expert-182","arrow:a3","ARROW","MEDIUM","0.1344","false","0.0","0.0","0.0","0.3333","0.0","0.25","0.1111","0.3333","0.0","true"
"d2-v5-expert-182","arrow:a4","ARROW","HIGH","0.3625","false","0.3333","0.3333","0.25","0.3333","0.0","1.0","0.125","0.3333","0.3333","true"
"d2-v5-expert-182","arrow:a5","ARROW","MEDIUM","0.1722","false","0.5","0.0","0.0","0.3333","0.0","0.25","0.0","0.3333","0.0","true"
"d2-v5-expert-182","arrow:a6","ARROW","HIGH","0.356","false","0.3333","0.3333","0.25","0.3333","0.0","1.0","0.1429","0.3333","0.0","true"
"d2-v5-expert-182","magnet:m1","MAGNET","LOW","0.085","false","0.0","0.0","0.0","0.0","0.0","0.0","0.2222","1.0","0.0","true"
"d2-v5-expert-182","magnet:m2","MAGNET","CRITICAL","1.0","true","1.0","1.0","0.55","1.0","0.0","1.0","0.5714","1.0","0.375","true"
"d2-v5-expert-182","wall:4,3","WALL","HIGH","0.4247","false","0.3333","0.3333","0.3125","0.5263","0.5","1.0","0.1818","0.4","0.2727","true"
"d2-v5-expert-182","wall:4,4","WALL","IRRELEVANT","0.0","false","0.0","0.0","0.0","0.0","0.0","0.0","0.0","0.0","0.0","true"
"d2-v5-expert-182","wall:6,8","WALL","HIGH","0.3655","false","0.6667","0.0","0.4884","0.4706","0.5","0.25","0.1","0.2222","0.5","true"
"d2-v5-expert-182","wall:7,1","WALL","MEDIUM","0.3215","false","0.5","0.5","0.0476","0.4","0.0","1.0","0.0909","0.4","0.125","true"
"d2-v5-medium-183","arrow:a1","ARROW","CRITICAL","0.69","false","0.3333","0.0","1.0","1.0","1.0","1.0","0.0","1.0","0.0","true"
"d2-v5-medium-183","arrow:a2","ARROW","MEDIUM","0.1748","false","0.0","0.3333","0.0","0.5","0.0","0.3333","0.0","0.5","0.0","true"
"d2-v5-medium-183","arrow:a3","ARROW","CRITICAL","0.6955","false","0.0","0.0","1.0","1.0","1.0","1.0","0.0","1.0","1.0","true"
"d2-v5-medium-183","arrow:a4","ARROW","MEDIUM","0.1748","false","0.0","0.3333","0.0","0.5","0.0","0.3333","0.0","0.5","0.0","true"
"d2-v5-medium-183","magnet:m1","MAGNET","CRITICAL","0.8136","false","0.25","0.25","1.0","1.0","1.0","1.0","1.0","1.0","1.0","true"
"d2-v5-medium-183","magnet:m2","MAGNET","LOW","0.06","false","0.0","0.0","0.0","0.0","0.0","0.0","0.0","1.0","0.0","true"
"d2-v5-medium-183","wall:1,3","WALL","LOW","0.04","false","0.0","0.0","0.0","0.0","0.0","0.0","0.4","0.0","0.0","true"
"d2-v5-medium-183","wall:1,4","WALL","LOW","0.04","false","0.0","0.0","0.0","0.0","0.0","0.0","0.4","0.0","0.0","true"
"d2-v5-medium-183","wall:3,2","WALL","IRRELEVANT","0.0","false","0.0","0.0","0.0","0.0","0.0","0.0","0.0","0.0","0.0","true"
"d2-v5-medium-183","wall:3,3","WALL","IRRELEVANT","0.0","false","0.0","0.0","0.0","0.0","0.0","0.0","0.0","0.0","0.0","true"
"d2-v5-medium-183","wall:5,1","WALL","MEDIUM","0.2562","false","0.25","0.25","0.4286","0.0","0.0","1.0","0.0","0.0","0.0","true"
"d2-v5-expert-184","arrow:a1","ARROW","MEDIUM","0.2428","false","0.0","0.3333","0.0882","0.6061","0.0","0.2222","0.125","0.5556","0.1","true"
"d2-v5-expert-184","arrow:a2","ARROW","MEDIUM","0.2048","false","0.0","0.3333","0.0","0.6061","0.0","0.2222","0.0","0.5556","0.0","true"
"d2-v5-expert-184","arrow:a3","ARROW","MEDIUM","0.2156","false","0.5","0.0","0.0","0.3636","0.0","0.1111","0.0","1.0","0.0","true"
"d2-v5-expert-184","arrow:a4","ARROW","MEDIUM","0.2713","false","0.3333","0.3333","0.0333","0.6818","0.0","0.2222","0.0","0.5556","0.1818","true"
"d2-v5-expert-184","arrow:a5","ARROW","MEDIUM","0.2027","false","0.0","0.0","0.069","0.5909","0.0","0.5556","0.0","0.0","0.1","true"
"d2-v5-expert-184","arrow:a6","ARROW","MEDIUM","0.2303","false","0.3333","0.0","0.1143","0.3636","0.0","0.1111","0.0","1.0","0.1","true"
"d2-v5-expert-184","magnet:m1","MAGNET","IRRELEVANT","0.0","false","0.0","0.0","0.0","0.0","0.0","0.0","0.0","0.0","0.0","true"
"d2-v5-expert-184","magnet:m2","MAGNET","IRRELEVANT","0.0","false","0.0","0.0","0.0","0.0","0.0","0.0","0.0","0.0","0.0","true"
"d2-v5-expert-184","magnet:m3","MAGNET","MEDIUM","0.3262","false","0.25","0.25","0.3571","0.4545","0.0","0.4444","0.125","1.0","0.3571","true"
"d2-v5-expert-184","magnet:m4","MAGNET","MEDIUM","0.1597","false","0.25","0.25","0.0227","0.12","0.0","0.5556","0.0","0.1","0.1429","true"
"d2-v5-expert-184","magnet:m5","MAGNET","LOW","0.0418","false","0.0","0.0","0.0638","0.1852","0.0","0.0","0.0","0.0","0.0714","true"
"d2-v5-expert-184","magnet:m6","MAGNET","MEDIUM","0.3208","false","0.5","0.0","0.2857","0.4242","0.0","0.5556","0.3333","0.4706","0.2857","true"
"d2-v5-expert-184","wall:3,2","WALL","IRRELEVANT","0.0","false","0.0","0.0","0.0","0.0","0.0","0.0","0.0","0.0","0.0","true"
"d2-v5-expert-184","wall:4,3","WALL","IRRELEVANT","0.0","false","0.0","0.0","0.0","0.0","0.0","0.0","0.0","0.0","0.0","true"
"d2-v5-expert-184","wall:5,2","WALL","IRRELEVANT","0.0","false","0.0","0.0","0.0","0.0","0.0","0.0","0.0","0.0","0.0","true"
"d2-v5-hard-185","arrow:a1","ARROW","MEDIUM","0.3496","false","0.5","0.0","0.1818","0.5","0.0","1.0","0.0","0.5","0.0","true"
"d2-v5-hard-185","arrow:a2","ARROW","MEDIUM","0.3","false","0.0","0.0","0.1111","0.5","0.0","1.0","0.2","0.5","0.0","true"
"d2-v5-hard-185","arrow:a3","ARROW","HIGH","0.3726","false","0.3333","0.3333","0.2727","0.5","0.0","1.0","0.0","0.5","0.0","true"
"d2-v5-hard-185","arrow:a4","ARROW","MEDIUM","0.1881","false","0.5","0.0","0.0","0.3333","0.0","0.3333","0.0","0.3333","0.0","true"
"d2-v5-hard-185","arrow:a5","ARROW","MEDIUM","0.1312","false","0.0","0.0","0.0","0.3333","0.0","0.3333","0.0","0.3333","0.0","true"
"d2-v5-hard-185","magnet:m1","MAGNET","IRRELEVANT","0.025","false","0.0","0.0","0.0","0.0","0.0","0.0","0.25","0.0","0.0","true"
"d2-v5-hard-185","magnet:m2","MAGNET","IRRELEVANT","0.0","false","0.0","0.0","0.0","0.0","0.0","0.0","0.0","0.0","0.0","true"
"d2-v5-hard-185","magnet:m3","MAGNET","HIGH","0.4744","false","0.3333","0.3333","0.25","1.0","0.0","1.0","0.4","1.0","0.1429","true"
"d2-v5-hard-185","magnet:m4","MAGNET","IRRELEVANT","0.0","false","0.0","0.0","0.0","0.0","0.0","0.0","0.0","0.0","0.0","true"
"d2-v5-hard-185","wall:3,3","WALL","MEDIUM","0.1974","false","0.3333","0.3333","0.0","0.5","0.0","0.0","0.3333","0.4","0.1429","true"
"d2-v5-hard-185","wall:3,4","WALL","IRRELEVANT","0.0","false","0.0","0.0","0.0","0.0","0.0","0.0","0.0","0.0","0.0","true"
"d2-v5-hard-185","wall:5,5","WALL","IRRELEVANT","0.0","false","0.0","0.0","0.0","0.0","0.0","0.0","0.0","0.0","0.0","true"
"d2-v5-medium-186","arrow:a1","ARROW","MEDIUM","0.1725","false","0.0","0.5","0.0","0.5","0.0","0.5","0.0","0.0","0.0","true"
"d2-v5-medium-186","arrow:a2","ARROW","HIGH","0.64","false","0.0","0.0","1.0","1.0","1.0","1.0","0.0","0.0","1.0","true"
"d2-v5-medium-186","arrow:a3","ARROW","CRITICAL","0.65","false","0.5","0.0","1.0","1.0","1.0","1.0","0.0","0.0","0.0","true"
"d2-v5-medium-186","magnet:m1","MAGNET","CRITICAL","1.0","true","1.0","1.0","0.8889","1.0","1.0","1.0","1.0","0.0","0.6667","true"
"d2-v5-medium-186","magnet:m2","MAGNET","LOW","0.0333","false","0.0","0.0","0.0","0.0","0.0","0.0","0.3333","0.0","0.0","true"
"d2-v5-medium-186","wall:1,1","WALL","IRRELEVANT","0.0","false","0.0","0.0","0.0","0.0","0.0","0.0","0.0","0.0","0.0","true"
"d2-v5-medium-186","wall:1,4","WALL","IRRELEVANT","0.0","false","0.0","0.0","0.0","0.0","0.0","0.0","0.0","0.0","0.0","true"
"d2-v5-medium-186","wall:2,3","WALL","IRRELEVANT","0.0","false","0.0","0.0","0.0","0.0","0.0","0.0","0.0","0.0","0.0","true"
"d2-v5-medium-186","wall:3,2","WALL","MEDIUM","0.231","false","0.3333","0.3333","0.2","0.0","0.0","1.0","0.0","0.0","0.0","true"
"d2-v5-medium-186","wall:5,4","WALL","IRRELEVANT","0.0","false","0.0","0.0","0.0","0.0","0.0","0.0","0.0","0.0","0.0","true"
"d2-v5-expert-187","arrow:a1","ARROW","CRITICAL","0.7833","false","0.5","0.5","1.0","1.0","1.0","1.0","0.3333","1.0","0.0","true"
"d2-v5-expert-187","arrow:a2","ARROW","CRITICAL","1.0","true","1.0","1.0","0.7778","1.0","1.0","1.0","0.3333","0.8","0.5","true"
"d2-v5-expert-187","arrow:a3","ARROW","CRITICAL","1.0","true","1.0","1.0","0.5","1.0","0.0","1.0","0.0","0.4","0.2","true"
"d2-v5-expert-187","arrow:a4","ARROW","LOW","0.05","false","0.0","0.0","0.0833","0.0","0.0","0.0","0.0","0.0","0.25","true"
"d2-v5-expert-187","arrow:a5","ARROW","MEDIUM","0.1765","false","0.0","0.5","0.0","0.5","0.0","0.3333","0.0","0.4","0.0","true"
"d2-v5-expert-187","magnet:m1","MAGNET","HIGH","0.3907","false","0.3333","0.3333","0.4","0.5","0.0","1.0","0.3333","0.2","0.3333","true"
"d2-v5-expert-187","magnet:m2","MAGNET","HIGH","0.4027","false","0.0","0.0","0.3333","0.6667","0.5","1.0","0.25","0.6","0.3333","true"
"d2-v5-expert-187","magnet:m3","MAGNET","IRRELEVANT","0.0","false","0.0","0.0","0.0","0.0","0.0","0.0","0.0","0.0","0.0","true"
"d2-v5-expert-187","wall:1,3","WALL","IRRELEVANT","0.0167","false","0.0","0.0","0.0","0.0","0.0","0.0","0.1667","0.0","0.0","true"
"d2-v5-expert-187","wall:1,4","WALL","IRRELEVANT","0.0167","false","0.0","0.0","0.0","0.0","0.0","0.0","0.1667","0.0","0.0","true"
"d2-v5-hard-188","arrow:a1","ARROW","MEDIUM","0.2433","false","0.5","0.0","0.1379","0.3","0.0","0.0","0.0","1.0","0.25","true"
"d2-v5-hard-188","arrow:a2","ARROW","MEDIUM","0.176","false","0.0","0.3333","0.0","0.5","0.0","0.2857","0.0","0.5","0.0","true"
"d2-v5-hard-188","arrow:a3","ARROW","MEDIUM","0.267","false","0.3333","0.0","0.1034","0.65","0.0","0.5714","0.0","0.5","0.0","true"
"d2-v5-hard-188","arrow:a4","ARROW","MEDIUM","0.202","false","0.0","0.0","0.0833","0.6","0.0","0.5714","0.0","0.0","0.1111","true"
"d2-v5-hard-188","arrow:a5","ARROW","MEDIUM","0.2176","false","0.3333","0.0","0.1034","0.3","0.0","0.0","0.1429","1.0","0.1111","true"
"d2-v5-hard-188","arrow:a6","ARROW","MEDIUM","0.2343","false","0.0","0.0","0.0833","0.6","0.0","0.5714","0.0","0.5","0.1111","true"
"d2-v5-hard-188","magnet:m1","MAGNET","CRITICAL","1.0","true","1.0","1.0","0.6667","0.8","0.5","1.0","0.0","1.0","0.5385","true"
"d2-v5-hard-188","magnet:m2","MAGNET","IRRELEVANT","0.0111","false","0.0","0.0","0.0","0.0","0.0","0.0","0.1111","0.0","0.0","true"
"d2-v5-hard-188","magnet:m3","MAGNET","LOW","0.0903","false","0.0","0.0","0.1163","0.2857","0.0","0.2222","0.0","0.0","0.0769","true"
"d2-v5-hard-188","magnet:m4","MAGNET","MEDIUM","0.2067","false","0.25","0.25","0.2703","0.3","0.0","0.4286","0.0","0.0","0.2308","true"
"d2-v5-hard-188","magnet:m5","MAGNET","MEDIUM","0.257","false","0.25","0.25","0.2642","0.2308","0.3333","0.4286","0.125","0.125","0.3158","true"
"d2-v5-hard-188","wall:4,3","WALL","MEDIUM","0.1958","false","0.25","0.25","0.2245","0.2593","0.0","0.125","0.2","0.3333","0.25","true"
"d2-v5-hard-188","wall:4,4","WALL","IRRELEVANT","0.0","false","0.0","0.0","0.0","0.0","0.0","0.0","0.0","0.0","0.0","true"
"d2-v5-hard-188","wall:5,5","WALL","MEDIUM","0.1202","false","0.25","0.25","0.0789","0.0","0.0","0.4286","0.0","0.0","0.0","true"
"d2-v5-hard-189","arrow:a1","ARROW","CRITICAL","1.0","true","1.0","1.0","0.2308","0.8","0.0","1.0","0.0","0.0","0.0","true"
"d2-v5-hard-189","arrow:a2","ARROW","MEDIUM","0.3341","false","0.0","0.0","0.2857","0.8","0.0","1.0","0.0","0.0","0.3333","true"
"d2-v5-hard-189","arrow:a3","ARROW","HIGH","0.3935","false","0.5","0.0","0.375","0.8","0.0","1.0","0.0","0.0","0.0","true"
"d2-v5-hard-189","arrow:a4","ARROW","MEDIUM","0.1477","false","0.0","0.0","0.0","0.6","0.0","0.3333","0.0","0.0","0.0","true"
"d2-v5-hard-189","magnet:m1","MAGNET","MEDIUM","0.1864","false","0.3333","0.3333","0.25","0.2","0.0","0.0","0.2","0.0","0.4","true"
"d2-v5-hard-189","magnet:m2","MAGNET","IRRELEVANT","0.0167","false","0.0","0.0","0.0","0.0","0.0","0.0","0.1667","0.0","0.0","true"
"d2-v5-hard-189","magnet:m3","MAGNET","IRRELEVANT","0.0167","false","0.0","0.0","0.0","0.0","0.0","0.0","0.1667","0.0","0.0","true"
"d2-v5-hard-189","magnet:m4","MAGNET","IRRELEVANT","0.0","false","0.0","0.0","0.0","0.0","0.0","0.0","0.0","0.0","0.0","true"
"d2-v5-hard-189","magnet:m5","MAGNET","HIGH","0.4801","false","0.3333","0.3333","0.6667","0.6","0.0","1.0","0.5","0.0","0.6","true"
"d2-v5-hard-189","wall:1,1","WALL","IRRELEVANT","0.0","false","0.0","0.0","0.0","0.0","0.0","0.0","0.0","0.0","0.0","true"
"d2-v5-hard-189","wall:5,2","WALL","MEDIUM","0.303","false","0.5","0.5","0.0625","0.375","0.0","1.0","0.0","0.0","0.25","true"
"d2-v5-expert-190","arrow:a1","ARROW","MEDIUM","0.3454","false","0.0","0.0","0.2","0.8333","0.0","1.0","0.0","0.5","0.25","true"
"d2-v5-expert-190","arrow:a2","ARROW","MEDIUM","0.22","false","0.0","0.0","0.0","0.6667","0.0","0.25","0.0","1.0","0.0","true"
"d2-v5-expert-190","arrow:a3","ARROW","MEDIUM","0.1844","false","0.3333","0.0","0.0","0.4167","0.0","0.25","0.0","0.5","0.0","true"
"d2-v5-expert-190","arrow:a4","ARROW","HIGH","0.3938","false","0.3333","0.0","0.3333","0.8333","0.0","1.0","0.0","0.5","0.0","true"
"d2-v5-expert-190","arrow:a5","ARROW","MEDIUM","0.3142","false","0.3333","0.0","0.2941","0.6667","0.0","0.25","0.0","1.0","0.4","true"
"d2-v5-expert-190","magnet:m1","MAGNET","HIGH","0.3917","false","0.25","0.25","0.5789","0.6667","0.0","1.0","0.0","0.0","0.5","true"
"d2-v5-expert-190","magnet:m2","MAGNET","MEDIUM","0.1897","false","0.0","0.0","0.15","0.5","0.0","0.0","0.25","1.0","0.1667","true"
"d2-v5-expert-190","magnet:m3","MAGNET","IRRELEVANT","0.0167","false","0.0","0.0","0.0","0.0","0.0","0.0","0.1667","0.0","0.0","true"
"d2-v5-expert-190","wall:5,7","WALL","MEDIUM","0.232","false","0.25","0.25","0.2","0.0","0.0","1.0","0.1667","0.0","0.0","true"
"d2-v5-expert-190","wall:7,7","WALL","IRRELEVANT","0.0","false","0.0","0.0","0.0","0.0","0.0","0.0","0.0","0.0","0.0","true"
"d2-v5-medium-191","arrow:a1","ARROW","MEDIUM","0.1437","false","0.0","0.0","0.0","0.6","0.0","0.25","0.0","0.0","0.0","true"
"d2-v5-medium-191","arrow:a2","ARROW","HIGH","0.386","false","0.3333","0.0","0.4444","0.8","0.0","1.0","0.0","0.0","0.0","true"
"d2-v5-medium-191","arrow:a3","ARROW","CRITICAL","1.0","true","1.0","1.0","0.3125","0.8","0.0","1.0","0.0","0.0","0.1667","true"
"d2-v5-medium-191","arrow:a4","ARROW","MEDIUM","0.3377","false","0.0","0.0","0.3333","0.8","0.0","1.0","0.0","0.0","0.4","true"
"d2-v5-medium-191","arrow:a5","ARROW","MEDIUM","0.1333","false","0.0","0.3333","0.0","0.5","0.0","0.25","0.0","0.0","0.0","true"
"d2-v5-medium-191","magnet:m1","MAGNET","HIGH","0.3941","false","0.25","0.25","0.2609","0.0","0.5","1.0","0.3333","1.0","0.1429","true"
"d2-v5-medium-191","magnet:m2","MAGNET","IRRELEVANT","0.0028","false","0.0","0.0","0.0","0.0","0.0","0.0","0.0","0.0","0.0","true"
"d2-v5-medium-191","magnet:m3","MAGNET","MEDIUM","0.3193","false","0.0","0.0","0.4194","0.0","0.5","0.25","0.5714","1.0","0.4","true"
"d2-v5-medium-191","wall:3,2","WALL","IRRELEVANT","0.0","false","0.0","0.0","0.0","0.0","0.0","0.0","0.0","0.0","0.0","true"
"d2-v5-expert-192","arrow:a1","ARROW","HIGH","0.3944","false","0.3333","0.3333","0.1429","0.5","0.5","0.5714","0.1429","1.0","0.0","true"
"d2-v5-expert-192","arrow:a2","ARROW","CRITICAL","1.0","true","1.0","1.0","0.8889","1.0","1.0","1.0","0.1429","0.8","0.5","true"
"d2-v5-expert-192","arrow:a3","ARROW","MEDIUM","0.1757","false","0.0","0.5","0.0","0.5","0.0","0.2857","0.0","0.4","0.0","true"
"d2-v5-expert-192","arrow:a4","ARROW","MEDIUM","0.3145","false","0.0","0.0","0.2","0.875","0.5","0.5714","0.0","0.0","0.3333","true"
"d2-v5-expert-192","arrow:a5","ARROW","CRITICAL","1.0","true","1.0","1.0","0.3333","0.75","0.0","1.0","0.0","0.4","0.1429","true"
"d2-v5-expert-192","magnet:m1","MAGNET","MEDIUM","0.2278","false","0.3333","0.3333","0.1304","0.0","0.0","0.5714","0.375","0.2","0.0","true"
"d2-v5-expert-192","magnet:m2","MAGNET","HIGH","0.4929","false","0.3333","0.3333","0.5833","0.5","0.5","1.0","0.3333","0.2","0.5","true"
"d2-v5-expert-192","magnet:m3","MAGNET","IRRELEVANT","0.0111","false","0.0","0.0","0.0","0.0","0.0","0.0","0.1111","0.0","0.0","true"
"d2-v5-expert-192","magnet:m4","MAGNET","IRRELEVANT","0.0","false","0.0","0.0","0.0","0.0","0.0","0.0","0.0","0.0","0.0","true"
"d2-v5-expert-192","magnet:m5","MAGNET","IRRELEVANT","0.0","false","0.0","0.0","0.0","0.0","0.0","0.0","0.0","0.0","0.0","true"
"d2-v5-expert-192","magnet:m6","MAGNET","IRRELEVANT","0.0","false","0.0","0.0","0.0","0.0","0.0","0.0","0.0","0.0","0.0","true"
"d2-v5-expert-192","wall:1,4","WALL","IRRELEVANT","0.0133","false","0.0","0.0","0.0","0.0","0.0","0.0","0.1111","0.0","0.0","true"
"d2-v5-expert-192","wall:2,3","WALL","MEDIUM","0.1987","false","0.0","0.0","0.4222","0.5294","0.0","0.2222","0.1111","0.0","0.3846","true"
"d2-v5-hard-193","arrow:a1","ARROW","MEDIUM","0.2032","false","0.0","0.5","0.0","0.5","0.0","0.5","0.0","0.5","0.0","true"
"d2-v5-hard-193","arrow:a2","ARROW","HIGH","0.4647","false","0.3333","0.3333","0.2","0.6","0.5","1.0","0.0","1.0","0.0","true"
"d2-v5-hard-193","arrow:a3","ARROW","HIGH","0.506","false","0.6667","0.3333","0.1111","0.6","0.5","1.0","0.2","1.0","0.0","true"
"d2-v5-hard-193","arrow:a4","ARROW","HIGH","0.3941","false","0.0","0.0","0.2857","0.8","0.5","1.0","0.0","0.0","0.3333","true"
"d2-v5-hard-193","magnet:m1","MAGNET","IRRELEVANT","0.0026","false","0.0","0.0","0.0","0.0","0.0","0.0","0.0","0.0","0.0","true"
"d2-v5-hard-193","magnet:m2","MAGNET","IRRELEVANT","0.0286","false","0.0","0.0","0.0","0.0","0.0","0.0","0.2857","0.0","0.0","true"
"d2-v5-hard-193","magnet:m3","MAGNET","IRRELEVANT","0.0","false","0.0","0.0","0.0","0.0","0.0","0.0","0.0","0.0","0.0","true"
"d2-v5-hard-193","magnet:m4","MAGNET","HIGH","0.6203","false","0.3333","0.3333","0.7895","1.0","0.5","1.0","0.0","1.0","0.7143","true"
"d2-v5-hard-193","wall:2,5","WALL","MEDIUM","0.3312","false","0.5","0.5","0.0","0.2857","0.0","1.0","0.1429","1.0","0.0","true"
"d2-v5-hard-193","wall:6,4","WALL","HIGH","0.5261","false","0.3333","0.3333","0.7727","0.6","0.5","1.0","0.0","0.5","0.7143","true"
"d2-v5-expert-194","arrow:a1","ARROW","HIGH","0.3638","false","0.3333","0.0","0.1429","0.5","0.5","0.5714","0.2","1.0","0.0","true"
"d2-v5-expert-194","arrow:a2","ARROW","CRITICAL","1.0","true","1.0","1.0","0.8","1.0","1.0","1.0","0.2","0.8","0.0","true"
"d2-v5-expert-194","arrow:a3","ARROW","MEDIUM","0.1609","false","0.0","0.3333","0.0","0.5","0.0","0.2857","0.0","0.4","0.0","true"
"d2-v5-expert-194","arrow:a4","ARROW","HIGH","0.3594","false","0.0","0.0","0.3","1.0","0.5","0.5714","0.0","0.0","0.5","true"
"d2-v5-expert-194","arrow:a5","ARROW","MEDIUM","0.1609","false","0.0","0.3333","0.0","0.5","0.0","0.2857","0.0","0.4","0.0","true"
"d2-v5-expert-194","magnet:m1","MAGNET","MEDIUM","0.2114","false","0.5","0.0","0.1304","0.2","0.0","0.5714","0.0","0.2","0.2857","true"
"d2-v5-expert-194","magnet:m2","MAGNET","HIGH","0.4492","false","0.4","0.4","0.3333","0.0","0.5","1.0","0.3333","1.0","0.4","true"
"d2-v5-expert-194","magnet:m3","MAGNET","IRRELEVANT","0.0023","false","0.0","0.0","0.0","0.0","0.0","0.0","0.0","0.0","0.0","true"
"d2-v5-expert-194","wall:2,2","WALL","IRRELEVANT","0.0","false","0.0","0.0","0.0","0.0","0.0","0.0","0.0","0.0","0.0","true"
"d2-v5-expert-194","wall:3,6","WALL","MEDIUM","0.213","false","0.3333","0.3333","0.3226","0.3333","0.0","0.125","0.1429","0.0","0.3333","true"
"d2-v5-expert-194","wall:4,1","WALL","IRRELEVANT","0.0","false","0.0","0.0","0.0","0.0","0.0","0.0","0.0","0.0","0.0","true"
"d2-v5-hard-195","arrow:a1","ARROW","HIGH","0.4374","false","0.0","0.3333","0.381","0.875","0.5","1.0","0.0","0.0","0.1429","true"
"d2-v5-hard-195","arrow:a2","ARROW","MEDIUM","0.1336","false","0.25","0.25","0.0","0.0","0.0","0.25","0.1667","0.0","0.0","true"
"d2-v5-hard-195","arrow:a3","ARROW","HIGH","0.4352","false","0.0","0.3333","0.381","0.875","0.5","1.0","0.0","0.0","0.1429","true"
"d2-v5-hard-195","arrow:a4","ARROW","MEDIUM","0.1239","false","0.3333","0.0","0.0","0.25","0.0","0.25","0.0","0.0","0.0","true"
"d2-v5-hard-195","arrow:a5","ARROW","LOW","0.0839","false","0.0","0.0","0.0","0.25","0.0","0.25","0.0","0.0","0.0","true"
"d2-v5-hard-195","arrow:a6","ARROW","HIGH","0.3647","false","0.0","0.0","0.2727","0.75","0.5","1.0","0.0","0.0","0.0","true"
"d2-v5-hard-195","magnet:m1","MAGNET","HIGH","0.3582","false","0.4","0.4","0.3243","0.5556","0.0","1.0","0.1667","0.0","0.2","true"
"d2-v5-hard-195","magnet:m2","MAGNET","MEDIUM","0.1202","false","0.25","0.25","0.1053","0.3333","0.0","0.0","0.0","0.0","0.1818","true"
"d2-v5-hard-195","magnet:m3","MAGNET","MEDIUM","0.2681","false","0.0","0.0","0.0857","0.0625","0.0","1.0","0.5","1.0","0.0","true"
"d2-v5-hard-195","wall:5,2","WALL","IRRELEVANT","0.0","false","0.0","0.0","0.0","0.0","0.0","0.0","0.0","0.0","0.0","true"
"d2-v5-expert-196","arrow:a1","ARROW","HIGH","0.4938","false","0.3333","0.3333","0.4286","1.0","0.0","1.0","0.0","1.0","0.0","true"
"d2-v5-expert-196","arrow:a2","ARROW","HIGH","0.537","false","0.3333","0.3333","0.6","1.0","0.0","1.0","0.0","1.0","0.6","true"
"d2-v5-expert-196","arrow:a3","ARROW","MEDIUM","0.1765","false","0.5","0.0","0.0","0.3333","0.0","0.25","0.0","0.3333","0.0","true"
"d2-v5-expert-196","arrow:a4","ARROW","MEDIUM","0.2035","false","0.5","0.0","0.0","0.5","0.0","0.25","0.0","0.5","0.0","true"
"d2-v5-expert-196","arrow:a5","ARROW","LOW","0.1165","false","0.0","0.0","0.0","0.3333","0.0","0.25","0.0","0.3333","0.0","true"
"d2-v5-expert-196","magnet:m1","MAGNET","IRRELEVANT","0.025","false","0.0","0.0","0.0","0.0","0.0","0.0","0.25","0.0","0.0","true"
"d2-v5-expert-196","magnet:m2","MAGNET","CRITICAL","1.0","true","1.0","1.0","0.375","1.0","0.0","1.0","0.0","1.0","0.0","true"
"d2-v5-expert-196","magnet:m3","MAGNET","IRRELEVANT","0.0","false","0.0","0.0","0.0","0.0","0.0","0.0","0.0","0.0","0.0","true"
"d2-v5-expert-196","wall:2,2","WALL","HIGH","0.4386","false","0.5","0.5","0.3125","1.0","0.0","1.0","0.25","0.1429","0.0","true"
"d2-v5-expert-196","wall:5,5","WALL","IRRELEVANT","0.0","false","0.0","0.0","0.0","0.0","0.0","0.0","0.0","0.0","0.0","true"
"d2-v5-hard-197","arrow:a1","ARROW","CRITICAL","0.6917","false","0.0","0.0","1.0","1.0","1.0","1.0","0.0","1.0","1.0","true"
"d2-v5-hard-197","arrow:a2","ARROW","CRITICAL","0.69","false","0.3333","0.0","1.0","1.0","1.0","1.0","0.0","1.0","0.0","true"
"d2-v5-hard-197","arrow:a3","ARROW","MEDIUM","0.1775","false","0.0","0.3333","0.0","0.5","0.0","0.3333","0.0","0.5","0.0","true"
"d2-v5-hard-197","arrow:a4","ARROW","MEDIUM","0.1775","false","0.0","0.3333","0.0","0.5","0.0","0.3333","0.0","0.5","0.0","true"
"d2-v5-hard-197","magnet:m1","MAGNET","IRRELEVANT","0.0042","false","0.0","0.0","0.0","0.0","0.0","0.0","0.0","0.0","0.0","true"
"d2-v5-hard-197","magnet:m2","MAGNET","CRITICAL","0.7125","false","0.25","0.25","1.0","1.0","1.0","1.0","0.0","1.0","1.0","true"
"d2-v5-hard-197","magnet:m3","MAGNET","IRRELEVANT","0.0","false","0.0","0.0","0.0","0.0","0.0","0.0","0.0","0.0","0.0","true"
"d2-v5-hard-197","wall:1,4","WALL","IRRELEVANT","0.0","false","0.0","0.0","0.0","0.0","0.0","0.0","0.0","0.0","0.0","true"
"d2-v5-hard-197","wall:2,2","WALL","MEDIUM","0.337","false","0.5","0.0","0.125","0.5","0.0","1.0","0.1667","0.2","0.6667","true"
"d2-v5-hard-197","wall:3,1","WALL","IRRELEVANT","0.0","false","0.0","0.0","0.0","0.0","0.0","0.0","0.0","0.0","0.0","true"
"d2-v5-hard-197","wall:4,5","WALL","HIGH","0.4099","false","0.5","0.0","0.619","0.6667","0.5","0.0","0.2857","0.5","0.7143","true"
"d2-v5-expert-198","arrow:a1","ARROW","CRITICAL","0.7","false","0.25","0.25","1.0","1.0","1.0","1.0","0.0","1.0","0.0","true"
"d2-v5-expert-198","arrow:a2","ARROW","CRITICAL","0.7324","false","0.25","0.25","1.0","1.0","1.0","1.0","0.0","1.0","1.0","true"
"d2-v5-expert-198","arrow:a3","ARROW","MEDIUM","0.1643","false","0.0","0.3333","0.0","0.5","0.0","0.25","0.0","0.5","0.0","true"
"d2-v5-expert-198","arrow:a4","ARROW","MEDIUM","0.1865","false","0.3333","0.0","0.0","0.5","0.0","0.25","0.0","0.5","0.0","true"
"d2-v5-expert-198","arrow:a5","ARROW","MEDIUM","0.1614","false","0.0","0.3333","0.0","0.5","0.0","0.25","0.0","0.5","0.0","true"
"d2-v5-expert-198","magnet:m1","MAGNET","IRRELEVANT","0.0229","false","0.0","0.0","0.0","0.0","0.0","0.0","0.2","0.0","0.0","true"
"d2-v5-expert-198","magnet:m2","MAGNET","HIGH","0.5038","false","0.25","0.25","0.6667","1.0","0.0","1.0","0.0","1.0","0.5","true"
"d2-v5-expert-198","magnet:m3","MAGNET","IRRELEVANT","0.0167","false","0.0","0.0","0.0","0.0","0.0","0.0","0.1667","0.0","0.0","true"
"d2-v5-expert-198","wall:3,6","WALL","MEDIUM","0.2822","false","0.25","0.25","0.0","0.5","0.0","1.0","0.1667","0.1111","0.4","true"
"d2-v5-expert-198","wall:3,7","WALL","IRRELEVANT","0.0","false","0.0","0.0","0.0","0.0","0.0","0.0","0.0","0.0","0.0","true"
"d2-v5-expert-198","wall:5,7","WALL","CRITICAL","1.0","true","1.0","1.0","0.4615","0.5","0.0","1.0","0.1667","0.5","0.0","true"
"d2-v5-hard-199","arrow:a1","ARROW","MEDIUM","0.2434","false","0.0","0.0","0.0952","0.75","0.0","0.6667","0.0","0.0","0.125","true"
"d2-v5-hard-199","arrow:a2","ARROW","MEDIUM","0.268","false","0.3333","0.3333","0.0769","0.5","0.5","0.25","0.0","0.0","0.0","true"
"d2-v5-hard-199","arrow:a3","ARROW","LOW","0.0318","false","0.0","0.0","0.0","0.0","0.0","0.0","0.1429","0.0","0.0","true"
"d2-v5-hard-199","arrow:a4","ARROW","MEDIUM","0.2858","false","0.5","0.0","0.1154","0.75","0.0","0.6667","0.0","0.0","0.0","true"
"d2-v5-hard-199","arrow:a5","ARROW","MEDIUM","0.2434","false","0.0","0.0","0.0952","0.75","0.0","0.6667","0.0","0.0","0.125","true"
"d2-v5-hard-199","arrow:a6","ARROW","MEDIUM","0.2858","false","0.5","0.0","0.1154","0.75","0.0","0.6667","0.0","0.0","0.0","true"
"d2-v5-hard-199","magnet:m1","MAGNET","IRRELEVANT","0.0125","false","0.0","0.0","0.0","0.0","0.0","0.0","0.125","0.0","0.0","true"
"d2-v5-hard-199","magnet:m2","MAGNET","IRRELEVANT","0.0125","false","0.0","0.0","0.0","0.0","0.0","0.0","0.125","0.0","0.0","true"
"d2-v5-hard-199","magnet:m3","MAGNET","CRITICAL","1.0","true","1.0","1.0","0.3529","0.75","0.0","1.0","0.0","0.0","0.1667","true"
"d2-v5-hard-199","magnet:m4","MAGNET","MEDIUM","0.2813","false","0.3333","0.3333","0.2941","0.5","0.0","0.5","0.1667","0.0","0.25","true"
"d2-v5-hard-199","magnet:m5","MAGNET","IRRELEVANT","0.0125","false","0.0","0.0","0.0","0.0","0.0","0.0","0.125","0.0","0.0","true"
"d2-v5-hard-199","wall:2,4","WALL","IRRELEVANT","0.0142","false","0.0","0.0","0.0278","0.0","0.0","0.0","0.0","0.0","0.0833","true"
"d2-v5-hard-199","wall:2,5","WALL","IRRELEVANT","0.015","false","0.0","0.0","0.0","0.0","0.0","0.0","0.125","0.0","0.0","true"
"d2-v5-hard-199","wall:3,4","WALL","MEDIUM","0.3257","false","0.3333","0.3333","0.2553","0.5","0.0","0.3333","0.3","1.0","0.3125","true"
"d2-v5-expert-200","arrow:a1","ARROW","HIGH","0.4905","false","0.6667","0.3333","0.2","0.6667","0.5","0.625","0.25","1.0","0.0","true"
"d2-v5-expert-200","arrow:a2","ARROW","MEDIUM","0.2917","false","0.0","0.0","0.15","0.8333","0.5","0.5","0.0","0.0","0.2857","true"
"d2-v5-expert-200","arrow:a3","ARROW","MEDIUM","0.1842","false","0.0","0.5","0.0","0.5","0.0","0.375","0.0","0.4","0.0","true"
"d2-v5-expert-200","arrow:a4","ARROW","CRITICAL","1.0","true","1.0","1.0","0.9333","1.0","1.0","1.0","0.25","0.8","0.6667","true"
"d2-v5-expert-200","arrow:a5","ARROW","MEDIUM","0.2037","false","0.0","0.0","0.0952","0.6667","0.0","0.375","0.0","0.4","0.1429","true"
"d2-v5-expert-200","magnet:m1","MAGNET","MEDIUM","0.3041","false","0.6667","0.0","0.1071","0.5","0.0","0.625","0.25","0.4","0.1111","true"
"d2-v5-expert-200","magnet:m2","MAGNET","MEDIUM","0.2729","false","0.3333","0.3333","0.2069","0.1667","0.0","0.625","0.4","0.2","0.2222","true"
"d2-v5-expert-200","magnet:m3","MAGNET","IRRELEVANT","0.0","false","0.0","0.0","0.0","0.0","0.0","0.0","0.0","0.0","0.0","true"
"d2-v5-expert-200","wall:3,3","WALL","IRRELEVANT","0.0143","false","0.0","0.0","0.0","0.0","0.0","0.0","0.1429","0.0","0.0","true"
"d2-v5-expert-200","wall:3,4","WALL","IRRELEVANT","0.0143","false","0.0","0.0","0.0","0.0","0.0","0.0","0.1429","0.0","0.0","true"
"d2-v5-expert-200","wall:6,2","WALL","MEDIUM","0.1883","false","0.5","0.5","0.1333","0.0","0.0","0.5","0.0","0.0","0.0","true"
"d2-v5-expert-200","wall:7,1","WALL","IRRELEVANT","0.0","false","0.0","0.0","0.0","0.0","0.0","0.0","0.0","0.0","0.0","true"
