number,id,title,board_width,board_height,arrow_count,magnet_count,wall_count,current_difficulty_v3,current_quality_v2,current_quality_status,v3_solution_family_count,v3_meaningful_decision_points,v3_dependency_depth,v3_mechanic_relevance_ratio,v3_unused_empty_space_ratio,v3_irrelevant_entity_ratio,total_solution_length,solution_sequences,meaningful_solution_strategies,solution_permutation_redundancy,canonical_plausible_choices,canonical_immediately_invalid_choices,canonical_viable_choices,canonical_fatal_choices,canonical_meaningful_choice_classes,canonical_consequential_decision_nodes,canonical_harmful_decision_nodes,canonical_effectively_equivalent_choices,canonical_independent_moves,explored_plausible_choices,explored_immediately_invalid_choices,explored_viable_choices,explored_fatal_choices,meaningful_failure_rate,explored_consequential_decision_nodes,explored_harmful_decision_nodes,future_impact_edges,commutative_pairs,viable_choice_pairs,commutative_pair_rate,mandatory_order_pairs,flexible_order_pairs,meaningful_order_strength,canonical_polarity_flips,polarity_material_impacts,polarity_strategic_impacts,polarity_actionability_impacts,polarity_solution_structure_impacts,polarity_impact_rate,decorative_magnets,strategically_relevant_magnets,solvability_essential_magnets,controlled_success_interactions,controlled_failed_interactions,impactful_polarity_magnets,decorative_walls,route_relevant_walls,movement_relevant_walls,visibility_relevant_walls,strategically_relevant_walls,solvability_essential_walls,arrow_occlusion_events,cancellation_events,cancellation_impactful_events,cancellation_fatal_events,cancellation_canonical_events,first_obvious_solve_probability,first_obvious_expected_actions,first_obvious_expected_wrong_actions,first_obvious_expected_restarts,first_obvious_expected_meaningful_setbacks,first_obvious_expected_polarity_mistakes,first_obvious_expected_decision_points,greedy_solve_probability,greedy_expected_actions,greedy_expected_wrong_actions,greedy_expected_restarts,greedy_expected_meaningful_setbacks,greedy_expected_polarity_mistakes,greedy_expected_decision_points,random_successful_solve_probability,random_successful_expected_actions,random_successful_expected_wrong_actions,random_successful_expected_restarts,random_successful_expected_meaningful_setbacks,random_successful_expected_polarity_mistakes,random_successful_expected_decision_points,random_visible_solve_probability,random_visible_expected_actions,random_visible_expected_wrong_actions,random_visible_expected_restarts,random_visible_expected_meaningful_setbacks,random_visible_expected_polarity_mistakes,random_visible_expected_decision_points,shortest_route_solve_probability,shortest_route_expected_actions,shortest_route_expected_wrong_actions,shortest_route_expected_restarts,shortest_route_expected_meaningful_setbacks,shortest_route_expected_polarity_mistakes,shortest_route_expected_decision_points,triviality_classification,mechanic_presence_count,mechanic_interaction_count,claimed_mechanics,interacting_mechanics,primary_ease_reason,canonical_interchangeable_groups
1,proto-001,First release,3,3,1,1,0,10,68,REVIEW,1,0,0,1.000000,0.666700,0.000000,1,1,1,0.000000,1,0,1,0,0,0,0,0,0,1,0,1,0,0.000000,0,0,0,0,0,0.000000,0,0,No meaningful ordering,1,0,0,0,0,0.000000,1,0,0,1,0,0,0,0,0,0,0,0,0,0,0,0,0,1.000000,1.000000,0.000000,0.000000,0.000000,0.000000,0.000000,1.000000,1.000000,0.000000,0.000000,0.000000,0.000000,0.000000,1.000000,1.000000,0.000000,0.000000,0.000000,0.000000,0.000000,1.000000,1.000000,0.000000,0.000000,0.000000,0.000000,0.000000,1.000000,1.000000,0.000000,0.000000,0.000000,0.000000,0.000000,Trivial,2,1,PUSH+POLARITY_FLIP,PUSH,Single-action puzzle,
2,proto-002,Clear the blocker,4,4,1,1,0,11,66,REVIEW,1,0,0,1.000000,0.750000,0.000000,1,1,1,0.000000,1,0,1,0,0,0,0,0,0,1,0,1,0,0.000000,0,0,0,0,0,0.000000,0,0,No meaningful ordering,1,0,0,0,0,0.000000,1,0,0,1,0,0,0,0,0,0,0,0,0,0,0,0,0,1.000000,1.000000,0.000000,0.000000,0.000000,0.000000,0.000000,1.000000,1.000000,0.000000,0.000000,0.000000,0.000000,0.000000,1.000000,1.000000,0.000000,0.000000,0.000000,0.000000,0.000000,1.000000,1.000000,0.000000,0.000000,0.000000,0.000000,0.000000,1.000000,1.000000,0.000000,0.000000,0.000000,0.000000,0.000000,Trivial,2,1,PUSH+POLARITY_FLIP,PUSH,Single-action puzzle,
3,proto-003,Pull,3,3,1,1,0,11,68,REVIEW,1,0,0,1.000000,0.666700,0.000000,1,1,1,0.000000,1,0,1,0,0,0,0,0,0,1,0,1,0,0.000000,0,0,0,0,0,0.000000,0,0,No meaningful ordering,1,0,0,0,0,0.000000,1,0,0,1,0,0,0,0,0,0,0,0,0,0,0,0,0,1.000000,1.000000,0.000000,0.000000,0.000000,0.000000,0.000000,1.000000,1.000000,0.000000,0.000000,0.000000,0.000000,0.000000,1.000000,1.000000,0.000000,0.000000,0.000000,0.000000,0.000000,1.000000,1.000000,0.000000,0.000000,0.000000,0.000000,0.000000,1.000000,1.000000,0.000000,0.000000,0.000000,0.000000,0.000000,Trivial,2,1,PULL+POLARITY_FLIP,PULL,Single-action puzzle,
4,proto-004,Push,4,4,1,1,0,12,66,REVIEW,1,0,0,1.000000,0.750000,0.000000,1,1,1,0.000000,1,0,1,0,0,0,0,0,0,1,0,1,0,0.000000,0,0,0,0,0,0.000000,0,0,No meaningful ordering,1,0,0,0,0,0.000000,1,0,0,1,0,0,0,0,0,0,0,0,0,0,0,0,0,1.000000,1.000000,0.000000,0.000000,0.000000,0.000000,0.000000,1.000000,1.000000,0.000000,0.000000,0.000000,0.000000,0.000000,1.000000,1.000000,0.000000,0.000000,0.000000,0.000000,0.000000,1.000000,1.000000,0.000000,0.000000,0.000000,0.000000,0.000000,1.000000,1.000000,0.000000,0.000000,0.000000,0.000000,0.000000,Trivial,2,1,PULL+POLARITY_FLIP,PULL,Single-action puzzle,
5,proto-005,Automatic flip,3,3,1,1,0,10,68,REVIEW,1,0,0,1.000000,0.666700,0.000000,1,1,1,0.000000,1,0,1,0,0,0,0,0,0,1,0,1,0,0.000000,0,0,0,0,0,0.000000,0,0,No meaningful ordering,1,0,0,0,0,0.000000,1,0,0,1,0,0,0,0,0,0,0,0,0,0,0,0,0,1.000000,1.000000,0.000000,0.000000,0.000000,0.000000,0.000000,1.000000,1.000000,0.000000,0.000000,0.000000,0.000000,0.000000,1.000000,1.000000,0.000000,0.000000,0.000000,0.000000,0.000000,1.000000,1.000000,0.000000,0.000000,0.000000,0.000000,0.000000,1.000000,1.000000,0.000000,0.000000,0.000000,0.000000,0.000000,Trivial,2,1,PUSH+POLARITY_FLIP,PUSH,Single-action puzzle,
6,proto-006,Order matters,4,4,1,1,0,11,66,REVIEW,1,0,0,1.000000,0.750000,0.000000,1,1,1,0.000000,1,0,1,0,0,0,0,0,0,1,0,1,0,0.000000,0,0,0,0,0,0.000000,0,0,No meaningful ordering,1,0,0,0,0,0.000000,1,0,0,1,0,0,0,0,0,0,0,0,0,0,0,0,0,1.000000,1.000000,0.000000,0.000000,0.000000,0.000000,0.000000,1.000000,1.000000,0.000000,0.000000,0.000000,0.000000,0.000000,1.000000,1.000000,0.000000,0.000000,0.000000,0.000000,0.000000,1.000000,1.000000,0.000000,0.000000,0.000000,0.000000,0.000000,1.000000,1.000000,0.000000,0.000000,0.000000,0.000000,0.000000,Trivial,2,1,PUSH+POLARITY_FLIP,PUSH,Single-action puzzle,
7,proto-007,Field occlusion,4,4,1,1,0,12,66,REVIEW,1,0,0,1.000000,0.750000,0.000000,1,1,1,0.000000,1,0,1,0,0,0,0,0,0,1,0,1,0,0.000000,0,0,0,0,0,0.000000,0,0,No meaningful ordering,1,0,0,0,0,0.000000,1,0,0,1,0,0,0,0,0,0,0,0,0,0,0,0,0,1.000000,1.000000,0.000000,0.000000,0.000000,0.000000,0.000000,1.000000,1.000000,0.000000,0.000000,0.000000,0.000000,0.000000,1.000000,1.000000,0.000000,0.000000,0.000000,0.000000,0.000000,1.000000,1.000000,0.000000,0.000000,0.000000,0.000000,0.000000,1.000000,1.000000,0.000000,0.000000,0.000000,0.000000,0.000000,Trivial,2,1,PULL+POLARITY_FLIP,PULL,Single-action puzzle,
8,proto-008,Shielded field,3,3,1,1,0,11,68,REVIEW,1,0,0,1.000000,0.666700,0.000000,1,1,1,0.000000,1,0,1,0,0,0,0,0,0,1,0,1,0,0.000000,0,0,0,0,0,0.000000,0,0,No meaningful ordering,1,0,0,0,0,0.000000,1,0,0,1,0,0,0,0,0,0,0,0,0,0,0,0,0,1.000000,1.000000,0.000000,0.000000,0.000000,0.000000,0.000000,1.000000,1.000000,0.000000,0.000000,0.000000,0.000000,0.000000,1.000000,1.000000,0.000000,0.000000,0.000000,0.000000,0.000000,1.000000,1.000000,0.000000,0.000000,0.000000,0.000000,0.000000,1.000000,1.000000,0.000000,0.000000,0.000000,0.000000,0.000000,Trivial,2,1,PULL+POLARITY_FLIP,PULL,Single-action puzzle,
9,proto-009,Alternating gates,4,4,1,1,0,11,66,REVIEW,1,0,0,1.000000,0.750000,0.000000,1,1,1,0.000000,1,0,1,0,0,0,0,0,0,1,0,1,0,0.000000,0,0,0,0,0,0.000000,0,0,No meaningful ordering,1,0,0,0,0,0.000000,1,0,0,1,0,0,0,0,0,0,0,0,0,0,0,0,0,1.000000,1.000000,0.000000,0.000000,0.000000,0.000000,0.000000,1.000000,1.000000,0.000000,0.000000,0.000000,0.000000,0.000000,1.000000,1.000000,0.000000,0.000000,0.000000,0.000000,0.000000,1.000000,1.000000,0.000000,0.000000,0.000000,0.000000,0.000000,1.000000,1.000000,0.000000,0.000000,0.000000,0.000000,0.000000,Trivial,2,1,PUSH+POLARITY_FLIP,PUSH,Single-action puzzle,
10,proto-010,Reveal the relay,4,4,1,1,0,11,66,REVIEW,1,0,0,1.000000,0.750000,0.000000,1,1,1,0.000000,1,0,1,0,0,0,0,0,0,1,0,1,0,0.000000,0,0,0,0,0,0.000000,0,0,No meaningful ordering,1,0,0,0,0,0.000000,1,0,0,1,0,0,0,0,0,0,0,0,0,0,0,0,0,1.000000,1.000000,0.000000,0.000000,0.000000,0.000000,0.000000,1.000000,1.000000,0.000000,0.000000,0.000000,0.000000,0.000000,1.000000,1.000000,0.000000,0.000000,0.000000,0.000000,0.000000,1.000000,1.000000,0.000000,0.000000,0.000000,0.000000,0.000000,1.000000,1.000000,0.000000,0.000000,0.000000,0.000000,0.000000,Trivial,2,1,PUSH+POLARITY_FLIP,PUSH,Single-action puzzle,
11,proto-011,Reverse gate,4,4,2,1,0,19,78,REVIEW,1,0,2,1.000000,0.687500,0.000000,2,2,1,0.500000,3,0,3,0,2,1,0,0,2,4,0,4,0,0.000000,1,0,2,1,1,1.000000,0,1,No meaningful ordering,2,1,0,0,0,0.000000,1,0,0,4,0,0,0,0,0,0,0,0,0,0,0,0,0,1.000000,2.000000,0.000000,0.000000,0.000000,0.000000,0.000000,1.000000,2.000000,0.000000,0.000000,0.000000,0.000000,0.000000,1.000000,2.000000,0.000000,0.000000,0.000000,0.000000,0.000000,1.000000,2.000000,0.000000,0.000000,0.000000,0.000000,0.000000,1.000000,2.000000,0.000000,0.000000,0.000000,0.000000,0.000000,Very Easy,3,2,PULL+PUSH+POLARITY_FLIP,PULL+PUSH,No successful choice creates an unsolvable future state,d0:A+B
12,proto-012,Prototype capstone,4,4,3,1,1,21,75,REVIEW,1,0,3,1.000000,0.687500,0.000000,3,4,2,0.500000,5,1,5,0,3,1,0,0,2,10,2,10,0,0.000000,2,0,7,2,4,0.500000,0,3,No meaningful ordering,3,2,2,2,1,0.666667,0,1,1,10,2,1,0,1,1,0,1,0,0,0,0,0,0,1.000000,3.000000,0.000000,0.000000,0.000000,0.000000,0.000000,1.000000,3.000000,0.000000,0.000000,0.000000,0.000000,0.000000,1.000000,3.000000,0.000000,0.000000,0.000000,0.000000,0.000000,1.000000,3.333333,0.333333,0.000000,0.000000,0.000000,0.000000,1.000000,3.000000,0.000000,0.000000,0.000000,0.000000,0.000000,Very Easy,4,4,PULL+PUSH+POLARITY_FLIP+WALLS,PULL+PUSH+POLARITY_FLIP+WALLS,No successful choice creates an unsolvable future state,d0:A+C
13,campaign-013,Quiet attraction,4,4,2,1,0,19,78,REVIEW,1,0,2,1.000000,0.687500,0.000000,2,2,1,0.500000,3,0,3,0,2,1,0,0,2,4,0,4,0,0.000000,1,0,2,1,1,1.000000,0,1,No meaningful ordering,2,1,0,0,0,0.000000,1,0,0,4,0,0,0,0,0,0,0,0,0,0,0,0,0,1.000000,2.000000,0.000000,0.000000,0.000000,0.000000,0.000000,1.000000,2.000000,0.000000,0.000000,0.000000,0.000000,0.000000,1.000000,2.000000,0.000000,0.000000,0.000000,0.000000,0.000000,1.000000,2.000000,0.000000,0.000000,0.000000,0.000000,0.000000,1.000000,2.000000,0.000000,0.000000,0.000000,0.000000,0.000000,Very Easy,3,2,PULL+PUSH+POLARITY_FLIP,PULL+PUSH,No successful choice creates an unsolvable future state,d0:A+B
14,campaign-014,Amber release,4,4,2,1,0,19,78,REVIEW,1,0,2,1.000000,0.687500,0.000000,2,2,1,0.500000,3,0,3,0,2,1,0,0,2,4,0,4,0,0.000000,1,0,2,1,1,1.000000,0,1,No meaningful ordering,2,1,0,0,0,0.000000,1,0,0,4,0,0,0,0,0,0,0,0,0,0,0,0,0,1.000000,2.000000,0.000000,0.000000,0.000000,0.000000,0.000000,1.000000,2.000000,0.000000,0.000000,0.000000,0.000000,0.000000,1.000000,2.000000,0.000000,0.000000,0.000000,0.000000,0.000000,1.000000,2.000000,0.000000,0.000000,0.000000,0.000000,0.000000,1.000000,2.000000,0.000000,0.000000,0.000000,0.000000,0.000000,Very Easy,3,2,PULL+PUSH+POLARITY_FLIP,PULL+PUSH,No successful choice creates an unsolvable future state,d0:A+B
15,campaign-015,Offset field,4,4,2,1,0,19,78,REVIEW,1,0,2,1.000000,0.687500,0.000000,2,2,1,0.500000,3,0,3,0,2,1,0,0,2,4,0,4,0,0.000000,1,0,2,1,1,1.000000,0,1,No meaningful ordering,2,1,0,0,0,0.000000,1,0,0,4,0,0,0,0,0,0,0,0,0,0,0,0,0,1.000000,2.000000,0.000000,0.000000,0.000000,0.000000,0.000000,1.000000,2.000000,0.000000,0.000000,0.000000,0.000000,0.000000,1.000000,2.000000,0.000000,0.000000,0.000000,0.000000,0.000000,1.000000,2.000000,0.000000,0.000000,0.000000,0.000000,0.000000,1.000000,2.000000,0.000000,0.000000,0.000000,0.000000,0.000000,Very Easy,3,2,PULL+PUSH+POLARITY_FLIP,PULL+PUSH,No successful choice creates an unsolvable future state,d0:A+B
16,campaign-016,Side gate,4,4,3,1,1,21,75,REVIEW,1,0,3,1.000000,0.687500,0.000000,3,4,2,0.500000,5,1,5,0,3,1,0,0,2,10,2,10,0,0.000000,2,0,7,2,4,0.500000,0,3,No meaningful ordering,3,2,2,2,1,0.666667,0,1,1,10,2,1,0,1,1,0,1,0,0,0,0,0,0,1.000000,3.000000,0.000000,0.000000,0.000000,0.000000,0.000000,1.000000,3.000000,0.000000,0.000000,0.000000,0.000000,0.000000,1.000000,3.000000,0.000000,0.000000,0.000000,0.000000,0.000000,1.000000,3.333333,0.333333,0.000000,0.000000,0.000000,0.000000,1.000000,3.000000,0.000000,0.000000,0.000000,0.000000,0.000000,Very Easy,4,4,PULL+PUSH+POLARITY_FLIP+WALLS,PULL+PUSH+POLARITY_FLIP+WALLS,No successful choice creates an unsolvable future state,d0:A+C
17,campaign-017,Hidden alignment,4,4,2,1,0,19,78,REVIEW,1,0,2,1.000000,0.687500,0.000000,2,2,1,0.500000,3,0,3,0,2,1,0,0,2,4,0,4,0,0.000000,1,0,2,1,1,1.000000,0,1,No meaningful ordering,2,1,0,0,0,0.000000,1,0,0,4,0,0,0,0,0,0,0,0,0,0,0,0,0,1.000000,2.000000,0.000000,0.000000,0.000000,0.000000,0.000000,1.000000,2.000000,0.000000,0.000000,0.000000,0.000000,0.000000,1.000000,2.000000,0.000000,0.000000,0.000000,0.000000,0.000000,1.000000,2.000000,0.000000,0.000000,0.000000,0.000000,0.000000,1.000000,2.000000,0.000000,0.000000,0.000000,0.000000,0.000000,Very Easy,3,2,PULL+PUSH+POLARITY_FLIP,PULL+PUSH,No successful choice creates an unsolvable future state,d0:A+B
18,campaign-018,Long shield,4,4,2,1,0,19,78,REVIEW,1,0,2,1.000000,0.687500,0.000000,2,2,1,0.500000,3,0,3,0,2,1,0,0,2,4,0,4,0,0.000000,1,0,2,1,1,1.000000,0,1,No meaningful ordering,2,1,0,0,0,0.000000,1,0,0,4,0,0,0,0,0,0,0,0,0,0,0,0,0,1.000000,2.000000,0.000000,0.000000,0.000000,0.000000,0.000000,1.000000,2.000000,0.000000,0.000000,0.000000,0.000000,0.000000,1.000000,2.000000,0.000000,0.000000,0.000000,0.000000,0.000000,1.000000,2.000000,0.000000,0.000000,0.000000,0.000000,0.000000,1.000000,2.000000,0.000000,0.000000,0.000000,0.000000,0.000000,Very Easy,3,2,PULL+PUSH+POLARITY_FLIP,PULL+PUSH,No successful choice creates an unsolvable future state,d0:A+B
19,campaign-019,Three-beat gate,4,4,2,1,0,19,78,REVIEW,1,0,2,1.000000,0.687500,0.000000,2,2,1,0.500000,3,0,3,0,2,1,0,0,2,4,0,4,0,0.000000,1,0,2,1,1,1.000000,0,1,No meaningful ordering,2,1,0,0,0,0.000000,1,0,0,4,0,0,0,0,0,0,0,0,0,0,0,0,0,1.000000,2.000000,0.000000,0.000000,0.000000,0.000000,0.000000,1.000000,2.000000,0.000000,0.000000,0.000000,0.000000,0.000000,1.000000,2.000000,0.000000,0.000000,0.000000,0.000000,0.000000,1.000000,2.000000,0.000000,0.000000,0.000000,0.000000,0.000000,1.000000,2.000000,0.000000,0.000000,0.000000,0.000000,0.000000,Very Easy,3,2,PULL+PUSH+POLARITY_FLIP,PULL+PUSH,No successful choice creates an unsolvable future state,d0:A+B
20,campaign-020,Raised relay,4,4,2,1,0,19,78,REVIEW,1,0,2,1.000000,0.687500,0.000000,2,2,1,0.500000,3,0,3,0,2,1,0,0,2,4,0,4,0,0.000000,1,0,2,1,1,1.000000,0,1,No meaningful ordering,2,1,0,0,0,0.000000,1,0,0,4,0,0,0,0,0,0,0,0,0,0,0,0,0,1.000000,2.000000,0.000000,0.000000,0.000000,0.000000,0.000000,1.000000,2.000000,0.000000,0.000000,0.000000,0.000000,0.000000,1.000000,2.000000,0.000000,0.000000,0.000000,0.000000,0.000000,1.000000,2.000000,0.000000,0.000000,0.000000,0.000000,0.000000,1.000000,2.000000,0.000000,0.000000,0.000000,0.000000,0.000000,Very Easy,3,2,PULL+PUSH+POLARITY_FLIP,PULL+PUSH,No successful choice creates an unsolvable future state,d0:A+B
21,campaign-021,Push opening,4,4,3,1,1,21,75,REVIEW,1,0,3,1.000000,0.687500,0.000000,3,4,2,0.500000,5,1,5,0,3,1,0,0,2,10,2,10,0,0.000000,2,0,7,2,4,0.500000,0,3,No meaningful ordering,3,2,2,2,1,0.666667,0,1,0,10,2,1,0,1,1,0,1,0,0,0,0,0,0,1.000000,3.000000,0.000000,0.000000,0.000000,0.000000,0.000000,1.000000,3.000000,0.000000,0.000000,0.000000,0.000000,0.000000,1.000000,3.000000,0.000000,0.000000,0.000000,0.000000,0.000000,1.000000,3.333333,0.333333,0.000000,0.000000,0.000000,0.000000,1.000000,3.000000,0.000000,0.000000,0.000000,0.000000,0.000000,Very Easy,4,4,PULL+PUSH+POLARITY_FLIP+WALLS,PULL+PUSH+POLARITY_FLIP+WALLS,No successful choice creates an unsolvable future state,d0:A+C
22,campaign-022,Corner rhythm,4,4,2,1,0,19,78,REVIEW,1,0,2,1.000000,0.687500,0.000000,2,2,1,0.500000,3,0,3,0,2,1,0,0,2,4,0,4,0,0.000000,1,0,2,1,1,1.000000,0,1,No meaningful ordering,2,1,0,0,0,0.000000,1,0,0,4,0,0,0,0,0,0,0,0,0,0,0,0,0,1.000000,2.000000,0.000000,0.000000,0.000000,0.000000,0.000000,1.000000,2.000000,0.000000,0.000000,0.000000,0.000000,0.000000,1.000000,2.000000,0.000000,0.000000,0.000000,0.000000,0.000000,1.000000,2.000000,0.000000,0.000000,0.000000,0.000000,0.000000,1.000000,2.000000,0.000000,0.000000,0.000000,0.000000,0.000000,Very Easy,3,2,PULL+PUSH+POLARITY_FLIP,PULL+PUSH,No successful choice creates an unsolvable future state,d0:A+B
23,campaign-023,Wide alternation,4,4,2,1,0,19,78,REVIEW,1,0,2,1.000000,0.687500,0.000000,2,2,1,0.500000,3,0,3,0,2,1,0,0,2,4,0,4,0,0.000000,1,0,2,1,1,1.000000,0,1,No meaningful ordering,2,1,0,0,0,0.000000,1,0,0,4,0,0,0,0,0,0,0,0,0,0,0,0,0,1.000000,2.000000,0.000000,0.000000,0.000000,0.000000,0.000000,1.000000,2.000000,0.000000,0.000000,0.000000,0.000000,0.000000,1.000000,2.000000,0.000000,0.000000,0.000000,0.000000,0.000000,1.000000,2.000000,0.000000,0.000000,0.000000,0.000000,0.000000,1.000000,2.000000,0.000000,0.000000,0.000000,0.000000,0.000000,Very Easy,3,2,PULL+PUSH+POLARITY_FLIP,PULL+PUSH,No successful choice creates an unsolvable future state,d0:A+B
24,campaign-024,Deep gate,4,4,2,1,0,19,78,REVIEW,1,0,2,1.000000,0.687500,0.000000,2,2,1,0.500000,3,0,3,0,2,1,0,0,2,4,0,4,0,0.000000,1,0,2,1,1,1.000000,0,1,No meaningful ordering,2,1,0,0,0,0.000000,1,0,0,4,0,0,0,0,0,0,0,0,0,0,0,0,0,1.000000,2.000000,0.000000,0.000000,0.000000,0.000000,0.000000,1.000000,2.000000,0.000000,0.000000,0.000000,0.000000,0.000000,1.000000,2.000000,0.000000,0.000000,0.000000,0.000000,0.000000,1.000000,2.000000,0.000000,0.000000,0.000000,0.000000,0.000000,1.000000,2.000000,0.000000,0.000000,0.000000,0.000000,0.000000,Very Easy,3,2,PULL+PUSH+POLARITY_FLIP,PULL+PUSH,No successful choice creates an unsolvable future state,d0:A+B
25,campaign-025,Layered reveal,4,4,3,1,1,21,75,REVIEW,1,0,3,1.000000,0.687500,0.000000,3,4,2,0.500000,5,1,5,0,3,1,0,0,2,10,2,10,0,0.000000,2,0,7,2,4,0.500000,0,3,No meaningful ordering,3,2,2,2,1,0.666667,0,1,1,10,2,1,0,1,1,0,1,0,0,0,0,0,0,1.000000,3.000000,0.000000,0.000000,0.000000,0.000000,0.000000,1.000000,3.000000,0.000000,0.000000,0.000000,0.000000,0.000000,1.000000,3.000000,0.000000,0.000000,0.000000,0.000000,0.000000,1.000000,3.333333,0.333333,0.000000,0.000000,0.000000,0.000000,1.000000,3.000000,0.000000,0.000000,0.000000,0.000000,0.000000,Very Easy,4,4,PULL+PUSH+POLARITY_FLIP+WALLS,PULL+PUSH+POLARITY_FLIP+WALLS,No successful choice creates an unsolvable future state,d0:A+C
26,campaign-026,Twin cadence,3,3,3,1,1,43,85,REVIEW,3,1,2,1.000000,0.444400,0.000000,3,6,1,0.833333,6,0,6,0,5,2,0,0,5,12,0,12,0,0.000000,2,0,4,6,6,1.000000,0,3,No meaningful ordering,2,1,0,0,0,0.000000,0,1,0,8,0,0,1,1,0,1,0,0,0,0,0,0,0,1.000000,3.000000,0.000000,0.000000,0.000000,0.000000,0.000000,1.000000,3.000000,0.000000,0.000000,0.000000,0.000000,0.000000,1.000000,3.000000,0.000000,0.000000,0.000000,0.000000,0.000000,1.000000,3.000000,0.000000,0.000000,0.000000,0.000000,0.000000,1.000000,3.000000,0.000000,0.000000,0.000000,0.000000,0.000000,Easy,5,3,PULL+PUSH+POLARITY_FLIP+WALLS+OCCLUSION,PULL+PUSH+OCCLUSION,Every successful choice remains solvable and winning orders are mostly interchangeable,d0:A+B+C;d1:B+C
27,campaign-027,Crossed cadence,3,3,3,1,0,44,85,REVIEW,2,1,3,1.000000,0.444400,0.000000,3,6,1,0.833333,6,0,6,0,5,2,0,0,5,12,0,12,0,0.000000,4,0,9,6,6,1.000000,0,3,No meaningful ordering,3,2,0,0,0,0.000000,1,0,0,12,0,0,0,0,0,0,0,0,0,0,0,0,0,1.000000,3.000000,0.000000,0.000000,0.000000,0.000000,0.000000,1.000000,3.000000,0.000000,0.000000,0.000000,0.000000,0.000000,1.000000,3.000000,0.000000,0.000000,0.000000,0.000000,0.000000,1.000000,3.000000,0.000000,0.000000,0.000000,0.000000,0.000000,1.000000,3.000000,0.000000,0.000000,0.000000,0.000000,0.000000,Easy,3,2,PULL+PUSH+POLARITY_FLIP,PULL+PUSH,Every successful choice remains solvable and winning orders are mostly interchangeable,d0:A+B+C;d1:B+C
28,campaign-028,Left rail duet,4,4,3,2,1,44,79,REVIEW,3,1,2,1.000000,0.437500,0.166700,3,3,1,0.666667,4,2,4,0,2,1,0,0,2,7,2,7,0,0.000000,1,0,2,2,2,1.000000,1,2,Weak ordering,1,0,0,0,0,0.000000,0,2,0,3,0,0,1,0,0,0,0,0,2,4,4,0,1,1.000000,3.000000,0.000000,0.000000,0.000000,0.000000,0.000000,1.000000,3.000000,0.000000,0.000000,0.000000,0.000000,0.000000,1.000000,3.000000,0.000000,0.000000,0.000000,0.000000,0.000000,1.000000,3.583333,0.583333,0.000000,0.000000,0.000000,0.000000,1.000000,3.000000,0.000000,0.000000,0.000000,0.000000,0.000000,Very Easy,7,4,PUSH+POLARITY_FLIP+WALLS+OCCLUSION+CANCELLATION+MULTIPLE_MAGNETS+ORDER_DEPENDENCY,PUSH+OCCLUSION+MULTIPLE_MAGNETS+CANCELLATION,No successful choice creates an unsolvable future state,d0:A+B
29,campaign-029,Right rail duet,3,3,3,1,1,43,85,REVIEW,3,1,2,1.000000,0.444400,0.000000,3,6,1,0.833333,6,0,6,0,5,2,0,0,5,12,0,12,0,0.000000,2,0,4,6,6,1.000000,0,3,No meaningful ordering,2,1,0,0,0,0.000000,0,1,1,8,0,0,1,1,0,1,0,0,0,0,0,0,0,1.000000,3.000000,0.000000,0.000000,0.000000,0.000000,0.000000,1.000000,3.000000,0.000000,0.000000,0.000000,0.000000,0.000000,1.000000,3.000000,0.000000,0.000000,0.000000,0.000000,0.000000,1.000000,3.000000,0.000000,0.000000,0.000000,0.000000,0.000000,1.000000,3.000000,0.000000,0.000000,0.000000,0.000000,0.000000,Easy,5,3,PULL+PUSH+POLARITY_FLIP+WALLS+OCCLUSION,PULL+PUSH+OCCLUSION,Every successful choice remains solvable and winning orders are mostly interchangeable,d0:A+B+C;d1:B+C
30,campaign-030,Balanced fields,3,3,3,1,0,44,85,REVIEW,2,1,3,1.000000,0.444400,0.000000,3,6,1,0.833333,6,0,6,0,5,2,0,0,5,12,0,12,0,0.000000,4,0,9,6,6,1.000000,0,3,No meaningful ordering,3,2,0,0,0,0.000000,0,1,0,12,0,0,0,0,0,0,0,0,0,0,0,0,0,1.000000,3.000000,0.000000,0.000000,0.000000,0.000000,0.000000,1.000000,3.000000,0.000000,0.000000,0.000000,0.000000,0.000000,1.000000,3.000000,0.000000,0.000000,0.000000,0.000000,0.000000,1.000000,3.000000,0.000000,0.000000,0.000000,0.000000,0.000000,1.000000,3.000000,0.000000,0.000000,0.000000,0.000000,0.000000,Easy,3,2,PULL+PUSH+POLARITY_FLIP,PULL+PUSH,Every successful choice remains solvable and winning orders are mostly interchangeable,d0:A+B+C;d1:B+C
31,campaign-031,Rail study 031,4,4,4,2,1,44,78,REVIEW,2,1,2,1.000000,0.562500,0.142900,4,24,1,0.958333,10,0,10,0,7,2,0,1,9,32,0,32,0,0.000000,7,0,16,24,24,1.000000,0,6,No meaningful ordering,4,2,0,0,0,0.000000,1,1,1,32,0,0,1,0,0,0,0,0,0,0,0,0,0,1.000000,4.000000,0.000000,0.000000,0.000000,0.000000,0.000000,1.000000,4.000000,0.000000,0.000000,0.000000,0.000000,0.000000,1.000000,4.000000,0.000000,0.000000,0.000000,0.000000,0.000000,1.000000,4.000000,0.000000,0.000000,0.000000,0.000000,0.000000,1.000000,4.000000,0.000000,0.000000,0.000000,0.000000,0.000000,Easy,6,3,PULL+PUSH+POLARITY_FLIP+WALLS+OCCLUSION+MULTIPLE_MAGNETS,PULL+PUSH+MULTIPLE_MAGNETS,Every successful choice remains solvable and winning orders are mostly interchangeable,d0:A+B+C+D;d1:B+C+D;d2:C+D
32,campaign-032,Field study 032,3,3,3,1,0,45,79,REVIEW,5,1,2,1.000000,0.555600,0.000000,3,5,2,0.600000,5,1,5,0,3,1,0,0,2,12,1,12,0,0.000000,3,0,7,3,5,0.600000,0,3,No meaningful ordering,2,1,1,1,1,0.500000,0,1,0,10,1,1,0,0,0,0,0,0,2,0,0,0,0,1.000000,3.000000,0.000000,0.000000,0.000000,0.000000,0.000000,1.000000,3.000000,0.000000,0.000000,0.000000,0.000000,0.000000,1.000000,3.000000,0.000000,0.000000,0.000000,0.000000,0.000000,1.000000,3.166667,0.166667,0.000000,0.000000,0.000000,0.000000,1.000000,3.000000,0.000000,0.000000,0.000000,0.000000,0.000000,Very Easy,4,4,PULL+PUSH+POLARITY_FLIP+OCCLUSION,PULL+PUSH+POLARITY_FLIP+OCCLUSION,No successful choice creates an unsolvable future state,d0:A+C
33,campaign-033,Relay study 033,3,3,3,1,0,43,85,REVIEW,3,1,2,1.000000,0.444400,0.000000,3,4,2,0.500000,5,1,5,0,2,1,0,1,4,9,1,9,0,0.000000,2,0,5,2,3,0.666667,0,3,No meaningful ordering,2,1,0,0,0,0.000000,0,1,0,7,1,0,0,0,0,0,0,0,2,0,0,0,0,1.000000,3.000000,0.000000,0.000000,0.000000,0.000000,0.000000,1.000000,3.000000,0.000000,0.000000,0.000000,0.000000,0.000000,1.000000,3.000000,0.000000,0.000000,0.000000,0.000000,0.000000,1.000000,3.333333,0.333333,0.000000,0.000000,0.000000,0.000000,1.000000,3.000000,0.000000,0.000000,0.000000,0.000000,0.000000,Very Easy,5,3,PULL+PUSH+POLARITY_FLIP+OCCLUSION+ORDER_DEPENDENCY,PULL+PUSH+OCCLUSION,No successful choice creates an unsolvable future state,d0:A+B;d1:B+C
34,campaign-034,Vector study 034,4,4,3,1,1,44,77,REVIEW,2,1,3,1.000000,0.562500,0.200000,3,6,1,0.833333,6,0,6,0,5,2,0,0,5,12,0,12,0,0.000000,4,0,9,6,6,1.000000,0,3,No meaningful ordering,3,2,0,0,0,0.000000,1,0,0,12,0,0,1,0,0,0,0,0,0,0,0,0,0,1.000000,3.000000,0.000000,0.000000,0.000000,0.000000,0.000000,1.000000,3.000000,0.000000,0.000000,0.000000,0.000000,0.000000,1.000000,3.000000,0.000000,0.000000,0.000000,0.000000,0.000000,1.000000,3.000000,0.000000,0.000000,0.000000,0.000000,0.000000,1.000000,3.000000,0.000000,0.000000,0.000000,0.000000,0.000000,Easy,4,2,PULL+PUSH+POLARITY_FLIP+WALLS,PULL+PUSH,Every successful choice remains solvable and winning orders are mostly interchangeable,d0:A+B+C;d1:B+C
35,campaign-035,Polarity study 035,4,4,4,2,1,44,78,REVIEW,2,1,2,1.000000,0.562500,0.142900,4,12,1,0.916667,8,2,8,0,5,2,0,1,7,20,4,20,0,0.000000,5,0,10,11,11,1.000000,1,5,Weak ordering,4,2,0,0,0,0.000000,1,1,0,20,0,0,1,0,0,0,0,0,4,0,0,0,0,1.000000,4.000000,0.000000,0.000000,0.000000,0.000000,0.000000,1.000000,4.000000,0.000000,0.000000,0.000000,0.000000,0.000000,1.000000,4.000000,0.000000,0.000000,0.000000,0.000000,0.000000,1.000000,4.638889,0.638889,0.000000,0.000000,0.000000,0.000000,1.000000,4.000000,0.000000,0.000000,0.000000,0.000000,0.000000,Easy,7,4,PULL+PUSH+POLARITY_FLIP+WALLS+OCCLUSION+MULTIPLE_MAGNETS+ORDER_DEPENDENCY,PULL+PUSH+OCCLUSION+MULTIPLE_MAGNETS,Every successful choice remains solvable and winning orders are mostly interchangeable,d0:A+C+D;d1:C+D;d2:B+D
36,campaign-036,Cadence study 036,4,4,3,1,1,44,77,REVIEW,2,1,3,1.000000,0.562500,0.200000,3,6,1,0.833333,6,0,6,0,5,2,0,0,5,12,0,12,0,0.000000,4,0,9,6,6,1.000000,0,3,No meaningful ordering,3,2,0,0,0,0.000000,0,1,1,12,0,0,1,0,0,0,0,0,0,0,0,0,0,1.000000,3.000000,0.000000,0.000000,0.000000,0.000000,0.000000,1.000000,3.000000,0.000000,0.000000,0.000000,0.000000,0.000000,1.000000,3.000000,0.000000,0.000000,0.000000,0.000000,0.000000,1.000000,3.000000,0.000000,0.000000,0.000000,0.000000,0.000000,1.000000,3.000000,0.000000,0.000000,0.000000,0.000000,0.000000,Easy,4,2,PULL+PUSH+POLARITY_FLIP+WALLS,PULL+PUSH,Every successful choice remains solvable and winning orders are mostly interchangeable,d0:A+B+C;d1:B+C
37,campaign-037,Circuit study 037,3,3,3,1,1,45,86,REVIEW,3,1,2,1.000000,0.111100,0.200000,3,4,2,0.500000,5,1,5,0,2,1,0,1,4,9,1,9,0,0.000000,2,0,5,2,3,0.666667,0,3,No meaningful ordering,2,1,0,0,0,0.000000,0,1,0,7,1,0,1,0,0,0,0,0,2,0,0,0,0,1.000000,3.000000,0.000000,0.000000,0.000000,0.000000,0.000000,1.000000,3.000000,0.000000,0.000000,0.000000,0.000000,0.000000,1.000000,3.000000,0.000000,0.000000,0.000000,0.000000,0.000000,1.000000,3.333333,0.333333,0.000000,0.000000,0.000000,0.000000,1.000000,3.000000,0.000000,0.000000,0.000000,0.000000,0.000000,Very Easy,6,3,PULL+PUSH+POLARITY_FLIP+WALLS+OCCLUSION+ORDER_DEPENDENCY,PULL+PUSH+OCCLUSION,No successful choice creates an unsolvable future state,d0:A+B;d1:B+C
38,campaign-038,Alignment study 038,4,4,3,2,1,44,79,REVIEW,2,1,2,1.000000,0.500000,0.166700,3,6,1,0.833333,6,0,6,0,5,2,0,0,5,12,0,12,0,0.000000,2,0,4,6,6,1.000000,0,3,No meaningful ordering,3,1,0,0,0,0.000000,2,0,0,12,0,0,1,0,0,0,0,0,0,0,0,0,0,1.000000,3.000000,0.000000,0.000000,0.000000,0.000000,0.000000,1.000000,3.000000,0.000000,0.000000,0.000000,0.000000,0.000000,1.000000,3.000000,0.000000,0.000000,0.000000,0.000000,0.000000,1.000000,3.000000,0.000000,0.000000,0.000000,0.000000,0.000000,1.000000,3.000000,0.000000,0.000000,0.000000,0.000000,0.000000,Easy,5,3,PULL+PUSH+POLARITY_FLIP+WALLS+MULTIPLE_MAGNETS,PULL+PUSH+MULTIPLE_MAGNETS,Every successful choice remains solvable and winning orders are mostly interchangeable,d0:A+B+C;d1:B+C
39,campaign-039,Rail study 039,3,3,3,1,0,44,85,REVIEW,3,1,3,1.000000,0.444400,0.000000,3,6,1,0.833333,6,0,6,0,5,2,0,0,5,12,0,12,0,0.000000,4,0,9,6,6,1.000000,0,3,No meaningful ordering,3,2,0,0,0,0.000000,1,0,0,12,0,0,0,0,0,0,0,0,0,0,0,0,0,1.000000,3.000000,0.000000,0.000000,0.000000,0.000000,0.000000,1.000000,3.000000,0.000000,0.000000,0.000000,0.000000,0.000000,1.000000,3.000000,0.000000,0.000000,0.000000,0.000000,0.000000,1.000000,3.000000,0.000000,0.000000,0.000000,0.000000,0.000000,1.000000,3.000000,0.000000,0.000000,0.000000,0.000000,0.000000,Easy,3,2,PULL+PUSH+POLARITY_FLIP,PULL+PUSH,Every successful choice remains solvable and winning orders are mostly interchangeable,d0:A+B+C;d1:B+C
40,campaign-040,Field study 040,4,4,3,2,0,45,81,REVIEW,2,1,2,1.000000,0.562500,0.000000,3,6,1,0.833333,6,0,6,0,3,1,0,1,5,12,0,12,0,0.000000,2,0,4,6,6,1.000000,0,3,No meaningful ordering,3,1,0,0,0,0.000000,2,0,0,12,0,0,0,0,0,0,0,0,0,0,0,0,0,1.000000,3.000000,0.000000,0.000000,0.000000,0.000000,0.000000,1.000000,3.000000,0.000000,0.000000,0.000000,0.000000,0.000000,1.000000,3.000000,0.000000,0.000000,0.000000,0.000000,0.000000,1.000000,3.000000,0.000000,0.000000,0.000000,0.000000,0.000000,1.000000,3.000000,0.000000,0.000000,0.000000,0.000000,0.000000,Very Easy,4,3,PULL+PUSH+POLARITY_FLIP+MULTIPLE_MAGNETS,PULL+PUSH+MULTIPLE_MAGNETS,Every successful choice remains solvable and winning orders are mostly interchangeable,d0:A+B+C;d1:B+C
41,campaign-041,Relay study 041,3,3,4,1,1,45,84,REVIEW,3,1,3,1.000000,0.333300,0.166700,4,8,3,0.625000,7,3,7,0,4,2,0,1,6,16,4,16,0,0.000000,4,0,10,4,6,0.666667,0,6,No meaningful ordering,2,1,0,0,0,0.000000,0,1,0,10,4,0,1,0,0,0,0,0,6,0,0,0,0,1.000000,4.000000,0.000000,0.000000,0.000000,0.000000,0.000000,1.000000,4.000000,0.000000,0.000000,0.000000,0.000000,0.000000,1.000000,4.000000,0.000000,0.000000,0.000000,0.000000,0.000000,1.000000,5.000000,1.000000,0.000000,0.000000,0.000000,0.000000,1.000000,4.000000,0.000000,0.000000,0.000000,0.000000,0.000000,Easy,6,3,PULL+PUSH+POLARITY_FLIP+WALLS+OCCLUSION+ORDER_DEPENDENCY,PULL+PUSH+OCCLUSION,No successful choice creates an unsolvable future state,d0:A+B;d1:B+D;d2:C+D
42,campaign-042,Vector study 042,4,4,4,2,2,45,84,REVIEW,2,1,2,1.000000,0.375000,0.125000,4,6,1,0.833333,6,4,6,0,4,2,0,0,4,12,6,12,0,0.000000,3,0,6,4,4,1.000000,2,4,Weak ordering,2,0,0,0,0,0.000000,2,0,0,6,0,0,1,1,0,1,1,0,0,0,0,0,0,1.000000,4.000000,0.000000,0.000000,0.000000,0.000000,0.000000,1.000000,4.000000,0.000000,0.000000,0.000000,0.000000,0.000000,1.000000,4.000000,0.000000,0.000000,0.000000,0.000000,0.000000,1.000000,5.250000,1.250000,0.000000,0.000000,0.000000,0.000000,1.000000,4.000000,0.000000,0.000000,0.000000,0.000000,0.000000,Easy,6,4,PULL+POLARITY_FLIP+WALLS+OCCLUSION+MULTIPLE_MAGNETS+ORDER_DEPENDENCY,PULL+WALLS+OCCLUSION+MULTIPLE_MAGNETS,Every successful choice remains solvable and winning orders are mostly interchangeable,d0:A+C;d1:B+C
43,campaign-043,Polarity study 043,3,3,4,1,1,58,84,REVIEW,8,2,2,1.000000,0.333300,0.166700,4,18,5,0.722222,9,1,9,0,6,2,0,1,6,34,4,34,0,0.000000,8,0,20,10,19,0.526316,0,6,No meaningful ordering,2,1,1,1,1,0.500000,0,1,0,24,4,1,1,0,0,0,0,0,10,0,0,0,0,1.000000,4.000000,0.000000,0.000000,0.000000,0.000000,0.000000,1.000000,4.000000,0.000000,0.000000,0.000000,0.000000,0.000000,1.000000,4.000000,0.000000,0.000000,0.000000,0.000000,0.000000,1.000000,4.250000,0.250000,0.000000,0.000000,0.000000,0.000000,1.000000,4.000000,0.000000,0.000000,0.000000,0.000000,0.000000,Easy,5,4,PULL+PUSH+POLARITY_FLIP+WALLS+OCCLUSION,PULL+PUSH+POLARITY_FLIP+OCCLUSION,No successful choice creates an unsolvable future state,d0:A+B+C+D;d1:B+C
44,campaign-044,Cadence study 044,3,3,4,1,1,58,84,REVIEW,2,2,4,1.000000,0.333300,0.166700,4,8,2,0.750000,9,1,9,0,8,3,0,0,7,18,6,18,0,0.000000,5,0,15,7,9,0.777778,1,5,Weak ordering,4,3,0,0,0,0.000000,0,1,1,18,2,0,1,0,0,0,0,0,4,0,0,0,0,1.000000,4.000000,0.000000,0.000000,0.000000,0.000000,0.000000,1.000000,4.000000,0.000000,0.000000,0.000000,0.000000,0.000000,1.000000,4.000000,0.000000,0.000000,0.000000,0.000000,0.000000,1.000000,5.250000,1.250000,0.000000,0.000000,0.000000,0.000000,1.000000,4.000000,0.000000,0.000000,0.000000,0.000000,0.000000,Moderate,6,3,PULL+PUSH+POLARITY_FLIP+WALLS+OCCLUSION+ORDER_DEPENDENCY,PULL+PUSH+OCCLUSION,Every successful choice remains solvable and winning orders are mostly interchangeable,d0:C+D;d1:B+C+D;d2:C+D
45,campaign-045,Circuit study 045,3,3,4,1,1,59,84,REVIEW,3,2,3,1.000000,0.333300,0.166700,4,8,3,0.625000,7,3,7,0,4,2,0,1,4,16,4,16,0,0.000000,4,0,10,4,6,0.666667,0,6,No meaningful ordering,2,1,1,1,1,0.500000,0,1,0,10,4,1,1,0,0,0,0,0,6,0,0,0,0,1.000000,4.000000,0.000000,0.000000,0.000000,0.000000,0.000000,1.000000,4.000000,0.000000,0.000000,0.000000,0.000000,0.000000,1.000000,4.000000,0.000000,0.000000,0.000000,0.000000,0.000000,1.000000,5.000000,1.000000,0.000000,0.000000,0.000000,0.000000,1.000000,4.000000,0.000000,0.000000,0.000000,0.000000,0.000000,Easy,6,4,PULL+PUSH+POLARITY_FLIP+WALLS+OCCLUSION+ORDER_DEPENDENCY,PULL+PUSH+POLARITY_FLIP+OCCLUSION,No successful choice creates an unsolvable future state,d0:B+C;d1:A+C
46,campaign-046,Alignment study 046,3,3,4,1,0,48,90,REVIEW,3,1,3,1.000000,0.111100,0.000000,4,8,3,0.625000,7,3,7,0,4,2,0,1,6,16,4,16,0,0.000000,4,0,10,4,6,0.666667,0,6,No meaningful ordering,2,1,0,0,0,0.000000,0,1,0,10,4,0,0,0,0,0,0,0,6,0,0,0,0,1.000000,4.000000,0.000000,0.000000,0.000000,0.000000,0.000000,1.000000,4.000000,0.000000,0.000000,0.000000,0.000000,0.000000,1.000000,4.000000,0.000000,0.000000,0.000000,0.000000,0.000000,1.000000,5.000000,1.000000,0.000000,0.000000,0.000000,0.000000,1.000000,4.000000,0.000000,0.000000,0.000000,0.000000,0.000000,Easy,5,3,PULL+PUSH+POLARITY_FLIP+OCCLUSION+ORDER_DEPENDENCY,PULL+PUSH+OCCLUSION,No successful choice creates an unsolvable future state,d0:B+C;d1:C+D;d2:A+D
47,campaign-047,Rail study 047,3,3,4,1,1,59,84,REVIEW,8,2,3,1.000000,0.333300,0.166700,4,16,3,0.812500,8,2,8,0,6,2,0,0,5,29,2,29,0,0.000000,9,0,21,13,17,0.764706,0,6,No meaningful ordering,3,2,2,2,2,0.666667,0,1,1,25,2,1,1,0,0,0,0,0,4,0,0,0,0,1.000000,4.000000,0.000000,0.000000,0.000000,0.000000,0.000000,1.000000,4.000000,0.000000,0.000000,0.000000,0.000000,0.000000,1.000000,4.000000,0.000000,0.000000,0.000000,0.000000,0.000000,1.000000,4.361111,0.361111,0.000000,0.000000,0.000000,0.000000,1.000000,4.000000,0.000000,0.000000,0.000000,0.000000,0.000000,Easy,6,4,PULL+PUSH+POLARITY_FLIP+WALLS+OCCLUSION+ORDER_DEPENDENCY,PULL+PUSH+POLARITY_FLIP+OCCLUSION,Every successful choice remains solvable and winning orders are mostly interchangeable,d0:A+B+C;d1:B+C
48,campaign-048,Field study 048,3,3,4,1,1,59,84,REVIEW,8,2,4,1.000000,0.333300,0.166700,4,16,3,0.812500,9,1,9,0,8,3,0,0,8,29,2,29,0,0.000000,9,0,21,13,17,0.764706,0,6,No meaningful ordering,3,2,0,0,0,0.000000,0,1,0,25,2,0,1,0,0,0,0,0,4,0,0,0,0,1.000000,4.000000,0.000000,0.000000,0.000000,0.000000,0.000000,1.000000,4.000000,0.000000,0.000000,0.000000,0.000000,0.000000,1.000000,4.000000,0.000000,0.000000,0.000000,0.000000,0.000000,1.000000,4.361111,0.361111,0.000000,0.000000,0.000000,0.000000,1.000000,4.000000,0.000000,0.000000,0.000000,0.000000,0.000000,Moderate,6,3,PULL+PUSH+POLARITY_FLIP+WALLS+OCCLUSION+ORDER_DEPENDENCY,PULL+PUSH+OCCLUSION,Every successful choice remains solvable and winning orders are mostly interchangeable,d0:A+C+D;d1:B+C+D;d2:C+D
49,campaign-049,Relay study 049,3,3,4,1,1,59,84,REVIEW,8,2,2,1.000000,0.333300,0.166700,4,18,5,0.722222,10,0,10,0,8,3,0,1,8,34,4,34,0,0.000000,8,0,20,10,19,0.526316,0,6,No meaningful ordering,2,1,0,0,0,0.000000,0,1,1,24,4,0,1,0,0,0,0,0,10,0,0,0,0,1.000000,4.000000,0.000000,0.000000,0.000000,0.000000,0.000000,1.000000,4.000000,0.000000,0.000000,0.000000,0.000000,0.000000,1.000000,4.000000,0.000000,0.000000,0.000000,0.000000,0.000000,1.000000,4.250000,0.250000,0.000000,0.000000,0.000000,0.000000,1.000000,4.000000,0.000000,0.000000,0.000000,0.000000,0.000000,Moderate,5,3,PULL+PUSH+POLARITY_FLIP+WALLS+OCCLUSION,PULL+PUSH+OCCLUSION,No successful choice creates an unsolvable future state,d0:A+B+C+D;d1:B+D;d2:C+D
50,campaign-050,Vector study 050,4,4,5,2,2,59,84,REVIEW,4,2,3,1.000000,0.375000,0.111100,5,20,1,0.950000,11,4,11,0,8,3,0,1,10,28,12,28,0,0.000000,8,0,16,16,16,1.000000,3,7,Weak ordering,5,3,1,1,1,0.200000,0,2,2,28,4,1,1,1,1,0,1,0,8,0,0,0,0,1.000000,5.000000,0.000000,0.000000,0.000000,0.000000,0.000000,1.000000,5.000000,0.000000,0.000000,0.000000,0.000000,0.000000,1.000000,5.000000,0.000000,0.000000,0.000000,0.000000,0.000000,1.000000,6.851852,1.851852,0.000000,0.000000,0.000000,0.000000,1.000000,5.000000,0.000000,0.000000,0.000000,0.000000,0.000000,Moderate,7,6,PULL+PUSH+POLARITY_FLIP+WALLS+OCCLUSION+MULTIPLE_MAGNETS+ORDER_DEPENDENCY,PULL+PUSH+POLARITY_FLIP+WALLS+OCCLUSION+MULTIPLE_MAGNETS,Every successful choice remains solvable and winning orders are mostly interchangeable,d0:A+C+E;d1:C+D+E;d2:D+E;d3:B+E
51,campaign-051,Polarity study 051,3,3,4,1,0,60,90,REVIEW,6,2,3,1.000000,0.222200,0.000000,4,8,3,0.625000,7,3,7,0,4,2,0,1,6,16,4,16,0,0.000000,4,0,10,4,6,0.666667,0,6,No meaningful ordering,2,1,0,0,0,0.000000,0,1,0,10,4,0,0,0,0,0,0,0,6,0,0,0,0,1.000000,4.000000,0.000000,0.000000,0.000000,0.000000,0.000000,1.000000,4.000000,0.000000,0.000000,0.000000,0.000000,0.000000,1.000000,4.000000,0.000000,0.000000,0.000000,0.000000,0.000000,1.000000,5.000000,1.000000,0.000000,0.000000,0.000000,0.000000,1.000000,4.000000,0.000000,0.000000,0.000000,0.000000,0.000000,Easy,5,3,PULL+PUSH+POLARITY_FLIP+OCCLUSION+ORDER_DEPENDENCY,PULL+PUSH+OCCLUSION,No successful choice creates an unsolvable future state,d0:A+B;d1:B+D;d2:C+D
52,campaign-052,Cadence study 052,3,3,4,1,0,60,90,REVIEW,6,2,3,1.000000,0.222200,0.000000,4,8,3,0.625000,7,3,7,0,4,2,0,1,6,16,4,16,0,0.000000,4,0,10,4,6,0.666667,0,6,No meaningful ordering,2,1,0,0,0,0.000000,0,1,0,10,4,0,0,0,0,0,0,0,6,0,0,0,0,1.000000,4.000000,0.000000,0.000000,0.000000,0.000000,0.000000,1.000000,4.000000,0.000000,0.000000,0.000000,0.000000,0.000000,1.000000,4.000000,0.000000,0.000000,0.000000,0.000000,0.000000,1.000000,5.000000,1.000000,0.000000,0.000000,0.000000,0.000000,1.000000,4.000000,0.000000,0.000000,0.000000,0.000000,0.000000,Easy,5,3,PULL+PUSH+POLARITY_FLIP+OCCLUSION+ORDER_DEPENDENCY,PULL+PUSH+OCCLUSION,No successful choice creates an unsolvable future state,d0:A+C;d1:C+D;d2:B+D
53,campaign-053,Circuit study 053,3,3,4,1,0,60,88,REVIEW,8,2,3,1.000000,0.333300,0.000000,4,16,3,0.812500,8,2,8,0,6,2,0,0,5,29,2,29,0,0.000000,9,0,21,13,17,0.764706,0,6,No meaningful ordering,3,2,2,2,2,0.666667,0,1,0,25,2,1,0,0,0,0,0,0,4,0,0,0,0,1.000000,4.000000,0.000000,0.000000,0.000000,0.000000,0.000000,1.000000,4.000000,0.000000,0.000000,0.000000,0.000000,0.000000,1.000000,4.000000,0.000000,0.000000,0.000000,0.000000,0.000000,1.000000,4.361111,0.361111,0.000000,0.000000,0.000000,0.000000,1.000000,4.000000,0.000000,0.000000,0.000000,0.000000,0.000000,Easy,5,4,PULL+PUSH+POLARITY_FLIP+OCCLUSION+ORDER_DEPENDENCY,PULL+PUSH+POLARITY_FLIP+OCCLUSION,Every successful choice remains solvable and winning orders are mostly interchangeable,d0:A+B+C;d1:B+C
54,campaign-054,Alignment study 054,3,3,4,1,0,60,88,REVIEW,8,2,4,1.000000,0.333300,0.000000,4,16,3,0.812500,9,1,9,0,8,3,0,0,8,29,2,29,0,0.000000,9,0,21,13,17,0.764706,0,6,No meaningful ordering,3,2,0,0,0,0.000000,0,1,0,25,2,0,0,0,0,0,0,0,4,0,0,0,0,1.000000,4.000000,0.000000,0.000000,0.000000,0.000000,0.000000,1.000000,4.000000,0.000000,0.000000,0.000000,0.000000,0.000000,1.000000,4.000000,0.000000,0.000000,0.000000,0.000000,0.000000,1.000000,4.361111,0.361111,0.000000,0.000000,0.000000,0.000000,1.000000,4.000000,0.000000,0.000000,0.000000,0.000000,0.000000,Moderate,5,3,PULL+PUSH+POLARITY_FLIP+OCCLUSION+ORDER_DEPENDENCY,PULL+PUSH+OCCLUSION,Every successful choice remains solvable and winning orders are mostly interchangeable,d0:A+C+D;d1:B+C+D;d2:C+D
55,campaign-055,Rail study 055,3,3,4,1,0,45,85,REVIEW,3,1,3,1.000000,0.444400,0.000000,4,8,3,0.625000,7,3,7,0,4,2,0,1,6,16,4,16,0,0.000000,4,0,10,4,6,0.666667,0,6,No meaningful ordering,2,1,0,0,0,0.000000,0,1,0,10,4,0,0,0,0,0,0,0,6,0,0,0,0,1.000000,4.000000,0.000000,0.000000,0.000000,0.000000,0.000000,1.000000,4.000000,0.000000,0.000000,0.000000,0.000000,0.000000,1.000000,4.000000,0.000000,0.000000,0.000000,0.000000,0.000000,1.000000,5.000000,1.000000,0.000000,0.000000,0.000000,0.000000,1.000000,4.000000,0.000000,0.000000,0.000000,0.000000,0.000000,Easy,5,3,PULL+PUSH+POLARITY_FLIP+OCCLUSION+ORDER_DEPENDENCY,PULL+PUSH+OCCLUSION,No successful choice creates an unsolvable future state,d0:A+B;d1:B+C;d2:C+D
56,campaign-056,Field study 056,3,3,4,1,0,60,90,REVIEW,6,2,3,1.000000,0.222200,0.000000,4,8,3,0.625000,7,3,7,0,4,2,0,1,6,16,4,16,0,0.000000,4,0,10,4,6,0.666667,0,6,No meaningful ordering,2,1,0,0,0,0.000000,0,1,0,10,4,0,0,0,0,0,0,0,6,0,0,0,0,1.000000,4.000000,0.000000,0.000000,0.000000,0.000000,0.000000,1.000000,4.000000,0.000000,0.000000,0.000000,0.000000,0.000000,1.000000,4.000000,0.000000,0.000000,0.000000,0.000000,0.000000,1.000000,5.000000,1.000000,0.000000,0.000000,0.000000,0.000000,1.000000,4.000000,0.000000,0.000000,0.000000,0.000000,0.000000,Easy,5,3,PULL+PUSH+POLARITY_FLIP+OCCLUSION+ORDER_DEPENDENCY,PULL+PUSH+OCCLUSION,No successful choice creates an unsolvable future state,d0:A+B;d1:B+C;d2:C+D
57,campaign-057,Relay study 057,3,3,4,1,1,60,84,REVIEW,7,2,3,1.000000,0.333300,0.166700,4,20,3,0.850000,10,0,10,0,9,3,0,0,8,34,2,34,0,0.000000,10,0,26,17,21,0.809524,0,6,No meaningful ordering,3,2,0,0,0,0.000000,0,1,0,30,2,0,1,0,0,0,0,0,4,0,0,0,0,1.000000,4.000000,0.000000,0.000000,0.000000,0.000000,0.000000,1.000000,4.000000,0.000000,0.000000,0.000000,0.000000,0.000000,1.000000,4.000000,0.000000,0.000000,0.000000,0.000000,0.000000,1.000000,4.166667,0.166667,0.000000,0.000000,0.000000,0.000000,1.000000,4.000000,0.000000,0.000000,0.000000,0.000000,0.000000,Moderate,5,3,PULL+PUSH+POLARITY_FLIP+WALLS+OCCLUSION,PULL+PUSH+OCCLUSION,Every successful choice remains solvable and winning orders are mostly interchangeable,d0:A+C+D;d1:B+C+D;d2:C+D
58,campaign-058,Vector study 058,3,3,4,1,1,60,84,REVIEW,3,2,4,1.000000,0.333300,0.166700,4,8,3,0.625000,7,3,7,0,4,2,0,1,4,16,4,16,0,0.000000,4,0,10,4,6,0.666667,0,6,No meaningful ordering,3,2,1,1,1,0.333333,0,1,0,10,4,1,1,0,0,0,0,0,6,0,0,0,0,1.000000,4.000000,0.000000,0.000000,0.000000,0.000000,0.000000,1.000000,4.000000,0.000000,0.000000,0.000000,0.000000,0.000000,1.000000,4.000000,0.000000,0.000000,0.000000,0.000000,0.000000,1.000000,5.000000,1.000000,0.000000,0.000000,0.000000,0.000000,1.000000,4.000000,0.000000,0.000000,0.000000,0.000000,0.000000,Easy,6,4,PULL+PUSH+POLARITY_FLIP+WALLS+OCCLUSION+ORDER_DEPENDENCY,PULL+PUSH+POLARITY_FLIP+OCCLUSION,No successful choice creates an unsolvable future state,d0:B+D;d1:A+D
59,campaign-059,Polarity study 059,3,3,4,1,1,59,84,REVIEW,8,2,2,1.000000,0.333300,0.166700,4,18,5,0.722222,10,0,10,0,8,3,0,1,8,34,4,34,0,0.000000,8,0,20,10,19,0.526316,0,6,No meaningful ordering,2,1,0,0,0,0.000000,0,1,0,24,4,0,1,0,0,0,0,0,10,0,0,0,0,1.000000,4.000000,0.000000,0.000000,0.000000,0.000000,0.000000,1.000000,4.000000,0.000000,0.000000,0.000000,0.000000,0.000000,1.000000,4.000000,0.000000,0.000000,0.000000,0.000000,0.000000,1.000000,4.250000,0.250000,0.000000,0.000000,0.000000,0.000000,1.000000,4.000000,0.000000,0.000000,0.000000,0.000000,0.000000,Moderate,5,3,PULL+PUSH+POLARITY_FLIP+WALLS+OCCLUSION,PULL+PUSH+OCCLUSION,No successful choice creates an unsolvable future state,d0:A+B+C+D;d1:B+D;d2:C+D
60,campaign-060,Cadence study 060,3,3,4,1,0,60,88,REVIEW,8,2,3,1.000000,0.333300,0.000000,4,16,3,0.812500,8,2,8,0,6,2,0,0,5,29,2,29,0,0.000000,9,0,21,13,17,0.764706,0,6,No meaningful ordering,3,2,2,2,2,0.666667,0,1,0,25,2,1,0,0,0,0,0,0,4,0,0,0,0,1.000000,4.000000,0.000000,0.000000,0.000000,0.000000,0.000000,1.000000,4.000000,0.000000,0.000000,0.000000,0.000000,0.000000,1.000000,4.000000,0.000000,0.000000,0.000000,0.000000,0.000000,1.000000,4.361111,0.361111,0.000000,0.000000,0.000000,0.000000,1.000000,4.000000,0.000000,0.000000,0.000000,0.000000,0.000000,Easy,5,4,PULL+PUSH+POLARITY_FLIP+OCCLUSION+ORDER_DEPENDENCY,PULL+PUSH+POLARITY_FLIP+OCCLUSION,Every successful choice remains solvable and winning orders are mostly interchangeable,d0:A+B+D;d1:B+D
61,campaign-061,Circuit study 061,4,4,5,2,2,68,94,ACCEPT,16,3,3,1.000000,0.375000,0.111100,5,60,1,0.983333,11,4,11,0,9,3,0,0,9,52,8,52,0,0.000000,15,0,35,42,42,1.000000,1,9,Weak ordering,5,3,1,1,1,0.200000,0,2,1,52,8,1,1,1,1,0,1,0,0,0,0,0,0,1.000000,5.000000,0.000000,0.000000,0.000000,0.000000,0.000000,1.000000,5.000000,0.000000,0.000000,0.000000,0.000000,0.000000,1.000000,5.000000,0.000000,0.000000,0.000000,0.000000,0.000000,1.000000,5.679167,0.679167,0.000000,0.000000,0.000000,0.000000,1.000000,5.000000,0.000000,0.000000,0.000000,0.000000,0.000000,Moderate,7,5,PULL+PUSH+POLARITY_FLIP+WALLS+OCCLUSION+MULTIPLE_MAGNETS+ORDER_DEPENDENCY,PULL+PUSH+POLARITY_FLIP+WALLS+MULTIPLE_MAGNETS,Every successful choice remains solvable and winning orders are mostly interchangeable,d0:A+B+C+E;d1:B+C+E;d2:C+E
62,campaign-062,Alignment study 062,4,4,5,2,1,69,96,ACCEPT,15,3,2,1.000000,0.312500,0.125000,5,30,1,0.966667,10,5,10,0,7,3,0,1,9,33,12,33,0,0.000000,8,0,12,20,20,1.000000,2,8,Weak ordering,1,0,0,0,0,0.000000,0,2,0,9,0,0,1,0,0,0,0,0,12,24,24,0,2,1.000000,5.000000,0.000000,0.000000,0.000000,0.000000,0.000000,1.000000,5.000000,0.000000,0.000000,0.000000,0.000000,0.000000,1.000000,5.000000,0.000000,0.000000,0.000000,0.000000,0.000000,1.000000,6.342593,1.342593,0.000000,0.000000,0.000000,0.000000,1.000000,5.000000,0.000000,0.000000,0.000000,0.000000,0.000000,Moderate,7,4,PUSH+POLARITY_FLIP+WALLS+OCCLUSION+CANCELLATION+MULTIPLE_MAGNETS+ORDER_DEPENDENCY,PUSH+OCCLUSION+MULTIPLE_MAGNETS+CANCELLATION,Every successful choice remains solvable and winning orders are mostly interchangeable,d0:B+C+D;d1:C+D;d2:D+E;d3:A+E
63,campaign-063,Rail study 063,4,4,5,2,2,71,84,REVIEW,10,3,3,1.000000,0.375000,0.111100,5,80,2,0.975000,14,1,14,0,11,3,0,1,13,72,8,72,0,0.000000,18,0,44,56,64,0.875000,0,10,No meaningful ordering,5,3,2,2,1,0.400000,0,2,1,72,8,1,1,1,1,0,1,0,0,0,0,0,0,1.000000,5.000000,0.000000,0.000000,0.000000,0.000000,0.000000,1.000000,5.000000,0.000000,0.000000,0.000000,0.000000,0.000000,1.000000,5.000000,0.000000,0.000000,0.000000,0.000000,0.000000,1.000000,5.405556,0.405556,0.000000,0.000000,0.000000,0.000000,1.000000,5.000000,0.000000,0.000000,0.000000,0.000000,0.000000,Moderate,6,5,PULL+PUSH+POLARITY_FLIP+WALLS+OCCLUSION+MULTIPLE_MAGNETS,PULL+PUSH+POLARITY_FLIP+WALLS+MULTIPLE_MAGNETS,Every successful choice remains solvable and winning orders are mostly interchangeable,d0:A+B+C+D+E;d1:B+C+D+E;d2:D+E;d3:C+E
64,campaign-064,Field study 064,4,4,5,2,1,71,94,ACCEPT,49,3,2,1.000000,0.375000,0.125000,5,100,2,0.980000,14,1,14,0,12,3,0,0,11,88,4,88,0,0.000000,21,0,48,70,78,0.897436,0,10,No meaningful ordering,4,2,1,1,1,0.250000,0,2,0,80,4,1,1,0,0,0,0,0,8,0,0,0,0,1.000000,5.000000,0.000000,0.000000,0.000000,0.000000,0.000000,1.000000,5.000000,0.000000,0.000000,0.000000,0.000000,0.000000,1.000000,5.000000,0.000000,0.000000,0.000000,0.000000,0.000000,1.000000,5.202778,0.202778,0.000000,0.000000,0.000000,0.000000,1.000000,5.000000,0.000000,0.000000,0.000000,0.000000,0.000000,Moderate,6,5,PULL+PUSH+POLARITY_FLIP+WALLS+OCCLUSION+MULTIPLE_MAGNETS,PULL+PUSH+POLARITY_FLIP+OCCLUSION+MULTIPLE_MAGNETS,Every successful choice remains solvable and winning orders are mostly interchangeable,d0:A+B+C+D+E;d1:B+C+D+E;d2:C+D
65,campaign-065,Relay study 065,4,4,5,2,2,71,96,ACCEPT,26,3,2,1.000000,0.312500,0.111100,5,60,1,0.983333,11,4,11,0,8,3,0,1,9,52,8,52,0,0.000000,15,0,30,42,42,1.000000,1,9,Weak ordering,4,1,0,0,0,0.000000,0,2,1,44,0,0,1,1,1,0,1,0,8,8,8,0,1,1.000000,5.000000,0.000000,0.000000,0.000000,0.000000,0.000000,1.000000,5.000000,0.000000,0.000000,0.000000,0.000000,0.000000,1.000000,5.000000,0.000000,0.000000,0.000000,0.000000,0.000000,1.000000,5.679167,0.679167,0.000000,0.000000,0.000000,0.000000,1.000000,5.000000,0.000000,0.000000,0.000000,0.000000,0.000000,Moderate,8,6,PULL+PUSH+POLARITY_FLIP+WALLS+OCCLUSION+CANCELLATION+MULTIPLE_MAGNETS+ORDER_DEPENDENCY,PULL+PUSH+WALLS+OCCLUSION+MULTIPLE_MAGNETS+CANCELLATION,Every successful choice remains solvable and winning orders are mostly interchangeable,d0:A+B+D+E;d1:B+D+E;d2:D+E
66,campaign-066,Vector study 066,4,4,5,2,1,71,94,ACCEPT,30,3,3,1.000000,0.375000,0.125000,5,60,1,0.983333,11,4,11,0,9,3,0,0,9,52,8,52,0,0.000000,15,0,35,42,42,1.000000,1,9,Weak ordering,4,2,0,0,0,0.000000,0,2,0,44,8,0,1,0,0,0,0,0,8,0,0,0,0,1.000000,5.000000,0.000000,0.000000,0.000000,0.000000,0.000000,1.000000,5.000000,0.000000,0.000000,0.000000,0.000000,0.000000,1.000000,5.000000,0.000000,0.000000,0.000000,0.000000,0.000000,1.000000,5.679167,0.679167,0.000000,0.000000,0.000000,0.000000,1.000000,5.000000,0.000000,0.000000,0.000000,0.000000,0.000000,Moderate,7,4,PULL+PUSH+POLARITY_FLIP+WALLS+OCCLUSION+MULTIPLE_MAGNETS+ORDER_DEPENDENCY,PULL+PUSH+OCCLUSION+MULTIPLE_MAGNETS,Every successful choice remains solvable and winning orders are mostly interchangeable,d0:A+B+C+D;d1:B+C+D;d2:C+D
67,campaign-067,Polarity study 067,4,4,5,2,1,71,94,ACCEPT,19,3,3,1.000000,0.375000,0.125000,5,80,2,0.975000,14,1,14,0,12,4,0,1,13,68,4,68,0,0.000000,16,0,36,52,56,0.928571,0,10,No meaningful ordering,5,3,1,1,1,0.200000,0,2,0,60,4,1,1,0,0,0,0,0,8,0,0,0,0,1.000000,5.000000,0.000000,0.000000,0.000000,0.000000,0.000000,1.000000,5.000000,0.000000,0.000000,0.000000,0.000000,0.000000,1.000000,5.000000,0.000000,0.000000,0.000000,0.000000,0.000000,1.000000,5.380556,0.380556,0.000000,0.000000,0.000000,0.000000,1.000000,5.000000,0.000000,0.000000,0.000000,0.000000,0.000000,Moderate,7,5,PULL+PUSH+POLARITY_FLIP+WALLS+OCCLUSION+MULTIPLE_MAGNETS+ORDER_DEPENDENCY,PULL+PUSH+POLARITY_FLIP+OCCLUSION+MULTIPLE_MAGNETS,Every successful choice remains solvable and winning orders are mostly interchangeable,d0:A+C+D+E;d1:B+C+D+E;d2:C+D+E;d3:D+E
68,campaign-068,Cadence study 068,4,4,4,2,2,71,96,ACCEPT,12,3,2,1.000000,0.312500,0.125000,4,12,1,0.916667,9,1,9,0,2,1,0,4,8,20,4,20,0,0.000000,3,0,4,11,11,1.000000,1,5,Weak ordering,1,0,0,0,0,0.000000,0,2,0,6,0,0,2,1,0,1,0,0,4,8,8,0,1,1.000000,4.000000,0.000000,0.000000,0.000000,0.000000,0.000000,1.000000,4.000000,0.000000,0.000000,0.000000,0.000000,0.000000,1.000000,4.000000,0.000000,0.000000,0.000000,0.000000,0.000000,1.000000,4.638889,0.638889,0.000000,0.000000,0.000000,0.000000,1.000000,4.000000,0.000000,0.000000,0.000000,0.000000,0.000000,Very Easy,8,4,PULL+PUSH+POLARITY_FLIP+WALLS+OCCLUSION+CANCELLATION+MULTIPLE_MAGNETS+ORDER_DEPENDENCY,PULL+OCCLUSION+MULTIPLE_MAGNETS+CANCELLATION,Every successful choice remains solvable and winning orders are mostly interchangeable,d0:A+B+D;d1:B+C+D;d2:C+D
69,campaign-069,Circuit study 069,4,4,5,2,2,71,94,ACCEPT,45,3,2,1.000000,0.375000,0.111100,5,120,1,0.991667,15,0,15,0,13,4,0,1,14,80,0,80,0,0.000000,14,0,32,80,80,1.000000,0,10,No meaningful ordering,4,2,0,0,0,0.000000,2,0,0,64,0,0,2,1,0,1,0,0,0,0,0,0,0,1.000000,5.000000,0.000000,0.000000,0.000000,0.000000,0.000000,1.000000,5.000000,0.000000,0.000000,0.000000,0.000000,0.000000,1.000000,5.000000,0.000000,0.000000,0.000000,0.000000,0.000000,1.000000,5.000000,0.000000,0.000000,0.000000,0.000000,0.000000,1.000000,5.000000,0.000000,0.000000,0.000000,0.000000,0.000000,Moderate,6,4,PULL+PUSH+POLARITY_FLIP+WALLS+OCCLUSION+MULTIPLE_MAGNETS,PULL+PUSH+OCCLUSION+MULTIPLE_MAGNETS,Every successful choice remains solvable and winning orders are mostly interchangeable,d0:A+B+C+D+E;d1:B+C+D+E;d2:C+D+E;d3:D+E
70,campaign-070,Alignment study 070,4,4,5,2,1,71,94,ACCEPT,40,3,2,1.000000,0.375000,0.125000,5,60,1,0.983333,11,4,11,0,8,3,0,1,9,52,8,52,0,0.000000,11,0,20,42,42,1.000000,1,9,Weak ordering,3,1,0,0,0,0.000000,0,2,0,36,0,0,1,0,0,0,0,0,8,16,16,0,1,1.000000,5.000000,0.000000,0.000000,0.000000,0.000000,0.000000,1.000000,5.000000,0.000000,0.000000,0.000000,0.000000,0.000000,1.000000,5.000000,0.000000,0.000000,0.000000,0.000000,0.000000,1.000000,5.679167,0.679167,0.000000,0.000000,0.000000,0.000000,1.000000,5.000000,0.000000,0.000000,0.000000,0.000000,0.000000,Moderate,8,5,PULL+PUSH+POLARITY_FLIP+WALLS+OCCLUSION+CANCELLATION+MULTIPLE_MAGNETS+ORDER_DEPENDENCY,PULL+PUSH+OCCLUSION+MULTIPLE_MAGNETS+CANCELLATION,Every successful choice remains solvable and winning orders are mostly interchangeable,d0:A+C+D+E;d1:C+D+E;d2:D+E
71,campaign-071,Rail study 071,4,4,4,2,2,71,94,ACCEPT,20,3,2,1.000000,0.375000,0.125000,4,24,1,0.958333,10,0,10,0,3,1,0,4,9,32,0,32,0,0.000000,4,0,8,24,24,1.000000,0,6,No meaningful ordering,3,1,0,0,0,0.000000,1,1,0,24,0,0,2,1,0,1,0,0,0,0,0,0,0,1.000000,4.000000,0.000000,0.000000,0.000000,0.000000,0.000000,1.000000,4.000000,0.000000,0.000000,0.000000,0.000000,0.000000,1.000000,4.000000,0.000000,0.000000,0.000000,0.000000,0.000000,1.000000,4.000000,0.000000,0.000000,0.000000,0.000000,0.000000,1.000000,4.000000,0.000000,0.000000,0.000000,0.000000,0.000000,Very Easy,6,4,PULL+PUSH+POLARITY_FLIP+WALLS+OCCLUSION+MULTIPLE_MAGNETS,PULL+PUSH+OCCLUSION+MULTIPLE_MAGNETS,Every successful choice remains solvable and winning orders are mostly interchangeable,d0:A+B+C+D;d1:B+C+D;d2:C+D
72,campaign-072,Field study 072,4,4,5,2,1,72,97,ACCEPT,30,3,2,1.000000,0.375000,0.000000,5,120,1,0.991667,15,0,15,0,11,3,0,2,14,80,0,80,0,0.000000,14,0,32,80,80,1.000000,0,10,No meaningful ordering,4,2,0,0,0,0.000000,1,1,1,64,0,0,1,1,0,1,0,0,0,0,0,0,0,1.000000,5.000000,0.000000,0.000000,0.000000,0.000000,0.000000,1.000000,5.000000,0.000000,0.000000,0.000000,0.000000,0.000000,1.000000,5.000000,0.000000,0.000000,0.000000,0.000000,0.000000,1.000000,5.000000,0.000000,0.000000,0.000000,0.000000,0.000000,1.000000,5.000000,0.000000,0.000000,0.000000,0.000000,0.000000,Moderate,6,4,PULL+PUSH+POLARITY_FLIP+WALLS+OCCLUSION+MULTIPLE_MAGNETS,PULL+PUSH+OCCLUSION+MULTIPLE_MAGNETS,Every successful choice remains solvable and winning orders are mostly interchangeable,d0:A+B+C+D+E;d1:B+C+D+E;d2:C+D+E;d3:D+E
73,campaign-073,Relay study 073,4,4,5,1,2,73,94,ACCEPT,6,3,5,1.000000,0.375000,0.125000,5,36,4,0.888889,11,4,10,1,10,4,1,0,5,48,10,45,3,0.062500,18,3,44,27,33,0.818182,1,9,Moderate ordering,5,4,2,2,2,0.400000,0,1,1,48,4,1,1,1,1,0,1,0,7,0,0,0,0,0.833333,4.666667,0.166667,0.200000,0.166667,0.166667,0.666667,1.000000,5.000000,0.000000,0.000000,0.000000,0.000000,1.000000,0.625000,4.250000,0.375000,0.600000,0.375000,0.375000,0.750000,0.625000,5.950000,2.075000,0.600000,0.375000,0.375000,0.750000,0.833333,4.666667,0.166667,0.200000,0.166667,0.166667,0.666667,Moderate,6,6,PULL+PUSH+POLARITY_FLIP+WALLS+OCCLUSION+ORDER_DEPENDENCY,PULL+PUSH+POLARITY_FLIP+WALLS+OCCLUSION+ORDER_DEPENDENCY,Most viable choices commute safely,d0:B+D+E;d3:A+E
74,campaign-074,Vector study 074,4,4,5,2,1,73,94,ACCEPT,28,3,3,1.000000,0.375000,0.125000,5,120,1,0.991667,15,0,15,0,14,4,0,0,14,80,0,80,0,0.000000,20,0,52,80,80,1.000000,0,10,No meaningful ordering,5,3,0,0,0,0.000000,0,2,1,80,0,0,1,0,0,0,0,0,0,0,0,0,0,1.000000,5.000000,0.000000,0.000000,0.000000,0.000000,0.000000,1.000000,5.000000,0.000000,0.000000,0.000000,0.000000,0.000000,1.000000,5.000000,0.000000,0.000000,0.000000,0.000000,0.000000,1.000000,5.000000,0.000000,0.000000,0.000000,0.000000,0.000000,1.000000,5.000000,0.000000,0.000000,0.000000,0.000000,0.000000,Moderate,5,3,PULL+PUSH+POLARITY_FLIP+WALLS+MULTIPLE_MAGNETS,PULL+PUSH+MULTIPLE_MAGNETS,Every successful choice remains solvable and winning orders are mostly interchangeable,d0:A+B+C+D+E;d1:B+C+D+E;d2:C+D+E;d3:D+E
75,campaign-075,Polarity study 075,4,4,5,1,2,74,94,ACCEPT,30,3,4,1.000000,0.375000,0.125000,5,80,3,0.962500,14,1,14,0,13,4,0,0,13,76,4,76,0,0.000000,19,0,42,55,63,0.873016,0,10,No meaningful ordering,3,2,0,0,0,0.000000,0,1,0,50,4,0,1,1,0,1,1,0,8,0,0,0,0,1.000000,5.000000,0.000000,0.000000,0.000000,0.000000,0.000000,1.000000,5.000000,0.000000,0.000000,0.000000,0.000000,0.000000,1.000000,5.000000,0.000000,0.000000,0.000000,0.000000,0.000000,1.000000,5.384028,0.384028,0.000000,0.000000,0.000000,0.000000,1.000000,5.000000,0.000000,0.000000,0.000000,0.000000,0.000000,Moderate,6,4,PULL+PUSH+POLARITY_FLIP+WALLS+OCCLUSION+ORDER_DEPENDENCY,PULL+PUSH+WALLS+OCCLUSION,Every successful choice remains solvable and winning orders are mostly interchangeable,d0:B+C+D+E;d1:A+C+D+E;d2:C+D+E;d3:D+E
76,campaign-076,Cadence study 076,4,4,5,2,1,74,94,ACCEPT,16,3,4,1.000000,0.375000,0.125000,5,120,1,0.991667,15,0,15,0,14,4,0,0,14,80,0,80,0,0.000000,22,0,56,80,80,1.000000,0,10,No meaningful ordering,5,3,0,0,0,0.000000,1,1,0,80,0,0,1,0,0,0,0,0,0,0,0,0,0,1.000000,5.000000,0.000000,0.000000,0.000000,0.000000,0.000000,1.000000,5.000000,0.000000,0.000000,0.000000,0.000000,0.000000,1.000000,5.000000,0.000000,0.000000,0.000000,0.000000,0.000000,1.000000,5.000000,0.000000,0.000000,0.000000,0.000000,0.000000,1.000000,5.000000,0.000000,0.000000,0.000000,0.000000,0.000000,Moderate,5,3,PULL+PUSH+POLARITY_FLIP+WALLS+MULTIPLE_MAGNETS,PULL+PUSH+MULTIPLE_MAGNETS,Every successful choice remains solvable and winning orders are mostly interchangeable,d0:A+B+C+D+E;d1:B+C+D+E;d2:C+D+E;d3:D+E
77,campaign-077,Circuit study 077,4,4,5,2,1,74,94,ACCEPT,38,3,3,1.000000,0.375000,0.125000,5,120,1,0.991667,15,0,15,0,12,3,0,1,14,80,0,80,0,0.000000,20,0,52,80,80,1.000000,0,10,No meaningful ordering,5,3,0,0,0,0.000000,1,1,1,80,0,0,1,0,0,0,0,0,0,0,0,0,0,1.000000,5.000000,0.000000,0.000000,0.000000,0.000000,0.000000,1.000000,5.000000,0.000000,0.000000,0.000000,0.000000,0.000000,1.000000,5.000000,0.000000,0.000000,0.000000,0.000000,0.000000,1.000000,5.000000,0.000000,0.000000,0.000000,0.000000,0.000000,1.000000,5.000000,0.000000,0.000000,0.000000,0.000000,0.000000,Moderate,6,3,PULL+PUSH+POLARITY_FLIP+WALLS+OCCLUSION+MULTIPLE_MAGNETS,PULL+PUSH+MULTIPLE_MAGNETS,Every successful choice remains solvable and winning orders are mostly interchangeable,d0:A+B+C+D+E;d1:B+C+D+E;d2:C+D+E;d3:D+E
78,campaign-078,Alignment study 078,4,4,5,2,2,74,94,ACCEPT,33,4,2,1.000000,0.375000,0.111100,5,45,2,0.955556,11,4,11,0,8,3,0,1,8,49,8,49,0,0.000000,9,0,18,32,34,0.941176,1,9,Weak ordering,3,1,1,1,1,0.333333,0,2,2,35,2,1,1,1,0,1,1,0,4,0,0,0,0,1.000000,5.000000,0.000000,0.000000,0.000000,0.000000,0.000000,1.000000,5.000000,0.000000,0.000000,0.000000,0.000000,0.000000,1.000000,5.000000,0.000000,0.000000,0.000000,0.000000,0.000000,1.000000,6.032407,1.032407,0.000000,0.000000,0.000000,0.000000,1.000000,5.000000,0.000000,0.000000,0.000000,0.000000,0.000000,Moderate,7,6,PULL+PUSH+POLARITY_FLIP+WALLS+OCCLUSION+MULTIPLE_MAGNETS+ORDER_DEPENDENCY,PULL+PUSH+POLARITY_FLIP+WALLS+OCCLUSION+MULTIPLE_MAGNETS,Every successful choice remains solvable and winning orders are mostly interchangeable,d0:B+C+D;d1:C+D+E;d3:A+E
79,campaign-079,Rail study 079,4,4,5,2,1,74,94,ACCEPT,80,4,2,1.000000,0.375000,0.125000,5,120,1,0.991667,15,0,15,0,14,4,0,0,14,80,0,80,0,0.000000,14,0,32,80,80,1.000000,0,10,No meaningful ordering,4,2,0,0,0,0.000000,1,1,1,64,0,0,1,0,0,0,0,0,0,16,16,0,1,1.000000,5.000000,0.000000,0.000000,0.000000,0.000000,0.000000,1.000000,5.000000,0.000000,0.000000,0.000000,0.000000,0.000000,1.000000,5.000000,0.000000,0.000000,0.000000,0.000000,0.000000,1.000000,5.000000,0.000000,0.000000,0.000000,0.000000,0.000000,1.000000,5.000000,0.000000,0.000000,0.000000,0.000000,0.000000,Moderate,6,4,PULL+PUSH+POLARITY_FLIP+WALLS+CANCELLATION+MULTIPLE_MAGNETS,PULL+PUSH+MULTIPLE_MAGNETS+CANCELLATION,Every successful choice remains solvable and winning orders are mostly interchangeable,d0:A+B+C+D+E;d1:B+C+D+E;d2:C+D+E;d3:D+E
80,campaign-080,Field study 080,4,4,5,1,2,75,94,ACCEPT,3,4,5,1.000000,0.375000,0.125000,5,24,4,0.833333,12,3,12,0,11,4,0,0,10,41,12,41,0,0.000000,13,0,37,21,27,0.777778,1,9,Weak ordering,5,4,1,1,1,0.200000,0,1,1,41,4,1,1,1,1,0,1,0,8,0,0,0,0,1.000000,5.000000,0.000000,0.000000,0.000000,0.000000,0.000000,1.000000,5.000000,0.000000,0.000000,0.000000,0.000000,0.000000,1.000000,5.000000,0.000000,0.000000,0.000000,0.000000,0.000000,1.000000,6.750000,1.750000,0.000000,0.000000,0.000000,0.000000,1.000000,5.000000,0.000000,0.000000,0.000000,0.000000,0.000000,Moderate,6,5,PULL+PUSH+POLARITY_FLIP+WALLS+OCCLUSION+ORDER_DEPENDENCY,PULL+PUSH+POLARITY_FLIP+WALLS+OCCLUSION,Every successful choice remains solvable and winning orders are mostly interchangeable,d0:B+C+E;d1:C+E;d2:C+D+E;d3:D+E
81,campaign-081,Relay study 081,4,4,6,1,1,77,96,ACCEPT,92,4,6,1.000000,0.312500,0.125000,6,328,17,0.948171,18,3,18,0,16,5,0,1,16,186,18,186,0,0.000000,57,0,156,129,171,0.754386,0,15,No meaningful ordering,6,5,3,3,3,0.500000,0,1,0,150,18,1,1,0,0,0,0,0,36,0,0,0,0,1.000000,6.000000,0.000000,0.000000,0.000000,0.000000,0.000000,1.000000,6.000000,0.000000,0.000000,0.000000,0.000000,0.000000,1.000000,6.000000,0.000000,0.000000,0.000000,0.000000,0.000000,1.000000,6.768056,0.768056,0.000000,0.000000,0.000000,0.000000,1.000000,6.000000,0.000000,0.000000,0.000000,0.000000,0.000000,Moderate,6,4,PULL+PUSH+POLARITY_FLIP+WALLS+OCCLUSION+ORDER_DEPENDENCY,PULL+PUSH+POLARITY_FLIP+OCCLUSION,Every successful choice remains solvable and winning orders are mostly interchangeable,d0:A+C+E+F;d1:B+C+D+E+F;d2:C+E+F;d3:E+F;d4:E+F
82,campaign-082,Vector study 082,4,4,6,1,1,77,96,ACCEPT,113,5,6,1.000000,0.312500,0.125000,6,460,19,0.958696,20,1,20,0,18,5,0,1,18,228,20,228,0,0.000000,69,0,196,177,227,0.779736,0,15,No meaningful ordering,6,5,2,2,2,0.333333,0,1,0,188,20,1,1,0,0,0,0,0,40,0,0,0,0,1.000000,6.000000,0.000000,0.000000,0.000000,0.000000,0.000000,1.000000,6.000000,0.000000,0.000000,0.000000,0.000000,0.000000,1.000000,6.000000,0.000000,0.000000,0.000000,0.000000,0.000000,1.000000,6.455247,0.455247,0.000000,0.000000,0.000000,0.000000,1.000000,6.000000,0.000000,0.000000,0.000000,0.000000,0.000000,Moderate,5,4,PULL+PUSH+POLARITY_FLIP+WALLS+OCCLUSION,PULL+PUSH+POLARITY_FLIP+OCCLUSION,Every successful choice remains solvable and winning orders are mostly interchangeable,d0:A+B+C+D+E+F;d1:B+D+E+F;d2:D+E+F;d3:D+E+F;d4:E+F
83,campaign-083,Polarity study 083,4,4,6,2,0,78,97,ACCEPT,93,4,3,1.000000,0.375000,0.000000,6,600,2,0.996667,17,4,17,0,15,4,0,0,15,216,8,216,0,0.000000,55,0,146,228,244,0.934426,0,15,No meaningful ordering,5,3,1,1,1,0.200000,0,2,0,200,8,1,0,0,0,0,0,0,16,0,0,0,0,1.000000,6.000000,0.000000,0.000000,0.000000,0.000000,0.000000,1.000000,6.000000,0.000000,0.000000,0.000000,0.000000,0.000000,1.000000,6.000000,0.000000,0.000000,0.000000,0.000000,0.000000,1.000000,6.214583,0.214583,0.000000,0.000000,0.000000,0.000000,1.000000,6.000000,0.000000,0.000000,0.000000,0.000000,0.000000,Moderate,5,5,PULL+PUSH+POLARITY_FLIP+OCCLUSION+MULTIPLE_MAGNETS,PULL+PUSH+POLARITY_FLIP+OCCLUSION+MULTIPLE_MAGNETS,Every successful choice remains solvable and winning orders are mostly interchangeable,d0:A+B+C+D+E+F;d1:B+C+D+E;d2:C+D+E;d3:D+E
84,campaign-084,Cadence study 084,4,4,6,2,1,78,94,ACCEPT,156,5,3,1.000000,0.375000,0.111100,6,320,4,0.987500,17,4,17,0,10,4,0,5,16,144,16,144,0,0.000000,35,0,80,113,129,0.875969,0,15,No meaningful ordering,5,3,1,1,1,0.200000,0,2,1,112,16,1,1,0,0,0,0,0,32,0,0,0,0,1.000000,6.000000,0.000000,0.000000,0.000000,0.000000,0.000000,1.000000,6.000000,0.000000,0.000000,0.000000,0.000000,0.000000,1.000000,6.000000,0.000000,0.000000,0.000000,0.000000,0.000000,1.000000,6.780556,0.780556,0.000000,0.000000,0.000000,0.000000,1.000000,6.000000,0.000000,0.000000,0.000000,0.000000,0.000000,Moderate,7,5,PULL+PUSH+POLARITY_FLIP+WALLS+OCCLUSION+MULTIPLE_MAGNETS+ORDER_DEPENDENCY,PULL+PUSH+POLARITY_FLIP+OCCLUSION+MULTIPLE_MAGNETS,Every successful choice remains solvable and winning orders are mostly interchangeable,d0:A+D+E+F;d1:B+D+E+F;d2:D+E+F;d3:C+E+F;d4:E+F
85,campaign-085,Circuit study 085,4,4,6,2,0,79,97,ACCEPT,44,4,3,1.000000,0.375000,0.000000,6,720,1,0.998611,21,0,21,0,18,4,0,1,20,192,0,192,0,0.000000,48,0,144,240,240,1.000000,0,15,No meaningful ordering,6,4,0,0,0,0.000000,0,2,0,192,0,0,0,0,0,0,0,0,0,0,0,0,0,1.000000,6.000000,0.000000,0.000000,0.000000,0.000000,0.000000,1.000000,6.000000,0.000000,0.000000,0.000000,0.000000,0.000000,1.000000,6.000000,0.000000,0.000000,0.000000,0.000000,0.000000,1.000000,6.000000,0.000000,0.000000,0.000000,0.000000,0.000000,1.000000,6.000000,0.000000,0.000000,0.000000,0.000000,0.000000,Moderate,5,3,PULL+PUSH+POLARITY_FLIP+OCCLUSION+MULTIPLE_MAGNETS,PULL+PUSH+MULTIPLE_MAGNETS,Every successful choice remains solvable and winning orders are mostly interchangeable,d0:A+B+C+D+E+F;d1:B+C+D+E+F;d2:C+D+E+F;d3:D+E+F;d4:E+F
86,campaign-086,Alignment study 086,4,4,6,2,0,79,97,ACCEPT,56,5,3,1.000000,0.375000,0.000000,6,720,1,0.998611,21,0,21,0,18,4,0,1,20,192,0,192,0,0.000000,48,0,144,240,240,1.000000,0,15,No meaningful ordering,6,4,0,0,0,0.000000,0,2,0,192,0,0,0,0,0,0,0,0,0,0,0,0,0,1.000000,6.000000,0.000000,0.000000,0.000000,0.000000,0.000000,1.000000,6.000000,0.000000,0.000000,0.000000,0.000000,0.000000,1.000000,6.000000,0.000000,0.000000,0.000000,0.000000,0.000000,1.000000,6.000000,0.000000,0.000000,0.000000,0.000000,0.000000,1.000000,6.000000,0.000000,0.000000,0.000000,0.000000,0.000000,Moderate,5,3,PULL+PUSH+POLARITY_FLIP+OCCLUSION+MULTIPLE_MAGNETS,PULL+PUSH+MULTIPLE_MAGNETS,Every successful choice remains solvable and winning orders are mostly interchangeable,d0:A+B+C+D+E+F;d1:B+C+D+E+F;d2:C+D+E+F;d3:D+E+F;d4:E+F
87,campaign-087,Rail study 087,4,4,7,2,0,80,97,ACCEPT,512,6,3,1.000000,0.375000,0.000000,7,3500,6,0.998286,25,3,25,0,23,6,0,1,24,580,40,580,0,0.000000,146,0,400,638,718,0.888579,0,21,No meaningful ordering,5,3,1,1,1,0.200000,0,2,0,500,40,1,0,0,0,0,0,0,80,0,0,0,0,1.000000,7.000000,0.000000,0.000000,0.000000,0.000000,0.000000,1.000000,7.000000,0.000000,0.000000,0.000000,0.000000,0.000000,1.000000,7.000000,0.000000,0.000000,0.000000,0.000000,0.000000,1.000000,7.416045,0.416045,0.000000,0.000000,0.000000,0.000000,1.000000,7.000000,0.000000,0.000000,0.000000,0.000000,0.000000,Moderate,5,5,PULL+PUSH+POLARITY_FLIP+OCCLUSION+MULTIPLE_MAGNETS,PULL+PUSH+POLARITY_FLIP+OCCLUSION+MULTIPLE_MAGNETS,Every successful choice remains solvable and winning orders are mostly interchangeable,d0:A+B+C+D+E+F+G;d1:B+D+E+F+G;d2:D+E+F+G;d3:E+F+G;d4:C+F+G;d5:F+G
88,campaign-088,Field study 088,4,4,7,2,0,81,100,ACCEPT,381,6,3,1.000000,0.250000,0.000000,7,3360,2,0.999405,24,4,24,0,20,5,0,2,23,400,16,400,0,0.000000,96,0,272,512,528,0.969697,0,21,No meaningful ordering,6,3,0,0,0,0.000000,0,2,0,336,0,0,0,0,0,0,0,0,32,48,48,0,1,1.000000,7.000000,0.000000,0.000000,0.000000,0.000000,0.000000,1.000000,7.000000,0.000000,0.000000,0.000000,0.000000,0.000000,1.000000,7.000000,0.000000,0.000000,0.000000,0.000000,0.000000,1.000000,7.406190,0.406190,0.000000,0.000000,0.000000,0.000000,1.000000,7.000000,0.000000,0.000000,0.000000,0.000000,0.000000,Moderate,7,5,PULL+PUSH+POLARITY_FLIP+OCCLUSION+CANCELLATION+MULTIPLE_MAGNETS+ORDER_DEPENDENCY,PULL+PUSH+OCCLUSION+MULTIPLE_MAGNETS+CANCELLATION,Every successful choice remains solvable and winning orders are mostly interchangeable,d0:A+B+C+D+E+F;d1:B+C+D+E+F;d2:C+D+E+F;d3:D+E+F;d4:E+F+G;d5:F+G
89,campaign-089,Relay study 089,4,4,7,2,1,81,98,ACCEPT,456,6,3,1.000000,0.250000,0.100000,7,3360,3,0.999107,27,1,27,0,24,5,0,1,26,448,16,448,0,0.000000,111,0,330,560,592,0.945946,0,21,No meaningful ordering,6,4,1,1,1,0.166667,0,2,1,416,16,1,1,0,0,0,0,0,32,0,0,0,0,1.000000,7.000000,0.000000,0.000000,0.000000,0.000000,0.000000,1.000000,7.000000,0.000000,0.000000,0.000000,0.000000,0.000000,1.000000,7.000000,0.000000,0.000000,0.000000,0.000000,0.000000,1.000000,7.415079,0.415079,0.000000,0.000000,0.000000,0.000000,1.000000,7.000000,0.000000,0.000000,0.000000,0.000000,0.000000,Moderate,7,5,PULL+PUSH+POLARITY_FLIP+WALLS+OCCLUSION+MULTIPLE_MAGNETS+ORDER_DEPENDENCY,PULL+PUSH+POLARITY_FLIP+OCCLUSION+MULTIPLE_MAGNETS,Every successful choice remains solvable and winning orders are mostly interchangeable,d0:A+B+C+D+E+G;d1:B+C+D+E+F+G;d2:C+D+E+F+G;d3:D+E+F+G;d4:E+F+G;d5:F+G
90,campaign-090,Vector study 090,4,4,7,2,0,82,97,ACCEPT,314,6,4,1.000000,0.375000,0.000000,7,1792,6,0.996652,21,7,21,0,17,5,0,2,20,364,40,364,0,0.000000,94,0,259,364,402,0.905473,0,21,No meaningful ordering,5,3,2,2,2,0.400000,0,2,0,320,28,2,0,0,0,0,0,0,56,0,0,0,0,1.000000,7.000000,0.000000,0.000000,0.000000,0.000000,0.000000,1.000000,7.000000,0.000000,0.000000,0.000000,0.000000,0.000000,1.000000,7.000000,0.000000,0.000000,0.000000,0.000000,0.000000,1.000000,8.198309,1.198309,0.000000,0.000000,0.000000,0.000000,1.000000,7.000000,0.000000,0.000000,0.000000,0.000000,0.000000,Moderate,6,5,PULL+PUSH+POLARITY_FLIP+OCCLUSION+MULTIPLE_MAGNETS+ORDER_DEPENDENCY,PULL+PUSH+POLARITY_FLIP+OCCLUSION+MULTIPLE_MAGNETS,Every successful choice remains solvable and winning orders are mostly interchangeable,d0:A+B+C+D+G;d1:B+C+D+E+G;d2:C+E+G;d3:E+F+G;d4:F+G;d5:D+G
91,campaign-091,Polarity study 091,4,4,7,2,1,83,98,ACCEPT,456,6,4,1.000000,0.250000,0.100000,7,3360,3,0.999107,27,1,27,0,24,5,0,1,26,448,16,448,0,0.000000,111,0,330,560,592,0.945946,0,21,No meaningful ordering,6,4,0,0,0,0.000000,0,2,1,416,16,0,1,0,0,0,0,0,32,0,0,0,0,1.000000,7.000000,0.000000,0.000000,0.000000,0.000000,0.000000,1.000000,7.000000,0.000000,0.000000,0.000000,0.000000,0.000000,1.000000,7.000000,0.000000,0.000000,0.000000,0.000000,0.000000,1.000000,7.415079,0.415079,0.000000,0.000000,0.000000,0.000000,1.000000,7.000000,0.000000,0.000000,0.000000,0.000000,0.000000,Moderate,7,4,PULL+PUSH+POLARITY_FLIP+WALLS+OCCLUSION+MULTIPLE_MAGNETS+ORDER_DEPENDENCY,PULL+PUSH+OCCLUSION+MULTIPLE_MAGNETS,Every successful choice remains solvable and winning orders are mostly interchangeable,d0:A+C+D+E+F+G;d1:B+C+D+E+F+G;d2:C+D+E+F+G;d3:D+E+F+G;d4:E+F+G;d5:F+G
92,campaign-092,Cadence study 092,4,4,7,2,2,83,96,ACCEPT,340,6,4,1.000000,0.187500,0.181800,7,2800,6,0.997857,27,1,27,0,25,6,0,1,26,452,36,452,0,0.000000,114,0,308,482,534,0.902622,0,21,No meaningful ordering,6,4,0,0,0,0.000000,0,2,1,380,36,0,2,0,0,0,0,0,72,0,0,0,0,1.000000,7.000000,0.000000,0.000000,0.000000,0.000000,0.000000,1.000000,7.000000,0.000000,0.000000,0.000000,0.000000,0.000000,1.000000,7.000000,0.000000,0.000000,0.000000,0.000000,0.000000,1.000000,7.596746,0.596746,0.000000,0.000000,0.000000,0.000000,1.000000,7.000000,0.000000,0.000000,0.000000,0.000000,0.000000,Moderate,7,4,PULL+PUSH+POLARITY_FLIP+WALLS+OCCLUSION+MULTIPLE_MAGNETS+ORDER_DEPENDENCY,PULL+PUSH+OCCLUSION+MULTIPLE_MAGNETS,Every successful choice remains solvable and winning orders are mostly interchangeable,d0:A+C+D+E+F+G;d1:B+C+D+E+F+G;d2:C+D+E+F+G;d3:D+E+F+G;d4:E+F+G;d5:F+G
93,campaign-093,Circuit study 093,4,4,6,2,1,85,97,ACCEPT,20,4,3,1.000000,0.375000,0.000000,6,240,2,0.991667,19,2,18,1,16,4,1,1,17,136,8,120,16,0.117647,36,16,102,108,116,0.931034,0,15,Moderate ordering,6,4,1,1,0,0.166667,0,2,1,148,16,1,0,1,1,0,1,0,0,0,0,0,0,0.500000,5.500000,0.500000,1.000000,0.500000,0.500000,2.333333,1.000000,6.000000,0.000000,0.000000,0.000000,0.000000,1.000000,0.500000,5.500000,0.500000,1.000000,0.500000,0.500000,1.666667,0.500000,6.672500,1.672500,1.000000,0.500000,0.500000,1.666667,0.500000,5.500000,0.500000,1.000000,0.500000,0.500000,2.333333,Hard,7,6,PULL+PUSH+POLARITY_FLIP+WALLS+OCCLUSION+MULTIPLE_MAGNETS+ORDER_DEPENDENCY,PULL+PUSH+POLARITY_FLIP+WALLS+MULTIPLE_MAGNETS+ORDER_DEPENDENCY,Most viable choices commute safely,d0:A+C+D+E+F;d1:C+D+E+F;d2:B+D+E;d3:D+E+F;d4:E+F
94,campaign-094,Alignment study 094,4,4,6,2,2,86,96,ACCEPT,35,5,6,1.000000,0.312500,0.100000,6,64,2,0.968750,13,8,12,1,10,4,1,1,11,55,15,51,4,0.072727,14,4,35,29,31,0.935484,2,13,Moderate ordering,5,3,0,0,0,0.000000,0,2,1,54,10,0,1,1,1,0,1,0,14,0,0,0,0,0.500000,5.000000,0.500000,1.000000,0.500000,0.500000,2.666667,0.000000,4.000000,1.000000,NOT_SOLVABLE,1.000000,1.000000,1.000000,0.500000,5.000000,0.500000,1.000000,0.500000,0.500000,1.481481,0.500000,9.169753,4.669753,1.000000,0.500000,0.500000,1.481481,0.500000,5.000000,0.500000,1.000000,0.500000,0.500000,2.666667,Hard,7,6,PULL+PUSH+POLARITY_FLIP+WALLS+OCCLUSION+MULTIPLE_MAGNETS+ORDER_DEPENDENCY,PULL+PUSH+WALLS+OCCLUSION+MULTIPLE_MAGNETS+ORDER_DEPENDENCY,Polarity flips occur but do not change future actionable choices,d0:B+F;d1:A+E+F;d2:E+F;d3:C+F;d4:D+F
95,campaign-095,Rail study 095,4,4,7,2,2,86,98,ACCEPT,63,6,4,0.857100,0.312500,0.000000,7,840,4,0.995238,25,3,24,1,9,3,1,12,23,232,48,216,16,0.068966,52,16,96,204,228,0.894737,0,21,Moderate ordering,5,3,3,3,2,0.600000,1,1,1,156,64,1,0,2,2,2,2,0,0,0,0,0,0,0.666667,6.333333,0.333333,0.500000,0.333333,0.333333,1.250000,1.000000,7.000000,0.000000,0.000000,0.000000,0.000000,1.000000,0.666667,6.333333,0.333333,0.500000,0.333333,0.333333,1.500000,0.666667,8.602778,2.602778,0.500000,0.333333,0.333333,1.500000,0.666667,6.333333,0.333333,0.500000,0.333333,0.333333,2.583333,Moderate,7,7,PULL+PUSH+POLARITY_FLIP+WALLS+OCCLUSION+MULTIPLE_MAGNETS+ORDER_DEPENDENCY,PULL+PUSH+POLARITY_FLIP+WALLS+OCCLUSION+MULTIPLE_MAGNETS+ORDER_DEPENDENCY,Most viable choices commute safely,d0:A+C+E+F+H;d1:B+D+E+F+H;d2:C+E+F+H;d3:D+E+F+H;d4:E+F+H;d5:F+H
96,campaign-096,Field study 096,4,4,7,2,2,86,96,ACCEPT,131,6,4,1.000000,0.312500,0.090900,7,560,4,0.992857,20,8,19,1,13,5,1,5,18,185,41,169,16,0.086486,51,16,125,133,150,0.886667,1,20,Moderate ordering,6,4,1,1,1,0.166667,0,2,1,174,26,1,1,1,1,0,1,0,42,0,0,0,0,0.500000,6.000000,0.500000,1.000000,0.500000,0.500000,2.000000,0.000000,5.000000,1.000000,NOT_SOLVABLE,1.000000,1.000000,1.000000,0.500000,6.000000,0.500000,1.000000,0.500000,0.500000,1.638889,0.500000,9.186921,3.686921,1.000000,0.500000,0.500000,1.638889,0.500000,6.000000,0.500000,1.000000,0.500000,0.500000,2.666667,Hard,7,7,PULL+PUSH+POLARITY_FLIP+WALLS+OCCLUSION+MULTIPLE_MAGNETS+ORDER_DEPENDENCY,PULL+PUSH+POLARITY_FLIP+WALLS+OCCLUSION+MULTIPLE_MAGNETS+ORDER_DEPENDENCY,Most viable choices commute safely,d0:A+D+F+G;d1:E+F+G;d2:C+D+F+G;d3:D+F+G;d4:F+G;d5:B+G
97,campaign-097,Relay study 097,4,4,6,2,2,88,94,ACCEPT,69,5,4,1.000000,0.375000,0.100000,6,240,3,0.987500,20,1,15,5,19,5,5,0,13,141,6,123,18,0.127660,37,18,99,97,109,0.889908,1,14,Moderate ordering,6,4,1,1,1,0.166667,0,2,0,154,26,1,1,0,0,0,1,0,12,0,0,0,0,0.500000,5.500000,0.500000,1.000000,0.500000,0.500000,3.833333,0.000000,5.000000,1.000000,NOT_SOLVABLE,1.000000,1.000000,5.000000,0.500000,5.500000,0.500000,1.000000,0.500000,0.500000,2.182222,0.500000,6.914213,1.914213,1.000000,0.500000,0.500000,2.182222,0.500000,5.500000,0.500000,1.000000,0.500000,0.500000,3.833333,Hard,7,7,PULL+PUSH+POLARITY_FLIP+WALLS+OCCLUSION+MULTIPLE_MAGNETS+ORDER_DEPENDENCY,PULL+PUSH+POLARITY_FLIP+WALLS+OCCLUSION+MULTIPLE_MAGNETS+ORDER_DEPENDENCY,Most viable choices commute safely,d0:A+C+D+F;d1:B+C+D+F;d2:C+D+F;d3:D+F
98,campaign-098,Vector study 098,4,4,6,2,2,88,100,ACCEPT,14,5,4,1.000000,0.250000,0.000000,6,72,4,0.944444,17,4,16,1,9,3,1,5,15,70,24,64,6,0.085714,16,6,34,36,44,0.818182,1,14,Moderate ordering,5,3,3,3,2,0.600000,1,1,1,60,24,1,0,2,2,1,2,0,0,0,0,0,0,0.666667,5.333333,0.333333,0.500000,0.333333,0.333333,1.750000,1.000000,6.000000,0.000000,0.000000,0.000000,0.000000,1.000000,0.666667,5.333333,0.333333,0.500000,0.333333,0.333333,1.291667,0.666667,8.179630,3.179630,0.500000,0.333333,0.333333,1.291667,0.666667,5.333333,0.333333,0.500000,0.333333,0.333333,1.250000,Moderate,7,7,PULL+PUSH+POLARITY_FLIP+WALLS+OCCLUSION+MULTIPLE_MAGNETS+ORDER_DEPENDENCY,PULL+PUSH+POLARITY_FLIP+WALLS+OCCLUSION+MULTIPLE_MAGNETS+ORDER_DEPENDENCY,Most viable choices commute safely,d0:A+C+G;d1:B+D+F+G;d2:C+F+G;d3:D+F+G;d4:F+G
99,campaign-099,Polarity study 099,4,4,7,2,0,90,97,ACCEPT,73,5,5,1.000000,0.375000,0.000000,7,728,3,0.995879,20,8,18,2,16,5,2,2,17,202,34,190,12,0.059406,53,12,149,173,187,0.925134,2,19,Moderate ordering,6,4,1,1,1,0.166667,0,2,1,212,24,1,0,0,0,0,0,0,32,0,0,0,0,0.500000,6.000000,0.500000,1.000000,0.500000,0.500000,2.622222,1.000000,7.000000,0.000000,0.000000,0.000000,0.000000,2.000000,0.500000,6.000000,0.500000,1.000000,0.500000,0.500000,1.992593,0.500000,9.887383,4.387383,1.000000,0.500000,0.500000,1.992593,0.500000,6.000000,0.500000,1.000000,0.500000,0.500000,2.622222,Hard,6,6,PULL+PUSH+POLARITY_FLIP+OCCLUSION+MULTIPLE_MAGNETS+ORDER_DEPENDENCY,PULL+PUSH+POLARITY_FLIP+OCCLUSION+MULTIPLE_MAGNETS+ORDER_DEPENDENCY,Most viable choices commute safely,d0:B+C+D+F;d1:D+F;d2:E+F+G;d3:A+F+G;d4:C+F+G;d5:F+G
100,campaign-100,Cadence study 100,4,4,7,2,1,90,98,ACCEPT,44,6,4,1.000000,0.312500,0.000000,7,840,2,0.997619,24,4,22,2,21,5,2,1,21,212,32,196,16,0.075472,56,16,164,202,210,0.961905,1,20,Moderate ordering,7,5,1,1,1,0.142857,0,2,2,224,16,1,0,1,1,0,1,0,24,0,0,0,0,0.500000,6.000000,0.500000,1.000000,0.500000,0.500000,2.177778,0.000000,5.000000,1.000000,NOT_SOLVABLE,1.000000,1.000000,1.000000,0.500000,6.000000,0.500000,1.000000,0.500000,0.500000,1.666667,0.500000,8.722722,3.222722,1.000000,0.500000,0.500000,1.666667,0.500000,6.000000,0.500000,1.000000,0.500000,0.500000,2.177778,Hard,7,7,PULL+PUSH+POLARITY_FLIP+WALLS+OCCLUSION+MULTIPLE_MAGNETS+ORDER_DEPENDENCY,PULL+PUSH+POLARITY_FLIP+WALLS+OCCLUSION+MULTIPLE_MAGNETS+ORDER_DEPENDENCY,Most viable choices commute safely,d0:A+B+C+E+F;d1:C+D+E+F;d2:D+E+F;d3:B+E+F+G;d4:E+F+G;d5:F+G
101,campaign-101,Reversal 101,4,4,6,2,2,71,96,ACCEPT,8,3,4,1.000000,0.250000,0.200000,6,32,3,0.906250,11,10,11,0,8,4,0,1,8,36,20,36,0,0.000000,10,0,26,13,15,0.866667,0,15,No meaningful ordering,5,3,2,2,2,0.400000,0,2,1,32,8,2,2,0,0,0,0,0,16,0,0,0,0,1.000000,6.000000,0.000000,0.000000,0.000000,0.000000,0.000000,1.000000,6.000000,0.000000,0.000000,0.000000,0.000000,0.000000,1.000000,6.000000,0.000000,0.000000,0.000000,0.000000,0.000000,1.000000,9.333333,3.333333,0.000000,0.000000,0.000000,0.000000,1.000000,6.000000,0.000000,0.000000,0.000000,0.000000,0.000000,Moderate,7,5,PULL+PUSH+POLARITY_FLIP+WALLS+OCCLUSION+MULTIPLE_MAGNETS+ORDER_DEPENDENCY,PULL+PUSH+POLARITY_FLIP+OCCLUSION+MULTIPLE_MAGNETS,Every successful choice remains solvable and winning orders are mostly interchangeable,d0:B+C;d1:C+F;d2:E+F;d3:D+F
102,campaign-102,Crossfield 102,4,4,5,2,1,72,94,ACCEPT,40,3,2,1.000000,0.375000,0.125000,5,80,2,0.975000,14,1,14,0,9,3,0,3,13,68,4,68,0,0.000000,16,0,36,52,56,0.928571,0,10,No meaningful ordering,4,2,1,1,1,0.250000,0,2,0,60,4,1,1,0,0,0,0,0,8,0,0,0,0,1.000000,5.000000,0.000000,0.000000,0.000000,0.000000,0.000000,1.000000,5.000000,0.000000,0.000000,0.000000,0.000000,0.000000,1.000000,5.000000,0.000000,0.000000,0.000000,0.000000,0.000000,1.000000,5.380556,0.380556,0.000000,0.000000,0.000000,0.000000,1.000000,5.000000,0.000000,0.000000,0.000000,0.000000,0.000000,Moderate,7,5,PULL+PUSH+POLARITY_FLIP+WALLS+OCCLUSION+MULTIPLE_MAGNETS+ORDER_DEPENDENCY,PULL+PUSH+POLARITY_FLIP+OCCLUSION+MULTIPLE_MAGNETS,Every successful choice remains solvable and winning orders are mostly interchangeable,d0:A+B+C+D;d1:B+C+D+E;d2:C+D+E;d3:D+E
103,campaign-103,Relay 103,4,4,5,2,1,74,94,ACCEPT,26,3,3,1.000000,0.375000,0.125000,5,80,3,0.962500,13,2,13,0,11,3,0,0,10,76,4,76,0,0.000000,19,0,42,55,63,0.873016,0,10,No meaningful ordering,4,2,2,2,2,0.500000,1,1,0,68,4,1,1,0,0,0,0,0,8,0,0,0,0,1.000000,5.000000,0.000000,0.000000,0.000000,0.000000,0.000000,1.000000,5.000000,0.000000,0.000000,0.000000,0.000000,0.000000,1.000000,5.000000,0.000000,0.000000,0.000000,0.000000,0.000000,1.000000,5.384028,0.384028,0.000000,0.000000,0.000000,0.000000,1.000000,5.000000,0.000000,0.000000,0.000000,0.000000,0.000000,Moderate,7,5,PULL+PUSH+POLARITY_FLIP+WALLS+OCCLUSION+MULTIPLE_MAGNETS+ORDER_DEPENDENCY,PULL+PUSH+POLARITY_FLIP+OCCLUSION+MULTIPLE_MAGNETS,Every successful choice remains solvable and winning orders are mostly interchangeable,d0:A+B+C+E;d1:B+C+D+E;d2:C+E
104,campaign-104,Occlusion 104,4,4,6,2,1,75,94,ACCEPT,84,4,2,1.000000,0.375000,0.111100,6,176,4,0.977273,15,6,15,0,10,4,0,3,14,106,18,106,0,0.000000,26,0,63,73,82,0.890244,0,15,No meaningful ordering,4,2,2,2,2,0.500000,0,2,0,88,12,2,1,0,0,0,0,0,24,0,0,0,0,1.000000,6.000000,0.000000,0.000000,0.000000,0.000000,0.000000,1.000000,6.000000,0.000000,0.000000,0.000000,0.000000,0.000000,1.000000,6.000000,0.000000,0.000000,0.000000,0.000000,0.000000,1.000000,7.481790,1.481790,0.000000,0.000000,0.000000,0.000000,1.000000,6.000000,0.000000,0.000000,0.000000,0.000000,0.000000,Moderate,7,5,PULL+PUSH+POLARITY_FLIP+WALLS+OCCLUSION+MULTIPLE_MAGNETS+ORDER_DEPENDENCY,PULL+PUSH+POLARITY_FLIP+OCCLUSION+MULTIPLE_MAGNETS,Every successful choice remains solvable and winning orders are mostly interchangeable,d0:A+C+D;d1:C+D+F;d2:D+E+F;d3:B+E+F;d4:E+F
105,campaign-105,Polarity 105,4,4,7,2,0,77,98,ACCEPT,46,5,7,1.000000,0.312500,0.000000,7,238,5,0.978992,18,10,18,0,17,6,0,0,17,124,44,124,0,0.000000,33,0,86,79,92,0.858696,0,21,No meaningful ordering,6,4,1,1,1,0.166667,0,2,0,114,18,1,0,0,0,0,0,0,36,0,0,0,0,1.000000,7.000000,0.000000,0.000000,0.000000,0.000000,0.000000,1.000000,7.000000,0.000000,0.000000,0.000000,0.000000,0.000000,1.000000,7.000000,0.000000,0.000000,0.000000,0.000000,0.000000,1.000000,11.067901,4.067901,0.000000,0.000000,0.000000,0.000000,1.000000,7.000000,0.000000,0.000000,0.000000,0.000000,0.000000,Moderate,6,5,PULL+PUSH+POLARITY_FLIP+OCCLUSION+MULTIPLE_MAGNETS+ORDER_DEPENDENCY,PULL+PUSH+POLARITY_FLIP+OCCLUSION+MULTIPLE_MAGNETS,Every successful choice remains solvable and winning orders are mostly interchangeable,d0:C+F+G;d1:D+F+G;d2:E+F+G;d3:A+F+G;d4:B+F+G;d5:F+G
106,campaign-106,Vector 106,3,3,4,1,0,64,90,REVIEW,15,2,2,1.000000,0.222200,0.000000,4,18,5,0.722222,9,1,9,0,6,2,0,1,6,34,4,34,0,0.000000,8,0,20,10,19,0.526316,0,6,No meaningful ordering,2,1,1,1,1,0.500000,0,1,0,24,4,1,0,0,0,0,0,0,10,0,0,0,0,1.000000,4.000000,0.000000,0.000000,0.000000,0.000000,0.000000,1.000000,4.000000,0.000000,0.000000,0.000000,0.000000,0.000000,1.000000,4.000000,0.000000,0.000000,0.000000,0.000000,0.000000,1.000000,4.250000,0.250000,0.000000,0.000000,0.000000,0.000000,1.000000,4.000000,0.000000,0.000000,0.000000,0.000000,0.000000,Easy,4,4,PULL+PUSH+POLARITY_FLIP+OCCLUSION,PULL+PUSH+POLARITY_FLIP+OCCLUSION,No successful choice creates an unsolvable future state,d0:A+B+C+D;d1:B+D
107,campaign-107,Cadence 107,4,4,5,2,2,75,96,ACCEPT,4,3,4,1.000000,0.312500,0.111100,5,12,4,0.666667,9,6,8,1,5,2,1,1,2,27,12,24,3,0.111111,6,3,17,6,10,0.600000,1,9,Moderate ordering,4,3,3,3,3,0.750000,1,1,1,21,12,1,0,2,2,1,2,0,0,0,0,0,0,0.666667,4.333333,0.333333,0.500000,0.333333,0.333333,1.500000,1.000000,5.000000,0.000000,0.000000,0.000000,0.000000,1.000000,0.666667,4.333333,0.333333,0.500000,0.333333,0.333333,1.125000,0.666667,6.937500,2.937500,0.500000,0.333333,0.333333,1.125000,0.666667,4.333333,0.333333,0.500000,0.333333,0.333333,1.000000,Moderate,7,6,PULL+PUSH+POLARITY_FLIP+WALLS+OCCLUSION+MULTIPLE_MAGNETS+ORDER_DEPENDENCY,PULL+PUSH+POLARITY_FLIP+WALLS+OCCLUSION+ORDER_DEPENDENCY,Consequences exist but are sparse and shallow,d3:D+E
108,campaign-108,Alignment 108,4,4,6,1,1,76,94,ACCEPT,47,4,6,1.000000,0.375000,0.125000,6,328,17,0.948171,18,3,18,0,16,5,0,1,16,186,18,186,0,0.000000,57,0,156,129,171,0.754386,0,15,No meaningful ordering,6,5,3,3,3,0.500000,0,1,0,150,18,1,1,0,0,0,0,0,36,0,0,0,0,1.000000,6.000000,0.000000,0.000000,0.000000,0.000000,0.000000,1.000000,6.000000,0.000000,0.000000,0.000000,0.000000,0.000000,1.000000,6.000000,0.000000,0.000000,0.000000,0.000000,0.000000,1.000000,6.768056,0.768056,0.000000,0.000000,0.000000,0.000000,1.000000,6.000000,0.000000,0.000000,0.000000,0.000000,0.000000,Moderate,6,4,PULL+PUSH+POLARITY_FLIP+WALLS+OCCLUSION+ORDER_DEPENDENCY,PULL+PUSH+POLARITY_FLIP+OCCLUSION,Every successful choice remains solvable and winning orders are mostly interchangeable,d0:B+C+E+F;d1:A+C+D+E+F;d2:C+E+F;d3:E+F;d4:E+F
109,campaign-109,Reversal 109,4,4,6,2,2,76,96,ACCEPT,97,4,2,1.000000,0.250000,0.200000,6,360,1,0.997222,16,5,16,0,13,4,0,1,14,128,16,128,0,0.000000,35,0,84,136,136,1.000000,1,14,Weak ordering,5,2,0,0,0,0.000000,0,2,1,112,0,0,2,0,0,0,0,0,16,16,16,0,1,1.000000,6.000000,0.000000,0.000000,0.000000,0.000000,0.000000,1.000000,6.000000,0.000000,0.000000,0.000000,0.000000,0.000000,1.000000,6.000000,0.000000,0.000000,0.000000,0.000000,0.000000,1.000000,6.710000,0.710000,0.000000,0.000000,0.000000,0.000000,1.000000,6.000000,0.000000,0.000000,0.000000,0.000000,0.000000,Moderate,8,5,PULL+PUSH+POLARITY_FLIP+WALLS+OCCLUSION+CANCELLATION+MULTIPLE_MAGNETS+ORDER_DEPENDENCY,PULL+PUSH+OCCLUSION+MULTIPLE_MAGNETS+CANCELLATION,Every successful choice remains solvable and winning orders are mostly interchangeable,d0:A+B+C+E+F;d1:B+C+E+F;d2:C+E+F;d3:E+F
110,campaign-110,Crossfield 110,4,4,7,2,2,78,98,ACCEPT,133,5,3,1.000000,0.250000,0.090900,7,2240,6,0.997321,23,5,23,0,21,5,0,0,21,412,52,412,0,0.000000,107,0,294,430,498,0.863454,0,21,No meaningful ordering,6,4,2,2,1,0.333333,0,2,1,380,52,1,1,1,1,0,1,0,32,0,0,0,0,1.000000,7.000000,0.000000,0.000000,0.000000,0.000000,0.000000,1.000000,7.000000,0.000000,0.000000,0.000000,0.000000,0.000000,1.000000,7.000000,0.000000,0.000000,0.000000,0.000000,0.000000,1.000000,7.863575,0.863575,0.000000,0.000000,0.000000,0.000000,1.000000,7.000000,0.000000,0.000000,0.000000,0.000000,0.000000,Moderate,7,6,PULL+PUSH+POLARITY_FLIP+WALLS+OCCLUSION+MULTIPLE_MAGNETS+ORDER_DEPENDENCY,PULL+PUSH+POLARITY_FLIP+WALLS+OCCLUSION+MULTIPLE_MAGNETS,Every successful choice remains solvable and winning orders are mostly interchangeable,d0:A+B+C+D+F+G;d1:B+C+D+E+F+G;d2:D+E+F+G;d3:E+F+G;d4:F+G
111,campaign-111,Relay 111,4,4,5,2,1,76,96,ACCEPT,57,4,2,1.000000,0.312500,0.125000,5,60,2,0.966667,12,3,12,0,6,3,0,4,11,56,8,56,0,0.000000,13,0,16,39,43,0.906977,1,9,Weak ordering,2,0,0,0,0,0.000000,0,2,0,32,0,0,1,0,0,0,0,0,16,16,16,0,1,1.000000,5.000000,0.000000,0.000000,0.000000,0.000000,0.000000,1.000000,5.000000,0.000000,0.000000,0.000000,0.000000,0.000000,1.000000,5.000000,0.000000,0.000000,0.000000,0.000000,0.000000,1.000000,5.679167,0.679167,0.000000,0.000000,0.000000,0.000000,1.000000,5.000000,0.000000,0.000000,0.000000,0.000000,0.000000,Moderate,8,5,PULL+PUSH+POLARITY_FLIP+WALLS+OCCLUSION+CANCELLATION+MULTIPLE_MAGNETS+ORDER_DEPENDENCY,PULL+PUSH+OCCLUSION+MULTIPLE_MAGNETS+CANCELLATION,Every successful choice remains solvable and winning orders are mostly interchangeable,d0:B+C+D+E;d1:C+D+E;d2:D+E;d3:A+E
112,campaign-112,Occlusion 112,3,3,4,1,1,62,88,REVIEW,2,2,4,1.000000,0.333300,0.000000,4,4,2,0.500000,7,3,6,1,6,3,1,0,2,13,4,11,2,0.153846,5,2,10,2,3,0.666667,1,5,Strong ordering,4,3,1,1,1,0.250000,0,1,1,13,2,1,0,1,1,0,1,0,3,0,0,0,0,0.500000,3.000000,0.500000,1.000000,0.500000,0.500000,1.000000,0.000000,2.000000,1.000000,NOT_SOLVABLE,1.000000,1.000000,1.000000,0.500000,3.000000,0.500000,1.000000,0.500000,0.500000,1.000000,0.500000,5.000000,2.500000,1.000000,0.500000,0.500000,1.000000,0.500000,3.000000,0.500000,1.000000,0.500000,0.500000,1.000000,Moderate,6,6,PULL+PUSH+POLARITY_FLIP+WALLS+OCCLUSION+ORDER_DEPENDENCY,PULL+PUSH+POLARITY_FLIP+WALLS+OCCLUSION+ORDER_DEPENDENCY,Consequences exist but are sparse and shallow,d2:A+C
113,campaign-113,Polarity 113,4,4,6,2,0,76,97,ACCEPT,40,5,2,1.000000,0.375000,0.000000,6,360,1,0.997222,20,1,20,0,10,3,0,7,19,128,16,128,0,0.000000,23,0,40,136,136,1.000000,1,14,Weak ordering,3,1,0,0,0,0.000000,0,2,0,72,0,0,0,0,0,0,0,0,16,56,56,0,2,1.000000,6.000000,0.000000,0.000000,0.000000,0.000000,0.000000,1.000000,6.000000,0.000000,0.000000,0.000000,0.000000,0.000000,1.000000,6.000000,0.000000,0.000000,0.000000,0.000000,0.000000,1.000000,6.710000,0.710000,0.000000,0.000000,0.000000,0.000000,1.000000,6.000000,0.000000,0.000000,0.000000,0.000000,0.000000,Moderate,7,5,PULL+PUSH+POLARITY_FLIP+OCCLUSION+CANCELLATION+MULTIPLE_MAGNETS+ORDER_DEPENDENCY,PULL+PUSH+OCCLUSION+MULTIPLE_MAGNETS+CANCELLATION,Every successful choice remains solvable and winning orders are mostly interchangeable,d0:B+C+D+E+F;d1:A+C+D+E+F;d2:C+D+E+F;d3:D+E+F;d4:E+F
114,campaign-114,Vector 114,4,4,6,2,0,76,97,ACCEPT,114,5,2,1.000000,0.375000,0.000000,6,720,2,0.997222,21,0,21,0,16,4,0,3,20,224,0,224,0,0.000000,50,0,116,248,264,0.939394,0,15,No meaningful ordering,4,2,0,0,0,0.000000,1,1,0,176,0,0,0,0,0,0,0,0,16,32,32,0,1,1.000000,6.000000,0.000000,0.000000,0.000000,0.000000,0.000000,1.000000,6.000000,0.000000,0.000000,0.000000,0.000000,0.000000,1.000000,6.000000,0.000000,0.000000,0.000000,0.000000,0.000000,1.000000,6.000000,0.000000,0.000000,0.000000,0.000000,0.000000,1.000000,6.000000,0.000000,0.000000,0.000000,0.000000,0.000000,Moderate,6,5,PULL+PUSH+POLARITY_FLIP+OCCLUSION+CANCELLATION+MULTIPLE_MAGNETS,PULL+PUSH+OCCLUSION+MULTIPLE_MAGNETS+CANCELLATION,Every successful choice remains solvable and winning orders are mostly interchangeable,d0:A+B+C+D+E+F;d1:B+C+D+E+F;d2:C+D+E+F;d3:D+E+F;d4:E+F
115,campaign-115,Cadence 115,4,4,6,1,1,79,94,ACCEPT,24,4,6,1.000000,0.375000,0.125000,6,82,12,0.853659,14,7,13,1,13,5,1,0,8,93,30,90,3,0.032258,31,3,80,42,64,0.656250,1,14,Moderate ordering,6,5,3,3,3,0.500000,0,1,1,83,14,1,1,0,0,0,0,0,27,0,0,0,0,1.000000,6.000000,0.000000,0.000000,0.000000,0.000000,0.000000,0.000000,4.000000,1.000000,NOT_SOLVABLE,1.000000,1.000000,1.000000,0.916667,5.833333,0.083333,0.090909,0.083333,0.083333,0.166667,0.916667,8.401852,2.651852,0.090909,0.083333,0.083333,0.166667,0.916667,5.833333,0.083333,0.090909,0.083333,0.083333,0.333333,Moderate,6,5,PULL+PUSH+POLARITY_FLIP+WALLS+OCCLUSION+ORDER_DEPENDENCY,PULL+PUSH+POLARITY_FLIP+OCCLUSION+ORDER_DEPENDENCY,Random successful play almost always solves without backtracking,d0:C+D+E;d1:D+E+F;d4:A+E
116,campaign-116,Alignment 116,4,4,6,2,0,77,97,ACCEPT,157,5,2,1.000000,0.375000,0.000000,6,210,2,0.990476,17,4,17,0,7,3,0,7,16,100,20,100,0,0.000000,22,0,36,83,87,0.954023,1,14,Weak ordering,2,0,0,0,0,0.000000,0,2,0,46,0,0,0,0,0,0,0,0,28,46,46,0,2,1.000000,6.000000,0.000000,0.000000,0.000000,0.000000,0.000000,1.000000,6.000000,0.000000,0.000000,0.000000,0.000000,0.000000,1.000000,6.000000,0.000000,0.000000,0.000000,0.000000,0.000000,1.000000,7.269097,1.269097,0.000000,0.000000,0.000000,0.000000,1.000000,6.000000,0.000000,0.000000,0.000000,0.000000,0.000000,Moderate,7,5,PULL+PUSH+POLARITY_FLIP+OCCLUSION+CANCELLATION+MULTIPLE_MAGNETS+ORDER_DEPENDENCY,PULL+PUSH+OCCLUSION+MULTIPLE_MAGNETS+CANCELLATION,Every successful choice remains solvable and winning orders are mostly interchangeable,d0:A+D+E+F;d1:B+D+E+F;d2:D+E+F;d3:C+E+F;d4:E+F
117,campaign-117,Reversal 117,4,4,6,2,1,77,97,ACCEPT,22,5,3,1.000000,0.375000,0.000000,6,120,1,0.991667,15,6,15,0,12,4,0,1,14,72,24,72,0,0.000000,22,0,52,60,60,1.000000,3,12,Weak ordering,6,4,1,1,1,0.166667,0,2,1,72,8,1,0,1,1,0,1,0,16,0,0,0,0,1.000000,6.000000,0.000000,0.000000,0.000000,0.000000,0.000000,1.000000,6.000000,0.000000,0.000000,0.000000,0.000000,0.000000,1.000000,6.000000,0.000000,0.000000,0.000000,0.000000,0.000000,1.000000,7.958681,1.958681,0.000000,0.000000,0.000000,0.000000,1.000000,6.000000,0.000000,0.000000,0.000000,0.000000,0.000000,Moderate,7,6,PULL+PUSH+POLARITY_FLIP+WALLS+OCCLUSION+MULTIPLE_MAGNETS+ORDER_DEPENDENCY,PULL+PUSH+POLARITY_FLIP+WALLS+OCCLUSION+MULTIPLE_MAGNETS,Every successful choice remains solvable and winning orders are mostly interchangeable,d0:A+C+D+F;d1:C+D+F;d2:D+E+F;d3:E+F;d4:B+F
118,campaign-118,Crossfield 118,3,3,4,1,1,65,84,REVIEW,8,3,3,1.000000,0.333300,0.166700,4,18,5,0.722222,9,1,9,0,5,2,0,2,8,34,4,34,0,0.000000,8,0,20,10,19,0.526316,0,6,No meaningful ordering,3,2,1,1,1,0.333333,0,1,0,24,4,1,1,0,0,0,0,0,10,0,0,0,0,1.000000,4.000000,0.000000,0.000000,0.000000,0.000000,0.000000,1.000000,4.000000,0.000000,0.000000,0.000000,0.000000,0.000000,1.000000,4.000000,0.000000,0.000000,0.000000,0.000000,0.000000,1.000000,4.250000,0.250000,0.000000,0.000000,0.000000,0.000000,1.000000,4.000000,0.000000,0.000000,0.000000,0.000000,0.000000,Easy,5,4,PULL+PUSH+POLARITY_FLIP+WALLS+OCCLUSION,PULL+PUSH+POLARITY_FLIP+OCCLUSION,No successful choice creates an unsolvable future state,d0:A+B+C+D;d1:C+D;d2:B+D
119,campaign-119,Relay 119,4,4,6,2,1,77,97,ACCEPT,12,4,3,1.000000,0.375000,0.000000,6,480,2,0.995833,17,4,17,0,15,4,0,0,15,176,16,176,0,0.000000,46,0,128,184,200,0.920000,0,15,No meaningful ordering,6,4,2,2,1,0.333333,0,2,0,176,16,1,0,1,1,0,1,0,0,0,0,0,0,1.000000,6.000000,0.000000,0.000000,0.000000,0.000000,0.000000,1.000000,6.000000,0.000000,0.000000,0.000000,0.000000,0.000000,1.000000,6.000000,0.000000,0.000000,0.000000,0.000000,0.000000,1.000000,6.429167,0.429167,0.000000,0.000000,0.000000,0.000000,1.000000,6.000000,0.000000,0.000000,0.000000,0.000000,0.000000,Moderate,6,5,PULL+PUSH+POLARITY_FLIP+WALLS+OCCLUSION+MULTIPLE_MAGNETS,PULL+PUSH+POLARITY_FLIP+WALLS+MULTIPLE_MAGNETS,Every successful choice remains solvable and winning orders are mostly interchangeable,d0:A+B+C+D+E+F;d1:B+C+E+F;d2:C+E+F;d3:E+F
120,campaign-120,Occlusion 120,4,4,7,2,2,81,96,ACCEPT,23,6,4,1.000000,0.312500,0.090900,7,1120,4,0.996429,22,6,22,0,19,5,0,1,21,264,72,264,0,0.000000,75,0,204,260,300,0.866667,1,20,Weak ordering,7,5,2,2,1,0.285714,0,2,1,264,40,1,1,1,1,0,1,0,32,0,0,0,0,1.000000,7.000000,0.000000,0.000000,0.000000,0.000000,0.000000,1.000000,7.000000,0.000000,0.000000,0.000000,0.000000,0.000000,1.000000,7.000000,0.000000,0.000000,0.000000,0.000000,0.000000,1.000000,8.964466,1.964466,0.000000,0.000000,0.000000,0.000000,1.000000,7.000000,0.000000,0.000000,0.000000,0.000000,0.000000,Moderate,7,6,PULL+PUSH+POLARITY_FLIP+WALLS+OCCLUSION+MULTIPLE_MAGNETS+ORDER_DEPENDENCY,PULL+PUSH+POLARITY_FLIP+WALLS+OCCLUSION+MULTIPLE_MAGNETS,Every successful choice remains solvable and winning orders are mostly interchangeable,d0:A+B+D+E+F+G;d1:D+E+F+G;d2:C+E+F+G;d3:E+F+G;d4:F+G;d5:B+G
121,campaign-121,Polarity 121,4,4,5,2,2,77,94,ACCEPT,16,4,3,1.000000,0.375000,0.111100,5,60,1,0.983333,12,3,12,0,9,3,0,1,11,52,8,52,0,0.000000,15,0,35,42,42,1.000000,1,9,Weak ordering,5,3,0,0,0,0.000000,0,2,1,52,0,0,1,1,1,0,1,0,8,0,0,0,0,1.000000,5.000000,0.000000,0.000000,0.000000,0.000000,0.000000,1.000000,5.000000,0.000000,0.000000,0.000000,0.000000,0.000000,1.000000,5.000000,0.000000,0.000000,0.000000,0.000000,0.000000,1.000000,5.679167,0.679167,0.000000,0.000000,0.000000,0.000000,1.000000,5.000000,0.000000,0.000000,0.000000,0.000000,0.000000,Moderate,7,5,PULL+PUSH+POLARITY_FLIP+WALLS+OCCLUSION+MULTIPLE_MAGNETS+ORDER_DEPENDENCY,PULL+PUSH+WALLS+OCCLUSION+MULTIPLE_MAGNETS,Every successful choice remains solvable and winning orders are mostly interchangeable,d0:A+B+C+D;d1:B+C+D;d2:C+D;d3:D+E
122,campaign-122,Vector 122,4,4,5,2,2,77,94,ACCEPT,38,4,3,1.000000,0.375000,0.111100,5,60,2,0.966667,14,1,14,0,7,2,0,4,13,64,8,64,0,0.000000,12,0,26,44,50,0.880000,0,10,No meaningful ordering,4,2,0,0,0,0.000000,1,1,0,48,4,0,2,1,0,1,0,0,8,0,0,0,0,1.000000,5.000000,0.000000,0.000000,0.000000,0.000000,0.000000,1.000000,5.000000,0.000000,0.000000,0.000000,0.000000,0.000000,1.000000,5.000000,0.000000,0.000000,0.000000,0.000000,0.000000,1.000000,5.875347,0.875347,0.000000,0.000000,0.000000,0.000000,1.000000,5.000000,0.000000,0.000000,0.000000,0.000000,0.000000,Easy,7,4,PULL+PUSH+POLARITY_FLIP+WALLS+OCCLUSION+MULTIPLE_MAGNETS+ORDER_DEPENDENCY,PULL+PUSH+OCCLUSION+MULTIPLE_MAGNETS,Every successful choice remains solvable and winning orders are mostly interchangeable,d0:A+C+D+E;d1:B+C+D+E;d2:C+D+E;d3:D+E
123,campaign-123,Cadence 123,4,4,5,2,1,77,94,ACCEPT,55,4,3,1.000000,0.375000,0.125000,5,80,2,0.975000,14,1,14,0,12,4,0,1,13,68,4,68,0,0.000000,16,0,36,52,56,0.928571,0,10,No meaningful ordering,4,2,0,0,0,0.000000,0,2,1,60,4,0,1,0,0,0,0,0,8,0,0,0,0,1.000000,5.000000,0.000000,0.000000,0.000000,0.000000,0.000000,1.000000,5.000000,0.000000,0.000000,0.000000,0.000000,0.000000,1.000000,5.000000,0.000000,0.000000,0.000000,0.000000,0.000000,1.000000,5.380556,0.380556,0.000000,0.000000,0.000000,0.000000,1.000000,5.000000,0.000000,0.000000,0.000000,0.000000,0.000000,Moderate,7,4,PULL+PUSH+POLARITY_FLIP+WALLS+OCCLUSION+MULTIPLE_MAGNETS+ORDER_DEPENDENCY,PULL+PUSH+OCCLUSION+MULTIPLE_MAGNETS,Every successful choice remains solvable and winning orders are mostly interchangeable,d0:A+C+D+E;d1:B+C+D+E;d2:C+D+E;d3:D+E
124,campaign-124,Alignment 124,3,3,4,1,0,65,90,REVIEW,15,2,2,1.000000,0.222200,0.000000,4,18,5,0.722222,10,0,10,0,8,3,0,1,8,34,4,34,0,0.000000,8,0,20,10,19,0.526316,0,6,No meaningful ordering,2,1,0,0,0,0.000000,0,1,0,24,4,0,0,0,0,0,0,0,10,0,0,0,0,1.000000,4.000000,0.000000,0.000000,0.000000,0.000000,0.000000,1.000000,4.000000,0.000000,0.000000,0.000000,0.000000,0.000000,1.000000,4.000000,0.000000,0.000000,0.000000,0.000000,0.000000,1.000000,4.250000,0.250000,0.000000,0.000000,0.000000,0.000000,1.000000,4.000000,0.000000,0.000000,0.000000,0.000000,0.000000,Moderate,4,3,PULL+PUSH+POLARITY_FLIP+OCCLUSION,PULL+PUSH+OCCLUSION,No successful choice creates an unsolvable future state,d0:A+B+C+D;d1:B+D;d2:C+D
125,campaign-125,Reversal 125,4,4,7,2,1,82,96,ACCEPT,163,5,4,1.000000,0.312500,0.100000,7,1400,4,0.997143,21,7,21,0,18,5,0,1,20,324,72,324,0,0.000000,89,0,234,322,366,0.879781,1,20,Weak ordering,6,4,2,2,2,0.333333,0,2,1,300,32,1,1,0,0,0,0,0,64,0,0,0,0,1.000000,7.000000,0.000000,0.000000,0.000000,0.000000,0.000000,1.000000,7.000000,0.000000,0.000000,0.000000,0.000000,0.000000,1.000000,7.000000,0.000000,0.000000,0.000000,0.000000,0.000000,1.000000,8.743627,1.743627,0.000000,0.000000,0.000000,0.000000,1.000000,7.000000,0.000000,0.000000,0.000000,0.000000,0.000000,Moderate,7,5,PULL+PUSH+POLARITY_FLIP+WALLS+OCCLUSION+MULTIPLE_MAGNETS+ORDER_DEPENDENCY,PULL+PUSH+POLARITY_FLIP+OCCLUSION+MULTIPLE_MAGNETS,Every successful choice remains solvable and winning orders are mostly interchangeable,d0:A+B+C+E+F+G;d1:B+C+E+G;d2:C+E+G;d3:E+F+G;d4:F+G;d5:D+G
126,campaign-126,Crossfield 126,4,4,6,2,2,77,94,ACCEPT,47,4,3,1.000000,0.375000,0.100000,6,400,4,0.990000,19,2,19,0,17,4,0,0,16,196,28,196,0,0.000000,51,0,126,164,200,0.820000,0,15,No meaningful ordering,5,3,3,3,2,0.600000,0,2,0,180,28,2,1,1,1,0,1,0,16,0,0,0,0,1.000000,6.000000,0.000000,0.000000,0.000000,0.000000,0.000000,1.000000,6.000000,0.000000,0.000000,0.000000,0.000000,0.000000,1.000000,6.000000,0.000000,0.000000,0.000000,0.000000,0.000000,1.000000,6.641667,0.641667,0.000000,0.000000,0.000000,0.000000,1.000000,6.000000,0.000000,0.000000,0.000000,0.000000,0.000000,Moderate,6,6,PULL+PUSH+POLARITY_FLIP+WALLS+OCCLUSION+MULTIPLE_MAGNETS,PULL+PUSH+POLARITY_FLIP+WALLS+OCCLUSION+MULTIPLE_MAGNETS,Every successful choice remains solvable and winning orders are mostly interchangeable,d0:A+B+C+D+E+F;d1:C+D+E+F;d2:B+D+E+F;d3:D+E
127,campaign-127,Relay 127,4,4,6,1,1,78,94,ACCEPT,58,4,4,1.000000,0.375000,0.125000,6,460,19,0.958696,17,4,17,0,14,4,0,1,14,228,20,228,0,0.000000,69,0,196,177,227,0.779736,0,15,No meaningful ordering,4,3,3,3,3,0.750000,0,1,0,188,20,1,1,0,0,0,0,0,40,0,0,0,0,1.000000,6.000000,0.000000,0.000000,0.000000,0.000000,0.000000,1.000000,6.000000,0.000000,0.000000,0.000000,0.000000,0.000000,1.000000,6.000000,0.000000,0.000000,0.000000,0.000000,0.000000,1.000000,6.455247,0.455247,0.000000,0.000000,0.000000,0.000000,1.000000,6.000000,0.000000,0.000000,0.000000,0.000000,0.000000,Moderate,5,4,PULL+PUSH+POLARITY_FLIP+WALLS+OCCLUSION,PULL+PUSH+POLARITY_FLIP+OCCLUSION,Every successful choice remains solvable and winning orders are mostly interchangeable,d0:A+B+C+D+E+F;d1:C+D+F;d2:B+D+F;d3:D+F
128,campaign-128,Occlusion 128,4,4,6,1,1,78,96,ACCEPT,92,4,5,1.000000,0.312500,0.125000,6,328,17,0.948171,18,3,18,0,17,5,0,0,17,186,18,186,0,0.000000,57,0,156,129,171,0.754386,0,15,No meaningful ordering,4,3,0,0,0,0.000000,0,1,1,150,18,0,1,0,0,0,0,0,36,0,0,0,0,1.000000,6.000000,0.000000,0.000000,0.000000,0.000000,0.000000,1.000000,6.000000,0.000000,0.000000,0.000000,0.000000,0.000000,1.000000,6.000000,0.000000,0.000000,0.000000,0.000000,0.000000,1.000000,6.768056,0.768056,0.000000,0.000000,0.000000,0.000000,1.000000,6.000000,0.000000,0.000000,0.000000,0.000000,0.000000,Moderate,6,3,PULL+PUSH+POLARITY_FLIP+WALLS+OCCLUSION+ORDER_DEPENDENCY,PULL+PUSH+OCCLUSION,Every successful choice remains solvable and winning orders are mostly interchangeable,d0:A+B+E+F;d1:B+C+E+F;d2:C+D+E+F;d3:D+E+F;d4:E+F
129,campaign-129,Polarity 129,4,4,6,2,2,78,96,ACCEPT,60,4,3,1.000000,0.312500,0.100000,6,720,1,0.998611,21,0,21,0,17,4,0,2,20,192,0,192,0,0.000000,40,0,104,240,240,1.000000,0,15,No meaningful ordering,5,3,0,0,0,0.000000,1,1,0,160,0,0,2,1,0,1,0,0,0,0,0,0,0,1.000000,6.000000,0.000000,0.000000,0.000000,0.000000,0.000000,1.000000,6.000000,0.000000,0.000000,0.000000,0.000000,0.000000,1.000000,6.000000,0.000000,0.000000,0.000000,0.000000,0.000000,1.000000,6.000000,0.000000,0.000000,0.000000,0.000000,0.000000,1.000000,6.000000,0.000000,0.000000,0.000000,0.000000,0.000000,Moderate,6,4,PULL+PUSH+POLARITY_FLIP+WALLS+OCCLUSION+MULTIPLE_MAGNETS,PULL+PUSH+OCCLUSION+MULTIPLE_MAGNETS,Every successful choice remains solvable and winning orders are mostly interchangeable,d0:A+B+C+D+E+F;d1:B+C+D+E+F;d2:C+D+E+F;d3:D+E+F;d4:E+F
130,campaign-130,Vector 130,4,4,7,2,0,84,98,ACCEPT,89,6,5,1.000000,0.312500,0.000000,7,504,5,0.990079,21,7,21,0,20,6,0,0,19,204,48,201,3,0.014706,54,3,137,157,186,0.844086,0,21,Moderate ordering,6,4,1,1,1,0.166667,0,2,0,190,22,1,0,0,0,0,0,0,42,0,0,0,0,0.750000,6.000000,0.250000,0.333333,0.250000,0.250000,0.500000,1.000000,7.000000,0.000000,0.000000,0.000000,0.000000,0.000000,0.750000,6.000000,0.250000,0.333333,0.250000,0.250000,0.500000,0.750000,9.585012,3.835012,0.333333,0.250000,0.250000,0.500000,0.750000,6.000000,0.250000,0.333333,0.250000,0.250000,0.500000,Moderate,6,6,PULL+PUSH+POLARITY_FLIP+OCCLUSION+MULTIPLE_MAGNETS+ORDER_DEPENDENCY,PULL+PUSH+POLARITY_FLIP+OCCLUSION+MULTIPLE_MAGNETS+ORDER_DEPENDENCY,Most viable choices commute safely,d0:A+D+F+G;d1:B+D+F+G;d2:D+E+F+G;d3:E+F+G;d4:C+F;d5:F+G
131,campaign-131,Cadence 131,3,3,4,1,1,62,84,REVIEW,2,2,4,1.000000,0.333300,0.166700,4,4,2,0.500000,7,3,6,1,6,3,1,0,2,13,4,11,2,0.153846,5,2,10,2,3,0.666667,1,5,Strong ordering,4,3,1,1,1,0.250000,0,1,0,13,2,1,1,0,0,0,0,0,3,0,0,0,0,0.500000,3.000000,0.500000,1.000000,0.500000,0.500000,1.000000,0.000000,2.000000,1.000000,NOT_SOLVABLE,1.000000,1.000000,1.000000,0.500000,3.000000,0.500000,1.000000,0.500000,0.500000,1.000000,0.500000,5.000000,2.500000,1.000000,0.500000,0.500000,1.000000,0.500000,3.000000,0.500000,1.000000,0.500000,0.500000,1.000000,Moderate,6,5,PULL+PUSH+POLARITY_FLIP+WALLS+OCCLUSION+ORDER_DEPENDENCY,PULL+PUSH+POLARITY_FLIP+OCCLUSION+ORDER_DEPENDENCY,Consequences exist but are sparse and shallow,d2:B+C
132,campaign-132,Alignment 132,4,4,5,1,2,78,94,ACCEPT,6,4,5,1.000000,0.375000,0.125000,5,36,4,0.888889,11,4,10,1,10,4,1,0,5,48,10,45,3,0.062500,18,3,44,27,33,0.818182,1,9,Moderate ordering,5,4,2,2,2,0.400000,0,1,1,48,4,1,1,1,1,0,1,0,7,0,0,0,0,0.833333,4.666667,0.166667,0.200000,0.166667,0.166667,0.666667,0.000000,3.000000,1.000000,NOT_SOLVABLE,1.000000,1.000000,1.000000,0.625000,4.250000,0.375000,0.600000,0.375000,0.375000,0.750000,0.625000,5.950000,2.075000,0.600000,0.375000,0.375000,0.750000,0.833333,4.666667,0.166667,0.200000,0.166667,0.166667,0.666667,Moderate,6,6,PULL+PUSH+POLARITY_FLIP+WALLS+OCCLUSION+ORDER_DEPENDENCY,PULL+PUSH+POLARITY_FLIP+WALLS+OCCLUSION+ORDER_DEPENDENCY,Most viable choices commute safely,d0:A+B+C;d3:C+E
133,campaign-133,Reversal 133,4,4,6,2,1,78,97,ACCEPT,30,5,3,1.000000,0.375000,0.000000,6,120,1,0.991667,17,4,17,0,16,5,0,0,16,72,24,72,0,0.000000,22,0,54,60,60,1.000000,3,12,Weak ordering,6,4,1,1,1,0.166667,0,2,1,72,8,1,0,1,1,0,1,0,16,0,0,0,0,1.000000,6.000000,0.000000,0.000000,0.000000,0.000000,0.000000,1.000000,6.000000,0.000000,0.000000,0.000000,0.000000,0.000000,1.000000,6.000000,0.000000,0.000000,0.000000,0.000000,0.000000,1.000000,7.958681,1.958681,0.000000,0.000000,0.000000,0.000000,1.000000,6.000000,0.000000,0.000000,0.000000,0.000000,0.000000,Moderate,7,6,PULL+PUSH+POLARITY_FLIP+WALLS+OCCLUSION+MULTIPLE_MAGNETS+ORDER_DEPENDENCY,PULL+PUSH+POLARITY_FLIP+WALLS+OCCLUSION+MULTIPLE_MAGNETS,Every successful choice remains solvable and winning orders are mostly interchangeable,d0:B+C+E+F;d1:C+D+E+F;d2:D+E+F;d3:A+E+F;d4:E+F
134,campaign-134,Crossfield 134,4,4,6,2,0,78,97,ACCEPT,47,5,3,1.000000,0.375000,0.000000,6,240,2,0.991667,17,4,17,0,12,4,0,3,16,112,16,112,0,0.000000,29,0,74,96,100,0.960000,0,15,No meaningful ordering,5,3,0,0,0,0.000000,0,2,0,104,8,0,0,0,0,0,0,0,16,0,0,0,0,1.000000,6.000000,0.000000,0.000000,0.000000,0.000000,0.000000,1.000000,6.000000,0.000000,0.000000,0.000000,0.000000,0.000000,1.000000,6.000000,0.000000,0.000000,0.000000,0.000000,0.000000,1.000000,7.127315,1.127315,0.000000,0.000000,0.000000,0.000000,1.000000,6.000000,0.000000,0.000000,0.000000,0.000000,0.000000,Moderate,6,4,PULL+PUSH+POLARITY_FLIP+OCCLUSION+MULTIPLE_MAGNETS+ORDER_DEPENDENCY,PULL+PUSH+OCCLUSION+MULTIPLE_MAGNETS,Every successful choice remains solvable and winning orders are mostly interchangeable,d0:A+B+D+E;d1:B+C+D+E;d2:C+D+E;d3:D+E+F;d4:E+F
135,campaign-135,Relay 135,4,4,6,2,2,86,98,ACCEPT,24,5,4,1.000000,0.250000,0.100000,6,72,4,0.944444,15,6,14,1,9,3,1,3,13,70,24,64,6,0.085714,16,6,34,36,44,0.818182,1,14,Moderate ordering,4,3,3,3,3,0.750000,1,1,1,42,24,1,0,2,2,2,2,0,0,0,0,0,0,0.666667,5.333333,0.333333,0.500000,0.333333,0.333333,1.500000,1.000000,6.000000,0.000000,0.000000,0.000000,0.000000,1.000000,0.666667,5.333333,0.333333,0.500000,0.333333,0.333333,1.291667,0.666667,8.179630,3.179630,0.500000,0.333333,0.333333,1.291667,0.666667,5.333333,0.333333,0.500000,0.333333,0.333333,1.666667,Moderate,7,6,PULL+PUSH+POLARITY_FLIP+WALLS+OCCLUSION+MULTIPLE_MAGNETS+ORDER_DEPENDENCY,PULL+PUSH+POLARITY_FLIP+WALLS+OCCLUSION+ORDER_DEPENDENCY,Most viable choices commute safely,d0:A+C+F;d1:B+D+F;d2:C+F;d3:D+E+F;d4:E+F
136,campaign-136,Occlusion 136,4,4,6,1,1,78,94,ACCEPT,92,5,5,1.000000,0.375000,0.125000,6,328,17,0.948171,17,4,17,0,14,4,0,1,13,186,18,186,0,0.000000,57,0,156,129,171,0.754386,0,15,No meaningful ordering,5,4,3,3,3,0.600000,0,1,1,150,18,1,1,0,0,0,0,0,36,0,0,0,0,1.000000,6.000000,0.000000,0.000000,0.000000,0.000000,0.000000,1.000000,6.000000,0.000000,0.000000,0.000000,0.000000,0.000000,1.000000,6.000000,0.000000,0.000000,0.000000,0.000000,0.000000,1.000000,6.768056,0.768056,0.000000,0.000000,0.000000,0.000000,1.000000,6.000000,0.000000,0.000000,0.000000,0.000000,0.000000,Moderate,6,4,PULL+PUSH+POLARITY_FLIP+WALLS+OCCLUSION+ORDER_DEPENDENCY,PULL+PUSH+POLARITY_FLIP+OCCLUSION,Every successful choice remains solvable and winning orders are mostly interchangeable,d0:A+B+C+F;d1:B+C+D+F;d2:C+D+F;d3:D+F
137,campaign-137,Polarity 137,3,3,4,1,0,61,88,REVIEW,7,2,3,1.000000,0.333300,0.000000,4,20,3,0.850000,10,0,10,0,9,3,0,0,8,34,2,34,0,0.000000,10,0,26,17,21,0.809524,0,6,No meaningful ordering,3,2,0,0,0,0.000000,0,1,0,30,2,0,0,0,0,0,0,0,4,0,0,0,0,1.000000,4.000000,0.000000,0.000000,0.000000,0.000000,0.000000,1.000000,4.000000,0.000000,0.000000,0.000000,0.000000,0.000000,1.000000,4.000000,0.000000,0.000000,0.000000,0.000000,0.000000,1.000000,4.166667,0.166667,0.000000,0.000000,0.000000,0.000000,1.000000,4.000000,0.000000,0.000000,0.000000,0.000000,0.000000,Moderate,4,3,PULL+PUSH+POLARITY_FLIP+OCCLUSION,PULL+PUSH+OCCLUSION,Every successful choice remains solvable and winning orders are mostly interchangeable,d0:A+C+D;d1:B+C+D;d2:C+D
138,campaign-138,Vector 138,4,4,6,1,1,78,94,ACCEPT,92,4,5,1.000000,0.375000,0.125000,6,328,17,0.948171,17,4,17,0,14,4,0,1,14,186,18,186,0,0.000000,57,0,156,129,171,0.754386,0,15,No meaningful ordering,5,4,4,4,4,0.800000,0,1,1,150,18,1,1,0,0,0,0,0,36,0,0,0,0,1.000000,6.000000,0.000000,0.000000,0.000000,0.000000,0.000000,1.000000,6.000000,0.000000,0.000000,0.000000,0.000000,0.000000,1.000000,6.000000,0.000000,0.000000,0.000000,0.000000,0.000000,1.000000,6.768056,0.768056,0.000000,0.000000,0.000000,0.000000,1.000000,6.000000,0.000000,0.000000,0.000000,0.000000,0.000000,Moderate,6,4,PULL+PUSH+POLARITY_FLIP+WALLS+OCCLUSION+ORDER_DEPENDENCY,PULL+PUSH+POLARITY_FLIP+OCCLUSION,Every successful choice remains solvable and winning orders are mostly interchangeable,d0:B+C+D+F;d1:A+C+D+E+F;d2:C+D+F;d3:D+F
139,campaign-139,Cadence 139,4,4,5,2,1,78,94,ACCEPT,28,4,3,1.000000,0.375000,0.125000,5,120,1,0.991667,15,0,15,0,14,4,0,0,14,80,0,80,0,0.000000,20,0,52,80,80,1.000000,0,10,No meaningful ordering,5,3,0,0,0,0.000000,1,1,0,80,0,0,1,0,0,0,0,0,0,0,0,0,0,1.000000,5.000000,0.000000,0.000000,0.000000,0.000000,0.000000,1.000000,5.000000,0.000000,0.000000,0.000000,0.000000,0.000000,1.000000,5.000000,0.000000,0.000000,0.000000,0.000000,0.000000,1.000000,5.000000,0.000000,0.000000,0.000000,0.000000,0.000000,1.000000,5.000000,0.000000,0.000000,0.000000,0.000000,0.000000,Moderate,6,3,PULL+PUSH+POLARITY_FLIP+WALLS+OCCLUSION+MULTIPLE_MAGNETS,PULL+PUSH+MULTIPLE_MAGNETS,Every successful choice remains solvable and winning orders are mostly interchangeable,d0:A+B+C+D+E;d1:B+C+D+E;d2:C+D+E;d3:D+E
140,campaign-140,Alignment 140,4,4,6,2,2,88,94,ACCEPT,15,4,4,1.000000,0.375000,0.100000,6,120,4,0.966667,20,1,17,3,10,3,2,7,16,112,8,88,24,0.214286,28,20,64,58,70,0.828571,0,15,Strong ordering,4,3,2,2,1,0.500000,1,1,1,88,32,1,0,2,2,2,2,0,0,0,0,0,0,0.250000,5.250000,0.750000,3.000000,0.750000,0.750000,3.500000,0.000000,5.000000,1.000000,NOT_SOLVABLE,1.000000,1.000000,1.000000,0.250000,5.250000,0.750000,3.000000,0.750000,0.750000,2.077778,0.250000,7.006944,2.506944,3.000000,0.750000,0.750000,2.077778,0.250000,5.250000,0.750000,3.000000,0.750000,0.750000,3.500000,Very Hard,7,6,PULL+PUSH+POLARITY_FLIP+WALLS+OCCLUSION+MULTIPLE_MAGNETS+ORDER_DEPENDENCY,PULL+PUSH+POLARITY_FLIP+WALLS+OCCLUSION+ORDER_DEPENDENCY,Most viable choices commute safely,d0:B+D+E+F;d1:A+C+E+F;d2:D+E+F;d3:C+E+F;d4:E+F
141,campaign-141,Reversal 141,4,4,6,2,1,78,96,ACCEPT,132,4,3,1.000000,0.312500,0.111100,6,480,3,0.993750,18,3,18,0,16,4,0,0,15,188,8,188,0,0.000000,47,0,120,186,202,0.920792,0,15,No meaningful ordering,5,3,2,2,2,0.400000,0,2,0,172,8,1,1,0,0,0,0,0,16,0,0,0,0,1.000000,6.000000,0.000000,0.000000,0.000000,0.000000,0.000000,1.000000,6.000000,0.000000,0.000000,0.000000,0.000000,0.000000,1.000000,6.000000,0.000000,0.000000,0.000000,0.000000,0.000000,1.000000,6.401389,0.401389,0.000000,0.000000,0.000000,0.000000,1.000000,6.000000,0.000000,0.000000,0.000000,0.000000,0.000000,Moderate,7,5,PULL+PUSH+POLARITY_FLIP+WALLS+OCCLUSION+MULTIPLE_MAGNETS+ORDER_DEPENDENCY,PULL+PUSH+POLARITY_FLIP+OCCLUSION+MULTIPLE_MAGNETS,Every successful choice remains solvable and winning orders are mostly interchangeable,d0:A+B+C+D+E;d1:B+C+D+E;d2:C+D+E+F;d3:D+E
142,campaign-142,Crossfield 142,4,4,6,2,2,78,96,ACCEPT,96,5,3,1.000000,0.250000,0.200000,6,720,1,0.998611,21,0,21,0,20,5,0,0,20,192,0,192,0,0.000000,40,0,104,240,240,1.000000,0,15,No meaningful ordering,5,3,0,0,0,0.000000,0,2,0,160,0,0,2,0,0,0,0,0,0,32,32,0,1,1.000000,6.000000,0.000000,0.000000,0.000000,0.000000,0.000000,1.000000,6.000000,0.000000,0.000000,0.000000,0.000000,0.000000,1.000000,6.000000,0.000000,0.000000,0.000000,0.000000,0.000000,1.000000,6.000000,0.000000,0.000000,0.000000,0.000000,0.000000,1.000000,6.000000,0.000000,0.000000,0.000000,0.000000,0.000000,Moderate,6,4,PULL+PUSH+POLARITY_FLIP+WALLS+CANCELLATION+MULTIPLE_MAGNETS,PULL+PUSH+MULTIPLE_MAGNETS+CANCELLATION,Every successful choice remains solvable and winning orders are mostly interchangeable,d0:A+B+C+D+E+F;d1:B+C+D+E+F;d2:C+D+E+F;d3:D+E+F;d4:E+F
143,campaign-143,Relay 143,3,3,4,1,0,62,90,REVIEW,3,2,3,1.000000,0.111100,0.000000,4,8,3,0.625000,7,3,7,0,4,2,0,1,4,16,4,16,0,0.000000,4,0,10,4,6,0.666667,0,6,No meaningful ordering,2,1,1,1,1,0.500000,0,1,0,10,4,1,0,0,0,0,0,0,6,0,0,0,0,1.000000,4.000000,0.000000,0.000000,0.000000,0.000000,0.000000,1.000000,4.000000,0.000000,0.000000,0.000000,0.000000,0.000000,1.000000,4.000000,0.000000,0.000000,0.000000,0.000000,0.000000,1.000000,5.000000,1.000000,0.000000,0.000000,0.000000,0.000000,1.000000,4.000000,0.000000,0.000000,0.000000,0.000000,0.000000,Easy,5,4,PULL+PUSH+POLARITY_FLIP+OCCLUSION+ORDER_DEPENDENCY,PULL+PUSH+POLARITY_FLIP+OCCLUSION,No successful choice creates an unsolvable future state,d0:A+C;d1:B+C
144,campaign-144,Occlusion 144,4,4,6,1,1,79,94,ACCEPT,113,4,4,1.000000,0.375000,0.125000,6,460,19,0.958696,18,3,18,0,14,4,0,2,15,228,20,228,0,0.000000,69,0,196,177,227,0.779736,0,15,No meaningful ordering,4,3,3,3,3,0.750000,0,1,0,188,20,1,1,0,0,0,0,0,40,0,0,0,0,1.000000,6.000000,0.000000,0.000000,0.000000,0.000000,0.000000,1.000000,6.000000,0.000000,0.000000,0.000000,0.000000,0.000000,1.000000,6.000000,0.000000,0.000000,0.000000,0.000000,0.000000,1.000000,6.455247,0.455247,0.000000,0.000000,0.000000,0.000000,1.000000,6.000000,0.000000,0.000000,0.000000,0.000000,0.000000,Moderate,5,4,PULL+PUSH+POLARITY_FLIP+WALLS+OCCLUSION,PULL+PUSH+POLARITY_FLIP+OCCLUSION,Every successful choice remains solvable and winning orders are mostly interchangeable,d0:A+B+C+D+E+F;d1:B+C+F;d2:C+D+E+F;d3:D+F
145,campaign-145,Polarity 145,4,4,6,2,2,88,97,ACCEPT,18,5,4,0.833300,0.375000,0.000000,6,120,4,0.966667,20,1,17,3,10,3,2,7,16,112,8,88,24,0.214286,28,20,64,58,70,0.828571,0,15,Strong ordering,5,3,2,2,1,0.400000,0,2,1,118,32,1,0,2,2,1,2,0,0,0,0,0,0,0.250000,5.250000,0.750000,3.000000,0.750000,0.750000,2.833333,0.000000,5.000000,1.000000,NOT_SOLVABLE,1.000000,1.000000,1.000000,0.250000,5.250000,0.750000,3.000000,0.750000,0.750000,2.077778,0.250000,7.006944,2.506944,3.000000,0.750000,0.750000,2.077778,0.250000,5.250000,0.750000,3.000000,0.750000,0.750000,2.833333,Very Hard,7,7,PULL+PUSH+POLARITY_FLIP+WALLS+OCCLUSION+MULTIPLE_MAGNETS+ORDER_DEPENDENCY,PULL+PUSH+POLARITY_FLIP+WALLS+OCCLUSION+MULTIPLE_MAGNETS+ORDER_DEPENDENCY,Most viable choices commute safely,d0:B+D+E+G;d1:A+C+E+G;d2:D+E+G;d3:C+E+G;d4:E+G
146,campaign-146,Vector 146,4,4,6,1,2,79,94,ACCEPT,24,4,6,1.000000,0.375000,0.111100,6,82,12,0.853659,16,5,16,0,15,5,0,0,13,93,30,90,3,0.032258,31,3,80,42,64,0.656250,1,14,Moderate ordering,6,5,3,3,3,0.500000,0,1,1,83,14,1,2,1,1,0,0,0,27,0,0,0,0,1.000000,6.000000,0.000000,0.000000,0.000000,0.000000,0.000000,1.000000,6.000000,0.000000,0.000000,0.000000,0.000000,0.000000,0.916667,5.833333,0.083333,0.090909,0.083333,0.083333,0.166667,0.916667,8.401852,2.651852,0.090909,0.083333,0.083333,0.166667,0.937500,5.875000,0.062500,0.066667,0.062500,0.062500,0.250000,Moderate,6,5,PULL+PUSH+POLARITY_FLIP+WALLS+OCCLUSION+ORDER_DEPENDENCY,PULL+PUSH+POLARITY_FLIP+OCCLUSION+ORDER_DEPENDENCY,Random successful play almost always solves without backtracking,d0:B+C+E;d1:A+C+E;d2:C+E+F;d3:E+F;d4:E+F
147,campaign-147,Cadence 147,4,4,6,2,1,80,94,ACCEPT,38,4,4,1.000000,0.375000,0.111100,6,120,2,0.983333,14,7,13,1,13,5,1,0,9,88,16,80,8,0.090909,24,8,58,61,65,0.938462,1,14,Moderate ordering,6,4,1,1,1,0.166667,0,2,1,92,8,1,1,0,0,0,0,0,12,0,0,0,0,0.500000,5.000000,0.500000,1.000000,0.500000,0.500000,1.833333,0.000000,4.000000,1.000000,NOT_SOLVABLE,1.000000,1.000000,1.000000,0.500000,5.000000,0.500000,1.000000,0.500000,0.500000,1.444444,0.500000,7.530093,3.030093,1.000000,0.500000,0.500000,1.444444,0.500000,5.000000,0.500000,1.000000,0.500000,0.500000,1.833333,Hard,7,6,PULL+PUSH+POLARITY_FLIP+WALLS+OCCLUSION+MULTIPLE_MAGNETS+ORDER_DEPENDENCY,PULL+PUSH+POLARITY_FLIP+OCCLUSION+MULTIPLE_MAGNETS+ORDER_DEPENDENCY,Most viable choices commute safely,d0:A+B+D+E;d1:B+D+E;d4:C+E
148,campaign-148,Alignment 148,3,3,4,1,0,65,90,REVIEW,15,2,2,1.000000,0.222200,0.000000,4,18,5,0.722222,10,0,10,0,8,3,0,1,8,34,4,34,0,0.000000,8,0,20,10,19,0.526316,0,6,No meaningful ordering,2,1,0,0,0,0.000000,0,1,0,24,4,0,0,0,0,0,0,0,10,0,0,0,0,1.000000,4.000000,0.000000,0.000000,0.000000,0.000000,0.000000,1.000000,4.000000,0.000000,0.000000,0.000000,0.000000,0.000000,1.000000,4.000000,0.000000,0.000000,0.000000,0.000000,0.000000,1.000000,4.250000,0.250000,0.000000,0.000000,0.000000,0.000000,1.000000,4.000000,0.000000,0.000000,0.000000,0.000000,0.000000,Moderate,4,3,PULL+PUSH+POLARITY_FLIP+OCCLUSION,PULL+PUSH+OCCLUSION,No successful choice creates an unsolvable future state,d0:A+B+C+D;d1:B+C;d2:C+D
149,campaign-149,Reversal 149,4,4,6,2,2,80,94,ACCEPT,30,4,4,1.000000,0.312500,0.200000,6,240,2,0.991667,15,6,15,0,13,4,0,0,13,120,24,120,0,0.000000,33,0,84,112,120,0.933333,1,14,Weak ordering,6,4,2,2,2,0.333333,0,2,1,120,8,1,2,0,0,0,0,0,16,0,0,0,0,1.000000,6.000000,0.000000,0.000000,0.000000,0.000000,0.000000,1.000000,6.000000,0.000000,0.000000,0.000000,0.000000,0.000000,1.000000,6.000000,0.000000,0.000000,0.000000,0.000000,0.000000,1.000000,7.454074,1.454074,0.000000,0.000000,0.000000,0.000000,1.000000,6.000000,0.000000,0.000000,0.000000,0.000000,0.000000,Moderate,7,5,PULL+PUSH+POLARITY_FLIP+WALLS+OCCLUSION+MULTIPLE_MAGNETS+ORDER_DEPENDENCY,PULL+PUSH+POLARITY_FLIP+OCCLUSION+MULTIPLE_MAGNETS,Every successful choice remains solvable and winning orders are mostly interchangeable,d0:A+B+C+E+F;d1:B+C+E;d2:C+E+F;d3:E+F
150,campaign-150,Crossfield 150,4,4,6,2,2,83,96,ACCEPT,12,4,5,1.000000,0.312500,0.100000,6,36,2,0.944444,13,8,12,1,11,4,1,0,10,48,20,44,4,0.083333,11,4,22,24,26,0.923077,3,12,Moderate ordering,5,3,1,1,1,0.200000,1,1,1,43,4,1,1,1,0,1,1,0,6,0,0,0,0,0.500000,4.500000,0.500000,1.000000,0.500000,0.500000,1.666667,1.000000,6.000000,0.000000,0.000000,0.000000,0.000000,1.000000,0.500000,4.500000,0.500000,1.000000,0.500000,0.500000,1.222222,0.500000,8.424383,4.424383,1.000000,0.500000,0.500000,1.222222,0.500000,4.500000,0.500000,1.000000,0.500000,0.500000,1.666667,Hard,7,7,PULL+PUSH+POLARITY_FLIP+WALLS+OCCLUSION+MULTIPLE_MAGNETS+ORDER_DEPENDENCY,PULL+PUSH+POLARITY_FLIP+WALLS+OCCLUSION+MULTIPLE_MAGNETS+ORDER_DEPENDENCY,Most viable choices commute safely,d0:B+C+E;d1:A+E;d2:C+E+F;d3:E+F
151,campaign-151,Advanced Recall 1,6,6,6,2,3,78,94,ACCEPT,222,5,2,1.000000,0.388900,0.090900,6,360,1,0.997222,19,2,19,0,12,3,0,4,18,128,16,128,0,0.000000,23,0,48,136,136,1.000000,1,14,Weak ordering,4,2,0,0,0,0.000000,0,2,1,88,0,0,2,2,0,2,1,0,0,0,0,0,0,1.000000,6.000000,0.000000,0.000000,0.000000,0.000000,0.000000,1.000000,6.000000,0.000000,0.000000,0.000000,0.000000,0.000000,1.000000,6.000000,0.000000,0.000000,0.000000,0.000000,0.000000,1.000000,6.710000,0.710000,0.000000,0.000000,0.000000,0.000000,1.000000,6.000000,0.000000,0.000000,0.000000,0.000000,0.000000,Moderate,7,5,PULL+PUSH+POLARITY_FLIP+WALLS+OCCLUSION+MULTIPLE_MAGNETS+ORDER_DEPENDENCY,PULL+PUSH+WALLS+OCCLUSION+MULTIPLE_MAGNETS,Every successful choice remains solvable and winning orders are mostly interchangeable,d0:A+B+C+D+E;d1:B+C+D+E;d2:C+D+E+F;d3:D+E+F;d4:E+F
152,campaign-152,Advanced Recall 2,7,7,5,2,4,74,89,REVIEW,100,4,2,0.800000,0.510200,0.181800,5,120,1,0.991667,15,0,15,0,6,2,0,6,14,80,0,80,0,0.000000,8,0,16,80,80,1.000000,0,10,No meaningful ordering,3,1,0,0,0,0.000000,0,2,0,48,0,0,2,2,0,2,2,0,0,0,0,0,0,1.000000,5.000000,0.000000,0.000000,0.000000,0.000000,0.000000,1.000000,5.000000,0.000000,0.000000,0.000000,0.000000,0.000000,1.000000,5.000000,0.000000,0.000000,0.000000,0.000000,0.000000,1.000000,5.000000,0.000000,0.000000,0.000000,0.000000,0.000000,1.000000,5.000000,0.000000,0.000000,0.000000,0.000000,0.000000,Easy,6,5,PULL+PUSH+POLARITY_FLIP+WALLS+OCCLUSION+MULTIPLE_MAGNETS,PULL+PUSH+WALLS+OCCLUSION+MULTIPLE_MAGNETS,Every successful choice remains solvable and winning orders are mostly interchangeable,d0:A+B+C+D+E;d1:B+C+D+E;d2:C+D+E;d3:D+E
153,campaign-153,Advanced Recall 3,6,6,5,2,3,76,89,REVIEW,40,4,2,1.000000,0.500000,0.200000,5,120,1,0.991667,15,0,15,0,3,1,0,8,14,80,0,80,0,0.000000,8,0,16,80,80,1.000000,0,10,No meaningful ordering,3,1,0,0,0,0.000000,2,0,0,48,0,0,2,1,0,1,1,0,0,0,0,0,0,1.000000,5.000000,0.000000,0.000000,0.000000,0.000000,0.000000,1.000000,5.000000,0.000000,0.000000,0.000000,0.000000,0.000000,1.000000,5.000000,0.000000,0.000000,0.000000,0.000000,0.000000,1.000000,5.000000,0.000000,0.000000,0.000000,0.000000,0.000000,1.000000,5.000000,0.000000,0.000000,0.000000,0.000000,0.000000,Very Easy,6,5,PULL+PUSH+POLARITY_FLIP+WALLS+OCCLUSION+MULTIPLE_MAGNETS,PULL+PUSH+WALLS+OCCLUSION+MULTIPLE_MAGNETS,Every successful choice remains solvable and winning orders are mostly interchangeable,d0:A+B+C+D+E;d1:B+C+D+E;d2:C+D+E;d3:D+E
154,campaign-154,Advanced Recall 4,6,6,4,1,2,71,91,REVIEW,12,3,2,0.750000,0.444400,0.142900,4,24,2,0.916667,10,0,10,0,6,3,0,3,7,36,0,36,0,0.000000,4,0,4,21,25,0.840000,0,6,No meaningful ordering,2,1,0,0,0,0.000000,1,0,0,12,0,0,1,1,0,1,1,0,4,0,0,0,0,1.000000,4.000000,0.000000,0.000000,0.000000,0.000000,0.000000,1.000000,4.000000,0.000000,0.000000,0.000000,0.000000,0.000000,1.000000,4.000000,0.000000,0.000000,0.000000,0.000000,0.000000,1.000000,4.000000,0.000000,0.000000,0.000000,0.000000,0.000000,1.000000,4.000000,0.000000,0.000000,0.000000,0.000000,0.000000,Moderate,5,4,PULL+PUSH+POLARITY_FLIP+WALLS+OCCLUSION,PULL+PUSH+WALLS+OCCLUSION,Every successful choice remains solvable and winning orders are mostly interchangeable,d0:A+B+C+D;d1:B+C+D
155,campaign-155,Advanced Recall 5,7,7,6,1,4,77,87,REVIEW,180,5,2,0.833300,0.571400,0.181800,6,720,1,0.998611,21,0,21,0,6,2,0,11,20,192,0,192,0,0.000000,16,0,32,240,240,1.000000,0,15,No meaningful ordering,2,1,0,0,0,0.000000,0,1,1,64,0,0,2,2,0,2,2,0,0,0,0,0,0,1.000000,6.000000,0.000000,0.000000,0.000000,0.000000,0.000000,1.000000,6.000000,0.000000,0.000000,0.000000,0.000000,0.000000,1.000000,6.000000,0.000000,0.000000,0.000000,0.000000,0.000000,1.000000,6.000000,0.000000,0.000000,0.000000,0.000000,0.000000,1.000000,6.000000,0.000000,0.000000,0.000000,0.000000,0.000000,Easy,5,4,PULL+PUSH+POLARITY_FLIP+WALLS+OCCLUSION,PULL+PUSH+WALLS+OCCLUSION,Every successful choice remains solvable and winning orders are mostly interchangeable,d0:A+B+C+D+E+F;d1:B+C+D+E+F;d2:C+D+E+F;d3:D+E+F;d4:E+F
156,campaign-156,Advanced Recall 6,6,6,6,1,1,77,88,REVIEW,205,4,6,1.000000,0.583300,0.125000,6,328,17,0.948171,18,3,18,0,16,5,0,1,16,186,18,186,0,0.000000,57,0,156,129,171,0.754386,0,15,No meaningful ordering,6,5,3,3,3,0.500000,0,1,0,150,18,1,1,0,0,0,0,0,36,0,0,0,0,1.000000,6.000000,0.000000,0.000000,0.000000,0.000000,0.000000,1.000000,6.000000,0.000000,0.000000,0.000000,0.000000,0.000000,1.000000,6.000000,0.000000,0.000000,0.000000,0.000000,0.000000,1.000000,6.768056,0.768056,0.000000,0.000000,0.000000,0.000000,1.000000,6.000000,0.000000,0.000000,0.000000,0.000000,0.000000,Moderate,6,4,PULL+PUSH+POLARITY_FLIP+WALLS+OCCLUSION+ORDER_DEPENDENCY,PULL+PUSH+POLARITY_FLIP+OCCLUSION,Every successful choice remains solvable and winning orders are mostly interchangeable,d0:B+C+E+F;d1:A+C+D+E+F;d2:C+E+F;d3:E+F;d4:E+F
157,campaign-157,Advanced Recall 7,6,6,6,1,4,77,90,REVIEW,512,5,2,1.000000,0.472200,0.181800,6,720,1,0.998611,21,0,21,0,6,2,0,11,20,192,0,192,0,0.000000,16,0,32,240,240,1.000000,0,15,No meaningful ordering,2,1,0,0,0,0.000000,0,1,1,64,0,0,2,2,0,2,2,0,0,0,0,0,0,1.000000,6.000000,0.000000,0.000000,0.000000,0.000000,0.000000,1.000000,6.000000,0.000000,0.000000,0.000000,0.000000,0.000000,1.000000,6.000000,0.000000,0.000000,0.000000,0.000000,0.000000,1.000000,6.000000,0.000000,0.000000,0.000000,0.000000,0.000000,1.000000,6.000000,0.000000,0.000000,0.000000,0.000000,0.000000,Easy,5,4,PULL+PUSH+POLARITY_FLIP+WALLS+OCCLUSION,PULL+PUSH+WALLS+OCCLUSION,Every successful choice remains solvable and winning orders are mostly interchangeable,d0:A+B+C+D+E+F;d1:B+C+D+E+F;d2:C+D+E+F;d3:D+E+F;d4:E+F
158,campaign-158,Advanced Recall 8,6,6,5,2,1,71,89,REVIEW,71,3,2,1.000000,0.527800,0.125000,5,100,2,0.980000,14,1,14,0,12,3,0,0,11,88,4,88,0,0.000000,21,0,48,70,78,0.897436,0,10,No meaningful ordering,4,2,1,1,1,0.250000,0,2,0,80,4,1,1,0,0,0,0,0,8,0,0,0,0,1.000000,5.000000,0.000000,0.000000,0.000000,0.000000,0.000000,1.000000,5.000000,0.000000,0.000000,0.000000,0.000000,0.000000,1.000000,5.000000,0.000000,0.000000,0.000000,0.000000,0.000000,1.000000,5.202778,0.202778,0.000000,0.000000,0.000000,0.000000,1.000000,5.000000,0.000000,0.000000,0.000000,0.000000,0.000000,Moderate,6,5,PULL+PUSH+POLARITY_FLIP+WALLS+OCCLUSION+MULTIPLE_MAGNETS,PULL+PUSH+POLARITY_FLIP+OCCLUSION+MULTIPLE_MAGNETS,Every successful choice remains solvable and winning orders are mostly interchangeable,d0:A+B+C+D+E;d1:B+C+D+E;d2:C+D
159,campaign-159,Advanced Recall 9,6,6,5,2,3,77,90,REVIEW,105,4,2,1.000000,0.444400,0.200000,5,120,1,0.991667,15,0,15,0,8,2,0,4,14,80,0,80,0,0.000000,14,0,32,80,80,1.000000,0,10,No meaningful ordering,4,2,0,0,0,0.000000,1,1,1,64,0,0,3,1,0,1,0,0,0,0,0,0,0,1.000000,5.000000,0.000000,0.000000,0.000000,0.000000,0.000000,1.000000,5.000000,0.000000,0.000000,0.000000,0.000000,0.000000,1.000000,5.000000,0.000000,0.000000,0.000000,0.000000,0.000000,1.000000,5.000000,0.000000,0.000000,0.000000,0.000000,0.000000,1.000000,5.000000,0.000000,0.000000,0.000000,0.000000,0.000000,Easy,6,4,PULL+PUSH+POLARITY_FLIP+WALLS+OCCLUSION+MULTIPLE_MAGNETS,PULL+PUSH+OCCLUSION+MULTIPLE_MAGNETS,Every successful choice remains solvable and winning orders are mostly interchangeable,d0:A+B+C+D+E;d1:B+C+D+E;d2:C+D+E;d3:D+E
160,campaign-160,Advanced Recall 10,6,6,6,1,3,80,90,REVIEW,135,5,4,0.833300,0.444400,0.200000,6,600,3,0.995000,20,1,20,0,13,5,0,6,17,216,8,216,0,0.000000,46,0,104,224,240,0.933333,0,15,No meaningful ordering,4,3,2,2,2,0.500000,0,1,0,120,8,1,2,1,0,1,1,0,16,0,0,0,0,1.000000,6.000000,0.000000,0.000000,0.000000,0.000000,0.000000,1.000000,6.000000,0.000000,0.000000,0.000000,0.000000,0.000000,1.000000,6.000000,0.000000,0.000000,0.000000,0.000000,0.000000,1.000000,6.186111,0.186111,0.000000,0.000000,0.000000,0.000000,1.000000,6.000000,0.000000,0.000000,0.000000,0.000000,0.000000,Moderate,5,5,PULL+PUSH+POLARITY_FLIP+WALLS+OCCLUSION,PULL+PUSH+POLARITY_FLIP+WALLS+OCCLUSION,Every successful choice remains solvable and winning orders are mostly interchangeable,d0:A+B+C+D+E+F;d1:B+C+D+F;d2:C+D+E+F;d3:D+E+F
161,campaign-161,Dependency Lattice 1,6,6,6,2,3,78,87,REVIEW,96,4,3,1.000000,0.583300,0.181800,6,720,1,0.998611,21,0,21,0,17,4,0,2,20,192,0,192,0,0.000000,40,0,104,240,240,1.000000,0,15,No meaningful ordering,5,3,0,0,0,0.000000,0,2,2,160,0,0,3,1,0,1,0,0,0,0,0,0,0,1.000000,6.000000,0.000000,0.000000,0.000000,0.000000,0.000000,1.000000,6.000000,0.000000,0.000000,0.000000,0.000000,0.000000,1.000000,6.000000,0.000000,0.000000,0.000000,0.000000,0.000000,1.000000,6.000000,0.000000,0.000000,0.000000,0.000000,0.000000,1.000000,6.000000,0.000000,0.000000,0.000000,0.000000,0.000000,Moderate,6,4,PULL+PUSH+POLARITY_FLIP+WALLS+OCCLUSION+MULTIPLE_MAGNETS,PULL+PUSH+OCCLUSION+MULTIPLE_MAGNETS,Every successful choice remains solvable and winning orders are mostly interchangeable,d0:A+B+C+D+E+F;d1:B+C+D+E+F;d2:C+D+E+F;d3:D+E+F;d4:E+F
162,campaign-162,Dependency Lattice 2,7,7,6,2,4,79,88,REVIEW,72,5,3,1.000000,0.551000,0.166700,6,120,1,0.991667,15,6,15,0,10,4,0,3,14,72,24,72,0,0.000000,18,0,32,60,60,1.000000,3,12,Weak ordering,5,3,1,1,1,0.200000,0,2,1,56,8,1,3,2,1,1,1,0,16,0,0,0,0,1.000000,6.000000,0.000000,0.000000,0.000000,0.000000,0.000000,1.000000,6.000000,0.000000,0.000000,0.000000,0.000000,0.000000,1.000000,6.000000,0.000000,0.000000,0.000000,0.000000,0.000000,1.000000,7.958681,1.958681,0.000000,0.000000,0.000000,0.000000,1.000000,6.000000,0.000000,0.000000,0.000000,0.000000,0.000000,Moderate,7,6,PULL+PUSH+POLARITY_FLIP+WALLS+OCCLUSION+MULTIPLE_MAGNETS+ORDER_DEPENDENCY,PULL+PUSH+POLARITY_FLIP+WALLS+OCCLUSION+MULTIPLE_MAGNETS,Every successful choice remains solvable and winning orders are mostly interchangeable,d0:A+C+D+F;d1:C+D+F;d2:D+E+F;d3:E+F;d4:B+F
163,campaign-163,Dependency Lattice 3,6,6,6,2,3,79,91,REVIEW,49,5,3,0.833300,0.416700,0.181800,6,360,1,0.997222,20,1,20,0,7,2,0,9,19,128,16,128,0,0.000000,23,0,48,136,136,1.000000,1,14,Weak ordering,4,2,0,0,0,0.000000,1,1,0,88,0,0,2,1,0,1,1,0,0,0,0,0,0,1.000000,6.000000,0.000000,0.000000,0.000000,0.000000,0.000000,1.000000,6.000000,0.000000,0.000000,0.000000,0.000000,0.000000,1.000000,6.000000,0.000000,0.000000,0.000000,0.000000,0.000000,1.000000,6.710000,0.710000,0.000000,0.000000,0.000000,0.000000,1.000000,6.000000,0.000000,0.000000,0.000000,0.000000,0.000000,Easy,7,5,PULL+PUSH+POLARITY_FLIP+WALLS+OCCLUSION+MULTIPLE_MAGNETS+ORDER_DEPENDENCY,PULL+PUSH+WALLS+OCCLUSION+MULTIPLE_MAGNETS,Every successful choice remains solvable and winning orders are mostly interchangeable,d0:A+B+D+E+F;d1:B+C+D+E+F;d2:C+D+E+F;d3:D+E+F;d4:E+F
164,campaign-164,Dependency Lattice 4,7,7,7,2,4,80,89,REVIEW,198,5,3,1.000000,0.510200,0.153800,7,2240,4,0.998214,23,5,23,0,20,5,0,1,21,368,48,368,0,0.000000,83,0,192,396,444,0.891892,0,21,No meaningful ordering,5,3,2,2,1,0.400000,0,2,2,272,48,1,2,2,1,1,2,0,32,0,0,0,0,1.000000,7.000000,0.000000,0.000000,0.000000,0.000000,0.000000,1.000000,7.000000,0.000000,0.000000,0.000000,0.000000,0.000000,1.000000,7.000000,0.000000,0.000000,0.000000,0.000000,0.000000,1.000000,7.854431,0.854431,0.000000,0.000000,0.000000,0.000000,1.000000,7.000000,0.000000,0.000000,0.000000,0.000000,0.000000,Moderate,7,6,PULL+PUSH+POLARITY_FLIP+WALLS+OCCLUSION+MULTIPLE_MAGNETS+ORDER_DEPENDENCY,PULL+PUSH+POLARITY_FLIP+WALLS+OCCLUSION+MULTIPLE_MAGNETS,Every successful choice remains solvable and winning orders are mostly interchangeable,d0:A+B+C+D+F+G;d1:B+C+D+E+F+G;d2:D+E+F+G;d3:E+F+G;d4:F+G
165,campaign-165,Dependency Lattice 5,6,6,6,2,3,80,91,REVIEW,300,5,3,0.833300,0.444400,0.181800,6,720,1,0.998611,21,0,21,0,11,3,0,7,20,192,0,192,0,0.000000,32,0,72,240,240,1.000000,0,15,No meaningful ordering,3,2,0,0,0,0.000000,1,1,1,96,0,0,3,2,0,2,0,0,0,0,0,0,0,1.000000,6.000000,0.000000,0.000000,0.000000,0.000000,0.000000,1.000000,6.000000,0.000000,0.000000,0.000000,0.000000,0.000000,1.000000,6.000000,0.000000,0.000000,0.000000,0.000000,0.000000,1.000000,6.000000,0.000000,0.000000,0.000000,0.000000,0.000000,1.000000,6.000000,0.000000,0.000000,0.000000,0.000000,0.000000,Moderate,6,3,PULL+PUSH+POLARITY_FLIP+WALLS+OCCLUSION+MULTIPLE_MAGNETS,PULL+PUSH+OCCLUSION,Every successful choice remains solvable and winning orders are mostly interchangeable,d0:A+B+C+D+E+F;d1:B+C+D+E+F;d2:C+D+E+F;d3:D+E+F;d4:E+F
166,campaign-166,Dependency Lattice 6,6,6,4,1,1,71,85,REVIEW,3,3,4,1.000000,0.666700,0.166700,4,4,2,0.500000,7,3,6,1,6,3,1,0,2,13,4,11,2,0.153846,5,2,10,2,3,0.666667,1,5,Strong ordering,4,3,1,1,1,0.250000,0,1,0,13,2,1,1,0,0,0,0,0,3,0,0,0,0,0.750000,3.500000,0.250000,0.333333,0.250000,0.250000,1.000000,0.000000,2.000000,1.000000,NOT_SOLVABLE,1.000000,1.000000,1.000000,0.500000,3.000000,0.500000,1.000000,0.500000,0.500000,1.000000,0.500000,5.000000,2.500000,1.000000,0.500000,0.500000,1.000000,0.750000,3.500000,0.250000,0.333333,0.250000,0.250000,1.000000,Moderate,6,5,PULL+PUSH+POLARITY_FLIP+WALLS+OCCLUSION+ORDER_DEPENDENCY,PULL+PUSH+POLARITY_FLIP+OCCLUSION+ORDER_DEPENDENCY,Consequences exist but are sparse and shallow,d2:B+C
167,campaign-167,Dependency Lattice 7,6,6,6,2,3,80,89,REVIEW,240,5,3,0.833300,0.500000,0.181800,6,720,1,0.998611,21,0,21,0,11,3,0,7,20,192,0,192,0,0.000000,32,0,72,240,240,1.000000,0,15,No meaningful ordering,4,2,0,0,0,0.000000,1,1,0,128,0,0,2,1,0,1,1,0,0,0,0,0,0,1.000000,6.000000,0.000000,0.000000,0.000000,0.000000,0.000000,1.000000,6.000000,0.000000,0.000000,0.000000,0.000000,0.000000,1.000000,6.000000,0.000000,0.000000,0.000000,0.000000,0.000000,1.000000,6.000000,0.000000,0.000000,0.000000,0.000000,0.000000,1.000000,6.000000,0.000000,0.000000,0.000000,0.000000,0.000000,Moderate,6,5,PULL+PUSH+POLARITY_FLIP+WALLS+OCCLUSION+MULTIPLE_MAGNETS,PULL+PUSH+WALLS+OCCLUSION+MULTIPLE_MAGNETS,Every successful choice remains solvable and winning orders are mostly interchangeable,d0:A+B+C+D+E+F;d1:B+C+D+E+F;d2:C+D+E+F;d3:D+E+F;d4:E+F
168,campaign-168,Dependency Lattice 8,6,6,6,2,4,80,92,REVIEW,192,5,3,1.000000,0.416700,0.166700,6,360,1,0.997222,19,2,19,0,12,3,0,4,18,128,16,128,0,0.000000,23,0,48,136,136,1.000000,1,14,Weak ordering,4,2,0,0,0,0.000000,0,2,2,88,0,0,3,2,0,2,1,0,0,0,0,0,0,1.000000,6.000000,0.000000,0.000000,0.000000,0.000000,0.000000,1.000000,6.000000,0.000000,0.000000,0.000000,0.000000,0.000000,1.000000,6.000000,0.000000,0.000000,0.000000,0.000000,0.000000,1.000000,6.710000,0.710000,0.000000,0.000000,0.000000,0.000000,1.000000,6.000000,0.000000,0.000000,0.000000,0.000000,0.000000,Moderate,7,5,PULL+PUSH+POLARITY_FLIP+WALLS+OCCLUSION+MULTIPLE_MAGNETS+ORDER_DEPENDENCY,PULL+PUSH+WALLS+OCCLUSION+MULTIPLE_MAGNETS,Every successful choice remains solvable and winning orders are mostly interchangeable,d0:A+B+C+D+E;d1:B+C+D+E;d2:C+D+E+F;d3:D+E+F;d4:E+F
169,campaign-169,Dependency Lattice 9,7,7,7,2,3,81,88,REVIEW,512,6,3,0.857100,0.551000,0.166700,7,2100,2,0.999048,20,8,20,0,17,5,0,1,19,376,40,376,0,0.000000,66,0,144,444,460,0.965217,1,20,Weak ordering,4,2,1,1,1,0.250000,0,2,1,248,8,1,2,1,0,1,1,0,16,0,0,0,0,1.000000,7.000000,0.000000,0.000000,0.000000,0.000000,0.000000,1.000000,7.000000,0.000000,0.000000,0.000000,0.000000,0.000000,1.000000,7.000000,0.000000,0.000000,0.000000,0.000000,0.000000,1.000000,8.128656,1.128656,0.000000,0.000000,0.000000,0.000000,1.000000,7.000000,0.000000,0.000000,0.000000,0.000000,0.000000,Moderate,7,6,PULL+PUSH+POLARITY_FLIP+WALLS+OCCLUSION+MULTIPLE_MAGNETS+ORDER_DEPENDENCY,PULL+PUSH+POLARITY_FLIP+WALLS+OCCLUSION+MULTIPLE_MAGNETS,Every successful choice remains solvable and winning orders are mostly interchangeable,d0:A+B+C+D+E+F;d1:B+D+E+F;d2:D+E+F;d3:E+F;d4:C+F;d5:F+G
170,campaign-170,Dependency Lattice 10,7,7,6,1,3,82,87,REVIEW,150,5,4,1.000000,0.551000,0.200000,6,480,9,0.981250,18,3,18,0,14,5,0,3,15,225,20,225,0,0.000000,60,0,140,184,226,0.814159,0,15,No meaningful ordering,4,3,2,2,2,0.500000,0,1,0,140,20,1,2,1,0,1,1,0,40,0,0,0,0,1.000000,6.000000,0.000000,0.000000,0.000000,0.000000,0.000000,1.000000,6.000000,0.000000,0.000000,0.000000,0.000000,0.000000,1.000000,6.000000,0.000000,0.000000,0.000000,0.000000,0.000000,1.000000,6.434799,0.434799,0.000000,0.000000,0.000000,0.000000,1.000000,6.000000,0.000000,0.000000,0.000000,0.000000,0.000000,Moderate,5,5,PULL+PUSH+POLARITY_FLIP+WALLS+OCCLUSION,PULL+PUSH+POLARITY_FLIP+WALLS+OCCLUSION,Every successful choice remains solvable and winning orders are mostly interchangeable,d0:A+B+C+D+E+F;d1:C+D+F;d2:B+D+F;d3:D+E+F
171,campaign-171,Dependency Lattice 11,7,7,7,2,3,83,91,REVIEW,51,6,6,1.000000,0.449000,0.166700,7,224,3,0.986607,18,10,18,0,14,5,0,2,17,96,40,96,0,0.000000,24,0,52,62,66,0.939394,0,21,No meaningful ordering,5,3,1,1,1,0.200000,0,2,1,64,16,1,2,1,0,1,1,0,32,0,0,0,0,1.000000,7.000000,0.000000,0.000000,0.000000,0.000000,0.000000,1.000000,7.000000,0.000000,0.000000,0.000000,0.000000,0.000000,1.000000,7.000000,0.000000,0.000000,0.000000,0.000000,0.000000,1.000000,10.532922,3.532922,0.000000,0.000000,0.000000,0.000000,1.000000,7.000000,0.000000,0.000000,0.000000,0.000000,0.000000,Moderate,7,6,PULL+PUSH+POLARITY_FLIP+WALLS+OCCLUSION+MULTIPLE_MAGNETS+ORDER_DEPENDENCY,PULL+PUSH+POLARITY_FLIP+WALLS+OCCLUSION+MULTIPLE_MAGNETS,Every successful choice remains solvable and winning orders are mostly interchangeable,d0:C+F+G;d1:D+F+G;d2:E+F+G;d3:A+F+G;d4:B+F+G;d5:F+G
172,campaign-172,Dependency Lattice 12,6,6,4,1,1,73,85,REVIEW,16,3,3,1.000000,0.666700,0.166700,4,18,5,0.722222,9,1,9,0,5,2,0,2,8,34,4,34,0,0.000000,8,0,20,10,19,0.526316,0,6,No meaningful ordering,3,2,1,1,1,0.333333,0,1,0,24,4,1,1,0,0,0,0,0,10,0,0,0,0,1.000000,4.000000,0.000000,0.000000,0.000000,0.000000,0.000000,1.000000,4.000000,0.000000,0.000000,0.000000,0.000000,0.000000,1.000000,4.000000,0.000000,0.000000,0.000000,0.000000,0.000000,1.000000,4.250000,0.250000,0.000000,0.000000,0.000000,0.000000,1.000000,4.000000,0.000000,0.000000,0.000000,0.000000,0.000000,Easy,5,4,PULL+PUSH+POLARITY_FLIP+WALLS+OCCLUSION,PULL+PUSH+POLARITY_FLIP+OCCLUSION,No successful choice creates an unsolvable future state,d0:A+B+C+D;d1:C+D;d2:B+D
173,campaign-173,Dependency Lattice 13,7,7,5,1,4,85,87,REVIEW,10,4,4,1.000000,0.571400,0.200000,5,20,2,0.900000,12,3,11,1,9,3,1,1,10,35,8,31,4,0.114286,10,4,20,15,17,0.882353,1,9,Moderate ordering,4,3,1,1,1,0.250000,0,1,1,26,4,1,2,2,1,1,2,0,6,0,0,0,0,0.750000,4.500000,0.250000,0.333333,0.250000,0.250000,1.000000,1.000000,5.000000,0.000000,0.000000,0.000000,0.000000,1.000000,0.500000,4.000000,0.500000,1.000000,0.500000,0.500000,1.222222,0.500000,6.296296,2.796296,1.000000,0.500000,0.500000,1.222222,0.750000,4.500000,0.250000,0.333333,0.250000,0.250000,1.416667,Moderate,6,6,PULL+PUSH+POLARITY_FLIP+WALLS+OCCLUSION+ORDER_DEPENDENCY,PULL+PUSH+POLARITY_FLIP+WALLS+OCCLUSION+ORDER_DEPENDENCY,Most viable choices commute safely,d0:B+C+E;d1:A+E;d2:C+D+E;d3:D+E
174,campaign-174,Dependency Lattice 14,7,7,6,2,3,87,87,REVIEW,37,5,4,1.000000,0.571400,0.181800,6,72,1,0.986111,15,6,14,1,10,4,1,3,13,57,14,55,2,0.035088,9,2,16,43,43,1.000000,5,10,Moderate ordering,4,2,0,0,0,0.000000,0,2,1,38,2,0,2,1,0,1,1,0,2,0,0,0,0,0.500000,4.000000,0.500000,1.000000,0.500000,0.500000,2.000000,0.000000,2.000000,1.000000,NOT_SOLVABLE,1.000000,1.000000,1.000000,0.500000,4.000000,0.500000,1.000000,0.500000,0.500000,1.333333,0.500000,8.082870,4.582870,1.000000,0.500000,0.500000,1.333333,0.500000,4.000000,0.500000,1.000000,0.500000,0.500000,2.000000,Hard,7,6,PULL+PUSH+POLARITY_FLIP+WALLS+OCCLUSION+MULTIPLE_MAGNETS+ORDER_DEPENDENCY,PULL+PUSH+WALLS+OCCLUSION+MULTIPLE_MAGNETS+ORDER_DEPENDENCY,Polarity flips occur but do not change future actionable choices,d0:B+F;d1:A+D+E+F;d2:D+E+F;d3:E+F;d4:C+F
175,campaign-175,Dependency Lattice 15,7,7,7,2,4,88,89,REVIEW,91,6,3,1.000000,0.530600,0.153800,7,1120,2,0.998214,22,6,20,2,18,5,2,2,19,236,36,220,16,0.067797,54,16,134,226,246,0.918699,2,19,Moderate ordering,6,4,2,2,1,0.333333,0,2,1,216,40,1,2,2,1,1,2,0,16,0,0,0,0,0.500000,6.000000,0.500000,1.000000,0.500000,0.500000,3.400000,1.000000,7.000000,0.000000,0.000000,0.000000,0.000000,2.000000,0.500000,6.000000,0.500000,1.000000,0.500000,0.500000,2.244444,0.500000,8.896121,3.396121,1.000000,0.500000,0.500000,2.244444,0.500000,6.000000,0.500000,1.000000,0.500000,0.500000,2.733333,Hard,7,7,PULL+PUSH+POLARITY_FLIP+WALLS+OCCLUSION+MULTIPLE_MAGNETS+ORDER_DEPENDENCY,PULL+PUSH+POLARITY_FLIP+WALLS+OCCLUSION+MULTIPLE_MAGNETS+ORDER_DEPENDENCY,Most viable choices commute safely,d0:A+B+D+F+G;d1:D+F+G;d2:C+E+F+G;d3:E+F+G;d4:F+G;d5:B+G
176,campaign-176,Fair False Path 1,6,6,6,2,3,78,87,REVIEW,69,4,3,1.000000,0.583300,0.181800,6,400,4,0.990000,19,2,19,0,17,4,0,0,16,196,28,196,0,0.000000,51,0,126,164,200,0.820000,0,15,No meaningful ordering,5,3,3,3,2,0.600000,0,2,0,180,28,2,2,1,1,0,1,0,16,0,0,0,0,1.000000,6.000000,0.000000,0.000000,0.000000,0.000000,0.000000,1.000000,6.000000,0.000000,0.000000,0.000000,0.000000,0.000000,1.000000,6.000000,0.000000,0.000000,0.000000,0.000000,0.000000,1.000000,6.641667,0.641667,0.000000,0.000000,0.000000,0.000000,1.000000,6.000000,0.000000,0.000000,0.000000,0.000000,0.000000,Moderate,6,6,PULL+PUSH+POLARITY_FLIP+WALLS+OCCLUSION+MULTIPLE_MAGNETS,PULL+PUSH+POLARITY_FLIP+WALLS+OCCLUSION+MULTIPLE_MAGNETS,Every successful choice remains solvable and winning orders are mostly interchangeable,d0:A+B+C+D+E+F;d1:C+D+E+F;d2:B+D+E+F;d3:D+E
177,campaign-177,Fair False Path 2,6,6,6,1,1,78,87,REVIEW,82,4,4,1.000000,0.611100,0.125000,6,460,19,0.958696,17,4,17,0,14,4,0,1,14,228,20,228,0,0.000000,69,0,196,177,227,0.779736,0,15,No meaningful ordering,4,3,3,3,3,0.750000,0,1,0,188,20,1,1,0,0,0,0,0,40,0,0,0,0,1.000000,6.000000,0.000000,0.000000,0.000000,0.000000,0.000000,1.000000,6.000000,0.000000,0.000000,0.000000,0.000000,0.000000,1.000000,6.000000,0.000000,0.000000,0.000000,0.000000,0.000000,1.000000,6.455247,0.455247,0.000000,0.000000,0.000000,0.000000,1.000000,6.000000,0.000000,0.000000,0.000000,0.000000,0.000000,Moderate,5,4,PULL+PUSH+POLARITY_FLIP+WALLS+OCCLUSION,PULL+PUSH+POLARITY_FLIP+OCCLUSION,Every successful choice remains solvable and winning orders are mostly interchangeable,d0:A+B+C+D+E+F;d1:C+D+F;d2:B+D+F;d3:D+F
178,campaign-178,Fair False Path 3,6,6,6,2,4,79,89,REVIEW,330,5,3,1.000000,0.500000,0.166700,6,720,1,0.998611,21,0,21,0,7,2,0,10,20,192,0,192,0,0.000000,32,0,72,240,240,1.000000,0,15,No meaningful ordering,4,2,0,0,0,0.000000,1,1,0,128,0,0,4,2,0,2,0,0,0,0,0,0,0,1.000000,6.000000,0.000000,0.000000,0.000000,0.000000,0.000000,1.000000,6.000000,0.000000,0.000000,0.000000,0.000000,0.000000,1.000000,6.000000,0.000000,0.000000,0.000000,0.000000,0.000000,1.000000,6.000000,0.000000,0.000000,0.000000,0.000000,0.000000,1.000000,6.000000,0.000000,0.000000,0.000000,0.000000,0.000000,Easy,6,4,PULL+PUSH+POLARITY_FLIP+WALLS+OCCLUSION+MULTIPLE_MAGNETS,PULL+PUSH+OCCLUSION+MULTIPLE_MAGNETS,Every successful choice remains solvable and winning orders are mostly interchangeable,d0:A+B+C+D+E+F;d1:B+C+D+E+F;d2:C+D+E+F;d3:D+E+F;d4:E+F
179,campaign-179,Fair False Path 4,7,7,6,2,4,79,87,REVIEW,210,5,3,1.000000,0.591800,0.166700,6,720,1,0.998611,21,0,21,0,7,2,0,10,20,192,0,192,0,0.000000,32,0,72,240,240,1.000000,0,15,No meaningful ordering,4,2,0,0,0,0.000000,1,1,0,128,0,0,4,2,0,2,0,0,0,0,0,0,0,1.000000,6.000000,0.000000,0.000000,0.000000,0.000000,0.000000,1.000000,6.000000,0.000000,0.000000,0.000000,0.000000,0.000000,1.000000,6.000000,0.000000,0.000000,0.000000,0.000000,0.000000,1.000000,6.000000,0.000000,0.000000,0.000000,0.000000,0.000000,1.000000,6.000000,0.000000,0.000000,0.000000,0.000000,0.000000,Easy,6,4,PULL+PUSH+POLARITY_FLIP+WALLS+OCCLUSION+MULTIPLE_MAGNETS,PULL+PUSH+OCCLUSION+MULTIPLE_MAGNETS,Every successful choice remains solvable and winning orders are mostly interchangeable,d0:A+B+C+D+E+F;d1:B+C+D+E+F;d2:C+D+E+F;d3:D+E+F;d4:E+F
180,campaign-180,Fair False Path 5,6,6,4,1,1,73,85,REVIEW,13,3,4,1.000000,0.666700,0.166700,4,16,3,0.812500,9,1,9,0,8,3,0,0,8,29,2,29,0,0.000000,9,0,21,13,17,0.764706,0,6,No meaningful ordering,3,2,0,0,0,0.000000,0,1,0,25,2,0,1,0,0,0,0,0,4,0,0,0,0,1.000000,4.000000,0.000000,0.000000,0.000000,0.000000,0.000000,1.000000,4.000000,0.000000,0.000000,0.000000,0.000000,0.000000,1.000000,4.000000,0.000000,0.000000,0.000000,0.000000,0.000000,1.000000,4.361111,0.361111,0.000000,0.000000,0.000000,0.000000,1.000000,4.000000,0.000000,0.000000,0.000000,0.000000,0.000000,Moderate,6,3,PULL+PUSH+POLARITY_FLIP+WALLS+OCCLUSION+ORDER_DEPENDENCY,PULL+PUSH+OCCLUSION,Every successful choice remains solvable and winning orders are mostly interchangeable,d0:A+C+D;d1:B+C+D;d2:C+D
181,campaign-181,Fair False Path 6,6,6,6,1,3,80,91,REVIEW,225,5,4,0.833300,0.416700,0.200000,6,600,3,0.995000,20,1,20,0,13,5,0,6,17,216,8,216,0,0.000000,46,0,104,224,240,0.933333,0,15,No meaningful ordering,4,3,2,2,2,0.500000,0,1,0,120,8,1,2,1,0,1,1,0,16,0,0,0,0,1.000000,6.000000,0.000000,0.000000,0.000000,0.000000,0.000000,1.000000,6.000000,0.000000,0.000000,0.000000,0.000000,0.000000,1.000000,6.000000,0.000000,0.000000,0.000000,0.000000,0.000000,1.000000,6.186111,0.186111,0.000000,0.000000,0.000000,0.000000,1.000000,6.000000,0.000000,0.000000,0.000000,0.000000,0.000000,Moderate,5,5,PULL+PUSH+POLARITY_FLIP+WALLS+OCCLUSION,PULL+PUSH+POLARITY_FLIP+WALLS+OCCLUSION,Every successful choice remains solvable and winning orders are mostly interchangeable,d0:A+B+C+D+E+F;d1:B+C+D+F;d2:C+D+E+F;d3:D+E+F
182,campaign-182,Fair False Path 7,7,7,7,2,3,81,89,REVIEW,81,5,6,1.000000,0.510200,0.166700,7,504,3,0.994048,14,14,14,0,12,5,0,0,12,152,61,152,0,0.000000,43,0,99,120,129,0.930233,2,19,Weak ordering,5,3,1,1,0,0.200000,0,2,1,124,9,1,2,1,0,1,1,0,36,0,0,0,0,1.000000,7.000000,0.000000,0.000000,0.000000,0.000000,0.000000,1.000000,7.000000,0.000000,0.000000,0.000000,0.000000,0.000000,1.000000,7.000000,0.000000,0.000000,0.000000,0.000000,0.000000,1.000000,9.560528,2.560528,0.000000,0.000000,0.000000,0.000000,1.000000,7.000000,0.000000,0.000000,0.000000,0.000000,0.000000,Moderate,7,6,PULL+PUSH+POLARITY_FLIP+WALLS+OCCLUSION+MULTIPLE_MAGNETS+ORDER_DEPENDENCY,PULL+PUSH+POLARITY_FLIP+WALLS+OCCLUSION+MULTIPLE_MAGNETS,Every successful choice remains solvable and winning orders are mostly interchangeable,d0:B+C+D+F;d1:D+F;d2:E+F;d3:A+F;d4:C+F
183,campaign-183,Fair False Path 8,6,6,7,2,5,83,93,ACCEPT,512,6,4,1.000000,0.388900,0.142900,7,1680,2,0.998810,25,3,25,0,19,5,0,4,24,288,48,288,0,0.000000,61,0,120,344,360,0.955556,1,20,Weak ordering,5,3,0,0,0,0.000000,1,1,1,192,16,0,3,3,1,2,2,0,32,0,0,0,0,1.000000,7.000000,0.000000,0.000000,0.000000,0.000000,0.000000,1.000000,7.000000,0.000000,0.000000,0.000000,0.000000,0.000000,1.000000,7.000000,0.000000,0.000000,0.000000,0.000000,0.000000,1.000000,8.522788,1.522788,0.000000,0.000000,0.000000,0.000000,1.000000,7.000000,0.000000,0.000000,0.000000,0.000000,0.000000,Moderate,7,5,PULL+PUSH+POLARITY_FLIP+WALLS+OCCLUSION+MULTIPLE_MAGNETS+ORDER_DEPENDENCY,PULL+PUSH+WALLS+OCCLUSION+MULTIPLE_MAGNETS,Every successful choice remains solvable and winning orders are mostly interchangeable,d0:A+B+D+E+F+G;d1:B+D+E+F+G;d2:D+E+F+G;d3:C+E+F+G;d4:E+F+G;d5:F+G
184,campaign-184,Fair False Path 9,6,6,6,2,2,84,86,REVIEW,58,5,4,1.000000,0.583300,0.200000,6,120,2,0.983333,14,7,13,1,13,5,1,0,9,88,16,80,8,0.090909,24,8,58,61,65,0.938462,1,14,Moderate ordering,6,4,1,1,1,0.166667,0,2,1,92,8,1,2,0,0,0,0,0,12,0,0,0,0,0.250000,4.500000,0.750000,3.000000,0.750000,0.750000,1.500000,0.000000,4.000000,1.000000,NOT_SOLVABLE,1.000000,1.000000,1.000000,0.500000,5.000000,0.500000,1.000000,0.500000,0.500000,1.444444,0.500000,7.530093,3.030093,1.000000,0.500000,0.500000,1.444444,0.250000,4.500000,0.750000,3.000000,0.750000,0.750000,1.500000,Hard,7,6,PULL+PUSH+POLARITY_FLIP+WALLS+OCCLUSION+MULTIPLE_MAGNETS+ORDER_DEPENDENCY,PULL+PUSH+POLARITY_FLIP+OCCLUSION+MULTIPLE_MAGNETS+ORDER_DEPENDENCY,Most viable choices commute safely,d0:A+B+D+E;d1:B+D+E;d4:C+E
185,campaign-185,Fair False Path 10,7,7,7,2,4,88,89,REVIEW,252,6,4,1.000000,0.530600,0.153800,7,504,2,0.996032,23,5,22,1,12,4,1,8,21,164,28,156,8,0.048780,28,8,56,155,159,0.974843,2,19,Moderate ordering,4,3,1,1,1,0.250000,1,1,1,80,8,1,2,3,1,2,2,0,12,0,0,0,0,0.500000,5.500000,0.500000,1.000000,0.500000,0.500000,1.000000,0.000000,4.000000,1.000000,NOT_SOLVABLE,1.000000,1.000000,1.000000,0.500000,5.500000,0.500000,1.000000,0.500000,0.500000,1.444444,0.500000,9.478241,4.478241,1.000000,0.500000,0.500000,1.444444,0.500000,5.500000,0.500000,1.000000,0.500000,0.500000,2.000000,Hard,7,6,PULL+PUSH+POLARITY_FLIP+WALLS+OCCLUSION+MULTIPLE_MAGNETS+ORDER_DEPENDENCY,PULL+PUSH+POLARITY_FLIP+WALLS+OCCLUSION+ORDER_DEPENDENCY,Most viable choices commute safely,d0:A+D+F+G;d1:E+F+G;d2:B+C+D+F+G;d3:C+D+F+G;d4:D+F+G;d5:F+G
186,campaign-186,Fair False Path 11,6,6,6,1,3,82,89,REVIEW,390,5,4,1.000000,0.500000,0.200000,6,480,3,0.993750,20,1,20,0,11,3,0,6,19,188,8,188,0,0.000000,39,0,84,186,202,0.920792,0,15,No meaningful ordering,4,3,1,1,1,0.250000,0,1,1,100,8,1,2,1,0,1,1,0,16,0,0,0,0,1.000000,6.000000,0.000000,0.000000,0.000000,0.000000,0.000000,1.000000,6.000000,0.000000,0.000000,0.000000,0.000000,0.000000,1.000000,6.000000,0.000000,0.000000,0.000000,0.000000,0.000000,1.000000,6.401389,0.401389,0.000000,0.000000,0.000000,0.000000,1.000000,6.000000,0.000000,0.000000,0.000000,0.000000,0.000000,Moderate,6,5,PULL+PUSH+POLARITY_FLIP+WALLS+OCCLUSION+ORDER_DEPENDENCY,PULL+PUSH+POLARITY_FLIP+WALLS+OCCLUSION,Every successful choice remains solvable and winning orders are mostly interchangeable,d0:B+C+D+E+F;d1:A+C+D+E+F;d2:C+D+E+F;d3:D+E+F;d4:E+F
187,campaign-187,Fair False Path 12,6,6,7,2,3,81,90,REVIEW,415,6,3,1.000000,0.472200,0.166700,7,756,2,0.997354,20,8,20,0,13,4,0,4,19,204,44,204,0,0.000000,42,0,88,200,204,0.980392,2,19,Weak ordering,4,2,1,1,1,0.250000,0,2,0,136,4,1,2,1,0,1,1,0,8,0,0,0,0,1.000000,7.000000,0.000000,0.000000,0.000000,0.000000,0.000000,1.000000,7.000000,0.000000,0.000000,0.000000,0.000000,0.000000,1.000000,7.000000,0.000000,0.000000,0.000000,0.000000,0.000000,1.000000,9.166254,2.166254,0.000000,0.000000,0.000000,0.000000,1.000000,7.000000,0.000000,0.000000,0.000000,0.000000,0.000000,Moderate,7,6,PULL+PUSH+POLARITY_FLIP+WALLS+OCCLUSION+MULTIPLE_MAGNETS+ORDER_DEPENDENCY,PULL+PUSH+POLARITY_FLIP+WALLS+OCCLUSION+MULTIPLE_MAGNETS,Every successful choice remains solvable and winning orders are mostly interchangeable,d0:A+B+C+G;d1:B+C+E+G;d2:C+E+G;d3:E+F+G;d4:D+F+G;d5:F+G
188,campaign-188,Fair False Path 13,6,6,6,2,2,71,79,REVIEW,8,3,4,1.000000,0.500000,0.200000,6,32,3,0.906250,11,10,11,0,8,4,0,1,8,36,20,36,0,0.000000,10,0,26,13,15,0.866667,0,15,No meaningful ordering,5,3,2,2,2,0.400000,0,2,1,32,8,2,2,0,0,0,0,0,16,0,0,0,0,1.000000,6.000000,0.000000,0.000000,0.000000,0.000000,0.000000,1.000000,6.000000,0.000000,0.000000,0.000000,0.000000,0.000000,1.000000,6.000000,0.000000,0.000000,0.000000,0.000000,0.000000,1.000000,9.333333,3.333333,0.000000,0.000000,0.000000,0.000000,1.000000,6.000000,0.000000,0.000000,0.000000,0.000000,0.000000,Moderate,7,5,PULL+PUSH+POLARITY_FLIP+WALLS+OCCLUSION+MULTIPLE_MAGNETS+ORDER_DEPENDENCY,PULL+PUSH+POLARITY_FLIP+OCCLUSION+MULTIPLE_MAGNETS,Every successful choice remains solvable and winning orders are mostly interchangeable,d0:B+C;d1:C+F;d2:E+F;d3:D+F
189,campaign-189,Fair False Path 14,6,6,7,2,4,81,92,REVIEW,140,5,3,1.000000,0.416700,0.153800,7,840,1,0.998810,23,5,23,0,20,5,0,1,22,176,48,176,0,0.000000,46,0,108,192,192,1.000000,3,18,Weak ordering,6,4,1,1,1,0.166667,0,2,2,144,16,1,2,2,1,1,2,0,32,0,0,0,0,1.000000,7.000000,0.000000,0.000000,0.000000,0.000000,0.000000,1.000000,7.000000,0.000000,0.000000,0.000000,0.000000,0.000000,1.000000,7.000000,0.000000,0.000000,0.000000,0.000000,0.000000,1.000000,9.042278,2.042278,0.000000,0.000000,0.000000,0.000000,1.000000,7.000000,0.000000,0.000000,0.000000,0.000000,0.000000,Moderate,7,6,PULL+PUSH+POLARITY_FLIP+WALLS+OCCLUSION+MULTIPLE_MAGNETS+ORDER_DEPENDENCY,PULL+PUSH+POLARITY_FLIP+WALLS+OCCLUSION+MULTIPLE_MAGNETS,Every successful choice remains solvable and winning orders are mostly interchangeable,d0:A+B+C+E+F;d1:B+C+D+E+F;d2:C+D+E+F;d3:D+E+F;d4:E+F+G;d5:F+G
190,campaign-190,Fair False Path 15,7,7,7,2,4,81,90,REVIEW,407,6,3,1.000000,0.489800,0.153800,7,3360,4,0.998810,27,1,27,0,9,3,0,14,26,468,20,468,0,0.000000,78,0,132,532,584,0.910959,0,21,No meaningful ordering,4,2,0,0,0,0.000000,0,2,2,236,20,0,2,2,0,2,2,0,72,0,0,0,0,1.000000,7.000000,0.000000,0.000000,0.000000,0.000000,0.000000,1.000000,7.000000,0.000000,0.000000,0.000000,0.000000,0.000000,1.000000,7.000000,0.000000,0.000000,0.000000,0.000000,0.000000,1.000000,7.406190,0.406190,0.000000,0.000000,0.000000,0.000000,1.000000,7.000000,0.000000,0.000000,0.000000,0.000000,0.000000,Moderate,7,5,PULL+PUSH+POLARITY_FLIP+WALLS+OCCLUSION+MULTIPLE_MAGNETS+ORDER_DEPENDENCY,PULL+PUSH+WALLS+OCCLUSION+MULTIPLE_MAGNETS,Every successful choice remains solvable and winning orders are mostly interchangeable,d0:A+C+D+E+F+G;d1:B+C+D+E+F+G;d2:C+D+E+F+G;d3:D+E+F+G;d4:E+F+G;d5:F+G
191,campaign-191,Expert Circuit 1,7,7,6,2,4,79,87,REVIEW,138,5,3,1.000000,0.571400,0.166700,6,180,2,0.988889,18,3,18,0,4,2,0,10,17,108,20,108,0,0.000000,14,0,24,88,92,0.956522,1,14,Weak ordering,4,2,1,1,1,0.250000,0,2,1,60,4,1,2,2,0,2,2,0,8,0,0,0,0,1.000000,6.000000,0.000000,0.000000,0.000000,0.000000,0.000000,1.000000,6.000000,0.000000,0.000000,0.000000,0.000000,0.000000,1.000000,6.000000,0.000000,0.000000,0.000000,0.000000,0.000000,1.000000,7.410880,1.410880,0.000000,0.000000,0.000000,0.000000,1.000000,6.000000,0.000000,0.000000,0.000000,0.000000,0.000000,Easy,7,6,PULL+PUSH+POLARITY_FLIP+WALLS+OCCLUSION+MULTIPLE_MAGNETS+ORDER_DEPENDENCY,PULL+PUSH+POLARITY_FLIP+WALLS+OCCLUSION+MULTIPLE_MAGNETS,Every successful choice remains solvable and winning orders are mostly interchangeable,d0:A+C+D+E;d1:B+C+D+E;d2:C+D+E+F;d3:D+E+F;d4:E+F
192,campaign-192,Expert Circuit 2,6,6,7,2,3,80,92,REVIEW,226,6,3,1.000000,0.416700,0.166700,7,756,2,0.997354,20,8,20,0,13,4,0,4,19,204,44,204,0,0.000000,42,0,88,200,204,0.980392,2,19,Weak ordering,4,2,1,1,1,0.250000,0,2,0,136,4,1,2,1,0,1,1,0,8,0,0,0,0,1.000000,7.000000,0.000000,0.000000,0.000000,0.000000,0.000000,1.000000,7.000000,0.000000,0.000000,0.000000,0.000000,0.000000,1.000000,7.000000,0.000000,0.000000,0.000000,0.000000,0.000000,1.000000,9.166254,2.166254,0.000000,0.000000,0.000000,0.000000,1.000000,7.000000,0.000000,0.000000,0.000000,0.000000,0.000000,Moderate,7,6,PULL+PUSH+POLARITY_FLIP+WALLS+OCCLUSION+MULTIPLE_MAGNETS+ORDER_DEPENDENCY,PULL+PUSH+POLARITY_FLIP+WALLS+OCCLUSION+MULTIPLE_MAGNETS,Every successful choice remains solvable and winning orders are mostly interchangeable,d0:A+B+C+G;d1:B+C+E+G;d2:C+E+G;d3:E+F+G;d4:D+F+G;d5:F+G
193,campaign-193,Expert Circuit 3,7,7,6,1,3,82,86,REVIEW,240,5,4,1.000000,0.591800,0.200000,6,480,3,0.993750,20,1,20,0,11,3,0,6,19,188,8,188,0,0.000000,39,0,84,186,202,0.920792,0,15,No meaningful ordering,4,3,1,1,1,0.250000,0,1,1,100,8,1,2,1,0,1,1,0,16,0,0,0,0,1.000000,6.000000,0.000000,0.000000,0.000000,0.000000,0.000000,1.000000,6.000000,0.000000,0.000000,0.000000,0.000000,0.000000,1.000000,6.000000,0.000000,0.000000,0.000000,0.000000,0.000000,1.000000,6.401389,0.401389,0.000000,0.000000,0.000000,0.000000,1.000000,6.000000,0.000000,0.000000,0.000000,0.000000,0.000000,Moderate,6,5,PULL+PUSH+POLARITY_FLIP+WALLS+OCCLUSION+ORDER_DEPENDENCY,PULL+PUSH+POLARITY_FLIP+WALLS+OCCLUSION,Every successful choice remains solvable and winning orders are mostly interchangeable,d0:B+C+D+E+F;d1:A+C+D+E+F;d2:C+D+E+F;d3:D+E+F;d4:E+F
194,campaign-194,Expert Circuit 4,6,6,7,2,2,83,88,REVIEW,373,5,4,1.000000,0.527800,0.181800,7,1400,4,0.997143,21,7,21,0,18,5,0,1,20,324,72,324,0,0.000000,89,0,234,322,366,0.879781,1,20,Weak ordering,6,4,2,2,2,0.333333,0,2,1,300,32,1,2,0,0,0,0,0,64,0,0,0,0,1.000000,7.000000,0.000000,0.000000,0.000000,0.000000,0.000000,1.000000,7.000000,0.000000,0.000000,0.000000,0.000000,0.000000,1.000000,7.000000,0.000000,0.000000,0.000000,0.000000,0.000000,1.000000,8.743627,1.743627,0.000000,0.000000,0.000000,0.000000,1.000000,7.000000,0.000000,0.000000,0.000000,0.000000,0.000000,Moderate,7,5,PULL+PUSH+POLARITY_FLIP+WALLS+OCCLUSION+MULTIPLE_MAGNETS+ORDER_DEPENDENCY,PULL+PUSH+POLARITY_FLIP+OCCLUSION+MULTIPLE_MAGNETS,Every successful choice remains solvable and winning orders are mostly interchangeable,d0:A+B+C+E+F+G;d1:B+C+E+G;d2:C+E+G;d3:E+F+G;d4:F+G;d5:D+G
195,campaign-195,Expert Circuit 5,6,6,7,2,4,87,89,REVIEW,105,6,4,0.857100,0.527800,0.153800,7,840,4,0.995238,25,3,24,1,9,3,1,12,23,232,48,216,16,0.068966,52,16,96,204,228,0.894737,0,21,Moderate ordering,5,3,3,3,2,0.600000,1,1,1,156,64,1,2,2,2,2,2,0,0,0,0,0,0,0.333333,5.666667,0.666667,2.000000,0.666667,0.666667,1.750000,1.000000,7.000000,0.000000,0.000000,0.000000,0.000000,1.000000,0.666667,6.333333,0.333333,0.500000,0.333333,0.333333,1.500000,0.666667,8.602778,2.602778,0.500000,0.333333,0.333333,1.500000,0.333333,5.666667,0.666667,2.000000,0.666667,0.666667,3.083333,Moderate,7,7,PULL+PUSH+POLARITY_FLIP+WALLS+OCCLUSION+MULTIPLE_MAGNETS+ORDER_DEPENDENCY,PULL+PUSH+POLARITY_FLIP+WALLS+OCCLUSION+MULTIPLE_MAGNETS+ORDER_DEPENDENCY,Most viable choices commute safely,d0:A+C+E+F+H;d1:B+D+E+F+H;d2:C+E+F+H;d3:D+E+F+H;d4:E+F+H;d5:F+H
196,campaign-196,Expert Circuit 6,6,6,5,1,2,74,79,REVIEW,8,3,5,1.000000,0.555600,0.125000,5,36,4,0.888889,11,4,10,1,10,4,1,0,5,48,10,45,3,0.062500,18,3,44,27,33,0.818182,1,9,Moderate ordering,5,4,2,2,2,0.400000,0,1,1,48,4,1,1,1,1,0,1,0,7,0,0,0,0,0.500000,4.000000,0.500000,1.000000,0.500000,0.500000,1.000000,1.000000,5.000000,0.000000,0.000000,0.000000,0.000000,1.000000,0.625000,4.250000,0.375000,0.600000,0.375000,0.375000,0.750000,0.625000,5.950000,2.075000,0.600000,0.375000,0.375000,0.750000,0.500000,4.000000,0.500000,1.000000,0.500000,0.500000,1.000000,Moderate,6,6,PULL+PUSH+POLARITY_FLIP+WALLS+OCCLUSION+ORDER_DEPENDENCY,PULL+PUSH+POLARITY_FLIP+WALLS+OCCLUSION+ORDER_DEPENDENCY,Most viable choices commute safely,d0:B+D+E;d3:A+E
197,campaign-197,Expert Circuit 7,6,6,7,2,4,87,89,REVIEW,154,6,4,1.000000,0.527800,0.153800,7,504,2,0.996032,23,5,22,1,12,4,1,8,21,164,28,156,8,0.048780,28,8,56,155,159,0.974843,2,19,Moderate ordering,5,3,1,1,1,0.200000,1,1,1,112,8,1,2,2,1,1,2,0,12,0,0,0,0,0.000000,4.000000,1.000000,NOT_SOLVABLE,1.000000,1.000000,1.666667,0.000000,4.000000,1.000000,NOT_SOLVABLE,1.000000,1.000000,1.000000,0.500000,5.500000,0.500000,1.000000,0.500000,0.500000,1.444444,0.500000,9.478241,4.478241,1.000000,0.500000,0.500000,1.444444,0.000000,4.000000,1.000000,NOT_SOLVABLE,1.000000,1.000000,2.333333,Hard,7,7,PULL+PUSH+POLARITY_FLIP+WALLS+OCCLUSION+MULTIPLE_MAGNETS+ORDER_DEPENDENCY,PULL+PUSH+POLARITY_FLIP+WALLS+OCCLUSION+MULTIPLE_MAGNETS+ORDER_DEPENDENCY,Most viable choices commute safely,d0:A+D+F+G;d1:E+F+G;d2:B+C+D+F+G;d3:C+D+F+G;d4:D+F+G;d5:F+G
198,campaign-198,Expert Circuit 8,6,6,6,2,4,90,92,ACCEPT,90,5,4,1.000000,0.388900,0.166700,6,120,2,0.983333,16,5,14,2,11,4,2,3,13,92,16,80,12,0.130435,19,12,36,61,65,0.938462,1,14,Moderate ordering,3,2,1,1,1,0.333333,1,1,1,44,12,1,1,3,1,3,3,0,0,0,0,0,0,0.000000,5.000000,1.000000,NOT_SOLVABLE,1.000000,1.000000,1.500000,0.000000,5.000000,1.000000,NOT_SOLVABLE,1.000000,1.000000,2.000000,0.500000,5.500000,0.500000,1.000000,0.500000,0.500000,1.611111,0.500000,7.440278,2.440278,1.000000,0.500000,0.500000,1.611111,0.000000,5.000000,1.000000,NOT_SOLVABLE,1.000000,1.000000,1.666667,Hard,7,6,PULL+PUSH+POLARITY_FLIP+WALLS+OCCLUSION+MULTIPLE_MAGNETS+ORDER_DEPENDENCY,PULL+PUSH+POLARITY_FLIP+WALLS+OCCLUSION+ORDER_DEPENDENCY,Most viable choices commute safely,d0:A+B+C+F;d1:B+D+F;d2:D+F;d3:C+F;d4:E+F
199,campaign-199,Expert Circuit 9,6,6,7,2,2,91,89,REVIEW,226,5,5,1.000000,0.500000,0.181800,7,728,3,0.995879,20,8,18,2,16,5,2,2,17,202,34,190,12,0.059406,53,12,149,173,187,0.925134,2,19,Moderate ordering,6,4,1,1,1,0.166667,0,2,1,212,24,1,2,0,0,0,0,0,32,0,0,0,0,0.000000,5.000000,1.000000,NOT_SOLVABLE,1.000000,1.000000,2.000000,1.000000,7.000000,0.000000,0.000000,0.000000,0.000000,2.000000,0.500000,6.000000,0.500000,1.000000,0.500000,0.500000,1.992593,0.500000,9.887383,4.387383,1.000000,0.500000,0.500000,1.992593,0.000000,5.000000,1.000000,NOT_SOLVABLE,1.000000,1.000000,2.000000,Hard,7,6,PULL+PUSH+POLARITY_FLIP+WALLS+OCCLUSION+MULTIPLE_MAGNETS+ORDER_DEPENDENCY,PULL+PUSH+POLARITY_FLIP+OCCLUSION+MULTIPLE_MAGNETS+ORDER_DEPENDENCY,Most viable choices commute safely,d0:B+C+D+F;d1:D+F;d2:E+F+G;d3:A+F+G;d4:C+F+G;d5:F+G
200,campaign-200,Expert Circuit Finale,6,6,7,2,2,91,89,REVIEW,149,5,5,1.000000,0.500000,0.181800,7,728,3,0.995879,20,8,18,2,16,5,2,2,17,202,34,190,12,0.059406,53,12,149,173,187,0.925134,2,19,Moderate ordering,6,4,1,1,1,0.166667,0,2,2,212,24,1,2,0,0,0,0,0,32,0,0,0,0,0.000000,5.000000,1.000000,NOT_SOLVABLE,1.000000,1.000000,2.333333,1.000000,7.000000,0.000000,0.000000,0.000000,0.000000,2.000000,0.500000,6.000000,0.500000,1.000000,0.500000,0.500000,1.992593,0.500000,9.887383,4.387383,1.000000,0.500000,0.500000,1.992593,0.000000,5.000000,1.000000,NOT_SOLVABLE,1.000000,1.000000,2.333333,Hard,7,6,PULL+PUSH+POLARITY_FLIP+WALLS+OCCLUSION+MULTIPLE_MAGNETS+ORDER_DEPENDENCY,PULL+PUSH+POLARITY_FLIP+OCCLUSION+MULTIPLE_MAGNETS+ORDER_DEPENDENCY,Most viable choices commute safely,d0:B+C+D+F;d1:D+F;d2:E+F+G;d3:A+F+G;d4:C+F+G;d5:F+G
