level_id,source,target,interaction_type,interaction_density,connected_components,largest_component
"d2-v5-tutorial-001","arrow:a1","arrow:a2","ALTERNATIVE_PATH","0.3333","3","4"
"d2-v5-tutorial-001","arrow:a1","arrow:a3","OCCLUSION","0.3333","3","4"
"d2-v5-tutorial-001","arrow:a1","arrow:a3","ROUTE_BLOCK","0.3333","3","4"
"d2-v5-tutorial-001","arrow:a1","arrow:a3","EXPOSURE","0.3333","3","4"
"d2-v5-tutorial-001","arrow:a1","arrow:a3","STATE_DEPENDENCY","0.3333","3","4"
"d2-v5-tutorial-001","arrow:a1","arrow:a3","REVEAL","0.3333","3","4"
"d2-v5-tutorial-001","arrow:a2","arrow:a3","ALTERNATIVE_PATH","0.3333","3","4"
"d2-v5-tutorial-001","arrow:a3","arrow:a1","COLLISION","0.3333","3","4"
"d2-v5-tutorial-001","magnet:m1","arrow:a1","MAGNET_CONTROL","0.3333","3","4"
"d2-v5-tutorial-001","magnet:m1","arrow:a3","MAGNET_CONTROL","0.3333","3","4"
"d2-v5-tutorial-001","magnet:m1","arrow:a3","POLARITY_DEPENDENCY","0.3333","3","4"
"d2-v5-tutorial-002","wall:3,2","arrow:a1","OCCLUSION","0.1667","3","2"
"d2-v5-tutorial-003","wall:3,2","arrow:a1","OCCLUSION","0.3333","2","2"
"d2-v5-tutorial-004","arrow:a1","arrow:a2","EXPOSURE","0.4","2","5"
"d2-v5-tutorial-004","arrow:a1","arrow:a2","STATE_DEPENDENCY","0.4","2","5"
"d2-v5-tutorial-004","arrow:a1","arrow:a2","REVEAL","0.4","2","5"
"d2-v5-tutorial-004","arrow:a1","arrow:a2","ALTERNATIVE_PATH","0.4","2","5"
"d2-v5-tutorial-004","arrow:a1","arrow:a3","ALTERNATIVE_PATH","0.4","2","5"
"d2-v5-tutorial-004","arrow:a2","arrow:a1","EXPOSURE","0.4","2","5"
"d2-v5-tutorial-004","arrow:a2","arrow:a1","STATE_DEPENDENCY","0.4","2","5"
"d2-v5-tutorial-004","arrow:a2","arrow:a1","REVEAL","0.4","2","5"
"d2-v5-tutorial-004","arrow:a2","arrow:a3","ALTERNATIVE_PATH","0.4","2","5"
"d2-v5-tutorial-004","magnet:m1","arrow:a1","MAGNET_CONTROL","0.4","2","5"
"d2-v5-tutorial-004","magnet:m1","arrow:a1","POLARITY_DEPENDENCY","0.4","2","5"
"d2-v5-tutorial-004","magnet:m1","arrow:a2","MAGNET_CONTROL","0.4","2","5"
"d2-v5-tutorial-004","magnet:m1","arrow:a2","POLARITY_DEPENDENCY","0.4","2","5"
"d2-v5-tutorial-004","wall:2,2","arrow:a3","OCCLUSION","0.4","2","5"
"d2-v5-tutorial-005","magnet:m1","magnet:m2","CANCELLATION","0.3333","2","2"
"d2-v5-tutorial-006","arrow:a1","arrow:a2","ROUTE_BLOCK","0.4","2","5"
"d2-v5-tutorial-006","arrow:a1","wall:4,4","COLLISION","0.4","2","5"
"d2-v5-tutorial-006","arrow:a2","arrow:a1","COLLISION","0.4","2","5"
"d2-v5-tutorial-006","arrow:a2","arrow:a1","OCCLUSION","0.4","2","5"
"d2-v5-tutorial-006","arrow:a2","arrow:a1","EXPOSURE","0.4","2","5"
"d2-v5-tutorial-006","arrow:a2","arrow:a1","STATE_DEPENDENCY","0.4","2","5"
"d2-v5-tutorial-006","arrow:a2","arrow:a1","REVEAL","0.4","2","5"
"d2-v5-tutorial-006","arrow:a3","arrow:a2","EXPOSURE","0.4","2","5"
"d2-v5-tutorial-006","arrow:a3","arrow:a2","STATE_DEPENDENCY","0.4","2","5"
"d2-v5-tutorial-006","arrow:a3","arrow:a2","REVEAL","0.4","2","5"
"d2-v5-tutorial-006","magnet:m1","arrow:a1","MAGNET_CONTROL","0.4","2","5"
"d2-v5-tutorial-006","magnet:m1","arrow:a1","POLARITY_DEPENDENCY","0.4","2","5"
"d2-v5-tutorial-006","magnet:m1","arrow:a2","MAGNET_CONTROL","0.4","2","5"
"d2-v5-tutorial-006","magnet:m1","arrow:a2","POLARITY_DEPENDENCY","0.4","2","5"
"d2-v5-tutorial-006","magnet:m1","arrow:a3","MAGNET_CONTROL","0.4","2","5"
"d2-v5-tutorial-006","wall:4,4","arrow:a1","ROUTE_BLOCK","0.4","2","5"
"d2-v5-tutorial-007","arrow:a1","arrow:a2","EXPOSURE","0.3","3","3"
"d2-v5-tutorial-007","arrow:a1","arrow:a2","STATE_DEPENDENCY","0.3","3","3"
"d2-v5-tutorial-007","arrow:a1","arrow:a2","REVEAL","0.3","3","3"
"d2-v5-tutorial-007","arrow:a1","arrow:a2","ALTERNATIVE_PATH","0.3","3","3"
"d2-v5-tutorial-007","arrow:a2","arrow:a1","EXPOSURE","0.3","3","3"
"d2-v5-tutorial-007","arrow:a2","arrow:a1","STATE_DEPENDENCY","0.3","3","3"
"d2-v5-tutorial-007","arrow:a2","arrow:a1","REVEAL","0.3","3","3"
"d2-v5-tutorial-007","magnet:m1","arrow:a1","MAGNET_CONTROL","0.3","3","3"
"d2-v5-tutorial-007","magnet:m1","arrow:a1","POLARITY_DEPENDENCY","0.3","3","3"
"d2-v5-tutorial-007","magnet:m1","arrow:a2","MAGNET_CONTROL","0.3","3","3"
"d2-v5-tutorial-007","magnet:m1","arrow:a2","POLARITY_DEPENDENCY","0.3","3","3"
"d2-v5-tutorial-008","arrow:a1","arrow:a2","EXPOSURE","0.3333","3","4"
"d2-v5-tutorial-008","arrow:a1","arrow:a2","STATE_DEPENDENCY","0.3333","3","4"
"d2-v5-tutorial-008","arrow:a1","arrow:a2","REVEAL","0.3333","3","4"
"d2-v5-tutorial-008","arrow:a1","arrow:a2","ALTERNATIVE_PATH","0.3333","3","4"
"d2-v5-tutorial-008","arrow:a1","arrow:a3","ALTERNATIVE_PATH","0.3333","3","4"
"d2-v5-tutorial-008","arrow:a2","arrow:a1","EXPOSURE","0.3333","3","4"
"d2-v5-tutorial-008","arrow:a2","arrow:a1","STATE_DEPENDENCY","0.3333","3","4"
"d2-v5-tutorial-008","arrow:a2","arrow:a1","REVEAL","0.3333","3","4"
"d2-v5-tutorial-008","arrow:a2","arrow:a3","ALTERNATIVE_PATH","0.3333","3","4"
"d2-v5-tutorial-008","magnet:m1","arrow:a1","MAGNET_CONTROL","0.3333","3","4"
"d2-v5-tutorial-008","magnet:m1","arrow:a1","POLARITY_DEPENDENCY","0.3333","3","4"
"d2-v5-tutorial-008","magnet:m1","arrow:a2","MAGNET_CONTROL","0.3333","3","4"
"d2-v5-tutorial-008","magnet:m1","arrow:a2","POLARITY_DEPENDENCY","0.3333","3","4"
"d2-v5-tutorial-009","arrow:a1","arrow:a3","EXPOSURE","0.4","2","5"
"d2-v5-tutorial-009","arrow:a1","arrow:a3","STATE_DEPENDENCY","0.4","2","5"
"d2-v5-tutorial-009","arrow:a1","arrow:a3","REVEAL","0.4","2","5"
"d2-v5-tutorial-009","arrow:a2","arrow:a3","ROUTE_BLOCK","0.4","2","5"
"d2-v5-tutorial-009","arrow:a2","wall:1,4","COLLISION","0.4","2","5"
"d2-v5-tutorial-009","arrow:a3","arrow:a2","COLLISION","0.4","2","5"
"d2-v5-tutorial-009","arrow:a3","arrow:a2","OCCLUSION","0.4","2","5"
"d2-v5-tutorial-009","arrow:a3","arrow:a2","EXPOSURE","0.4","2","5"
"d2-v5-tutorial-009","arrow:a3","arrow:a2","STATE_DEPENDENCY","0.4","2","5"
"d2-v5-tutorial-009","arrow:a3","arrow:a2","REVEAL","0.4","2","5"
"d2-v5-tutorial-009","magnet:m1","arrow:a1","MAGNET_CONTROL","0.4","2","5"
"d2-v5-tutorial-009","magnet:m1","arrow:a2","MAGNET_CONTROL","0.4","2","5"
"d2-v5-tutorial-009","magnet:m1","arrow:a2","POLARITY_DEPENDENCY","0.4","2","5"
"d2-v5-tutorial-009","magnet:m1","arrow:a3","MAGNET_CONTROL","0.4","2","5"
"d2-v5-tutorial-009","magnet:m1","arrow:a3","POLARITY_DEPENDENCY","0.4","2","5"
"d2-v5-tutorial-009","wall:1,4","arrow:a2","ROUTE_BLOCK","0.4","2","5"
"d2-v5-tutorial-010","arrow:a1","arrow:a2","COLLISION","0.1667","3","2"
"d2-v5-tutorial-010","arrow:a2","arrow:a1","ROUTE_BLOCK","0.1667","3","2"
"d2-v5-tutorial-010","arrow:a2","arrow:a1","EXPOSURE","0.1667","3","2"
"d2-v5-tutorial-010","arrow:a2","arrow:a1","STATE_DEPENDENCY","0.1667","3","2"
"d2-v5-tutorial-010","arrow:a2","arrow:a1","REVEAL","0.1667","3","2"
"d2-v5-tutorial-011","arrow:a1","arrow:a2","COLLISION","0.1333","4","2"
"d2-v5-tutorial-011","arrow:a1","arrow:a2","OCCLUSION","0.1333","4","2"
"d2-v5-tutorial-011","arrow:a2","arrow:a1","ROUTE_BLOCK","0.1333","4","2"
"d2-v5-tutorial-011","arrow:a2","arrow:a1","EXPOSURE","0.1333","4","2"
"d2-v5-tutorial-011","arrow:a2","arrow:a1","STATE_DEPENDENCY","0.1333","4","2"
"d2-v5-tutorial-011","arrow:a2","arrow:a1","REVEAL","0.1333","4","2"
"d2-v5-tutorial-011","magnet:m1","magnet:m2","CANCELLATION","0.1333","4","2"
"d2-v5-tutorial-012","arrow:a1","arrow:a2","ROUTE_BLOCK","0.3333","2","2"
"d2-v5-tutorial-012","arrow:a1","arrow:a2","EXPOSURE","0.3333","2","2"
"d2-v5-tutorial-012","arrow:a1","arrow:a2","STATE_DEPENDENCY","0.3333","2","2"
"d2-v5-tutorial-012","arrow:a1","arrow:a2","REVEAL","0.3333","2","2"
"d2-v5-tutorial-012","arrow:a2","arrow:a1","COLLISION","0.3333","2","2"
"d2-v5-hard-013","arrow:a1","arrow:a2","ORDER_DEPENDENCY","0.2222","4","7"
"d2-v5-hard-013","arrow:a1","arrow:a2","ALTERNATIVE_PATH","0.2222","4","7"
"d2-v5-hard-013","arrow:a1","arrow:a3","ALTERNATIVE_PATH","0.2222","4","7"
"d2-v5-hard-013","arrow:a2","arrow:a3","EXPOSURE","0.2222","4","7"
"d2-v5-hard-013","arrow:a2","arrow:a3","STATE_DEPENDENCY","0.2222","4","7"
"d2-v5-hard-013","arrow:a2","arrow:a3","REVEAL","0.2222","4","7"
"d2-v5-hard-013","arrow:a2","arrow:a4","ALTERNATIVE_PATH","0.2222","4","7"
"d2-v5-hard-013","arrow:a3","arrow:a2","EXPOSURE","0.2222","4","7"
"d2-v5-hard-013","arrow:a3","arrow:a2","ORDER_DEPENDENCY","0.2222","4","7"
"d2-v5-hard-013","arrow:a3","arrow:a2","STATE_DEPENDENCY","0.2222","4","7"
"d2-v5-hard-013","arrow:a3","arrow:a2","REVEAL","0.2222","4","7"
"d2-v5-hard-013","arrow:a3","arrow:a4","ALTERNATIVE_PATH","0.2222","4","7"
"d2-v5-hard-013","arrow:a3","magnet:m2","COLLISION","0.2222","4","7"
"d2-v5-hard-013","arrow:a4","arrow:a2","ORDER_DEPENDENCY","0.2222","4","7"
"d2-v5-hard-013","magnet:m2","arrow:a3","ROUTE_BLOCK","0.2222","4","7"
"d2-v5-hard-013","magnet:m3","arrow:a2","OCCLUSION","0.2222","4","7"
"d2-v5-hard-013","magnet:m3","arrow:a2","MAGNET_CONTROL","0.2222","4","7"
"d2-v5-hard-013","magnet:m3","arrow:a2","POLARITY_DEPENDENCY","0.2222","4","7"
"d2-v5-hard-013","magnet:m3","arrow:a3","MAGNET_CONTROL","0.2222","4","7"
"d2-v5-hard-013","magnet:m3","arrow:a3","POLARITY_DEPENDENCY","0.2222","4","7"
"d2-v5-hard-013","wall:2,2","arrow:a1","OCCLUSION","0.2222","4","7"
"d2-v5-hard-013","wall:2,2","arrow:a4","OCCLUSION","0.2222","4","7"
"d2-v5-easy-014","arrow:a1","arrow:a2","EXPOSURE","0.381","3","5"
"d2-v5-easy-014","arrow:a1","arrow:a2","STATE_DEPENDENCY","0.381","3","5"
"d2-v5-easy-014","arrow:a1","arrow:a2","REVEAL","0.381","3","5"
"d2-v5-easy-014","arrow:a1","arrow:a3","EXPOSURE","0.381","3","5"
"d2-v5-easy-014","arrow:a1","arrow:a3","STATE_DEPENDENCY","0.381","3","5"
"d2-v5-easy-014","arrow:a1","arrow:a3","REVEAL","0.381","3","5"
"d2-v5-easy-014","arrow:a2","arrow:a1","ORDER_DEPENDENCY","0.381","3","5"
"d2-v5-easy-014","arrow:a2","arrow:a3","ROUTE_BLOCK","0.381","3","5"
"d2-v5-easy-014","arrow:a2","arrow:a3","ALTERNATIVE_PATH","0.381","3","5"
"d2-v5-easy-014","arrow:a2","wall:1,3","COLLISION","0.381","3","5"
"d2-v5-easy-014","arrow:a3","arrow:a1","EXPOSURE","0.381","3","5"
"d2-v5-easy-014","arrow:a3","arrow:a1","ORDER_DEPENDENCY","0.381","3","5"
"d2-v5-easy-014","arrow:a3","arrow:a1","STATE_DEPENDENCY","0.381","3","5"
"d2-v5-easy-014","arrow:a3","arrow:a1","REVEAL","0.381","3","5"
"d2-v5-easy-014","arrow:a3","arrow:a2","COLLISION","0.381","3","5"
"d2-v5-easy-014","arrow:a3","arrow:a2","OCCLUSION","0.381","3","5"
"d2-v5-easy-014","arrow:a3","arrow:a2","EXPOSURE","0.381","3","5"
"d2-v5-easy-014","arrow:a3","arrow:a2","STATE_DEPENDENCY","0.381","3","5"
"d2-v5-easy-014","arrow:a3","arrow:a2","REVEAL","0.381","3","5"
"d2-v5-easy-014","arrow:a3","wall:1,3","COLLISION","0.381","3","5"
"d2-v5-easy-014","magnet:m1","arrow:a1","MAGNET_CONTROL","0.381","3","5"
"d2-v5-easy-014","magnet:m1","arrow:a1","POLARITY_DEPENDENCY","0.381","3","5"
"d2-v5-easy-014","magnet:m1","arrow:a2","MAGNET_CONTROL","0.381","3","5"
"d2-v5-easy-014","magnet:m1","arrow:a2","POLARITY_DEPENDENCY","0.381","3","5"
"d2-v5-easy-014","magnet:m1","arrow:a3","MAGNET_CONTROL","0.381","3","5"
"d2-v5-easy-014","magnet:m1","arrow:a3","POLARITY_DEPENDENCY","0.381","3","5"
"d2-v5-easy-014","wall:1,3","arrow:a2","ROUTE_BLOCK","0.381","3","5"
"d2-v5-easy-014","wall:1,3","arrow:a3","ROUTE_BLOCK","0.381","3","5"
"d2-v5-medium-015","arrow:a1","arrow:a2","ALTERNATIVE_PATH","0.2222","4","7"
"d2-v5-medium-015","arrow:a1","arrow:a3","EXPOSURE","0.2222","4","7"
"d2-v5-medium-015","arrow:a1","arrow:a3","STATE_DEPENDENCY","0.2222","4","7"
"d2-v5-medium-015","arrow:a1","arrow:a3","REVEAL","0.2222","4","7"
"d2-v5-medium-015","arrow:a1","arrow:a4","ALTERNATIVE_PATH","0.2222","4","7"
"d2-v5-medium-015","arrow:a2","arrow:a1","ORDER_DEPENDENCY","0.2222","4","7"
"d2-v5-medium-015","arrow:a2","arrow:a3","ALTERNATIVE_PATH","0.2222","4","7"
"d2-v5-medium-015","arrow:a2","arrow:a4","ALTERNATIVE_PATH","0.2222","4","7"
"d2-v5-medium-015","arrow:a3","arrow:a1","EXPOSURE","0.2222","4","7"
"d2-v5-medium-015","arrow:a3","arrow:a1","ORDER_DEPENDENCY","0.2222","4","7"
"d2-v5-medium-015","arrow:a3","arrow:a1","STATE_DEPENDENCY","0.2222","4","7"
"d2-v5-medium-015","arrow:a3","arrow:a1","REVEAL","0.2222","4","7"
"d2-v5-medium-015","arrow:a3","arrow:a4","ALTERNATIVE_PATH","0.2222","4","7"
"d2-v5-medium-015","arrow:a3","wall:7,6","COLLISION","0.2222","4","7"
"d2-v5-medium-015","arrow:a4","arrow:a1","ORDER_DEPENDENCY","0.2222","4","7"
"d2-v5-medium-015","magnet:m1","arrow:a1","MAGNET_CONTROL","0.2222","4","7"
"d2-v5-medium-015","magnet:m1","arrow:a1","POLARITY_DEPENDENCY","0.2222","4","7"
"d2-v5-medium-015","magnet:m1","arrow:a3","MAGNET_CONTROL","0.2222","4","7"
"d2-v5-medium-015","magnet:m1","arrow:a3","POLARITY_DEPENDENCY","0.2222","4","7"
"d2-v5-medium-015","wall:6,7","arrow:a4","OCCLUSION","0.2222","4","7"
"d2-v5-medium-015","wall:7,6","arrow:a3","ROUTE_BLOCK","0.2222","4","7"
"d2-v5-expert-016","arrow:a1","arrow:a2","ROUTE_BLOCK","0.2308","5","9"
"d2-v5-expert-016","arrow:a1","arrow:a2","ORDER_DEPENDENCY","0.2308","5","9"
"d2-v5-expert-016","arrow:a1","arrow:a3","ALTERNATIVE_PATH","0.2308","5","9"
"d2-v5-expert-016","arrow:a1","arrow:a4","ORDER_DEPENDENCY","0.2308","5","9"
"d2-v5-expert-016","arrow:a1","arrow:a5","ALTERNATIVE_PATH","0.2308","5","9"
"d2-v5-expert-016","arrow:a1","magnet:m2","COLLISION","0.2308","5","9"
"d2-v5-expert-016","arrow:a2","arrow:a1","COLLISION","0.2308","5","9"
"d2-v5-expert-016","arrow:a2","arrow:a1","OCCLUSION","0.2308","5","9"
"d2-v5-expert-016","arrow:a2","arrow:a1","EXPOSURE","0.2308","5","9"
"d2-v5-expert-016","arrow:a2","arrow:a1","STATE_DEPENDENCY","0.2308","5","9"
"d2-v5-expert-016","arrow:a2","arrow:a1","REVEAL","0.2308","5","9"
"d2-v5-expert-016","arrow:a2","arrow:a3","ALTERNATIVE_PATH","0.2308","5","9"
"d2-v5-expert-016","arrow:a2","arrow:a4","EXPOSURE","0.2308","5","9"
"d2-v5-expert-016","arrow:a2","arrow:a4","ORDER_DEPENDENCY","0.2308","5","9"
"d2-v5-expert-016","arrow:a2","arrow:a4","STATE_DEPENDENCY","0.2308","5","9"
"d2-v5-expert-016","arrow:a2","arrow:a4","REVEAL","0.2308","5","9"
"d2-v5-expert-016","arrow:a2","arrow:a5","ALTERNATIVE_PATH","0.2308","5","9"
"d2-v5-expert-016","arrow:a2","magnet:m1","COLLISION","0.2308","5","9"
"d2-v5-expert-016","arrow:a3","arrow:a2","ORDER_DEPENDENCY","0.2308","5","9"
"d2-v5-expert-016","arrow:a3","arrow:a4","ORDER_DEPENDENCY","0.2308","5","9"
"d2-v5-expert-016","arrow:a3","arrow:a4","ALTERNATIVE_PATH","0.2308","5","9"
"d2-v5-expert-016","arrow:a3","arrow:a5","ALTERNATIVE_PATH","0.2308","5","9"
"d2-v5-expert-016","arrow:a4","arrow:a2","EXPOSURE","0.2308","5","9"
"d2-v5-expert-016","arrow:a4","arrow:a2","STATE_DEPENDENCY","0.2308","5","9"
"d2-v5-expert-016","arrow:a4","arrow:a2","REVEAL","0.2308","5","9"
"d2-v5-expert-016","arrow:a4","arrow:a5","ALTERNATIVE_PATH","0.2308","5","9"
"d2-v5-expert-016","arrow:a5","arrow:a2","ORDER_DEPENDENCY","0.2308","5","9"
"d2-v5-expert-016","arrow:a5","arrow:a4","ORDER_DEPENDENCY","0.2308","5","9"
"d2-v5-expert-016","magnet:m1","arrow:a1","MAGNET_CONTROL","0.2308","5","9"
"d2-v5-expert-016","magnet:m1","arrow:a2","ROUTE_BLOCK","0.2308","5","9"
"d2-v5-expert-016","magnet:m1","magnet:m2","CANCELLATION","0.2308","5","9"
"d2-v5-expert-016","magnet:m2","arrow:a1","ROUTE_BLOCK","0.2308","5","9"
"d2-v5-expert-016","magnet:m2","arrow:a2","MAGNET_CONTROL","0.2308","5","9"
"d2-v5-expert-016","magnet:m2","arrow:a2","POLARITY_DEPENDENCY","0.2308","5","9"
"d2-v5-expert-016","magnet:m2","arrow:a4","MAGNET_CONTROL","0.2308","5","9"
"d2-v5-expert-016","magnet:m2","arrow:a4","POLARITY_DEPENDENCY","0.2308","5","9"
"d2-v5-expert-016","magnet:m3","arrow:a5","MAGNET_CONTROL","0.2308","5","9"
"d2-v5-expert-016","magnet:m4","arrow:a3","OCCLUSION","0.2308","5","9"
"d2-v5-expert-016","magnet:m4","arrow:a3","MAGNET_CONTROL","0.2308","5","9"
"d2-v5-hard-017","arrow:a1","arrow:a2","EXPOSURE","0.2909","4","8"
"d2-v5-hard-017","arrow:a1","arrow:a2","STATE_DEPENDENCY","0.2909","4","8"
"d2-v5-hard-017","arrow:a1","arrow:a2","REVEAL","0.2909","4","8"
"d2-v5-hard-017","arrow:a1","arrow:a3","ALTERNATIVE_PATH","0.2909","4","8"
"d2-v5-hard-017","arrow:a1","arrow:a4","EXPOSURE","0.2909","4","8"
"d2-v5-hard-017","arrow:a1","arrow:a4","STATE_DEPENDENCY","0.2909","4","8"
"d2-v5-hard-017","arrow:a1","arrow:a4","REVEAL","0.2909","4","8"
"d2-v5-hard-017","arrow:a1","arrow:a4","ALTERNATIVE_PATH","0.2909","4","8"
"d2-v5-hard-017","arrow:a1","arrow:a5","EXPOSURE","0.2909","4","8"
"d2-v5-hard-017","arrow:a1","arrow:a5","STATE_DEPENDENCY","0.2909","4","8"
"d2-v5-hard-017","arrow:a1","arrow:a5","REVEAL","0.2909","4","8"
"d2-v5-hard-017","arrow:a2","arrow:a1","EXPOSURE","0.2909","4","8"
"d2-v5-hard-017","arrow:a2","arrow:a1","ORDER_DEPENDENCY","0.2909","4","8"
"d2-v5-hard-017","arrow:a2","arrow:a1","STATE_DEPENDENCY","0.2909","4","8"
"d2-v5-hard-017","arrow:a2","arrow:a1","REVEAL","0.2909","4","8"
"d2-v5-hard-017","arrow:a2","arrow:a3","ALTERNATIVE_PATH","0.2909","4","8"
"d2-v5-hard-017","arrow:a2","arrow:a4","COLLISION","0.2909","4","8"
"d2-v5-hard-017","arrow:a2","arrow:a4","OCCLUSION","0.2909","4","8"
"d2-v5-hard-017","arrow:a2","arrow:a4","ROUTE_BLOCK","0.2909","4","8"
"d2-v5-hard-017","arrow:a2","arrow:a4","EXPOSURE","0.2909","4","8"
"d2-v5-hard-017","arrow:a2","arrow:a4","STATE_DEPENDENCY","0.2909","4","8"
"d2-v5-hard-017","arrow:a2","arrow:a4","REVEAL","0.2909","4","8"
"d2-v5-hard-017","arrow:a2","arrow:a5","EXPOSURE","0.2909","4","8"
"d2-v5-hard-017","arrow:a2","arrow:a5","STATE_DEPENDENCY","0.2909","4","8"
"d2-v5-hard-017","arrow:a2","arrow:a5","REVEAL","0.2909","4","8"
"d2-v5-hard-017","arrow:a2","arrow:a5","ALTERNATIVE_PATH","0.2909","4","8"
"d2-v5-hard-017","arrow:a3","arrow:a1","ORDER_DEPENDENCY","0.2909","4","8"
"d2-v5-hard-017","arrow:a3","arrow:a4","ORDER_DEPENDENCY","0.2909","4","8"
"d2-v5-hard-017","arrow:a3","arrow:a4","ALTERNATIVE_PATH","0.2909","4","8"
"d2-v5-hard-017","arrow:a3","arrow:a5","ALTERNATIVE_PATH","0.2909","4","8"
"d2-v5-hard-017","arrow:a4","arrow:a1","EXPOSURE","0.2909","4","8"
"d2-v5-hard-017","arrow:a4","arrow:a1","STATE_DEPENDENCY","0.2909","4","8"
"d2-v5-hard-017","arrow:a4","arrow:a1","REVEAL","0.2909","4","8"
"d2-v5-hard-017","arrow:a4","arrow:a2","COLLISION","0.2909","4","8"
"d2-v5-hard-017","arrow:a4","arrow:a2","ROUTE_BLOCK","0.2909","4","8"
"d2-v5-hard-017","arrow:a4","arrow:a5","EXPOSURE","0.2909","4","8"
"d2-v5-hard-017","arrow:a4","arrow:a5","STATE_DEPENDENCY","0.2909","4","8"
"d2-v5-hard-017","arrow:a4","arrow:a5","REVEAL","0.2909","4","8"
"d2-v5-hard-017","arrow:a5","arrow:a1","EXPOSURE","0.2909","4","8"
"d2-v5-hard-017","arrow:a5","arrow:a1","ORDER_DEPENDENCY","0.2909","4","8"
"d2-v5-hard-017","arrow:a5","arrow:a1","STATE_DEPENDENCY","0.2909","4","8"
"d2-v5-hard-017","arrow:a5","arrow:a1","REVEAL","0.2909","4","8"
"d2-v5-hard-017","arrow:a5","arrow:a2","EXPOSURE","0.2909","4","8"
"d2-v5-hard-017","arrow:a5","arrow:a2","STATE_DEPENDENCY","0.2909","4","8"
"d2-v5-hard-017","arrow:a5","arrow:a2","REVEAL","0.2909","4","8"
"d2-v5-hard-017","arrow:a5","arrow:a4","EXPOSURE","0.2909","4","8"
"d2-v5-hard-017","arrow:a5","arrow:a4","ORDER_DEPENDENCY","0.2909","4","8"
"d2-v5-hard-017","arrow:a5","arrow:a4","STATE_DEPENDENCY","0.2909","4","8"
"d2-v5-hard-017","arrow:a5","arrow:a4","REVEAL","0.2909","4","8"
"d2-v5-hard-017","arrow:a5","wall:2,3","COLLISION","0.2909","4","8"
"d2-v5-hard-017","magnet:m1","arrow:a1","MAGNET_CONTROL","0.2909","4","8"
"d2-v5-hard-017","magnet:m1","arrow:a1","POLARITY_DEPENDENCY","0.2909","4","8"
"d2-v5-hard-017","magnet:m1","arrow:a2","OCCLUSION","0.2909","4","8"
"d2-v5-hard-017","magnet:m1","arrow:a2","MAGNET_CONTROL","0.2909","4","8"
"d2-v5-hard-017","magnet:m1","arrow:a2","POLARITY_DEPENDENCY","0.2909","4","8"
"d2-v5-hard-017","magnet:m1","arrow:a4","OCCLUSION","0.2909","4","8"
"d2-v5-hard-017","magnet:m1","arrow:a4","MAGNET_CONTROL","0.2909","4","8"
"d2-v5-hard-017","magnet:m1","arrow:a4","POLARITY_DEPENDENCY","0.2909","4","8"
"d2-v5-hard-017","magnet:m1","arrow:a5","MAGNET_CONTROL","0.2909","4","8"
"d2-v5-hard-017","magnet:m1","arrow:a5","POLARITY_DEPENDENCY","0.2909","4","8"
"d2-v5-hard-017","wall:2,3","arrow:a5","ROUTE_BLOCK","0.2909","4","8"
"d2-v5-hard-017","wall:4,4","arrow:a3","OCCLUSION","0.2909","4","8"
"d2-v5-medium-018","arrow:a1","arrow:a2","ALTERNATIVE_PATH","0.6111","1","9"
"d2-v5-medium-018","arrow:a1","arrow:a3","ROUTE_BLOCK","0.6111","1","9"
"d2-v5-medium-018","arrow:a1","arrow:a3","EXPOSURE","0.6111","1","9"
"d2-v5-medium-018","arrow:a1","arrow:a3","STATE_DEPENDENCY","0.6111","1","9"
"d2-v5-medium-018","arrow:a1","arrow:a3","REVEAL","0.6111","1","9"
"d2-v5-medium-018","arrow:a1","arrow:a3","ALTERNATIVE_PATH","0.6111","1","9"
"d2-v5-medium-018","arrow:a1","arrow:a4","ORDER_DEPENDENCY","0.6111","1","9"
"d2-v5-medium-018","arrow:a1","arrow:a4","ALTERNATIVE_PATH","0.6111","1","9"
"d2-v5-medium-018","arrow:a1","arrow:a5","ALTERNATIVE_PATH","0.6111","1","9"
"d2-v5-medium-018","arrow:a1","arrow:a6","ALTERNATIVE_PATH","0.6111","1","9"
"d2-v5-medium-018","arrow:a2","arrow:a3","COLLISION","0.6111","1","9"
"d2-v5-medium-018","arrow:a2","arrow:a4","ORDER_DEPENDENCY","0.6111","1","9"
"d2-v5-medium-018","arrow:a2","arrow:a5","ALTERNATIVE_PATH","0.6111","1","9"
"d2-v5-medium-018","arrow:a2","arrow:a6","ALTERNATIVE_PATH","0.6111","1","9"
"d2-v5-medium-018","arrow:a2","wall:2,3","COLLISION","0.6111","1","9"
"d2-v5-medium-018","arrow:a3","arrow:a1","COLLISION","0.6111","1","9"
"d2-v5-medium-018","arrow:a3","arrow:a1","OCCLUSION","0.6111","1","9"
"d2-v5-medium-018","arrow:a3","arrow:a1","EXPOSURE","0.6111","1","9"
"d2-v5-medium-018","arrow:a3","arrow:a1","STATE_DEPENDENCY","0.6111","1","9"
"d2-v5-medium-018","arrow:a3","arrow:a1","REVEAL","0.6111","1","9"
"d2-v5-medium-018","arrow:a3","arrow:a2","ROUTE_BLOCK","0.6111","1","9"
"d2-v5-medium-018","arrow:a3","arrow:a2","EXPOSURE","0.6111","1","9"
"d2-v5-medium-018","arrow:a3","arrow:a2","STATE_DEPENDENCY","0.6111","1","9"
"d2-v5-medium-018","arrow:a3","arrow:a2","REVEAL","0.6111","1","9"
"d2-v5-medium-018","arrow:a3","arrow:a4","ORDER_DEPENDENCY","0.6111","1","9"
"d2-v5-medium-018","arrow:a3","arrow:a5","EXPOSURE","0.6111","1","9"
"d2-v5-medium-018","arrow:a3","arrow:a5","STATE_DEPENDENCY","0.6111","1","9"
"d2-v5-medium-018","arrow:a3","arrow:a5","REVEAL","0.6111","1","9"
"d2-v5-medium-018","arrow:a3","arrow:a5","ALTERNATIVE_PATH","0.6111","1","9"
"d2-v5-medium-018","arrow:a3","arrow:a6","ALTERNATIVE_PATH","0.6111","1","9"
"d2-v5-medium-018","arrow:a4","arrow:a2","OCCLUSION","0.6111","1","9"
"d2-v5-medium-018","arrow:a4","arrow:a2","EXPOSURE","0.6111","1","9"
"d2-v5-medium-018","arrow:a4","arrow:a2","STATE_DEPENDENCY","0.6111","1","9"
"d2-v5-medium-018","arrow:a4","arrow:a2","REVEAL","0.6111","1","9"
"d2-v5-medium-018","arrow:a4","arrow:a5","ALTERNATIVE_PATH","0.6111","1","9"
"d2-v5-medium-018","arrow:a4","arrow:a6","ALTERNATIVE_PATH","0.6111","1","9"
"d2-v5-medium-018","arrow:a5","arrow:a3","EXPOSURE","0.6111","1","9"
"d2-v5-medium-018","arrow:a5","arrow:a3","STATE_DEPENDENCY","0.6111","1","9"
"d2-v5-medium-018","arrow:a5","arrow:a3","REVEAL","0.6111","1","9"
"d2-v5-medium-018","arrow:a5","arrow:a4","ORDER_DEPENDENCY","0.6111","1","9"
"d2-v5-medium-018","arrow:a5","arrow:a6","ALTERNATIVE_PATH","0.6111","1","9"
"d2-v5-medium-018","arrow:a6","arrow:a4","ORDER_DEPENDENCY","0.6111","1","9"
"d2-v5-medium-018","magnet:m1","arrow:a1","MAGNET_CONTROL","0.6111","1","9"
"d2-v5-medium-018","magnet:m1","arrow:a1","POLARITY_DEPENDENCY","0.6111","1","9"
"d2-v5-medium-018","magnet:m1","arrow:a3","MAGNET_CONTROL","0.6111","1","9"
"d2-v5-medium-018","magnet:m1","arrow:a3","POLARITY_DEPENDENCY","0.6111","1","9"
"d2-v5-medium-018","magnet:m1","arrow:a5","MAGNET_CONTROL","0.6111","1","9"
"d2-v5-medium-018","magnet:m1","arrow:a5","POLARITY_DEPENDENCY","0.6111","1","9"
"d2-v5-medium-018","magnet:m2","arrow:a2","MAGNET_CONTROL","0.6111","1","9"
"d2-v5-medium-018","magnet:m2","arrow:a2","POLARITY_DEPENDENCY","0.6111","1","9"
"d2-v5-medium-018","magnet:m2","arrow:a4","MAGNET_CONTROL","0.6111","1","9"
"d2-v5-medium-018","wall:2,3","arrow:a2","ROUTE_BLOCK","0.6111","1","9"
"d2-v5-medium-018","wall:2,3","arrow:a6","OCCLUSION","0.6111","1","9"
"d2-v5-master-019","arrow:a1","arrow:a2","COLLISION","0.3273","3","9"
"d2-v5-master-019","arrow:a1","arrow:a2","ROUTE_BLOCK","0.3273","3","9"
"d2-v5-master-019","arrow:a1","arrow:a3","ALTERNATIVE_PATH","0.3273","3","9"
"d2-v5-master-019","arrow:a1","arrow:a4","COLLISION","0.3273","3","9"
"d2-v5-master-019","arrow:a1","arrow:a4","ORDER_DEPENDENCY","0.3273","3","9"
"d2-v5-master-019","arrow:a1","magnet:m1","COLLISION","0.3273","3","9"
"d2-v5-master-019","arrow:a2","arrow:a1","COLLISION","0.3273","3","9"
"d2-v5-master-019","arrow:a2","arrow:a1","OCCLUSION","0.3273","3","9"
"d2-v5-master-019","arrow:a2","arrow:a1","ROUTE_BLOCK","0.3273","3","9"
"d2-v5-master-019","arrow:a2","arrow:a1","EXPOSURE","0.3273","3","9"
"d2-v5-master-019","arrow:a2","arrow:a1","STATE_DEPENDENCY","0.3273","3","9"
"d2-v5-master-019","arrow:a2","arrow:a1","REVEAL","0.3273","3","9"
"d2-v5-master-019","arrow:a2","arrow:a3","ALTERNATIVE_PATH","0.3273","3","9"
"d2-v5-master-019","arrow:a2","arrow:a4","ORDER_DEPENDENCY","0.3273","3","9"
"d2-v5-master-019","arrow:a2","arrow:a5","EXPOSURE","0.3273","3","9"
"d2-v5-master-019","arrow:a2","arrow:a5","ORDER_DEPENDENCY","0.3273","3","9"
"d2-v5-master-019","arrow:a2","arrow:a5","STATE_DEPENDENCY","0.3273","3","9"
"d2-v5-master-019","arrow:a2","arrow:a5","REVEAL","0.3273","3","9"
"d2-v5-master-019","arrow:a3","arrow:a4","ORDER_DEPENDENCY","0.3273","3","9"
"d2-v5-master-019","arrow:a3","arrow:a4","ALTERNATIVE_PATH","0.3273","3","9"
"d2-v5-master-019","arrow:a3","arrow:a5","ORDER_DEPENDENCY","0.3273","3","9"
"d2-v5-master-019","arrow:a3","arrow:a5","ALTERNATIVE_PATH","0.3273","3","9"
"d2-v5-master-019","arrow:a4","arrow:a1","OCCLUSION","0.3273","3","9"
"d2-v5-master-019","arrow:a4","arrow:a1","ROUTE_BLOCK","0.3273","3","9"
"d2-v5-master-019","arrow:a4","arrow:a1","EXPOSURE","0.3273","3","9"
"d2-v5-master-019","arrow:a4","arrow:a1","STATE_DEPENDENCY","0.3273","3","9"
"d2-v5-master-019","arrow:a4","arrow:a1","REVEAL","0.3273","3","9"
"d2-v5-master-019","arrow:a5","arrow:a1","EXPOSURE","0.3273","3","9"
"d2-v5-master-019","arrow:a5","arrow:a1","STATE_DEPENDENCY","0.3273","3","9"
"d2-v5-master-019","arrow:a5","arrow:a1","REVEAL","0.3273","3","9"
"d2-v5-master-019","arrow:a5","arrow:a2","EXPOSURE","0.3273","3","9"
"d2-v5-master-019","arrow:a5","arrow:a2","STATE_DEPENDENCY","0.3273","3","9"
"d2-v5-master-019","arrow:a5","arrow:a2","REVEAL","0.3273","3","9"
"d2-v5-master-019","arrow:a5","arrow:a4","ORDER_DEPENDENCY","0.3273","3","9"
"d2-v5-master-019","magnet:m1","arrow:a1","MAGNET_CONTROL","0.3273","3","9"
"d2-v5-master-019","magnet:m1","arrow:a1","POLARITY_DEPENDENCY","0.3273","3","9"
"d2-v5-master-019","magnet:m1","arrow:a1","ROUTE_BLOCK","0.3273","3","9"
"d2-v5-master-019","magnet:m1","arrow:a4","MAGNET_CONTROL","0.3273","3","9"
"d2-v5-master-019","magnet:m1","magnet:m2","CANCELLATION","0.3273","3","9"
"d2-v5-master-019","magnet:m2","arrow:a1","MAGNET_CONTROL","0.3273","3","9"
"d2-v5-master-019","magnet:m2","arrow:a1","POLARITY_DEPENDENCY","0.3273","3","9"
"d2-v5-master-019","magnet:m2","arrow:a2","MAGNET_CONTROL","0.3273","3","9"
"d2-v5-master-019","magnet:m2","arrow:a2","POLARITY_DEPENDENCY","0.3273","3","9"
"d2-v5-master-019","magnet:m2","arrow:a5","MAGNET_CONTROL","0.3273","3","9"
"d2-v5-master-019","magnet:m2","arrow:a5","POLARITY_DEPENDENCY","0.3273","3","9"
"d2-v5-master-019","magnet:m3","arrow:a3","MAGNET_CONTROL","0.3273","3","9"
"d2-v5-master-019","wall:6,4","arrow:a5","OCCLUSION","0.3273","3","9"
"d2-v5-easy-020","arrow:a1","arrow:a2","ALTERNATIVE_PATH","0.3111","3","8"
"d2-v5-easy-020","arrow:a1","arrow:a4","COLLISION","0.3111","3","8"
"d2-v5-easy-020","arrow:a1","arrow:a4","ROUTE_BLOCK","0.3111","3","8"
"d2-v5-easy-020","arrow:a1","arrow:a4","ORDER_DEPENDENCY","0.3111","3","8"
"d2-v5-easy-020","arrow:a1","magnet:m1","COLLISION","0.3111","3","8"
"d2-v5-easy-020","arrow:a2","arrow:a3","ALTERNATIVE_PATH","0.3111","3","8"
"d2-v5-easy-020","arrow:a2","arrow:a4","EXPOSURE","0.3111","3","8"
"d2-v5-easy-020","arrow:a2","arrow:a4","STATE_DEPENDENCY","0.3111","3","8"
"d2-v5-easy-020","arrow:a2","arrow:a4","REVEAL","0.3111","3","8"
"d2-v5-easy-020","arrow:a3","arrow:a1","EXPOSURE","0.3111","3","8"
"d2-v5-easy-020","arrow:a3","arrow:a1","STATE_DEPENDENCY","0.3111","3","8"
"d2-v5-easy-020","arrow:a3","arrow:a1","REVEAL","0.3111","3","8"
"d2-v5-easy-020","arrow:a3","arrow:a4","ORDER_DEPENDENCY","0.3111","3","8"
"d2-v5-easy-020","arrow:a4","arrow:a1","COLLISION","0.3111","3","8"
"d2-v5-easy-020","arrow:a4","arrow:a1","OCCLUSION","0.3111","3","8"
"d2-v5-easy-020","arrow:a4","arrow:a1","ROUTE_BLOCK","0.3111","3","8"
"d2-v5-easy-020","arrow:a4","arrow:a1","EXPOSURE","0.3111","3","8"
"d2-v5-easy-020","arrow:a4","arrow:a1","STATE_DEPENDENCY","0.3111","3","8"
"d2-v5-easy-020","arrow:a4","arrow:a1","REVEAL","0.3111","3","8"
"d2-v5-easy-020","arrow:a4","magnet:m1","COLLISION","0.3111","3","8"
"d2-v5-easy-020","magnet:m1","arrow:a1","MAGNET_CONTROL","0.3111","3","8"
"d2-v5-easy-020","magnet:m1","arrow:a1","POLARITY_DEPENDENCY","0.3111","3","8"
"d2-v5-easy-020","magnet:m1","arrow:a1","ROUTE_BLOCK","0.3111","3","8"
"d2-v5-easy-020","magnet:m1","arrow:a3","MAGNET_CONTROL","0.3111","3","8"
"d2-v5-easy-020","magnet:m1","arrow:a4","ROUTE_BLOCK","0.3111","3","8"
"d2-v5-easy-020","magnet:m1","magnet:m2","CANCELLATION","0.3111","3","8"
"d2-v5-easy-020","magnet:m2","arrow:a2","MAGNET_CONTROL","0.3111","3","8"
"d2-v5-easy-020","magnet:m2","arrow:a4","MAGNET_CONTROL","0.3111","3","8"
"d2-v5-easy-020","magnet:m2","arrow:a4","POLARITY_DEPENDENCY","0.3111","3","8"
"d2-v5-easy-020","wall:4,3","arrow:a1","OCCLUSION","0.3111","3","8"
"d2-v5-easy-020","wall:5,4","arrow:a3","OCCLUSION","0.3111","3","8"
"d2-v5-hard-021","arrow:a1","arrow:a2","ORDER_DEPENDENCY","0.1818","5","7"
"d2-v5-hard-021","arrow:a1","arrow:a2","ALTERNATIVE_PATH","0.1818","5","7"
"d2-v5-hard-021","arrow:a1","arrow:a3","ALTERNATIVE_PATH","0.1818","5","7"
"d2-v5-hard-021","arrow:a1","arrow:a4","ROUTE_BLOCK","0.1818","5","7"
"d2-v5-hard-021","arrow:a1","arrow:a4","ALTERNATIVE_PATH","0.1818","5","7"
"d2-v5-hard-021","arrow:a2","arrow:a3","ALTERNATIVE_PATH","0.1818","5","7"
"d2-v5-hard-021","arrow:a2","arrow:a4","EXPOSURE","0.1818","5","7"
"d2-v5-hard-021","arrow:a2","arrow:a4","STATE_DEPENDENCY","0.1818","5","7"
"d2-v5-hard-021","arrow:a2","arrow:a4","REVEAL","0.1818","5","7"
"d2-v5-hard-021","arrow:a3","arrow:a2","ORDER_DEPENDENCY","0.1818","5","7"
"d2-v5-hard-021","arrow:a3","arrow:a4","ALTERNATIVE_PATH","0.1818","5","7"
"d2-v5-hard-021","arrow:a4","arrow:a1","COLLISION","0.1818","5","7"
"d2-v5-hard-021","arrow:a4","arrow:a2","EXPOSURE","0.1818","5","7"
"d2-v5-hard-021","arrow:a4","arrow:a2","ORDER_DEPENDENCY","0.1818","5","7"
"d2-v5-hard-021","arrow:a4","arrow:a2","STATE_DEPENDENCY","0.1818","5","7"
"d2-v5-hard-021","arrow:a4","arrow:a2","REVEAL","0.1818","5","7"
"d2-v5-hard-021","arrow:a4","wall:3,1","COLLISION","0.1818","5","7"
"d2-v5-hard-021","magnet:m1","arrow:a2","OCCLUSION","0.1818","5","7"
"d2-v5-hard-021","magnet:m1","arrow:a2","MAGNET_CONTROL","0.1818","5","7"
"d2-v5-hard-021","magnet:m1","arrow:a2","POLARITY_DEPENDENCY","0.1818","5","7"
"d2-v5-hard-021","magnet:m1","arrow:a4","MAGNET_CONTROL","0.1818","5","7"
"d2-v5-hard-021","magnet:m1","arrow:a4","POLARITY_DEPENDENCY","0.1818","5","7"
"d2-v5-hard-021","magnet:m2","arrow:a1","MAGNET_CONTROL","0.1818","5","7"
"d2-v5-hard-021","wall:3,1","arrow:a4","ROUTE_BLOCK","0.1818","5","7"
"d2-v5-easy-022","arrow:a1","arrow:a2","ALTERNATIVE_PATH","0.2727","4","9"
"d2-v5-easy-022","arrow:a1","arrow:a3","ORDER_DEPENDENCY","0.2727","4","9"
"d2-v5-easy-022","arrow:a1","arrow:a3","ALTERNATIVE_PATH","0.2727","4","9"
"d2-v5-easy-022","arrow:a1","arrow:a4","ALTERNATIVE_PATH","0.2727","4","9"
"d2-v5-easy-022","arrow:a1","arrow:a5","ROUTE_BLOCK","0.2727","4","9"
"d2-v5-easy-022","arrow:a1","arrow:a5","ORDER_DEPENDENCY","0.2727","4","9"
"d2-v5-easy-022","arrow:a1","arrow:a5","ALTERNATIVE_PATH","0.2727","4","9"
"d2-v5-easy-022","arrow:a1","wall:8,8","COLLISION","0.2727","4","9"
"d2-v5-easy-022","arrow:a2","arrow:a3","ORDER_DEPENDENCY","0.2727","4","9"
"d2-v5-easy-022","arrow:a2","arrow:a3","ALTERNATIVE_PATH","0.2727","4","9"
"d2-v5-easy-022","arrow:a2","arrow:a4","ALTERNATIVE_PATH","0.2727","4","9"
"d2-v5-easy-022","arrow:a2","arrow:a5","ORDER_DEPENDENCY","0.2727","4","9"
"d2-v5-easy-022","arrow:a2","arrow:a5","ALTERNATIVE_PATH","0.2727","4","9"
"d2-v5-easy-022","arrow:a3","arrow:a1","EXPOSURE","0.2727","4","9"
"d2-v5-easy-022","arrow:a3","arrow:a1","STATE_DEPENDENCY","0.2727","4","9"
"d2-v5-easy-022","arrow:a3","arrow:a1","REVEAL","0.2727","4","9"
"d2-v5-easy-022","arrow:a3","arrow:a4","COLLISION","0.2727","4","9"
"d2-v5-easy-022","arrow:a3","arrow:a4","OCCLUSION","0.2727","4","9"
"d2-v5-easy-022","arrow:a3","arrow:a4","EXPOSURE","0.2727","4","9"
"d2-v5-easy-022","arrow:a3","arrow:a4","STATE_DEPENDENCY","0.2727","4","9"
"d2-v5-easy-022","arrow:a3","arrow:a4","REVEAL","0.2727","4","9"
"d2-v5-easy-022","arrow:a3","arrow:a4","ALTERNATIVE_PATH","0.2727","4","9"
"d2-v5-easy-022","arrow:a3","arrow:a5","EXPOSURE","0.2727","4","9"
"d2-v5-easy-022","arrow:a3","arrow:a5","STATE_DEPENDENCY","0.2727","4","9"
"d2-v5-easy-022","arrow:a3","arrow:a5","REVEAL","0.2727","4","9"
"d2-v5-easy-022","arrow:a3","arrow:a5","ALTERNATIVE_PATH","0.2727","4","9"
"d2-v5-easy-022","arrow:a4","arrow:a3","ROUTE_BLOCK","0.2727","4","9"
"d2-v5-easy-022","arrow:a4","arrow:a3","EXPOSURE","0.2727","4","9"
"d2-v5-easy-022","arrow:a4","arrow:a3","STATE_DEPENDENCY","0.2727","4","9"
"d2-v5-easy-022","arrow:a4","arrow:a3","REVEAL","0.2727","4","9"
"d2-v5-easy-022","arrow:a4","arrow:a5","EXPOSURE","0.2727","4","9"
"d2-v5-easy-022","arrow:a4","arrow:a5","STATE_DEPENDENCY","0.2727","4","9"
"d2-v5-easy-022","arrow:a4","arrow:a5","REVEAL","0.2727","4","9"
"d2-v5-easy-022","arrow:a4","arrow:a5","ALTERNATIVE_PATH","0.2727","4","9"
"d2-v5-easy-022","arrow:a5","arrow:a1","COLLISION","0.2727","4","9"
"d2-v5-easy-022","arrow:a5","arrow:a1","OCCLUSION","0.2727","4","9"
"d2-v5-easy-022","arrow:a5","arrow:a1","EXPOSURE","0.2727","4","9"
"d2-v5-easy-022","arrow:a5","arrow:a1","STATE_DEPENDENCY","0.2727","4","9"
"d2-v5-easy-022","arrow:a5","arrow:a1","REVEAL","0.2727","4","9"
"d2-v5-easy-022","arrow:a5","arrow:a3","EXPOSURE","0.2727","4","9"
"d2-v5-easy-022","arrow:a5","arrow:a3","ORDER_DEPENDENCY","0.2727","4","9"
"d2-v5-easy-022","arrow:a5","arrow:a3","STATE_DEPENDENCY","0.2727","4","9"
"d2-v5-easy-022","arrow:a5","arrow:a3","REVEAL","0.2727","4","9"
"d2-v5-easy-022","arrow:a5","wall:8,8","COLLISION","0.2727","4","9"
"d2-v5-easy-022","magnet:m1","arrow:a1","MAGNET_CONTROL","0.2727","4","9"
"d2-v5-easy-022","magnet:m1","arrow:a1","POLARITY_DEPENDENCY","0.2727","4","9"
"d2-v5-easy-022","magnet:m1","arrow:a3","MAGNET_CONTROL","0.2727","4","9"
"d2-v5-easy-022","magnet:m1","arrow:a3","POLARITY_DEPENDENCY","0.2727","4","9"
"d2-v5-easy-022","magnet:m1","arrow:a4","MAGNET_CONTROL","0.2727","4","9"
"d2-v5-easy-022","magnet:m1","arrow:a4","POLARITY_DEPENDENCY","0.2727","4","9"
"d2-v5-easy-022","magnet:m1","arrow:a5","MAGNET_CONTROL","0.2727","4","9"
"d2-v5-easy-022","magnet:m1","arrow:a5","POLARITY_DEPENDENCY","0.2727","4","9"
"d2-v5-easy-022","magnet:m2","arrow:a2","MAGNET_CONTROL","0.2727","4","9"
"d2-v5-easy-022","wall:2,2","arrow:a4","OCCLUSION","0.2727","4","9"
"d2-v5-easy-022","wall:8,8","arrow:a1","ROUTE_BLOCK","0.2727","4","9"
"d2-v5-easy-022","wall:8,8","arrow:a5","ROUTE_BLOCK","0.2727","4","9"
"d2-v5-medium-023","arrow:a1","arrow:a2","ALTERNATIVE_PATH","0.141","6","8"
"d2-v5-medium-023","arrow:a1","arrow:a3","EXPOSURE","0.141","6","8"
"d2-v5-medium-023","arrow:a1","arrow:a3","STATE_DEPENDENCY","0.141","6","8"
"d2-v5-medium-023","arrow:a1","arrow:a3","REVEAL","0.141","6","8"
"d2-v5-medium-023","arrow:a1","arrow:a4","ALTERNATIVE_PATH","0.141","6","8"
"d2-v5-medium-023","arrow:a2","arrow:a1","ORDER_DEPENDENCY","0.141","6","8"
"d2-v5-medium-023","arrow:a2","arrow:a3","ALTERNATIVE_PATH","0.141","6","8"
"d2-v5-medium-023","arrow:a2","arrow:a4","ALTERNATIVE_PATH","0.141","6","8"
"d2-v5-medium-023","arrow:a3","arrow:a1","EXPOSURE","0.141","6","8"
"d2-v5-medium-023","arrow:a3","arrow:a1","ORDER_DEPENDENCY","0.141","6","8"
"d2-v5-medium-023","arrow:a3","arrow:a1","STATE_DEPENDENCY","0.141","6","8"
"d2-v5-medium-023","arrow:a3","arrow:a1","REVEAL","0.141","6","8"
"d2-v5-medium-023","arrow:a3","arrow:a4","ALTERNATIVE_PATH","0.141","6","8"
"d2-v5-medium-023","arrow:a3","wall:6,2","COLLISION","0.141","6","8"
"d2-v5-medium-023","arrow:a4","arrow:a1","ORDER_DEPENDENCY","0.141","6","8"
"d2-v5-medium-023","magnet:m1","arrow:a1","MAGNET_CONTROL","0.141","6","8"
"d2-v5-medium-023","magnet:m1","arrow:a1","POLARITY_DEPENDENCY","0.141","6","8"
"d2-v5-medium-023","magnet:m1","arrow:a3","MAGNET_CONTROL","0.141","6","8"
"d2-v5-medium-023","magnet:m1","arrow:a3","POLARITY_DEPENDENCY","0.141","6","8"
"d2-v5-medium-023","magnet:m2","arrow:a2","MAGNET_CONTROL","0.141","6","8"
"d2-v5-medium-023","wall:4,4","arrow:a4","OCCLUSION","0.141","6","8"
"d2-v5-medium-023","wall:6,2","arrow:a3","ROUTE_BLOCK","0.141","6","8"
"d2-v5-expert-024","arrow:a1","arrow:a2","COLLISION","0.2179","4","10"
"d2-v5-expert-024","arrow:a1","arrow:a2","ORDER_DEPENDENCY","0.2179","4","10"
"d2-v5-expert-024","arrow:a1","arrow:a4","ALTERNATIVE_PATH","0.2179","4","10"
"d2-v5-expert-024","arrow:a1","arrow:a5","ALTERNATIVE_PATH","0.2179","4","10"
"d2-v5-expert-024","arrow:a1","wall:8,3","COLLISION","0.2179","4","10"
"d2-v5-expert-024","arrow:a2","arrow:a1","OCCLUSION","0.2179","4","10"
"d2-v5-expert-024","arrow:a2","arrow:a1","ROUTE_BLOCK","0.2179","4","10"
"d2-v5-expert-024","arrow:a2","arrow:a1","EXPOSURE","0.2179","4","10"
"d2-v5-expert-024","arrow:a2","arrow:a1","STATE_DEPENDENCY","0.2179","4","10"
"d2-v5-expert-024","arrow:a2","arrow:a1","REVEAL","0.2179","4","10"
"d2-v5-expert-024","arrow:a2","arrow:a4","ALTERNATIVE_PATH","0.2179","4","10"
"d2-v5-expert-024","arrow:a2","arrow:a5","ALTERNATIVE_PATH","0.2179","4","10"
"d2-v5-expert-024","arrow:a3","arrow:a1","EXPOSURE","0.2179","4","10"
"d2-v5-expert-024","arrow:a3","arrow:a1","STATE_DEPENDENCY","0.2179","4","10"
"d2-v5-expert-024","arrow:a3","arrow:a1","REVEAL","0.2179","4","10"
"d2-v5-expert-024","arrow:a3","arrow:a2","ORDER_DEPENDENCY","0.2179","4","10"
"d2-v5-expert-024","arrow:a3","arrow:a4","ALTERNATIVE_PATH","0.2179","4","10"
"d2-v5-expert-024","arrow:a3","arrow:a5","ALTERNATIVE_PATH","0.2179","4","10"
"d2-v5-expert-024","arrow:a4","arrow:a2","ORDER_DEPENDENCY","0.2179","4","10"
"d2-v5-expert-024","arrow:a4","arrow:a5","ALTERNATIVE_PATH","0.2179","4","10"
"d2-v5-expert-024","arrow:a5","arrow:a2","ORDER_DEPENDENCY","0.2179","4","10"
"d2-v5-expert-024","magnet:m1","arrow:a1","MAGNET_CONTROL","0.2179","4","10"
"d2-v5-expert-024","magnet:m1","arrow:a1","POLARITY_DEPENDENCY","0.2179","4","10"
"d2-v5-expert-024","magnet:m1","arrow:a3","MAGNET_CONTROL","0.2179","4","10"
"d2-v5-expert-024","magnet:m1","magnet:m2","CANCELLATION","0.2179","4","10"
"d2-v5-expert-024","magnet:m2","arrow:a2","MAGNET_CONTROL","0.2179","4","10"
"d2-v5-expert-024","magnet:m3","arrow:a5","MAGNET_CONTROL","0.2179","4","10"
"d2-v5-expert-024","magnet:m4","arrow:a4","MAGNET_CONTROL","0.2179","4","10"
"d2-v5-expert-024","wall:8,3","arrow:a1","ROUTE_BLOCK","0.2179","4","10"
"d2-v5-hard-025","arrow:a1","arrow:a2","ORDER_DEPENDENCY","0.3056","2","8"
"d2-v5-hard-025","arrow:a1","arrow:a2","ALTERNATIVE_PATH","0.3056","2","8"
"d2-v5-hard-025","arrow:a1","arrow:a3","OCCLUSION","0.3056","2","8"
"d2-v5-hard-025","arrow:a1","arrow:a3","ROUTE_BLOCK","0.3056","2","8"
"d2-v5-hard-025","arrow:a1","arrow:a3","EXPOSURE","0.3056","2","8"
"d2-v5-hard-025","arrow:a1","arrow:a3","STATE_DEPENDENCY","0.3056","2","8"
"d2-v5-hard-025","arrow:a1","arrow:a3","REVEAL","0.3056","2","8"
"d2-v5-hard-025","arrow:a1","arrow:a4","ALTERNATIVE_PATH","0.3056","2","8"
"d2-v5-hard-025","arrow:a2","arrow:a3","ALTERNATIVE_PATH","0.3056","2","8"
"d2-v5-hard-025","arrow:a2","arrow:a4","EXPOSURE","0.3056","2","8"
"d2-v5-hard-025","arrow:a2","arrow:a4","STATE_DEPENDENCY","0.3056","2","8"
"d2-v5-hard-025","arrow:a2","arrow:a4","REVEAL","0.3056","2","8"
"d2-v5-hard-025","arrow:a3","arrow:a1","COLLISION","0.3056","2","8"
"d2-v5-hard-025","arrow:a3","arrow:a2","ORDER_DEPENDENCY","0.3056","2","8"
"d2-v5-hard-025","arrow:a3","arrow:a4","ALTERNATIVE_PATH","0.3056","2","8"
"d2-v5-hard-025","arrow:a4","arrow:a2","EXPOSURE","0.3056","2","8"
"d2-v5-hard-025","arrow:a4","arrow:a2","ORDER_DEPENDENCY","0.3056","2","8"
"d2-v5-hard-025","arrow:a4","arrow:a2","STATE_DEPENDENCY","0.3056","2","8"
"d2-v5-hard-025","arrow:a4","arrow:a2","REVEAL","0.3056","2","8"
"d2-v5-hard-025","arrow:a4","magnet:m4","COLLISION","0.3056","2","8"
"d2-v5-hard-025","magnet:m1","arrow:a1","MAGNET_CONTROL","0.3056","2","8"
"d2-v5-hard-025","magnet:m2","arrow:a2","MAGNET_CONTROL","0.3056","2","8"
"d2-v5-hard-025","magnet:m2","arrow:a2","POLARITY_DEPENDENCY","0.3056","2","8"
"d2-v5-hard-025","magnet:m2","arrow:a4","MAGNET_CONTROL","0.3056","2","8"
"d2-v5-hard-025","magnet:m2","arrow:a4","POLARITY_DEPENDENCY","0.3056","2","8"
"d2-v5-hard-025","magnet:m3","arrow:a3","MAGNET_CONTROL","0.3056","2","8"
"d2-v5-hard-025","magnet:m4","arrow:a4","ROUTE_BLOCK","0.3056","2","8"
"d2-v5-medium-026","arrow:a1","arrow:a2","ALTERNATIVE_PATH","0.4667","1","10"
"d2-v5-medium-026","arrow:a1","arrow:a3","ORDER_DEPENDENCY","0.4667","1","10"
"d2-v5-medium-026","arrow:a1","arrow:a3","ALTERNATIVE_PATH","0.4667","1","10"
"d2-v5-medium-026","arrow:a1","arrow:a4","ALTERNATIVE_PATH","0.4667","1","10"
"d2-v5-medium-026","arrow:a1","arrow:a5","ALTERNATIVE_PATH","0.4667","1","10"
"d2-v5-medium-026","arrow:a1","arrow:a6","ALTERNATIVE_PATH","0.4667","1","10"
"d2-v5-medium-026","arrow:a2","arrow:a3","ORDER_DEPENDENCY","0.4667","1","10"
"d2-v5-medium-026","arrow:a2","arrow:a4","ALTERNATIVE_PATH","0.4667","1","10"
"d2-v5-medium-026","arrow:a2","arrow:a5","COLLISION","0.4667","1","10"
"d2-v5-medium-026","arrow:a2","arrow:a5","OCCLUSION","0.4667","1","10"
"d2-v5-medium-026","arrow:a2","arrow:a5","ROUTE_BLOCK","0.4667","1","10"
"d2-v5-medium-026","arrow:a2","arrow:a6","ALTERNATIVE_PATH","0.4667","1","10"
"d2-v5-medium-026","arrow:a3","arrow:a2","OCCLUSION","0.4667","1","10"
"d2-v5-medium-026","arrow:a3","arrow:a2","EXPOSURE","0.4667","1","10"
"d2-v5-medium-026","arrow:a3","arrow:a2","STATE_DEPENDENCY","0.4667","1","10"
"d2-v5-medium-026","arrow:a3","arrow:a2","REVEAL","0.4667","1","10"
"d2-v5-medium-026","arrow:a3","arrow:a4","ALTERNATIVE_PATH","0.4667","1","10"
"d2-v5-medium-026","arrow:a3","arrow:a5","OCCLUSION","0.4667","1","10"
"d2-v5-medium-026","arrow:a3","arrow:a5","ROUTE_BLOCK","0.4667","1","10"
"d2-v5-medium-026","arrow:a3","arrow:a5","EXPOSURE","0.4667","1","10"
"d2-v5-medium-026","arrow:a3","arrow:a5","STATE_DEPENDENCY","0.4667","1","10"
"d2-v5-medium-026","arrow:a3","arrow:a5","REVEAL","0.4667","1","10"
"d2-v5-medium-026","arrow:a3","arrow:a6","OCCLUSION","0.4667","1","10"
"d2-v5-medium-026","arrow:a3","arrow:a6","EXPOSURE","0.4667","1","10"
"d2-v5-medium-026","arrow:a3","arrow:a6","STATE_DEPENDENCY","0.4667","1","10"
"d2-v5-medium-026","arrow:a3","arrow:a6","REVEAL","0.4667","1","10"
"d2-v5-medium-026","arrow:a3","arrow:a6","ALTERNATIVE_PATH","0.4667","1","10"
"d2-v5-medium-026","arrow:a4","arrow:a3","ORDER_DEPENDENCY","0.4667","1","10"
"d2-v5-medium-026","arrow:a4","arrow:a5","ALTERNATIVE_PATH","0.4667","1","10"
"d2-v5-medium-026","arrow:a4","arrow:a6","ROUTE_BLOCK","0.4667","1","10"
"d2-v5-medium-026","arrow:a4","arrow:a6","EXPOSURE","0.4667","1","10"
"d2-v5-medium-026","arrow:a4","arrow:a6","STATE_DEPENDENCY","0.4667","1","10"
"d2-v5-medium-026","arrow:a4","arrow:a6","REVEAL","0.4667","1","10"
"d2-v5-medium-026","arrow:a4","arrow:a6","ALTERNATIVE_PATH","0.4667","1","10"
"d2-v5-medium-026","arrow:a5","arrow:a2","COLLISION","0.4667","1","10"
"d2-v5-medium-026","arrow:a5","arrow:a2","ROUTE_BLOCK","0.4667","1","10"
"d2-v5-medium-026","arrow:a5","arrow:a3","COLLISION","0.4667","1","10"
"d2-v5-medium-026","arrow:a5","arrow:a6","ALTERNATIVE_PATH","0.4667","1","10"
"d2-v5-medium-026","arrow:a6","arrow:a3","ORDER_DEPENDENCY","0.4667","1","10"
"d2-v5-medium-026","arrow:a6","arrow:a4","COLLISION","0.4667","1","10"
"d2-v5-medium-026","magnet:m1","magnet:m3","CANCELLATION","0.4667","1","10"
"d2-v5-medium-026","magnet:m2","arrow:a2","MAGNET_CONTROL","0.4667","1","10"
"d2-v5-medium-026","magnet:m2","arrow:a2","POLARITY_DEPENDENCY","0.4667","1","10"
"d2-v5-medium-026","magnet:m2","arrow:a3","MAGNET_CONTROL","0.4667","1","10"
"d2-v5-medium-026","magnet:m2","arrow:a5","MAGNET_CONTROL","0.4667","1","10"
"d2-v5-medium-026","magnet:m2","arrow:a5","POLARITY_DEPENDENCY","0.4667","1","10"
"d2-v5-medium-026","magnet:m3","arrow:a6","MAGNET_CONTROL","0.4667","1","10"
"d2-v5-medium-026","wall:6,4","arrow:a4","OCCLUSION","0.4667","1","10"
"d2-v5-master-027","arrow:a1","arrow:a2","COLLISION","0.3818","2","10"
"d2-v5-master-027","arrow:a1","arrow:a2","ROUTE_BLOCK","0.3818","2","10"
"d2-v5-master-027","arrow:a1","wall:2,4","COLLISION","0.3818","2","10"
"d2-v5-master-027","arrow:a2","arrow:a1","COLLISION","0.3818","2","10"
"d2-v5-master-027","arrow:a2","arrow:a1","OCCLUSION","0.3818","2","10"
"d2-v5-master-027","arrow:a2","arrow:a1","ROUTE_BLOCK","0.3818","2","10"
"d2-v5-master-027","arrow:a2","arrow:a1","EXPOSURE","0.3818","2","10"
"d2-v5-master-027","arrow:a2","arrow:a1","STATE_DEPENDENCY","0.3818","2","10"
"d2-v5-master-027","arrow:a2","arrow:a1","REVEAL","0.3818","2","10"
"d2-v5-master-027","arrow:a2","arrow:a3","ORDER_DEPENDENCY","0.3818","2","10"
"d2-v5-master-027","arrow:a2","arrow:a3","ALTERNATIVE_PATH","0.3818","2","10"
"d2-v5-master-027","arrow:a2","arrow:a4","EXPOSURE","0.3818","2","10"
"d2-v5-master-027","arrow:a2","arrow:a4","ORDER_DEPENDENCY","0.3818","2","10"
"d2-v5-master-027","arrow:a2","arrow:a4","STATE_DEPENDENCY","0.3818","2","10"
"d2-v5-master-027","arrow:a2","arrow:a4","REVEAL","0.3818","2","10"
"d2-v5-master-027","arrow:a2","arrow:a5","EXPOSURE","0.3818","2","10"
"d2-v5-master-027","arrow:a2","arrow:a5","ORDER_DEPENDENCY","0.3818","2","10"
"d2-v5-master-027","arrow:a2","arrow:a5","STATE_DEPENDENCY","0.3818","2","10"
"d2-v5-master-027","arrow:a2","arrow:a5","REVEAL","0.3818","2","10"
"d2-v5-master-027","arrow:a2","arrow:a6","ALTERNATIVE_PATH","0.3818","2","10"
"d2-v5-master-027","arrow:a3","arrow:a4","ROUTE_BLOCK","0.3818","2","10"
"d2-v5-master-027","arrow:a3","arrow:a4","EXPOSURE","0.3818","2","10"
"d2-v5-master-027","arrow:a3","arrow:a4","ORDER_DEPENDENCY","0.3818","2","10"
"d2-v5-master-027","arrow:a3","arrow:a4","STATE_DEPENDENCY","0.3818","2","10"
"d2-v5-master-027","arrow:a3","arrow:a4","REVEAL","0.3818","2","10"
"d2-v5-master-027","arrow:a3","arrow:a5","ALTERNATIVE_PATH","0.3818","2","10"
"d2-v5-master-027","arrow:a3","arrow:a6","EXPOSURE","0.3818","2","10"
"d2-v5-master-027","arrow:a3","arrow:a6","STATE_DEPENDENCY","0.3818","2","10"
"d2-v5-master-027","arrow:a3","arrow:a6","REVEAL","0.3818","2","10"
"d2-v5-master-027","arrow:a4","arrow:a1","EXPOSURE","0.3818","2","10"
"d2-v5-master-027","arrow:a4","arrow:a1","STATE_DEPENDENCY","0.3818","2","10"
"d2-v5-master-027","arrow:a4","arrow:a1","REVEAL","0.3818","2","10"
"d2-v5-master-027","arrow:a4","arrow:a2","EXPOSURE","0.3818","2","10"
"d2-v5-master-027","arrow:a4","arrow:a2","STATE_DEPENDENCY","0.3818","2","10"
"d2-v5-master-027","arrow:a4","arrow:a2","REVEAL","0.3818","2","10"
"d2-v5-master-027","arrow:a4","arrow:a3","COLLISION","0.3818","2","10"
"d2-v5-master-027","arrow:a4","arrow:a5","EXPOSURE","0.3818","2","10"
"d2-v5-master-027","arrow:a4","arrow:a5","STATE_DEPENDENCY","0.3818","2","10"
"d2-v5-master-027","arrow:a4","arrow:a5","REVEAL","0.3818","2","10"
"d2-v5-master-027","arrow:a4","arrow:a5","ALTERNATIVE_PATH","0.3818","2","10"
"d2-v5-master-027","arrow:a5","arrow:a1","EXPOSURE","0.3818","2","10"
"d2-v5-master-027","arrow:a5","arrow:a1","STATE_DEPENDENCY","0.3818","2","10"
"d2-v5-master-027","arrow:a5","arrow:a1","REVEAL","0.3818","2","10"
"d2-v5-master-027","arrow:a5","arrow:a2","EXPOSURE","0.3818","2","10"
"d2-v5-master-027","arrow:a5","arrow:a2","STATE_DEPENDENCY","0.3818","2","10"
"d2-v5-master-027","arrow:a5","arrow:a2","REVEAL","0.3818","2","10"
"d2-v5-master-027","arrow:a5","arrow:a3","ORDER_DEPENDENCY","0.3818","2","10"
"d2-v5-master-027","arrow:a5","arrow:a4","EXPOSURE","0.3818","2","10"
"d2-v5-master-027","arrow:a5","arrow:a4","STATE_DEPENDENCY","0.3818","2","10"
"d2-v5-master-027","arrow:a5","arrow:a4","REVEAL","0.3818","2","10"
"d2-v5-master-027","arrow:a5","arrow:a6","ALTERNATIVE_PATH","0.3818","2","10"
"d2-v5-master-027","arrow:a6","arrow:a3","EXPOSURE","0.3818","2","10"
"d2-v5-master-027","arrow:a6","arrow:a3","ORDER_DEPENDENCY","0.3818","2","10"
"d2-v5-master-027","arrow:a6","arrow:a3","STATE_DEPENDENCY","0.3818","2","10"
"d2-v5-master-027","arrow:a6","arrow:a3","REVEAL","0.3818","2","10"
"d2-v5-master-027","arrow:a6","arrow:a4","ORDER_DEPENDENCY","0.3818","2","10"
"d2-v5-master-027","arrow:a6","wall:5,3","COLLISION","0.3818","2","10"
"d2-v5-master-027","magnet:m2","arrow:a1","MAGNET_CONTROL","0.3818","2","10"
"d2-v5-master-027","magnet:m2","arrow:a1","POLARITY_DEPENDENCY","0.3818","2","10"
"d2-v5-master-027","magnet:m2","arrow:a2","MAGNET_CONTROL","0.3818","2","10"
"d2-v5-master-027","magnet:m2","arrow:a2","POLARITY_DEPENDENCY","0.3818","2","10"
"d2-v5-master-027","magnet:m2","arrow:a4","MAGNET_CONTROL","0.3818","2","10"
"d2-v5-master-027","magnet:m2","arrow:a4","POLARITY_DEPENDENCY","0.3818","2","10"
"d2-v5-master-027","magnet:m2","arrow:a5","MAGNET_CONTROL","0.3818","2","10"
"d2-v5-master-027","magnet:m2","arrow:a5","POLARITY_DEPENDENCY","0.3818","2","10"
"d2-v5-master-027","magnet:m3","arrow:a3","MAGNET_CONTROL","0.3818","2","10"
"d2-v5-master-027","magnet:m3","arrow:a3","POLARITY_DEPENDENCY","0.3818","2","10"
"d2-v5-master-027","magnet:m3","arrow:a6","MAGNET_CONTROL","0.3818","2","10"
"d2-v5-master-027","magnet:m3","arrow:a6","POLARITY_DEPENDENCY","0.3818","2","10"
"d2-v5-master-027","wall:2,4","arrow:a1","OCCLUSION","0.3818","2","10"
"d2-v5-master-027","wall:2,4","arrow:a1","ROUTE_BLOCK","0.3818","2","10"
"d2-v5-master-027","wall:5,3","arrow:a6","ROUTE_BLOCK","0.3818","2","10"
"d2-v5-easy-028","arrow:a1","arrow:a2","ROUTE_BLOCK","0.2909","5","7"
"d2-v5-easy-028","arrow:a1","arrow:a2","ORDER_DEPENDENCY","0.2909","5","7"
"d2-v5-easy-028","arrow:a1","arrow:a2","ALTERNATIVE_PATH","0.2909","5","7"
"d2-v5-easy-028","arrow:a1","arrow:a3","EXPOSURE","0.2909","5","7"
"d2-v5-easy-028","arrow:a1","arrow:a3","ORDER_DEPENDENCY","0.2909","5","7"
"d2-v5-easy-028","arrow:a1","arrow:a3","STATE_DEPENDENCY","0.2909","5","7"
"d2-v5-easy-028","arrow:a1","arrow:a3","REVEAL","0.2909","5","7"
"d2-v5-easy-028","arrow:a1","arrow:a3","ALTERNATIVE_PATH","0.2909","5","7"
"d2-v5-easy-028","arrow:a1","arrow:a4","EXPOSURE","0.2909","5","7"
"d2-v5-easy-028","arrow:a1","arrow:a4","ORDER_DEPENDENCY","0.2909","5","7"
"d2-v5-easy-028","arrow:a1","arrow:a4","STATE_DEPENDENCY","0.2909","5","7"
"d2-v5-easy-028","arrow:a1","arrow:a4","REVEAL","0.2909","5","7"
"d2-v5-easy-028","arrow:a1","arrow:a4","ALTERNATIVE_PATH","0.2909","5","7"
"d2-v5-easy-028","arrow:a1","arrow:a5","ALTERNATIVE_PATH","0.2909","5","7"
"d2-v5-easy-028","arrow:a1","wall:2,5","COLLISION","0.2909","5","7"
"d2-v5-easy-028","arrow:a2","arrow:a1","COLLISION","0.2909","5","7"
"d2-v5-easy-028","arrow:a2","arrow:a1","OCCLUSION","0.2909","5","7"
"d2-v5-easy-028","arrow:a2","arrow:a1","EXPOSURE","0.2909","5","7"
"d2-v5-easy-028","arrow:a2","arrow:a1","STATE_DEPENDENCY","0.2909","5","7"
"d2-v5-easy-028","arrow:a2","arrow:a1","REVEAL","0.2909","5","7"
"d2-v5-easy-028","arrow:a2","arrow:a3","EXPOSURE","0.2909","5","7"
"d2-v5-easy-028","arrow:a2","arrow:a3","STATE_DEPENDENCY","0.2909","5","7"
"d2-v5-easy-028","arrow:a2","arrow:a3","REVEAL","0.2909","5","7"
"d2-v5-easy-028","arrow:a2","arrow:a3","ALTERNATIVE_PATH","0.2909","5","7"
"d2-v5-easy-028","arrow:a2","arrow:a4","EXPOSURE","0.2909","5","7"
"d2-v5-easy-028","arrow:a2","arrow:a4","STATE_DEPENDENCY","0.2909","5","7"
"d2-v5-easy-028","arrow:a2","arrow:a4","REVEAL","0.2909","5","7"
"d2-v5-easy-028","arrow:a2","arrow:a4","ALTERNATIVE_PATH","0.2909","5","7"
"d2-v5-easy-028","arrow:a2","arrow:a5","ALTERNATIVE_PATH","0.2909","5","7"
"d2-v5-easy-028","arrow:a2","wall:2,5","COLLISION","0.2909","5","7"
"d2-v5-easy-028","arrow:a3","arrow:a1","EXPOSURE","0.2909","5","7"
"d2-v5-easy-028","arrow:a3","arrow:a1","STATE_DEPENDENCY","0.2909","5","7"
"d2-v5-easy-028","arrow:a3","arrow:a1","REVEAL","0.2909","5","7"
"d2-v5-easy-028","arrow:a3","arrow:a2","EXPOSURE","0.2909","5","7"
"d2-v5-easy-028","arrow:a3","arrow:a2","STATE_DEPENDENCY","0.2909","5","7"
"d2-v5-easy-028","arrow:a3","arrow:a2","REVEAL","0.2909","5","7"
"d2-v5-easy-028","arrow:a3","arrow:a4","EXPOSURE","0.2909","5","7"
"d2-v5-easy-028","arrow:a3","arrow:a4","STATE_DEPENDENCY","0.2909","5","7"
"d2-v5-easy-028","arrow:a3","arrow:a4","REVEAL","0.2909","5","7"
"d2-v5-easy-028","arrow:a3","arrow:a4","ALTERNATIVE_PATH","0.2909","5","7"
"d2-v5-easy-028","arrow:a3","arrow:a5","ALTERNATIVE_PATH","0.2909","5","7"
"d2-v5-easy-028","arrow:a4","arrow:a1","EXPOSURE","0.2909","5","7"
"d2-v5-easy-028","arrow:a4","arrow:a1","STATE_DEPENDENCY","0.2909","5","7"
"d2-v5-easy-028","arrow:a4","arrow:a1","REVEAL","0.2909","5","7"
"d2-v5-easy-028","arrow:a4","arrow:a2","EXPOSURE","0.2909","5","7"
"d2-v5-easy-028","arrow:a4","arrow:a2","STATE_DEPENDENCY","0.2909","5","7"
"d2-v5-easy-028","arrow:a4","arrow:a2","REVEAL","0.2909","5","7"
"d2-v5-easy-028","arrow:a4","arrow:a3","EXPOSURE","0.2909","5","7"
"d2-v5-easy-028","arrow:a4","arrow:a3","STATE_DEPENDENCY","0.2909","5","7"
"d2-v5-easy-028","arrow:a4","arrow:a3","REVEAL","0.2909","5","7"
"d2-v5-easy-028","arrow:a4","arrow:a5","ALTERNATIVE_PATH","0.2909","5","7"
"d2-v5-easy-028","arrow:a5","arrow:a2","ORDER_DEPENDENCY","0.2909","5","7"
"d2-v5-easy-028","arrow:a5","arrow:a3","ORDER_DEPENDENCY","0.2909","5","7"
"d2-v5-easy-028","arrow:a5","arrow:a4","ORDER_DEPENDENCY","0.2909","5","7"
"d2-v5-easy-028","magnet:m1","arrow:a1","MAGNET_CONTROL","0.2909","5","7"
"d2-v5-easy-028","magnet:m1","arrow:a1","POLARITY_DEPENDENCY","0.2909","5","7"
"d2-v5-easy-028","magnet:m1","arrow:a2","MAGNET_CONTROL","0.2909","5","7"
"d2-v5-easy-028","magnet:m1","arrow:a2","POLARITY_DEPENDENCY","0.2909","5","7"
"d2-v5-easy-028","magnet:m1","arrow:a3","MAGNET_CONTROL","0.2909","5","7"
"d2-v5-easy-028","magnet:m1","arrow:a3","POLARITY_DEPENDENCY","0.2909","5","7"
"d2-v5-easy-028","magnet:m1","arrow:a4","MAGNET_CONTROL","0.2909","5","7"
"d2-v5-easy-028","magnet:m1","arrow:a4","POLARITY_DEPENDENCY","0.2909","5","7"
"d2-v5-easy-028","wall:2,5","arrow:a1","ROUTE_BLOCK","0.2909","5","7"
"d2-v5-easy-028","wall:2,5","arrow:a2","ROUTE_BLOCK","0.2909","5","7"
"d2-v5-hard-029","arrow:a1","arrow:a2","ALTERNATIVE_PATH","0.4889","1","10"
"d2-v5-hard-029","arrow:a1","arrow:a3","ALTERNATIVE_PATH","0.4889","1","10"
"d2-v5-hard-029","arrow:a1","arrow:a5","EXPOSURE","0.4889","1","10"
"d2-v5-hard-029","arrow:a1","arrow:a5","STATE_DEPENDENCY","0.4889","1","10"
"d2-v5-hard-029","arrow:a1","arrow:a5","REVEAL","0.4889","1","10"
"d2-v5-hard-029","arrow:a1","arrow:a6","ALTERNATIVE_PATH","0.4889","1","10"
"d2-v5-hard-029","arrow:a2","arrow:a1","ORDER_DEPENDENCY","0.4889","1","10"
"d2-v5-hard-029","arrow:a2","arrow:a3","EXPOSURE","0.4889","1","10"
"d2-v5-hard-029","arrow:a2","arrow:a3","STATE_DEPENDENCY","0.4889","1","10"
"d2-v5-hard-029","arrow:a2","arrow:a3","REVEAL","0.4889","1","10"
"d2-v5-hard-029","arrow:a2","arrow:a3","ALTERNATIVE_PATH","0.4889","1","10"
"d2-v5-hard-029","arrow:a2","arrow:a4","EXPOSURE","0.4889","1","10"
"d2-v5-hard-029","arrow:a2","arrow:a4","STATE_DEPENDENCY","0.4889","1","10"
"d2-v5-hard-029","arrow:a2","arrow:a4","REVEAL","0.4889","1","10"
"d2-v5-hard-029","arrow:a2","arrow:a5","ALTERNATIVE_PATH","0.4889","1","10"
"d2-v5-hard-029","arrow:a2","arrow:a6","ALTERNATIVE_PATH","0.4889","1","10"
"d2-v5-hard-029","arrow:a3","arrow:a1","ORDER_DEPENDENCY","0.4889","1","10"
"d2-v5-hard-029","arrow:a3","arrow:a2","EXPOSURE","0.4889","1","10"
"d2-v5-hard-029","arrow:a3","arrow:a2","STATE_DEPENDENCY","0.4889","1","10"
"d2-v5-hard-029","arrow:a3","arrow:a2","REVEAL","0.4889","1","10"
"d2-v5-hard-029","arrow:a3","arrow:a4","EXPOSURE","0.4889","1","10"
"d2-v5-hard-029","arrow:a3","arrow:a4","STATE_DEPENDENCY","0.4889","1","10"
"d2-v5-hard-029","arrow:a3","arrow:a4","REVEAL","0.4889","1","10"
"d2-v5-hard-029","arrow:a3","arrow:a5","ALTERNATIVE_PATH","0.4889","1","10"
"d2-v5-hard-029","arrow:a3","arrow:a6","ALTERNATIVE_PATH","0.4889","1","10"
"d2-v5-hard-029","arrow:a4","arrow:a1","OCCLUSION","0.4889","1","10"
"d2-v5-hard-029","arrow:a4","arrow:a1","EXPOSURE","0.4889","1","10"
"d2-v5-hard-029","arrow:a4","arrow:a1","ORDER_DEPENDENCY","0.4889","1","10"
"d2-v5-hard-029","arrow:a4","arrow:a1","STATE_DEPENDENCY","0.4889","1","10"
"d2-v5-hard-029","arrow:a4","arrow:a1","REVEAL","0.4889","1","10"
"d2-v5-hard-029","arrow:a4","arrow:a2","EXPOSURE","0.4889","1","10"
"d2-v5-hard-029","arrow:a4","arrow:a2","ORDER_DEPENDENCY","0.4889","1","10"
"d2-v5-hard-029","arrow:a4","arrow:a2","STATE_DEPENDENCY","0.4889","1","10"
"d2-v5-hard-029","arrow:a4","arrow:a2","REVEAL","0.4889","1","10"
"d2-v5-hard-029","arrow:a4","arrow:a3","EXPOSURE","0.4889","1","10"
"d2-v5-hard-029","arrow:a4","arrow:a3","ORDER_DEPENDENCY","0.4889","1","10"
"d2-v5-hard-029","arrow:a4","arrow:a3","STATE_DEPENDENCY","0.4889","1","10"
"d2-v5-hard-029","arrow:a4","arrow:a3","REVEAL","0.4889","1","10"
"d2-v5-hard-029","arrow:a4","arrow:a6","ALTERNATIVE_PATH","0.4889","1","10"
"d2-v5-hard-029","arrow:a4","magnet:m3","COLLISION","0.4889","1","10"
"d2-v5-hard-029","arrow:a5","arrow:a6","ALTERNATIVE_PATH","0.4889","1","10"
"d2-v5-hard-029","arrow:a5","wall:1,4","COLLISION","0.4889","1","10"
"d2-v5-hard-029","arrow:a6","arrow:a1","ORDER_DEPENDENCY","0.4889","1","10"
"d2-v5-hard-029","arrow:a6","arrow:a2","ORDER_DEPENDENCY","0.4889","1","10"
"d2-v5-hard-029","arrow:a6","arrow:a3","ORDER_DEPENDENCY","0.4889","1","10"
"d2-v5-hard-029","magnet:m1","arrow:a1","MAGNET_CONTROL","0.4889","1","10"
"d2-v5-hard-029","magnet:m1","arrow:a5","MAGNET_CONTROL","0.4889","1","10"
"d2-v5-hard-029","magnet:m1","arrow:a5","POLARITY_DEPENDENCY","0.4889","1","10"
"d2-v5-hard-029","magnet:m2","arrow:a2","MAGNET_CONTROL","0.4889","1","10"
"d2-v5-hard-029","magnet:m2","arrow:a2","POLARITY_DEPENDENCY","0.4889","1","10"
"d2-v5-hard-029","magnet:m2","arrow:a3","OCCLUSION","0.4889","1","10"
"d2-v5-hard-029","magnet:m2","arrow:a3","MAGNET_CONTROL","0.4889","1","10"
"d2-v5-hard-029","magnet:m2","arrow:a3","POLARITY_DEPENDENCY","0.4889","1","10"
"d2-v5-hard-029","magnet:m2","arrow:a4","MAGNET_CONTROL","0.4889","1","10"
"d2-v5-hard-029","magnet:m2","arrow:a4","POLARITY_DEPENDENCY","0.4889","1","10"
"d2-v5-hard-029","magnet:m3","arrow:a4","ROUTE_BLOCK","0.4889","1","10"
"d2-v5-hard-029","wall:1,4","arrow:a5","ROUTE_BLOCK","0.4889","1","10"
"d2-v5-hard-029","wall:1,4","arrow:a6","OCCLUSION","0.4889","1","10"
"d2-v5-easy-030","arrow:a1","arrow:a2","ALTERNATIVE_PATH","0.4762","2","6"
"d2-v5-easy-030","arrow:a1","arrow:a3","ORDER_DEPENDENCY","0.4762","2","6"
"d2-v5-easy-030","arrow:a1","arrow:a3","ALTERNATIVE_PATH","0.4762","2","6"
"d2-v5-easy-030","arrow:a1","arrow:a4","ALTERNATIVE_PATH","0.4762","2","6"
"d2-v5-easy-030","arrow:a2","arrow:a3","EXPOSURE","0.4762","2","6"
"d2-v5-easy-030","arrow:a2","arrow:a3","STATE_DEPENDENCY","0.4762","2","6"
"d2-v5-easy-030","arrow:a2","arrow:a3","REVEAL","0.4762","2","6"
"d2-v5-easy-030","arrow:a2","arrow:a3","ALTERNATIVE_PATH","0.4762","2","6"
"d2-v5-easy-030","arrow:a2","arrow:a4","COLLISION","0.4762","2","6"
"d2-v5-easy-030","arrow:a2","arrow:a4","ROUTE_BLOCK","0.4762","2","6"
"d2-v5-easy-030","arrow:a3","arrow:a2","EXPOSURE","0.4762","2","6"
"d2-v5-easy-030","arrow:a3","arrow:a2","STATE_DEPENDENCY","0.4762","2","6"
"d2-v5-easy-030","arrow:a3","arrow:a2","REVEAL","0.4762","2","6"
"d2-v5-easy-030","arrow:a3","arrow:a4","EXPOSURE","0.4762","2","6"
"d2-v5-easy-030","arrow:a3","arrow:a4","STATE_DEPENDENCY","0.4762","2","6"
"d2-v5-easy-030","arrow:a3","arrow:a4","REVEAL","0.4762","2","6"
"d2-v5-easy-030","arrow:a4","arrow:a2","COLLISION","0.4762","2","6"
"d2-v5-easy-030","arrow:a4","arrow:a2","OCCLUSION","0.4762","2","6"
"d2-v5-easy-030","arrow:a4","arrow:a2","ROUTE_BLOCK","0.4762","2","6"
"d2-v5-easy-030","arrow:a4","arrow:a2","EXPOSURE","0.4762","2","6"
"d2-v5-easy-030","arrow:a4","arrow:a2","STATE_DEPENDENCY","0.4762","2","6"
"d2-v5-easy-030","arrow:a4","arrow:a2","REVEAL","0.4762","2","6"
"d2-v5-easy-030","arrow:a4","arrow:a3","EXPOSURE","0.4762","2","6"
"d2-v5-easy-030","arrow:a4","arrow:a3","ORDER_DEPENDENCY","0.4762","2","6"
"d2-v5-easy-030","arrow:a4","arrow:a3","STATE_DEPENDENCY","0.4762","2","6"
"d2-v5-easy-030","arrow:a4","arrow:a3","REVEAL","0.4762","2","6"
"d2-v5-easy-030","magnet:m1","arrow:a1","MAGNET_CONTROL","0.4762","2","6"
"d2-v5-easy-030","magnet:m2","arrow:a2","MAGNET_CONTROL","0.4762","2","6"
"d2-v5-easy-030","magnet:m2","arrow:a2","POLARITY_DEPENDENCY","0.4762","2","6"
"d2-v5-easy-030","magnet:m2","arrow:a3","MAGNET_CONTROL","0.4762","2","6"
"d2-v5-easy-030","magnet:m2","arrow:a3","POLARITY_DEPENDENCY","0.4762","2","6"
"d2-v5-easy-030","magnet:m2","arrow:a4","MAGNET_CONTROL","0.4762","2","6"
"d2-v5-easy-030","magnet:m2","arrow:a4","POLARITY_DEPENDENCY","0.4762","2","6"
"d2-v5-medium-031","arrow:a1","arrow:a2","ORDER_DEPENDENCY","0.4722","2","8"
"d2-v5-medium-031","arrow:a1","arrow:a3","ALTERNATIVE_PATH","0.4722","2","8"
"d2-v5-medium-031","arrow:a1","arrow:a4","ROUTE_BLOCK","0.4722","2","8"
"d2-v5-medium-031","arrow:a1","arrow:a4","ALTERNATIVE_PATH","0.4722","2","8"
"d2-v5-medium-031","arrow:a1","arrow:a5","ALTERNATIVE_PATH","0.4722","2","8"
"d2-v5-medium-031","arrow:a1","wall:2,3","COLLISION","0.4722","2","8"
"d2-v5-medium-031","arrow:a2","arrow:a1","EXPOSURE","0.4722","2","8"
"d2-v5-medium-031","arrow:a2","arrow:a1","STATE_DEPENDENCY","0.4722","2","8"
"d2-v5-medium-031","arrow:a2","arrow:a1","REVEAL","0.4722","2","8"
"d2-v5-medium-031","arrow:a2","arrow:a3","ALTERNATIVE_PATH","0.4722","2","8"
"d2-v5-medium-031","arrow:a2","arrow:a4","EXPOSURE","0.4722","2","8"
"d2-v5-medium-031","arrow:a2","arrow:a4","STATE_DEPENDENCY","0.4722","2","8"
"d2-v5-medium-031","arrow:a2","arrow:a4","REVEAL","0.4722","2","8"
"d2-v5-medium-031","arrow:a2","arrow:a5","ALTERNATIVE_PATH","0.4722","2","8"
"d2-v5-medium-031","arrow:a3","arrow:a2","ORDER_DEPENDENCY","0.4722","2","8"
"d2-v5-medium-031","arrow:a3","arrow:a4","ALTERNATIVE_PATH","0.4722","2","8"
"d2-v5-medium-031","arrow:a3","arrow:a5","ALTERNATIVE_PATH","0.4722","2","8"
"d2-v5-medium-031","arrow:a4","arrow:a1","COLLISION","0.4722","2","8"
"d2-v5-medium-031","arrow:a4","arrow:a1","OCCLUSION","0.4722","2","8"
"d2-v5-medium-031","arrow:a4","arrow:a1","EXPOSURE","0.4722","2","8"
"d2-v5-medium-031","arrow:a4","arrow:a1","STATE_DEPENDENCY","0.4722","2","8"
"d2-v5-medium-031","arrow:a4","arrow:a1","REVEAL","0.4722","2","8"
"d2-v5-medium-031","arrow:a4","arrow:a2","EXPOSURE","0.4722","2","8"
"d2-v5-medium-031","arrow:a4","arrow:a2","ORDER_DEPENDENCY","0.4722","2","8"
"d2-v5-medium-031","arrow:a4","arrow:a2","STATE_DEPENDENCY","0.4722","2","8"
"d2-v5-medium-031","arrow:a4","arrow:a2","REVEAL","0.4722","2","8"
"d2-v5-medium-031","arrow:a4","arrow:a5","ALTERNATIVE_PATH","0.4722","2","8"
"d2-v5-medium-031","arrow:a4","wall:2,3","COLLISION","0.4722","2","8"
"d2-v5-medium-031","arrow:a5","arrow:a2","ORDER_DEPENDENCY","0.4722","2","8"
"d2-v5-medium-031","magnet:m2","arrow:a5","MAGNET_CONTROL","0.4722","2","8"
"d2-v5-medium-031","magnet:m2","magnet:m3","CANCELLATION","0.4722","2","8"
"d2-v5-medium-031","magnet:m3","arrow:a1","MAGNET_CONTROL","0.4722","2","8"
"d2-v5-medium-031","magnet:m3","arrow:a1","POLARITY_DEPENDENCY","0.4722","2","8"
"d2-v5-medium-031","magnet:m3","arrow:a2","OCCLUSION","0.4722","2","8"
"d2-v5-medium-031","magnet:m3","arrow:a2","MAGNET_CONTROL","0.4722","2","8"
"d2-v5-medium-031","magnet:m3","arrow:a2","POLARITY_DEPENDENCY","0.4722","2","8"
"d2-v5-medium-031","magnet:m3","arrow:a4","MAGNET_CONTROL","0.4722","2","8"
"d2-v5-medium-031","magnet:m3","arrow:a4","POLARITY_DEPENDENCY","0.4722","2","8"
"d2-v5-medium-031","wall:2,3","arrow:a1","OCCLUSION","0.4722","2","8"
"d2-v5-medium-031","wall:2,3","arrow:a1","ROUTE_BLOCK","0.4722","2","8"
"d2-v5-medium-031","wall:2,3","arrow:a4","ROUTE_BLOCK","0.4722","2","8"
"d2-v5-expert-032","arrow:a1","arrow:a2","COLLISION","0.3778","3","8"
"d2-v5-expert-032","arrow:a1","arrow:a2","ROUTE_BLOCK","0.3778","3","8"
"d2-v5-expert-032","arrow:a1","arrow:a4","COLLISION","0.3778","3","8"
"d2-v5-expert-032","arrow:a1","arrow:a4","ORDER_DEPENDENCY","0.3778","3","8"
"d2-v5-expert-032","arrow:a1","arrow:a5","ALTERNATIVE_PATH","0.3778","3","8"
"d2-v5-expert-032","arrow:a1","magnet:m2","COLLISION","0.3778","3","8"
"d2-v5-expert-032","arrow:a2","arrow:a1","COLLISION","0.3778","3","8"
"d2-v5-expert-032","arrow:a2","arrow:a1","OCCLUSION","0.3778","3","8"
"d2-v5-expert-032","arrow:a2","arrow:a1","ROUTE_BLOCK","0.3778","3","8"
"d2-v5-expert-032","arrow:a2","arrow:a1","EXPOSURE","0.3778","3","8"
"d2-v5-expert-032","arrow:a2","arrow:a1","STATE_DEPENDENCY","0.3778","3","8"
"d2-v5-expert-032","arrow:a2","arrow:a1","REVEAL","0.3778","3","8"
"d2-v5-expert-032","arrow:a2","arrow:a3","EXPOSURE","0.3778","3","8"
"d2-v5-expert-032","arrow:a2","arrow:a3","ORDER_DEPENDENCY","0.3778","3","8"
"d2-v5-expert-032","arrow:a2","arrow:a3","STATE_DEPENDENCY","0.3778","3","8"
"d2-v5-expert-032","arrow:a2","arrow:a3","REVEAL","0.3778","3","8"
"d2-v5-expert-032","arrow:a2","arrow:a4","ORDER_DEPENDENCY","0.3778","3","8"
"d2-v5-expert-032","arrow:a2","arrow:a5","ALTERNATIVE_PATH","0.3778","3","8"
"d2-v5-expert-032","arrow:a3","arrow:a1","EXPOSURE","0.3778","3","8"
"d2-v5-expert-032","arrow:a3","arrow:a1","STATE_DEPENDENCY","0.3778","3","8"
"d2-v5-expert-032","arrow:a3","arrow:a1","REVEAL","0.3778","3","8"
"d2-v5-expert-032","arrow:a3","arrow:a2","EXPOSURE","0.3778","3","8"
"d2-v5-expert-032","arrow:a3","arrow:a2","STATE_DEPENDENCY","0.3778","3","8"
"d2-v5-expert-032","arrow:a3","arrow:a2","REVEAL","0.3778","3","8"
"d2-v5-expert-032","arrow:a3","arrow:a4","ORDER_DEPENDENCY","0.3778","3","8"
"d2-v5-expert-032","arrow:a3","arrow:a5","ALTERNATIVE_PATH","0.3778","3","8"
"d2-v5-expert-032","arrow:a4","arrow:a1","OCCLUSION","0.3778","3","8"
"d2-v5-expert-032","arrow:a4","arrow:a1","ROUTE_BLOCK","0.3778","3","8"
"d2-v5-expert-032","arrow:a4","arrow:a1","EXPOSURE","0.3778","3","8"
"d2-v5-expert-032","arrow:a4","arrow:a1","STATE_DEPENDENCY","0.3778","3","8"
"d2-v5-expert-032","arrow:a4","arrow:a1","REVEAL","0.3778","3","8"
"d2-v5-expert-032","arrow:a4","arrow:a5","ALTERNATIVE_PATH","0.3778","3","8"
"d2-v5-expert-032","arrow:a5","arrow:a3","ORDER_DEPENDENCY","0.3778","3","8"
"d2-v5-expert-032","arrow:a5","arrow:a4","ORDER_DEPENDENCY","0.3778","3","8"
"d2-v5-expert-032","magnet:m1","arrow:a1","MAGNET_CONTROL","0.3778","3","8"
"d2-v5-expert-032","magnet:m1","arrow:a1","POLARITY_DEPENDENCY","0.3778","3","8"
"d2-v5-expert-032","magnet:m1","arrow:a4","MAGNET_CONTROL","0.3778","3","8"
"d2-v5-expert-032","magnet:m1","magnet:m2","CANCELLATION","0.3778","3","8"
"d2-v5-expert-032","magnet:m2","arrow:a1","MAGNET_CONTROL","0.3778","3","8"
"d2-v5-expert-032","magnet:m2","arrow:a1","POLARITY_DEPENDENCY","0.3778","3","8"
"d2-v5-expert-032","magnet:m2","arrow:a1","ROUTE_BLOCK","0.3778","3","8"
"d2-v5-expert-032","magnet:m2","arrow:a2","MAGNET_CONTROL","0.3778","3","8"
"d2-v5-expert-032","magnet:m2","arrow:a2","POLARITY_DEPENDENCY","0.3778","3","8"
"d2-v5-expert-032","magnet:m2","arrow:a3","MAGNET_CONTROL","0.3778","3","8"
"d2-v5-expert-032","magnet:m2","arrow:a3","POLARITY_DEPENDENCY","0.3778","3","8"
"d2-v5-expert-032","magnet:m3","arrow:a5","MAGNET_CONTROL","0.3778","3","8"
"d2-v5-hard-033","arrow:a1","arrow:a2","ALTERNATIVE_PATH","0.2444","4","7"
"d2-v5-hard-033","arrow:a1","arrow:a3","ALTERNATIVE_PATH","0.2444","4","7"
"d2-v5-hard-033","arrow:a1","arrow:a4","ORDER_DEPENDENCY","0.2444","4","7"
"d2-v5-hard-033","arrow:a1","arrow:a4","ALTERNATIVE_PATH","0.2444","4","7"
"d2-v5-hard-033","arrow:a2","arrow:a3","ALTERNATIVE_PATH","0.2444","4","7"
"d2-v5-hard-033","arrow:a2","arrow:a4","ORDER_DEPENDENCY","0.2444","4","7"
"d2-v5-hard-033","arrow:a2","arrow:a4","ALTERNATIVE_PATH","0.2444","4","7"
"d2-v5-hard-033","arrow:a3","arrow:a4","EXPOSURE","0.2444","4","7"
"d2-v5-hard-033","arrow:a3","arrow:a4","ORDER_DEPENDENCY","0.2444","4","7"
"d2-v5-hard-033","arrow:a3","arrow:a4","STATE_DEPENDENCY","0.2444","4","7"
"d2-v5-hard-033","arrow:a3","arrow:a4","REVEAL","0.2444","4","7"
"d2-v5-hard-033","arrow:a3","magnet:m2","COLLISION","0.2444","4","7"
"d2-v5-hard-033","arrow:a4","arrow:a3","EXPOSURE","0.2444","4","7"
"d2-v5-hard-033","arrow:a4","arrow:a3","STATE_DEPENDENCY","0.2444","4","7"
"d2-v5-hard-033","arrow:a4","arrow:a3","REVEAL","0.2444","4","7"
"d2-v5-hard-033","magnet:m1","arrow:a3","MAGNET_CONTROL","0.2444","4","7"
"d2-v5-hard-033","magnet:m1","arrow:a3","POLARITY_DEPENDENCY","0.2444","4","7"
"d2-v5-hard-033","magnet:m1","arrow:a4","OCCLUSION","0.2444","4","7"
"d2-v5-hard-033","magnet:m1","arrow:a4","MAGNET_CONTROL","0.2444","4","7"
"d2-v5-hard-033","magnet:m1","arrow:a4","POLARITY_DEPENDENCY","0.2444","4","7"
"d2-v5-hard-033","magnet:m2","arrow:a1","OCCLUSION","0.2444","4","7"
"d2-v5-hard-033","magnet:m2","arrow:a1","MAGNET_CONTROL","0.2444","4","7"
"d2-v5-hard-033","magnet:m2","arrow:a3","ROUTE_BLOCK","0.2444","4","7"
"d2-v5-hard-033","magnet:m3","arrow:a2","MAGNET_CONTROL","0.2444","4","7"
"d2-v5-medium-034","arrow:a1","arrow:a2","ALTERNATIVE_PATH","0.2143","4","5"
"d2-v5-medium-034","arrow:a1","arrow:a3","EXPOSURE","0.2143","4","5"
"d2-v5-medium-034","arrow:a1","arrow:a3","ORDER_DEPENDENCY","0.2143","4","5"
"d2-v5-medium-034","arrow:a1","arrow:a3","STATE_DEPENDENCY","0.2143","4","5"
"d2-v5-medium-034","arrow:a1","arrow:a3","REVEAL","0.2143","4","5"
"d2-v5-medium-034","arrow:a1","wall:4,4","COLLISION","0.2143","4","5"
"d2-v5-medium-034","arrow:a2","arrow:a3","ORDER_DEPENDENCY","0.2143","4","5"
"d2-v5-medium-034","arrow:a2","arrow:a3","ALTERNATIVE_PATH","0.2143","4","5"
"d2-v5-medium-034","arrow:a3","arrow:a1","EXPOSURE","0.2143","4","5"
"d2-v5-medium-034","arrow:a3","arrow:a1","STATE_DEPENDENCY","0.2143","4","5"
"d2-v5-medium-034","arrow:a3","arrow:a1","REVEAL","0.2143","4","5"
"d2-v5-medium-034","magnet:m1","arrow:a1","MAGNET_CONTROL","0.2143","4","5"
"d2-v5-medium-034","magnet:m1","arrow:a1","POLARITY_DEPENDENCY","0.2143","4","5"
"d2-v5-medium-034","magnet:m1","arrow:a3","MAGNET_CONTROL","0.2143","4","5"
"d2-v5-medium-034","magnet:m1","arrow:a3","POLARITY_DEPENDENCY","0.2143","4","5"
"d2-v5-medium-034","wall:4,4","arrow:a1","ROUTE_BLOCK","0.2143","4","5"
"d2-v5-master-035","arrow:a1","arrow:a2","ORDER_DEPENDENCY","0.2909","3","9"
"d2-v5-master-035","arrow:a1","arrow:a3","ORDER_DEPENDENCY","0.2909","3","9"
"d2-v5-master-035","arrow:a1","arrow:a4","ALTERNATIVE_PATH","0.2909","3","9"
"d2-v5-master-035","arrow:a1","arrow:a5","ALTERNATIVE_PATH","0.2909","3","9"
"d2-v5-master-035","arrow:a1","magnet:m2","COLLISION","0.2909","3","9"
"d2-v5-master-035","arrow:a2","arrow:a1","OCCLUSION","0.2909","3","9"
"d2-v5-master-035","arrow:a2","arrow:a1","EXPOSURE","0.2909","3","9"
"d2-v5-master-035","arrow:a2","arrow:a1","STATE_DEPENDENCY","0.2909","3","9"
"d2-v5-master-035","arrow:a2","arrow:a1","REVEAL","0.2909","3","9"
"d2-v5-master-035","arrow:a2","arrow:a3","EXPOSURE","0.2909","3","9"
"d2-v5-master-035","arrow:a2","arrow:a3","ORDER_DEPENDENCY","0.2909","3","9"
"d2-v5-master-035","arrow:a2","arrow:a3","STATE_DEPENDENCY","0.2909","3","9"
"d2-v5-master-035","arrow:a2","arrow:a3","REVEAL","0.2909","3","9"
"d2-v5-master-035","arrow:a2","arrow:a4","ALTERNATIVE_PATH","0.2909","3","9"
"d2-v5-master-035","arrow:a2","arrow:a5","ALTERNATIVE_PATH","0.2909","3","9"
"d2-v5-master-035","arrow:a2","wall:6,6","COLLISION","0.2909","3","9"
"d2-v5-master-035","arrow:a3","arrow:a2","EXPOSURE","0.2909","3","9"
"d2-v5-master-035","arrow:a3","arrow:a2","STATE_DEPENDENCY","0.2909","3","9"
"d2-v5-master-035","arrow:a3","arrow:a2","REVEAL","0.2909","3","9"
"d2-v5-master-035","arrow:a3","arrow:a4","ALTERNATIVE_PATH","0.2909","3","9"
"d2-v5-master-035","arrow:a3","arrow:a5","ALTERNATIVE_PATH","0.2909","3","9"
"d2-v5-master-035","arrow:a4","arrow:a2","ORDER_DEPENDENCY","0.2909","3","9"
"d2-v5-master-035","arrow:a4","arrow:a3","ORDER_DEPENDENCY","0.2909","3","9"
"d2-v5-master-035","arrow:a5","arrow:a2","ORDER_DEPENDENCY","0.2909","3","9"
"d2-v5-master-035","arrow:a5","arrow:a3","ORDER_DEPENDENCY","0.2909","3","9"
"d2-v5-master-035","magnet:m1","arrow:a1","MAGNET_CONTROL","0.2909","3","9"
"d2-v5-master-035","magnet:m1","magnet:m2","CANCELLATION","0.2909","3","9"
"d2-v5-master-035","magnet:m2","arrow:a1","ROUTE_BLOCK","0.2909","3","9"
"d2-v5-master-035","magnet:m4","arrow:a2","MAGNET_CONTROL","0.2909","3","9"
"d2-v5-master-035","magnet:m4","arrow:a2","POLARITY_DEPENDENCY","0.2909","3","9"
"d2-v5-master-035","magnet:m4","arrow:a3","MAGNET_CONTROL","0.2909","3","9"
"d2-v5-master-035","magnet:m4","arrow:a3","POLARITY_DEPENDENCY","0.2909","3","9"
"d2-v5-master-035","wall:6,6","arrow:a2","ROUTE_BLOCK","0.2909","3","9"
"d2-v5-master-035","wall:6,6","arrow:a4","OCCLUSION","0.2909","3","9"
"d2-v5-easy-036","arrow:a1","arrow:a2","ALTERNATIVE_PATH","0.3333","3","5"
"d2-v5-easy-036","arrow:a1","arrow:a3","ORDER_DEPENDENCY","0.3333","3","5"
"d2-v5-easy-036","arrow:a1","arrow:a3","ALTERNATIVE_PATH","0.3333","3","5"
"d2-v5-easy-036","arrow:a2","arrow:a3","EXPOSURE","0.3333","3","5"
"d2-v5-easy-036","arrow:a2","arrow:a3","ORDER_DEPENDENCY","0.3333","3","5"
"d2-v5-easy-036","arrow:a2","arrow:a3","STATE_DEPENDENCY","0.3333","3","5"
"d2-v5-easy-036","arrow:a2","arrow:a3","REVEAL","0.3333","3","5"
"d2-v5-easy-036","arrow:a2","wall:4,2","COLLISION","0.3333","3","5"
"d2-v5-easy-036","arrow:a3","arrow:a2","EXPOSURE","0.3333","3","5"
"d2-v5-easy-036","arrow:a3","arrow:a2","STATE_DEPENDENCY","0.3333","3","5"
"d2-v5-easy-036","arrow:a3","arrow:a2","REVEAL","0.3333","3","5"
"d2-v5-easy-036","magnet:m1","arrow:a2","MAGNET_CONTROL","0.3333","3","5"
"d2-v5-easy-036","magnet:m1","arrow:a2","POLARITY_DEPENDENCY","0.3333","3","5"
"d2-v5-easy-036","magnet:m1","arrow:a3","MAGNET_CONTROL","0.3333","3","5"
"d2-v5-easy-036","magnet:m1","arrow:a3","POLARITY_DEPENDENCY","0.3333","3","5"
"d2-v5-easy-036","wall:4,2","arrow:a1","OCCLUSION","0.3333","3","5"
"d2-v5-easy-036","wall:4,2","arrow:a2","ROUTE_BLOCK","0.3333","3","5"
"d2-v5-hard-037","arrow:a1","arrow:a2","ALTERNATIVE_PATH","0.3091","2","10"
"d2-v5-hard-037","arrow:a1","arrow:a3","ROUTE_BLOCK","0.3091","2","10"
"d2-v5-hard-037","arrow:a1","arrow:a3","EXPOSURE","0.3091","2","10"
"d2-v5-hard-037","arrow:a1","arrow:a3","ORDER_DEPENDENCY","0.3091","2","10"
"d2-v5-hard-037","arrow:a1","arrow:a3","STATE_DEPENDENCY","0.3091","2","10"
"d2-v5-hard-037","arrow:a1","arrow:a3","REVEAL","0.3091","2","10"
"d2-v5-hard-037","arrow:a1","arrow:a4","ALTERNATIVE_PATH","0.3091","2","10"
"d2-v5-hard-037","arrow:a1","arrow:a5","ALTERNATIVE_PATH","0.3091","2","10"
"d2-v5-hard-037","arrow:a2","arrow:a3","ORDER_DEPENDENCY","0.3091","2","10"
"d2-v5-hard-037","arrow:a2","arrow:a3","ALTERNATIVE_PATH","0.3091","2","10"
"d2-v5-hard-037","arrow:a2","arrow:a5","ALTERNATIVE_PATH","0.3091","2","10"
"d2-v5-hard-037","arrow:a2","magnet:m1","COLLISION","0.3091","2","10"
"d2-v5-hard-037","arrow:a3","arrow:a1","COLLISION","0.3091","2","10"
"d2-v5-hard-037","arrow:a3","arrow:a4","ALTERNATIVE_PATH","0.3091","2","10"
"d2-v5-hard-037","arrow:a3","arrow:a5","EXPOSURE","0.3091","2","10"
"d2-v5-hard-037","arrow:a3","arrow:a5","STATE_DEPENDENCY","0.3091","2","10"
"d2-v5-hard-037","arrow:a3","arrow:a5","REVEAL","0.3091","2","10"
"d2-v5-hard-037","arrow:a4","arrow:a2","EXPOSURE","0.3091","2","10"
"d2-v5-hard-037","arrow:a4","arrow:a2","STATE_DEPENDENCY","0.3091","2","10"
"d2-v5-hard-037","arrow:a4","arrow:a2","REVEAL","0.3091","2","10"
"d2-v5-hard-037","arrow:a4","arrow:a3","ORDER_DEPENDENCY","0.3091","2","10"
"d2-v5-hard-037","arrow:a4","arrow:a5","ALTERNATIVE_PATH","0.3091","2","10"
"d2-v5-hard-037","arrow:a5","arrow:a3","EXPOSURE","0.3091","2","10"
"d2-v5-hard-037","arrow:a5","arrow:a3","ORDER_DEPENDENCY","0.3091","2","10"
"d2-v5-hard-037","arrow:a5","arrow:a3","STATE_DEPENDENCY","0.3091","2","10"
"d2-v5-hard-037","arrow:a5","arrow:a3","REVEAL","0.3091","2","10"
"d2-v5-hard-037","arrow:a5","wall:4,4","COLLISION","0.3091","2","10"
"d2-v5-hard-037","magnet:m1","arrow:a2","ROUTE_BLOCK","0.3091","2","10"
"d2-v5-hard-037","magnet:m2","arrow:a1","MAGNET_CONTROL","0.3091","2","10"
"d2-v5-hard-037","magnet:m3","arrow:a3","OCCLUSION","0.3091","2","10"
"d2-v5-hard-037","magnet:m3","arrow:a3","MAGNET_CONTROL","0.3091","2","10"
"d2-v5-hard-037","magnet:m3","arrow:a3","POLARITY_DEPENDENCY","0.3091","2","10"
"d2-v5-hard-037","magnet:m3","arrow:a5","OCCLUSION","0.3091","2","10"
"d2-v5-hard-037","magnet:m3","arrow:a5","MAGNET_CONTROL","0.3091","2","10"
"d2-v5-hard-037","magnet:m3","arrow:a5","POLARITY_DEPENDENCY","0.3091","2","10"
"d2-v5-hard-037","magnet:m5","arrow:a2","MAGNET_CONTROL","0.3091","2","10"
"d2-v5-hard-037","magnet:m5","arrow:a2","POLARITY_DEPENDENCY","0.3091","2","10"
"d2-v5-hard-037","magnet:m5","arrow:a4","MAGNET_CONTROL","0.3091","2","10"
"d2-v5-hard-037","wall:4,4","arrow:a5","ROUTE_BLOCK","0.3091","2","10"
"d2-v5-easy-038","arrow:a1","arrow:a2","EXPOSURE","0.3556","3","8"
"d2-v5-easy-038","arrow:a1","arrow:a2","STATE_DEPENDENCY","0.3556","3","8"
"d2-v5-easy-038","arrow:a1","arrow:a2","REVEAL","0.3556","3","8"
"d2-v5-easy-038","arrow:a1","arrow:a2","ALTERNATIVE_PATH","0.3556","3","8"
"d2-v5-easy-038","arrow:a1","arrow:a3","ALTERNATIVE_PATH","0.3556","3","8"
"d2-v5-easy-038","arrow:a1","arrow:a4","ROUTE_BLOCK","0.3556","3","8"
"d2-v5-easy-038","arrow:a1","arrow:a4","EXPOSURE","0.3556","3","8"
"d2-v5-easy-038","arrow:a1","arrow:a4","STATE_DEPENDENCY","0.3556","3","8"
"d2-v5-easy-038","arrow:a1","arrow:a4","REVEAL","0.3556","3","8"
"d2-v5-easy-038","arrow:a1","arrow:a4","ALTERNATIVE_PATH","0.3556","3","8"
"d2-v5-easy-038","arrow:a1","arrow:a5","ALTERNATIVE_PATH","0.3556","3","8"
"d2-v5-easy-038","arrow:a2","arrow:a3","ALTERNATIVE_PATH","0.3556","3","8"
"d2-v5-easy-038","arrow:a2","arrow:a4","EXPOSURE","0.3556","3","8"
"d2-v5-easy-038","arrow:a2","arrow:a4","ORDER_DEPENDENCY","0.3556","3","8"
"d2-v5-easy-038","arrow:a2","arrow:a4","STATE_DEPENDENCY","0.3556","3","8"
"d2-v5-easy-038","arrow:a2","arrow:a4","REVEAL","0.3556","3","8"
"d2-v5-easy-038","arrow:a2","arrow:a4","ALTERNATIVE_PATH","0.3556","3","8"
"d2-v5-easy-038","arrow:a2","arrow:a5","ALTERNATIVE_PATH","0.3556","3","8"
"d2-v5-easy-038","arrow:a2","wall:4,5","COLLISION","0.3556","3","8"
"d2-v5-easy-038","arrow:a3","arrow:a4","ORDER_DEPENDENCY","0.3556","3","8"
"d2-v5-easy-038","arrow:a3","arrow:a4","ALTERNATIVE_PATH","0.3556","3","8"
"d2-v5-easy-038","arrow:a3","arrow:a5","ALTERNATIVE_PATH","0.3556","3","8"
"d2-v5-easy-038","arrow:a4","arrow:a1","COLLISION","0.3556","3","8"
"d2-v5-easy-038","arrow:a4","arrow:a1","OCCLUSION","0.3556","3","8"
"d2-v5-easy-038","arrow:a4","arrow:a1","EXPOSURE","0.3556","3","8"
"d2-v5-easy-038","arrow:a4","arrow:a1","STATE_DEPENDENCY","0.3556","3","8"
"d2-v5-easy-038","arrow:a4","arrow:a1","REVEAL","0.3556","3","8"
"d2-v5-easy-038","arrow:a4","arrow:a2","EXPOSURE","0.3556","3","8"
"d2-v5-easy-038","arrow:a4","arrow:a2","STATE_DEPENDENCY","0.3556","3","8"
"d2-v5-easy-038","arrow:a4","arrow:a2","REVEAL","0.3556","3","8"
"d2-v5-easy-038","arrow:a4","arrow:a5","ALTERNATIVE_PATH","0.3556","3","8"
"d2-v5-easy-038","arrow:a5","arrow:a4","ORDER_DEPENDENCY","0.3556","3","8"
"d2-v5-easy-038","magnet:m2","arrow:a1","MAGNET_CONTROL","0.3556","3","8"
"d2-v5-easy-038","magnet:m2","arrow:a1","POLARITY_DEPENDENCY","0.3556","3","8"
"d2-v5-easy-038","magnet:m2","arrow:a2","MAGNET_CONTROL","0.3556","3","8"
"d2-v5-easy-038","magnet:m2","arrow:a2","POLARITY_DEPENDENCY","0.3556","3","8"
"d2-v5-easy-038","magnet:m2","arrow:a4","MAGNET_CONTROL","0.3556","3","8"
"d2-v5-easy-038","magnet:m2","arrow:a4","POLARITY_DEPENDENCY","0.3556","3","8"
"d2-v5-easy-038","wall:4,5","arrow:a2","ROUTE_BLOCK","0.3556","3","8"
"d2-v5-easy-038","wall:4,5","arrow:a5","OCCLUSION","0.3556","3","8"
"d2-v5-easy-038","wall:5,4","arrow:a5","OCCLUSION","0.3556","3","8"
"d2-v5-medium-039","arrow:a1","arrow:a2","ALTERNATIVE_PATH","0.141","6","8"
"d2-v5-medium-039","arrow:a1","arrow:a3","ALTERNATIVE_PATH","0.141","6","8"
"d2-v5-medium-039","arrow:a1","arrow:a4","ORDER_DEPENDENCY","0.141","6","8"
"d2-v5-medium-039","arrow:a1","arrow:a4","ALTERNATIVE_PATH","0.141","6","8"
"d2-v5-medium-039","arrow:a2","arrow:a3","ALTERNATIVE_PATH","0.141","6","8"
"d2-v5-medium-039","arrow:a2","arrow:a4","ORDER_DEPENDENCY","0.141","6","8"
"d2-v5-medium-039","arrow:a2","arrow:a4","ALTERNATIVE_PATH","0.141","6","8"
"d2-v5-medium-039","arrow:a3","arrow:a4","EXPOSURE","0.141","6","8"
"d2-v5-medium-039","arrow:a3","arrow:a4","ORDER_DEPENDENCY","0.141","6","8"
"d2-v5-medium-039","arrow:a3","arrow:a4","STATE_DEPENDENCY","0.141","6","8"
"d2-v5-medium-039","arrow:a3","arrow:a4","REVEAL","0.141","6","8"
"d2-v5-medium-039","arrow:a3","wall:5,2","COLLISION","0.141","6","8"
"d2-v5-medium-039","arrow:a4","arrow:a3","EXPOSURE","0.141","6","8"
"d2-v5-medium-039","arrow:a4","arrow:a3","STATE_DEPENDENCY","0.141","6","8"
"d2-v5-medium-039","arrow:a4","arrow:a3","REVEAL","0.141","6","8"
"d2-v5-medium-039","magnet:m1","arrow:a3","MAGNET_CONTROL","0.141","6","8"
"d2-v5-medium-039","magnet:m1","arrow:a3","POLARITY_DEPENDENCY","0.141","6","8"
"d2-v5-medium-039","magnet:m1","arrow:a4","OCCLUSION","0.141","6","8"
"d2-v5-medium-039","magnet:m1","arrow:a4","MAGNET_CONTROL","0.141","6","8"
"d2-v5-medium-039","magnet:m1","arrow:a4","POLARITY_DEPENDENCY","0.141","6","8"
"d2-v5-medium-039","magnet:m2","arrow:a2","MAGNET_CONTROL","0.141","6","8"
"d2-v5-medium-039","wall:5,2","arrow:a3","ROUTE_BLOCK","0.141","6","8"
"d2-v5-medium-039","wall:7,3","arrow:a1","OCCLUSION","0.141","6","8"
"d2-v5-expert-040","arrow:a1","arrow:a2","COLLISION","0.2747","5","10"
"d2-v5-expert-040","arrow:a1","arrow:a2","ORDER_DEPENDENCY","0.2747","5","10"
"d2-v5-expert-040","arrow:a1","arrow:a4","ALTERNATIVE_PATH","0.2747","5","10"
"d2-v5-expert-040","arrow:a1","arrow:a5","COLLISION","0.2747","5","10"
"d2-v5-expert-040","arrow:a1","arrow:a5","ROUTE_BLOCK","0.2747","5","10"
"d2-v5-expert-040","arrow:a1","arrow:a6","ALTERNATIVE_PATH","0.2747","5","10"
"d2-v5-expert-040","arrow:a1","wall:6,3","COLLISION","0.2747","5","10"
"d2-v5-expert-040","arrow:a2","arrow:a1","OCCLUSION","0.2747","5","10"
"d2-v5-expert-040","arrow:a2","arrow:a1","ROUTE_BLOCK","0.2747","5","10"
"d2-v5-expert-040","arrow:a2","arrow:a1","EXPOSURE","0.2747","5","10"
"d2-v5-expert-040","arrow:a2","arrow:a1","STATE_DEPENDENCY","0.2747","5","10"
"d2-v5-expert-040","arrow:a2","arrow:a1","REVEAL","0.2747","5","10"
"d2-v5-expert-040","arrow:a2","arrow:a4","OCCLUSION","0.2747","5","10"
"d2-v5-expert-040","arrow:a2","arrow:a4","EXPOSURE","0.2747","5","10"
"d2-v5-expert-040","arrow:a2","arrow:a4","STATE_DEPENDENCY","0.2747","5","10"
"d2-v5-expert-040","arrow:a2","arrow:a4","REVEAL","0.2747","5","10"
"d2-v5-expert-040","arrow:a2","arrow:a4","ALTERNATIVE_PATH","0.2747","5","10"
"d2-v5-expert-040","arrow:a2","arrow:a6","ALTERNATIVE_PATH","0.2747","5","10"
"d2-v5-expert-040","arrow:a3","arrow:a1","EXPOSURE","0.2747","5","10"
"d2-v5-expert-040","arrow:a3","arrow:a1","STATE_DEPENDENCY","0.2747","5","10"
"d2-v5-expert-040","arrow:a3","arrow:a1","REVEAL","0.2747","5","10"
"d2-v5-expert-040","arrow:a3","arrow:a2","ORDER_DEPENDENCY","0.2747","5","10"
"d2-v5-expert-040","arrow:a3","arrow:a4","ALTERNATIVE_PATH","0.2747","5","10"
"d2-v5-expert-040","arrow:a3","arrow:a5","EXPOSURE","0.2747","5","10"
"d2-v5-expert-040","arrow:a3","arrow:a5","STATE_DEPENDENCY","0.2747","5","10"
"d2-v5-expert-040","arrow:a3","arrow:a5","REVEAL","0.2747","5","10"
"d2-v5-expert-040","arrow:a3","arrow:a6","ALTERNATIVE_PATH","0.2747","5","10"
"d2-v5-expert-040","arrow:a4","arrow:a2","ORDER_DEPENDENCY","0.2747","5","10"
"d2-v5-expert-040","arrow:a4","arrow:a3","ORDER_DEPENDENCY","0.2747","5","10"
"d2-v5-expert-040","arrow:a4","arrow:a5","ALTERNATIVE_PATH","0.2747","5","10"
"d2-v5-expert-040","arrow:a4","arrow:a6","EXPOSURE","0.2747","5","10"
"d2-v5-expert-040","arrow:a4","arrow:a6","STATE_DEPENDENCY","0.2747","5","10"
"d2-v5-expert-040","arrow:a4","arrow:a6","REVEAL","0.2747","5","10"
"d2-v5-expert-040","arrow:a4","arrow:a6","ALTERNATIVE_PATH","0.2747","5","10"
"d2-v5-expert-040","arrow:a5","arrow:a1","COLLISION","0.2747","5","10"
"d2-v5-expert-040","arrow:a5","arrow:a1","OCCLUSION","0.2747","5","10"
"d2-v5-expert-040","arrow:a5","arrow:a1","ROUTE_BLOCK","0.2747","5","10"
"d2-v5-expert-040","arrow:a5","arrow:a1","EXPOSURE","0.2747","5","10"
"d2-v5-expert-040","arrow:a5","arrow:a1","STATE_DEPENDENCY","0.2747","5","10"
"d2-v5-expert-040","arrow:a5","arrow:a1","REVEAL","0.2747","5","10"
"d2-v5-expert-040","arrow:a5","arrow:a2","ORDER_DEPENDENCY","0.2747","5","10"
"d2-v5-expert-040","arrow:a5","arrow:a3","EXPOSURE","0.2747","5","10"
"d2-v5-expert-040","arrow:a5","arrow:a3","ORDER_DEPENDENCY","0.2747","5","10"
"d2-v5-expert-040","arrow:a5","arrow:a3","STATE_DEPENDENCY","0.2747","5","10"
"d2-v5-expert-040","arrow:a5","arrow:a3","REVEAL","0.2747","5","10"
"d2-v5-expert-040","arrow:a5","arrow:a6","ALTERNATIVE_PATH","0.2747","5","10"
"d2-v5-expert-040","arrow:a6","arrow:a2","ORDER_DEPENDENCY","0.2747","5","10"
"d2-v5-expert-040","arrow:a6","arrow:a3","ORDER_DEPENDENCY","0.2747","5","10"
"d2-v5-expert-040","arrow:a6","arrow:a4","EXPOSURE","0.2747","5","10"
"d2-v5-expert-040","arrow:a6","arrow:a4","STATE_DEPENDENCY","0.2747","5","10"
"d2-v5-expert-040","arrow:a6","arrow:a4","REVEAL","0.2747","5","10"
"d2-v5-expert-040","magnet:m1","arrow:a1","MAGNET_CONTROL","0.2747","5","10"
"d2-v5-expert-040","magnet:m1","arrow:a1","POLARITY_DEPENDENCY","0.2747","5","10"
"d2-v5-expert-040","magnet:m1","arrow:a3","OCCLUSION","0.2747","5","10"
"d2-v5-expert-040","magnet:m1","arrow:a3","MAGNET_CONTROL","0.2747","5","10"
"d2-v5-expert-040","magnet:m1","arrow:a3","POLARITY_DEPENDENCY","0.2747","5","10"
"d2-v5-expert-040","magnet:m1","arrow:a5","MAGNET_CONTROL","0.2747","5","10"
"d2-v5-expert-040","magnet:m1","arrow:a5","POLARITY_DEPENDENCY","0.2747","5","10"
"d2-v5-expert-040","magnet:m1","magnet:m2","CANCELLATION","0.2747","5","10"
"d2-v5-expert-040","magnet:m2","arrow:a1","MAGNET_CONTROL","0.2747","5","10"
"d2-v5-expert-040","magnet:m2","arrow:a1","POLARITY_DEPENDENCY","0.2747","5","10"
"d2-v5-expert-040","magnet:m2","arrow:a2","MAGNET_CONTROL","0.2747","5","10"
"d2-v5-expert-040","magnet:m4","arrow:a4","MAGNET_CONTROL","0.2747","5","10"
"d2-v5-expert-040","magnet:m4","arrow:a4","POLARITY_DEPENDENCY","0.2747","5","10"
"d2-v5-expert-040","magnet:m4","arrow:a6","MAGNET_CONTROL","0.2747","5","10"
"d2-v5-expert-040","magnet:m4","arrow:a6","POLARITY_DEPENDENCY","0.2747","5","10"
"d2-v5-expert-040","wall:6,3","arrow:a1","OCCLUSION","0.2747","5","10"
"d2-v5-expert-040","wall:6,3","arrow:a1","ROUTE_BLOCK","0.2747","5","10"
"d2-v5-expert-040","wall:6,3","arrow:a4","OCCLUSION","0.2747","5","10"
"d2-v5-hard-041","arrow:a1","arrow:a2","COLLISION","0.2364","2","10"
"d2-v5-hard-041","arrow:a1","arrow:a4","ROUTE_BLOCK","0.2364","2","10"
"d2-v5-hard-041","arrow:a1","arrow:a4","EXPOSURE","0.2364","2","10"
"d2-v5-hard-041","arrow:a1","arrow:a4","STATE_DEPENDENCY","0.2364","2","10"
"d2-v5-hard-041","arrow:a1","arrow:a4","REVEAL","0.2364","2","10"
"d2-v5-hard-041","arrow:a1","arrow:a5","EXPOSURE","0.2364","2","10"
"d2-v5-hard-041","arrow:a1","arrow:a5","STATE_DEPENDENCY","0.2364","2","10"
"d2-v5-hard-041","arrow:a1","arrow:a5","REVEAL","0.2364","2","10"
"d2-v5-hard-041","arrow:a2","arrow:a1","ROUTE_BLOCK","0.2364","2","10"
"d2-v5-hard-041","arrow:a2","arrow:a1","EXPOSURE","0.2364","2","10"
"d2-v5-hard-041","arrow:a2","arrow:a1","ORDER_DEPENDENCY","0.2364","2","10"
"d2-v5-hard-041","arrow:a2","arrow:a1","STATE_DEPENDENCY","0.2364","2","10"
"d2-v5-hard-041","arrow:a2","arrow:a1","REVEAL","0.2364","2","10"
"d2-v5-hard-041","arrow:a2","arrow:a3","COLLISION","0.2364","2","10"
"d2-v5-hard-041","arrow:a2","arrow:a5","ALTERNATIVE_PATH","0.2364","2","10"
"d2-v5-hard-041","arrow:a3","arrow:a1","ORDER_DEPENDENCY","0.2364","2","10"
"d2-v5-hard-041","arrow:a3","arrow:a2","ROUTE_BLOCK","0.2364","2","10"
"d2-v5-hard-041","arrow:a3","arrow:a2","EXPOSURE","0.2364","2","10"
"d2-v5-hard-041","arrow:a3","arrow:a2","STATE_DEPENDENCY","0.2364","2","10"
"d2-v5-hard-041","arrow:a3","arrow:a2","REVEAL","0.2364","2","10"
"d2-v5-hard-041","arrow:a3","arrow:a5","ALTERNATIVE_PATH","0.2364","2","10"
"d2-v5-hard-041","arrow:a4","arrow:a1","COLLISION","0.2364","2","10"
"d2-v5-hard-041","arrow:a4","arrow:a1","OCCLUSION","0.2364","2","10"
"d2-v5-hard-041","arrow:a5","arrow:a1","EXPOSURE","0.2364","2","10"
"d2-v5-hard-041","arrow:a5","arrow:a1","ORDER_DEPENDENCY","0.2364","2","10"
"d2-v5-hard-041","arrow:a5","arrow:a1","STATE_DEPENDENCY","0.2364","2","10"
"d2-v5-hard-041","arrow:a5","arrow:a1","REVEAL","0.2364","2","10"
"d2-v5-hard-041","arrow:a5","wall:5,5","COLLISION","0.2364","2","10"
"d2-v5-hard-041","magnet:m1","arrow:a4","MAGNET_CONTROL","0.2364","2","10"
"d2-v5-hard-041","magnet:m2","arrow:a1","MAGNET_CONTROL","0.2364","2","10"
"d2-v5-hard-041","magnet:m2","arrow:a1","POLARITY_DEPENDENCY","0.2364","2","10"
"d2-v5-hard-041","magnet:m2","arrow:a5","OCCLUSION","0.2364","2","10"
"d2-v5-hard-041","magnet:m2","arrow:a5","MAGNET_CONTROL","0.2364","2","10"
"d2-v5-hard-041","magnet:m2","arrow:a5","POLARITY_DEPENDENCY","0.2364","2","10"
"d2-v5-hard-041","magnet:m4","arrow:a3","OCCLUSION","0.2364","2","10"
"d2-v5-hard-041","magnet:m4","arrow:a3","MAGNET_CONTROL","0.2364","2","10"
"d2-v5-hard-041","magnet:m5","arrow:a2","MAGNET_CONTROL","0.2364","2","10"
"d2-v5-hard-041","wall:5,5","arrow:a5","ROUTE_BLOCK","0.2364","2","10"
"d2-v5-medium-042","arrow:a1","arrow:a2","COLLISION","0.4444","3","7"
"d2-v5-medium-042","arrow:a1","arrow:a2","ROUTE_BLOCK","0.4444","3","7"
"d2-v5-medium-042","arrow:a1","arrow:a2","ALTERNATIVE_PATH","0.4444","3","7"
"d2-v5-medium-042","arrow:a1","arrow:a3","ORDER_DEPENDENCY","0.4444","3","7"
"d2-v5-medium-042","arrow:a1","arrow:a3","ALTERNATIVE_PATH","0.4444","3","7"
"d2-v5-medium-042","arrow:a1","arrow:a4","ALTERNATIVE_PATH","0.4444","3","7"
"d2-v5-medium-042","arrow:a1","magnet:m2","COLLISION","0.4444","3","7"
"d2-v5-medium-042","arrow:a2","arrow:a1","COLLISION","0.4444","3","7"
"d2-v5-medium-042","arrow:a2","arrow:a1","ROUTE_BLOCK","0.4444","3","7"
"d2-v5-medium-042","arrow:a2","arrow:a3","EXPOSURE","0.4444","3","7"
"d2-v5-medium-042","arrow:a2","arrow:a3","ORDER_DEPENDENCY","0.4444","3","7"
"d2-v5-medium-042","arrow:a2","arrow:a3","STATE_DEPENDENCY","0.4444","3","7"
"d2-v5-medium-042","arrow:a2","arrow:a3","REVEAL","0.4444","3","7"
"d2-v5-medium-042","arrow:a2","arrow:a4","ALTERNATIVE_PATH","0.4444","3","7"
"d2-v5-medium-042","arrow:a2","arrow:a5","ALTERNATIVE_PATH","0.4444","3","7"
"d2-v5-medium-042","arrow:a2","magnet:m1","COLLISION","0.4444","3","7"
"d2-v5-medium-042","arrow:a3","arrow:a2","EXPOSURE","0.4444","3","7"
"d2-v5-medium-042","arrow:a3","arrow:a2","STATE_DEPENDENCY","0.4444","3","7"
"d2-v5-medium-042","arrow:a3","arrow:a2","REVEAL","0.4444","3","7"
"d2-v5-medium-042","arrow:a3","arrow:a4","ALTERNATIVE_PATH","0.4444","3","7"
"d2-v5-medium-042","arrow:a3","arrow:a5","ALTERNATIVE_PATH","0.4444","3","7"
"d2-v5-medium-042","arrow:a4","arrow:a3","ORDER_DEPENDENCY","0.4444","3","7"
"d2-v5-medium-042","arrow:a4","arrow:a5","ALTERNATIVE_PATH","0.4444","3","7"
"d2-v5-medium-042","arrow:a5","arrow:a1","EXPOSURE","0.4444","3","7"
"d2-v5-medium-042","arrow:a5","arrow:a1","STATE_DEPENDENCY","0.4444","3","7"
"d2-v5-medium-042","arrow:a5","arrow:a1","REVEAL","0.4444","3","7"
"d2-v5-medium-042","arrow:a5","arrow:a3","ORDER_DEPENDENCY","0.4444","3","7"
"d2-v5-medium-042","magnet:m1","arrow:a1","MAGNET_CONTROL","0.4444","3","7"
"d2-v5-medium-042","magnet:m1","arrow:a1","POLARITY_DEPENDENCY","0.4444","3","7"
"d2-v5-medium-042","magnet:m1","arrow:a2","ROUTE_BLOCK","0.4444","3","7"
"d2-v5-medium-042","magnet:m1","arrow:a5","MAGNET_CONTROL","0.4444","3","7"
"d2-v5-medium-042","magnet:m2","arrow:a1","ROUTE_BLOCK","0.4444","3","7"
"d2-v5-medium-042","magnet:m2","arrow:a2","MAGNET_CONTROL","0.4444","3","7"
"d2-v5-medium-042","magnet:m2","arrow:a2","POLARITY_DEPENDENCY","0.4444","3","7"
"d2-v5-medium-042","magnet:m2","arrow:a3","OCCLUSION","0.4444","3","7"
"d2-v5-medium-042","magnet:m2","arrow:a3","MAGNET_CONTROL","0.4444","3","7"
"d2-v5-medium-042","magnet:m2","arrow:a3","POLARITY_DEPENDENCY","0.4444","3","7"
"d2-v5-master-043","arrow:a1","arrow:a2","ORDER_DEPENDENCY","0.3111","2","9"
"d2-v5-master-043","arrow:a1","arrow:a3","COLLISION","0.3111","2","9"
"d2-v5-master-043","arrow:a1","arrow:a4","ALTERNATIVE_PATH","0.3111","2","9"
"d2-v5-master-043","arrow:a1","arrow:a5","ALTERNATIVE_PATH","0.3111","2","9"
"d2-v5-master-043","arrow:a1","wall:5,3","COLLISION","0.3111","2","9"
"d2-v5-master-043","arrow:a2","arrow:a1","OCCLUSION","0.3111","2","9"
"d2-v5-master-043","arrow:a2","arrow:a1","EXPOSURE","0.3111","2","9"
"d2-v5-master-043","arrow:a2","arrow:a1","STATE_DEPENDENCY","0.3111","2","9"
"d2-v5-master-043","arrow:a2","arrow:a1","REVEAL","0.3111","2","9"
"d2-v5-master-043","arrow:a2","arrow:a4","ALTERNATIVE_PATH","0.3111","2","9"
"d2-v5-master-043","arrow:a2","arrow:a5","ALTERNATIVE_PATH","0.3111","2","9"
"d2-v5-master-043","arrow:a3","arrow:a1","ROUTE_BLOCK","0.3111","2","9"
"d2-v5-master-043","arrow:a3","arrow:a1","EXPOSURE","0.3111","2","9"
"d2-v5-master-043","arrow:a3","arrow:a1","STATE_DEPENDENCY","0.3111","2","9"
"d2-v5-master-043","arrow:a3","arrow:a1","REVEAL","0.3111","2","9"
"d2-v5-master-043","arrow:a3","arrow:a2","ORDER_DEPENDENCY","0.3111","2","9"
"d2-v5-master-043","arrow:a3","arrow:a4","ALTERNATIVE_PATH","0.3111","2","9"
"d2-v5-master-043","arrow:a3","arrow:a5","ALTERNATIVE_PATH","0.3111","2","9"
"d2-v5-master-043","arrow:a4","arrow:a2","ORDER_DEPENDENCY","0.3111","2","9"
"d2-v5-master-043","arrow:a5","arrow:a2","ORDER_DEPENDENCY","0.3111","2","9"
"d2-v5-master-043","magnet:m2","arrow:a1","MAGNET_CONTROL","0.3111","2","9"
"d2-v5-master-043","magnet:m2","arrow:a1","POLARITY_DEPENDENCY","0.3111","2","9"
"d2-v5-master-043","magnet:m2","arrow:a2","MAGNET_CONTROL","0.3111","2","9"
"d2-v5-master-043","magnet:m3","arrow:a3","MAGNET_CONTROL","0.3111","2","9"
"d2-v5-master-043","wall:3,2","arrow:a5","OCCLUSION","0.3111","2","9"
"d2-v5-master-043","wall:5,3","arrow:a1","OCCLUSION","0.3111","2","9"
"d2-v5-master-043","wall:5,3","arrow:a1","ROUTE_BLOCK","0.3111","2","9"
"d2-v5-easy-044","arrow:a1","arrow:a2","ALTERNATIVE_PATH","0.3778","2","9"
"d2-v5-easy-044","arrow:a1","arrow:a3","ALTERNATIVE_PATH","0.3778","2","9"
"d2-v5-easy-044","arrow:a1","arrow:a4","ALTERNATIVE_PATH","0.3778","2","9"
"d2-v5-easy-044","arrow:a1","arrow:a5","EXPOSURE","0.3778","2","9"
"d2-v5-easy-044","arrow:a1","arrow:a5","ORDER_DEPENDENCY","0.3778","2","9"
"d2-v5-easy-044","arrow:a1","arrow:a5","STATE_DEPENDENCY","0.3778","2","9"
"d2-v5-easy-044","arrow:a1","arrow:a5","REVEAL","0.3778","2","9"
"d2-v5-easy-044","arrow:a1","wall:6,6","COLLISION","0.3778","2","9"
"d2-v5-easy-044","arrow:a2","arrow:a3","COLLISION","0.3778","2","9"
"d2-v5-easy-044","arrow:a2","arrow:a3","OCCLUSION","0.3778","2","9"
"d2-v5-easy-044","arrow:a2","arrow:a4","ALTERNATIVE_PATH","0.3778","2","9"
"d2-v5-easy-044","arrow:a2","arrow:a5","ORDER_DEPENDENCY","0.3778","2","9"
"d2-v5-easy-044","arrow:a2","arrow:a5","ALTERNATIVE_PATH","0.3778","2","9"
"d2-v5-easy-044","arrow:a3","arrow:a2","ROUTE_BLOCK","0.3778","2","9"
"d2-v5-easy-044","arrow:a3","arrow:a2","EXPOSURE","0.3778","2","9"
"d2-v5-easy-044","arrow:a3","arrow:a2","STATE_DEPENDENCY","0.3778","2","9"
"d2-v5-easy-044","arrow:a3","arrow:a2","REVEAL","0.3778","2","9"
"d2-v5-easy-044","arrow:a3","arrow:a4","ALTERNATIVE_PATH","0.3778","2","9"
"d2-v5-easy-044","arrow:a3","arrow:a5","ORDER_DEPENDENCY","0.3778","2","9"
"d2-v5-easy-044","arrow:a3","arrow:a5","ALTERNATIVE_PATH","0.3778","2","9"
"d2-v5-easy-044","arrow:a4","arrow:a5","ORDER_DEPENDENCY","0.3778","2","9"
"d2-v5-easy-044","arrow:a4","arrow:a5","ALTERNATIVE_PATH","0.3778","2","9"
"d2-v5-easy-044","arrow:a5","arrow:a1","EXPOSURE","0.3778","2","9"
"d2-v5-easy-044","arrow:a5","arrow:a1","STATE_DEPENDENCY","0.3778","2","9"
"d2-v5-easy-044","arrow:a5","arrow:a1","REVEAL","0.3778","2","9"
"d2-v5-easy-044","magnet:m1","arrow:a1","MAGNET_CONTROL","0.3778","2","9"
"d2-v5-easy-044","magnet:m1","arrow:a1","POLARITY_DEPENDENCY","0.3778","2","9"
"d2-v5-easy-044","magnet:m1","arrow:a5","OCCLUSION","0.3778","2","9"
"d2-v5-easy-044","magnet:m1","arrow:a5","MAGNET_CONTROL","0.3778","2","9"
"d2-v5-easy-044","magnet:m1","arrow:a5","POLARITY_DEPENDENCY","0.3778","2","9"
"d2-v5-easy-044","magnet:m2","arrow:a2","MAGNET_CONTROL","0.3778","2","9"
"d2-v5-easy-044","wall:6,6","arrow:a1","ROUTE_BLOCK","0.3778","2","9"
"d2-v5-easy-044","wall:6,6","arrow:a4","OCCLUSION","0.3778","2","9"
"d2-v5-easy-044","wall:8,5","arrow:a3","OCCLUSION","0.3778","2","9"
"d2-v5-easy-044","wall:8,5","arrow:a4","OCCLUSION","0.3778","2","9"
"d2-v5-hard-045","arrow:a1","arrow:a2","ORDER_DEPENDENCY","0.5714","1","8"
"d2-v5-hard-045","arrow:a1","arrow:a2","ALTERNATIVE_PATH","0.5714","1","8"
"d2-v5-hard-045","arrow:a1","arrow:a3","ALTERNATIVE_PATH","0.5714","1","8"
"d2-v5-hard-045","arrow:a1","arrow:a4","ALTERNATIVE_PATH","0.5714","1","8"
"d2-v5-hard-045","arrow:a1","arrow:a5","ALTERNATIVE_PATH","0.5714","1","8"
"d2-v5-hard-045","arrow:a2","arrow:a3","ALTERNATIVE_PATH","0.5714","1","8"
"d2-v5-hard-045","arrow:a2","arrow:a4","EXPOSURE","0.5714","1","8"
"d2-v5-hard-045","arrow:a2","arrow:a4","STATE_DEPENDENCY","0.5714","1","8"
"d2-v5-hard-045","arrow:a2","arrow:a4","REVEAL","0.5714","1","8"
"d2-v5-hard-045","arrow:a2","arrow:a5","EXPOSURE","0.5714","1","8"
"d2-v5-hard-045","arrow:a2","arrow:a5","STATE_DEPENDENCY","0.5714","1","8"
"d2-v5-hard-045","arrow:a2","arrow:a5","REVEAL","0.5714","1","8"
"d2-v5-hard-045","arrow:a3","arrow:a2","ORDER_DEPENDENCY","0.5714","1","8"
"d2-v5-hard-045","arrow:a3","arrow:a4","ALTERNATIVE_PATH","0.5714","1","8"
"d2-v5-hard-045","arrow:a3","arrow:a5","ALTERNATIVE_PATH","0.5714","1","8"
"d2-v5-hard-045","arrow:a4","arrow:a2","EXPOSURE","0.5714","1","8"
"d2-v5-hard-045","arrow:a4","arrow:a2","ORDER_DEPENDENCY","0.5714","1","8"
"d2-v5-hard-045","arrow:a4","arrow:a2","STATE_DEPENDENCY","0.5714","1","8"
"d2-v5-hard-045","arrow:a4","arrow:a2","REVEAL","0.5714","1","8"
"d2-v5-hard-045","arrow:a4","arrow:a5","COLLISION","0.5714","1","8"
"d2-v5-hard-045","arrow:a4","arrow:a5","OCCLUSION","0.5714","1","8"
"d2-v5-hard-045","arrow:a4","arrow:a5","ROUTE_BLOCK","0.5714","1","8"
"d2-v5-hard-045","arrow:a4","arrow:a5","EXPOSURE","0.5714","1","8"
"d2-v5-hard-045","arrow:a4","arrow:a5","STATE_DEPENDENCY","0.5714","1","8"
"d2-v5-hard-045","arrow:a4","arrow:a5","REVEAL","0.5714","1","8"
"d2-v5-hard-045","arrow:a5","arrow:a4","COLLISION","0.5714","1","8"
"d2-v5-hard-045","arrow:a5","arrow:a4","ROUTE_BLOCK","0.5714","1","8"
"d2-v5-hard-045","arrow:a5","wall:5,2","COLLISION","0.5714","1","8"
"d2-v5-hard-045","magnet:m1","arrow:a2","OCCLUSION","0.5714","1","8"
"d2-v5-hard-045","magnet:m1","arrow:a2","MAGNET_CONTROL","0.5714","1","8"
"d2-v5-hard-045","magnet:m1","arrow:a2","POLARITY_DEPENDENCY","0.5714","1","8"
"d2-v5-hard-045","magnet:m1","arrow:a4","MAGNET_CONTROL","0.5714","1","8"
"d2-v5-hard-045","magnet:m1","arrow:a4","POLARITY_DEPENDENCY","0.5714","1","8"
"d2-v5-hard-045","magnet:m1","arrow:a5","MAGNET_CONTROL","0.5714","1","8"
"d2-v5-hard-045","magnet:m1","arrow:a5","POLARITY_DEPENDENCY","0.5714","1","8"
"d2-v5-hard-045","magnet:m2","arrow:a3","MAGNET_CONTROL","0.5714","1","8"
"d2-v5-hard-045","wall:5,2","arrow:a1","OCCLUSION","0.5714","1","8"
"d2-v5-hard-045","wall:5,2","arrow:a5","ROUTE_BLOCK","0.5714","1","8"
"d2-v5-easy-046","arrow:a1","arrow:a2","EXPOSURE","0.2727","4","9"
"d2-v5-easy-046","arrow:a1","arrow:a2","STATE_DEPENDENCY","0.2727","4","9"
"d2-v5-easy-046","arrow:a1","arrow:a2","REVEAL","0.2727","4","9"
"d2-v5-easy-046","arrow:a1","arrow:a2","ALTERNATIVE_PATH","0.2727","4","9"
"d2-v5-easy-046","arrow:a1","arrow:a3","ALTERNATIVE_PATH","0.2727","4","9"
"d2-v5-easy-046","arrow:a1","arrow:a4","COLLISION","0.2727","4","9"
"d2-v5-easy-046","arrow:a1","arrow:a4","OCCLUSION","0.2727","4","9"
"d2-v5-easy-046","arrow:a1","arrow:a4","EXPOSURE","0.2727","4","9"
"d2-v5-easy-046","arrow:a1","arrow:a4","STATE_DEPENDENCY","0.2727","4","9"
"d2-v5-easy-046","arrow:a1","arrow:a4","REVEAL","0.2727","4","9"
"d2-v5-easy-046","arrow:a1","arrow:a4","ALTERNATIVE_PATH","0.2727","4","9"
"d2-v5-easy-046","arrow:a1","arrow:a5","EXPOSURE","0.2727","4","9"
"d2-v5-easy-046","arrow:a1","arrow:a5","STATE_DEPENDENCY","0.2727","4","9"
"d2-v5-easy-046","arrow:a1","arrow:a5","REVEAL","0.2727","4","9"
"d2-v5-easy-046","arrow:a1","arrow:a5","ALTERNATIVE_PATH","0.2727","4","9"
"d2-v5-easy-046","arrow:a1","wall:5,3","COLLISION","0.2727","4","9"
"d2-v5-easy-046","arrow:a2","arrow:a1","EXPOSURE","0.2727","4","9"
"d2-v5-easy-046","arrow:a2","arrow:a1","STATE_DEPENDENCY","0.2727","4","9"
"d2-v5-easy-046","arrow:a2","arrow:a1","REVEAL","0.2727","4","9"
"d2-v5-easy-046","arrow:a2","arrow:a3","ALTERNATIVE_PATH","0.2727","4","9"
"d2-v5-easy-046","arrow:a2","arrow:a4","EXPOSURE","0.2727","4","9"
"d2-v5-easy-046","arrow:a2","arrow:a4","STATE_DEPENDENCY","0.2727","4","9"
"d2-v5-easy-046","arrow:a2","arrow:a4","REVEAL","0.2727","4","9"
"d2-v5-easy-046","arrow:a2","arrow:a4","ALTERNATIVE_PATH","0.2727","4","9"
"d2-v5-easy-046","arrow:a2","arrow:a5","EXPOSURE","0.2727","4","9"
"d2-v5-easy-046","arrow:a2","arrow:a5","STATE_DEPENDENCY","0.2727","4","9"
"d2-v5-easy-046","arrow:a2","arrow:a5","REVEAL","0.2727","4","9"
"d2-v5-easy-046","arrow:a2","arrow:a5","ALTERNATIVE_PATH","0.2727","4","9"
"d2-v5-easy-046","arrow:a3","arrow:a1","ORDER_DEPENDENCY","0.2727","4","9"
"d2-v5-easy-046","arrow:a3","arrow:a2","ORDER_DEPENDENCY","0.2727","4","9"
"d2-v5-easy-046","arrow:a3","arrow:a4","ALTERNATIVE_PATH","0.2727","4","9"
"d2-v5-easy-046","arrow:a3","arrow:a5","ORDER_DEPENDENCY","0.2727","4","9"
"d2-v5-easy-046","arrow:a3","arrow:a5","ALTERNATIVE_PATH","0.2727","4","9"
"d2-v5-easy-046","arrow:a4","arrow:a1","ROUTE_BLOCK","0.2727","4","9"
"d2-v5-easy-046","arrow:a4","arrow:a1","ORDER_DEPENDENCY","0.2727","4","9"
"d2-v5-easy-046","arrow:a4","arrow:a2","EXPOSURE","0.2727","4","9"
"d2-v5-easy-046","arrow:a4","arrow:a2","ORDER_DEPENDENCY","0.2727","4","9"
"d2-v5-easy-046","arrow:a4","arrow:a2","STATE_DEPENDENCY","0.2727","4","9"
"d2-v5-easy-046","arrow:a4","arrow:a2","REVEAL","0.2727","4","9"
"d2-v5-easy-046","arrow:a4","arrow:a5","EXPOSURE","0.2727","4","9"
"d2-v5-easy-046","arrow:a4","arrow:a5","ORDER_DEPENDENCY","0.2727","4","9"
"d2-v5-easy-046","arrow:a4","arrow:a5","STATE_DEPENDENCY","0.2727","4","9"
"d2-v5-easy-046","arrow:a4","arrow:a5","REVEAL","0.2727","4","9"
"d2-v5-easy-046","arrow:a4","arrow:a5","ALTERNATIVE_PATH","0.2727","4","9"
"d2-v5-easy-046","arrow:a4","wall:5,3","COLLISION","0.2727","4","9"
"d2-v5-easy-046","arrow:a5","arrow:a1","EXPOSURE","0.2727","4","9"
"d2-v5-easy-046","arrow:a5","arrow:a1","STATE_DEPENDENCY","0.2727","4","9"
"d2-v5-easy-046","arrow:a5","arrow:a1","REVEAL","0.2727","4","9"
"d2-v5-easy-046","arrow:a5","arrow:a2","EXPOSURE","0.2727","4","9"
"d2-v5-easy-046","arrow:a5","arrow:a2","STATE_DEPENDENCY","0.2727","4","9"
"d2-v5-easy-046","arrow:a5","arrow:a2","REVEAL","0.2727","4","9"
"d2-v5-easy-046","arrow:a5","arrow:a4","EXPOSURE","0.2727","4","9"
"d2-v5-easy-046","arrow:a5","arrow:a4","STATE_DEPENDENCY","0.2727","4","9"
"d2-v5-easy-046","arrow:a5","arrow:a4","REVEAL","0.2727","4","9"
"d2-v5-easy-046","magnet:m2","arrow:a1","MAGNET_CONTROL","0.2727","4","9"
"d2-v5-easy-046","magnet:m2","arrow:a1","POLARITY_DEPENDENCY","0.2727","4","9"
"d2-v5-easy-046","magnet:m2","arrow:a2","MAGNET_CONTROL","0.2727","4","9"
"d2-v5-easy-046","magnet:m2","arrow:a2","POLARITY_DEPENDENCY","0.2727","4","9"
"d2-v5-easy-046","magnet:m2","arrow:a4","MAGNET_CONTROL","0.2727","4","9"
"d2-v5-easy-046","magnet:m2","arrow:a4","POLARITY_DEPENDENCY","0.2727","4","9"
"d2-v5-easy-046","magnet:m2","arrow:a5","OCCLUSION","0.2727","4","9"
"d2-v5-easy-046","magnet:m2","arrow:a5","MAGNET_CONTROL","0.2727","4","9"
"d2-v5-easy-046","magnet:m2","arrow:a5","POLARITY_DEPENDENCY","0.2727","4","9"
"d2-v5-easy-046","magnet:m3","arrow:a3","MAGNET_CONTROL","0.2727","4","9"
"d2-v5-easy-046","wall:2,5","arrow:a2","OCCLUSION","0.2727","4","9"
"d2-v5-easy-046","wall:5,3","arrow:a1","ROUTE_BLOCK","0.2727","4","9"
"d2-v5-easy-046","wall:5,3","arrow:a4","ROUTE_BLOCK","0.2727","4","9"
"d2-v5-medium-047","arrow:a1","arrow:a2","ORDER_DEPENDENCY","0.1273","6","6"
"d2-v5-medium-047","arrow:a1","arrow:a2","ALTERNATIVE_PATH","0.1273","6","6"
"d2-v5-medium-047","arrow:a1","arrow:a3","ALTERNATIVE_PATH","0.1273","6","6"
"d2-v5-medium-047","arrow:a2","arrow:a3","OCCLUSION","0.1273","6","6"
"d2-v5-medium-047","arrow:a2","arrow:a3","EXPOSURE","0.1273","6","6"
"d2-v5-medium-047","arrow:a2","arrow:a3","STATE_DEPENDENCY","0.1273","6","6"
"d2-v5-medium-047","arrow:a2","arrow:a3","REVEAL","0.1273","6","6"
"d2-v5-medium-047","arrow:a3","arrow:a2","ORDER_DEPENDENCY","0.1273","6","6"
"d2-v5-medium-047","arrow:a3","wall:4,4","COLLISION","0.1273","6","6"
"d2-v5-medium-047","magnet:m1","arrow:a1","MAGNET_CONTROL","0.1273","6","6"
"d2-v5-medium-047","magnet:m2","arrow:a2","MAGNET_CONTROL","0.1273","6","6"
"d2-v5-medium-047","magnet:m2","arrow:a3","MAGNET_CONTROL","0.1273","6","6"
"d2-v5-medium-047","magnet:m2","arrow:a3","POLARITY_DEPENDENCY","0.1273","6","6"
"d2-v5-medium-047","wall:4,4","arrow:a3","OCCLUSION","0.1273","6","6"
"d2-v5-medium-047","wall:4,4","arrow:a3","ROUTE_BLOCK","0.1273","6","6"
"d2-v5-expert-048","arrow:a1","arrow:a2","COLLISION","0.2273","5","8"
"d2-v5-expert-048","arrow:a1","arrow:a2","ORDER_DEPENDENCY","0.2273","5","8"
"d2-v5-expert-048","arrow:a1","arrow:a3","EXPOSURE","0.2273","5","8"
"d2-v5-expert-048","arrow:a1","arrow:a3","ORDER_DEPENDENCY","0.2273","5","8"
"d2-v5-expert-048","arrow:a1","arrow:a3","STATE_DEPENDENCY","0.2273","5","8"
"d2-v5-expert-048","arrow:a1","arrow:a3","REVEAL","0.2273","5","8"
"d2-v5-expert-048","arrow:a1","arrow:a4","ALTERNATIVE_PATH","0.2273","5","8"
"d2-v5-expert-048","arrow:a1","arrow:a5","ALTERNATIVE_PATH","0.2273","5","8"
"d2-v5-expert-048","arrow:a1","wall:4,3","COLLISION","0.2273","5","8"
"d2-v5-expert-048","arrow:a2","arrow:a1","OCCLUSION","0.2273","5","8"
"d2-v5-expert-048","arrow:a2","arrow:a1","ROUTE_BLOCK","0.2273","5","8"
"d2-v5-expert-048","arrow:a2","arrow:a1","EXPOSURE","0.2273","5","8"
"d2-v5-expert-048","arrow:a2","arrow:a1","STATE_DEPENDENCY","0.2273","5","8"
"d2-v5-expert-048","arrow:a2","arrow:a1","REVEAL","0.2273","5","8"
"d2-v5-expert-048","arrow:a2","arrow:a3","ALTERNATIVE_PATH","0.2273","5","8"
"d2-v5-expert-048","arrow:a2","arrow:a4","ALTERNATIVE_PATH","0.2273","5","8"
"d2-v5-expert-048","arrow:a2","arrow:a5","ALTERNATIVE_PATH","0.2273","5","8"
"d2-v5-expert-048","arrow:a3","arrow:a1","EXPOSURE","0.2273","5","8"
"d2-v5-expert-048","arrow:a3","arrow:a1","STATE_DEPENDENCY","0.2273","5","8"
"d2-v5-expert-048","arrow:a3","arrow:a1","REVEAL","0.2273","5","8"
"d2-v5-expert-048","arrow:a3","arrow:a4","ALTERNATIVE_PATH","0.2273","5","8"
"d2-v5-expert-048","arrow:a3","arrow:a5","ALTERNATIVE_PATH","0.2273","5","8"
"d2-v5-expert-048","arrow:a4","arrow:a2","ORDER_DEPENDENCY","0.2273","5","8"
"d2-v5-expert-048","arrow:a4","arrow:a3","ORDER_DEPENDENCY","0.2273","5","8"
"d2-v5-expert-048","arrow:a4","arrow:a5","ROUTE_BLOCK","0.2273","5","8"
"d2-v5-expert-048","arrow:a4","arrow:a5","EXPOSURE","0.2273","5","8"
"d2-v5-expert-048","arrow:a4","arrow:a5","STATE_DEPENDENCY","0.2273","5","8"
"d2-v5-expert-048","arrow:a4","arrow:a5","REVEAL","0.2273","5","8"
"d2-v5-expert-048","arrow:a5","arrow:a2","ORDER_DEPENDENCY","0.2273","5","8"
"d2-v5-expert-048","arrow:a5","arrow:a3","ORDER_DEPENDENCY","0.2273","5","8"
"d2-v5-expert-048","arrow:a5","arrow:a4","COLLISION","0.2273","5","8"
"d2-v5-expert-048","magnet:m1","arrow:a1","MAGNET_CONTROL","0.2273","5","8"
"d2-v5-expert-048","magnet:m1","arrow:a1","POLARITY_DEPENDENCY","0.2273","5","8"
"d2-v5-expert-048","magnet:m1","arrow:a3","MAGNET_CONTROL","0.2273","5","8"
"d2-v5-expert-048","magnet:m1","arrow:a3","POLARITY_DEPENDENCY","0.2273","5","8"
"d2-v5-expert-048","magnet:m1","magnet:m2","CANCELLATION","0.2273","5","8"
"d2-v5-expert-048","magnet:m2","arrow:a2","MAGNET_CONTROL","0.2273","5","8"
"d2-v5-expert-048","wall:4,3","arrow:a1","ROUTE_BLOCK","0.2273","5","8"
"d2-v5-hard-049","arrow:a1","arrow:a2","ALTERNATIVE_PATH","0.5357","2","7"
"d2-v5-hard-049","arrow:a1","arrow:a3","COLLISION","0.5357","2","7"
"d2-v5-hard-049","arrow:a1","arrow:a3","OCCLUSION","0.5357","2","7"
"d2-v5-hard-049","arrow:a1","arrow:a3","EXPOSURE","0.5357","2","7"
"d2-v5-hard-049","arrow:a1","arrow:a3","STATE_DEPENDENCY","0.5357","2","7"
"d2-v5-hard-049","arrow:a1","arrow:a3","REVEAL","0.5357","2","7"
"d2-v5-hard-049","arrow:a1","arrow:a3","ALTERNATIVE_PATH","0.5357","2","7"
"d2-v5-hard-049","arrow:a1","arrow:a4","ALTERNATIVE_PATH","0.5357","2","7"
"d2-v5-hard-049","arrow:a1","arrow:a5","EXPOSURE","0.5357","2","7"
"d2-v5-hard-049","arrow:a1","arrow:a5","ORDER_DEPENDENCY","0.5357","2","7"
"d2-v5-hard-049","arrow:a1","arrow:a5","STATE_DEPENDENCY","0.5357","2","7"
"d2-v5-hard-049","arrow:a1","arrow:a5","REVEAL","0.5357","2","7"
"d2-v5-hard-049","arrow:a1","arrow:a5","ALTERNATIVE_PATH","0.5357","2","7"
"d2-v5-hard-049","arrow:a2","arrow:a3","ALTERNATIVE_PATH","0.5357","2","7"
"d2-v5-hard-049","arrow:a2","arrow:a4","COLLISION","0.5357","2","7"
"d2-v5-hard-049","arrow:a2","arrow:a4","ROUTE_BLOCK","0.5357","2","7"
"d2-v5-hard-049","arrow:a2","arrow:a5","COLLISION","0.5357","2","7"
"d2-v5-hard-049","arrow:a3","arrow:a1","ROUTE_BLOCK","0.5357","2","7"
"d2-v5-hard-049","arrow:a3","arrow:a1","EXPOSURE","0.5357","2","7"
"d2-v5-hard-049","arrow:a3","arrow:a1","STATE_DEPENDENCY","0.5357","2","7"
"d2-v5-hard-049","arrow:a3","arrow:a1","REVEAL","0.5357","2","7"
"d2-v5-hard-049","arrow:a3","arrow:a4","ALTERNATIVE_PATH","0.5357","2","7"
"d2-v5-hard-049","arrow:a3","arrow:a5","EXPOSURE","0.5357","2","7"
"d2-v5-hard-049","arrow:a3","arrow:a5","ORDER_DEPENDENCY","0.5357","2","7"
"d2-v5-hard-049","arrow:a3","arrow:a5","STATE_DEPENDENCY","0.5357","2","7"
"d2-v5-hard-049","arrow:a3","arrow:a5","REVEAL","0.5357","2","7"
"d2-v5-hard-049","arrow:a3","arrow:a5","ALTERNATIVE_PATH","0.5357","2","7"
"d2-v5-hard-049","arrow:a4","arrow:a2","COLLISION","0.5357","2","7"
"d2-v5-hard-049","arrow:a4","arrow:a2","OCCLUSION","0.5357","2","7"
"d2-v5-hard-049","arrow:a4","arrow:a2","ROUTE_BLOCK","0.5357","2","7"
"d2-v5-hard-049","arrow:a4","arrow:a5","ORDER_DEPENDENCY","0.5357","2","7"
"d2-v5-hard-049","arrow:a5","arrow:a1","EXPOSURE","0.5357","2","7"
"d2-v5-hard-049","arrow:a5","arrow:a1","STATE_DEPENDENCY","0.5357","2","7"
"d2-v5-hard-049","arrow:a5","arrow:a1","REVEAL","0.5357","2","7"
"d2-v5-hard-049","arrow:a5","arrow:a2","OCCLUSION","0.5357","2","7"
"d2-v5-hard-049","arrow:a5","arrow:a2","ROUTE_BLOCK","0.5357","2","7"
"d2-v5-hard-049","arrow:a5","arrow:a2","EXPOSURE","0.5357","2","7"
"d2-v5-hard-049","arrow:a5","arrow:a2","STATE_DEPENDENCY","0.5357","2","7"
"d2-v5-hard-049","arrow:a5","arrow:a2","REVEAL","0.5357","2","7"
"d2-v5-hard-049","arrow:a5","arrow:a3","EXPOSURE","0.5357","2","7"
"d2-v5-hard-049","arrow:a5","arrow:a3","STATE_DEPENDENCY","0.5357","2","7"
"d2-v5-hard-049","arrow:a5","arrow:a3","REVEAL","0.5357","2","7"
"d2-v5-hard-049","arrow:a5","arrow:a4","OCCLUSION","0.5357","2","7"
"d2-v5-hard-049","arrow:a5","arrow:a4","EXPOSURE","0.5357","2","7"
"d2-v5-hard-049","arrow:a5","arrow:a4","STATE_DEPENDENCY","0.5357","2","7"
"d2-v5-hard-049","arrow:a5","arrow:a4","REVEAL","0.5357","2","7"
"d2-v5-hard-049","magnet:m1","arrow:a1","MAGNET_CONTROL","0.5357","2","7"
"d2-v5-hard-049","magnet:m1","arrow:a1","POLARITY_DEPENDENCY","0.5357","2","7"
"d2-v5-hard-049","magnet:m1","arrow:a3","MAGNET_CONTROL","0.5357","2","7"
"d2-v5-hard-049","magnet:m1","arrow:a3","POLARITY_DEPENDENCY","0.5357","2","7"
"d2-v5-hard-049","magnet:m1","arrow:a5","MAGNET_CONTROL","0.5357","2","7"
"d2-v5-hard-049","magnet:m1","arrow:a5","POLARITY_DEPENDENCY","0.5357","2","7"
"d2-v5-hard-049","magnet:m2","arrow:a2","MAGNET_CONTROL","0.5357","2","7"
"d2-v5-hard-049","magnet:m2","arrow:a4","MAGNET_CONTROL","0.5357","2","7"
"d2-v5-medium-050","arrow:a1","arrow:a2","ALTERNATIVE_PATH","0.25","3","6"
"d2-v5-medium-050","arrow:a1","arrow:a3","EXPOSURE","0.25","3","6"
"d2-v5-medium-050","arrow:a1","arrow:a3","ORDER_DEPENDENCY","0.25","3","6"
"d2-v5-medium-050","arrow:a1","arrow:a3","STATE_DEPENDENCY","0.25","3","6"
"d2-v5-medium-050","arrow:a1","arrow:a3","REVEAL","0.25","3","6"
"d2-v5-medium-050","arrow:a1","magnet:m1","COLLISION","0.25","3","6"
"d2-v5-medium-050","arrow:a2","arrow:a3","ORDER_DEPENDENCY","0.25","3","6"
"d2-v5-medium-050","arrow:a2","arrow:a3","ALTERNATIVE_PATH","0.25","3","6"
"d2-v5-medium-050","arrow:a3","arrow:a1","EXPOSURE","0.25","3","6"
"d2-v5-medium-050","arrow:a3","arrow:a1","STATE_DEPENDENCY","0.25","3","6"
"d2-v5-medium-050","arrow:a3","arrow:a1","REVEAL","0.25","3","6"
"d2-v5-medium-050","magnet:m1","arrow:a1","ROUTE_BLOCK","0.25","3","6"
"d2-v5-medium-050","magnet:m2","arrow:a2","MAGNET_CONTROL","0.25","3","6"
"d2-v5-medium-050","magnet:m3","arrow:a1","MAGNET_CONTROL","0.25","3","6"
"d2-v5-medium-050","magnet:m3","arrow:a1","POLARITY_DEPENDENCY","0.25","3","6"
"d2-v5-medium-050","magnet:m3","arrow:a3","MAGNET_CONTROL","0.25","3","6"
"d2-v5-medium-050","magnet:m3","arrow:a3","POLARITY_DEPENDENCY","0.25","3","6"
"d2-v5-master-051","arrow:a1","arrow:a2","OCCLUSION","0.2727","3","9"
"d2-v5-master-051","arrow:a1","arrow:a2","EXPOSURE","0.2727","3","9"
"d2-v5-master-051","arrow:a1","arrow:a2","STATE_DEPENDENCY","0.2727","3","9"
"d2-v5-master-051","arrow:a1","arrow:a2","REVEAL","0.2727","3","9"
"d2-v5-master-051","arrow:a1","arrow:a4","ALTERNATIVE_PATH","0.2727","3","9"
"d2-v5-master-051","arrow:a1","arrow:a5","ALTERNATIVE_PATH","0.2727","3","9"
"d2-v5-master-051","arrow:a2","arrow:a1","ORDER_DEPENDENCY","0.2727","3","9"
"d2-v5-master-051","arrow:a2","arrow:a3","COLLISION","0.2727","3","9"
"d2-v5-master-051","arrow:a2","arrow:a4","ALTERNATIVE_PATH","0.2727","3","9"
"d2-v5-master-051","arrow:a2","wall:7,1","COLLISION","0.2727","3","9"
"d2-v5-master-051","arrow:a3","arrow:a1","ORDER_DEPENDENCY","0.2727","3","9"
"d2-v5-master-051","arrow:a3","arrow:a2","ROUTE_BLOCK","0.2727","3","9"
"d2-v5-master-051","arrow:a3","arrow:a2","EXPOSURE","0.2727","3","9"
"d2-v5-master-051","arrow:a3","arrow:a2","STATE_DEPENDENCY","0.2727","3","9"
"d2-v5-master-051","arrow:a3","arrow:a2","REVEAL","0.2727","3","9"
"d2-v5-master-051","arrow:a3","arrow:a4","ALTERNATIVE_PATH","0.2727","3","9"
"d2-v5-master-051","arrow:a3","arrow:a5","ALTERNATIVE_PATH","0.2727","3","9"
"d2-v5-master-051","arrow:a4","arrow:a1","ORDER_DEPENDENCY","0.2727","3","9"
"d2-v5-master-051","arrow:a4","arrow:a5","ALTERNATIVE_PATH","0.2727","3","9"
"d2-v5-master-051","arrow:a5","arrow:a1","ORDER_DEPENDENCY","0.2727","3","9"
"d2-v5-master-051","magnet:m1","arrow:a1","MAGNET_CONTROL","0.2727","3","9"
"d2-v5-master-051","magnet:m1","arrow:a2","MAGNET_CONTROL","0.2727","3","9"
"d2-v5-master-051","magnet:m1","arrow:a2","POLARITY_DEPENDENCY","0.2727","3","9"
"d2-v5-master-051","magnet:m3","arrow:a3","MAGNET_CONTROL","0.2727","3","9"
"d2-v5-master-051","magnet:m4","arrow:a4","MAGNET_CONTROL","0.2727","3","9"
"d2-v5-master-051","wall:7,1","arrow:a1","OCCLUSION","0.2727","3","9"
"d2-v5-master-051","wall:7,1","arrow:a2","OCCLUSION","0.2727","3","9"
"d2-v5-master-051","wall:7,1","arrow:a2","ROUTE_BLOCK","0.2727","3","9"
"d2-v5-easy-052","arrow:a1","arrow:a2","EXPOSURE","0.4","2","5"
"d2-v5-easy-052","arrow:a1","arrow:a2","ORDER_DEPENDENCY","0.4","2","5"
"d2-v5-easy-052","arrow:a1","arrow:a2","STATE_DEPENDENCY","0.4","2","5"
"d2-v5-easy-052","arrow:a1","arrow:a2","REVEAL","0.4","2","5"
"d2-v5-easy-052","arrow:a1","arrow:a3","ALTERNATIVE_PATH","0.4","2","5"
"d2-v5-easy-052","arrow:a1","wall:3,4","COLLISION","0.4","2","5"
"d2-v5-easy-052","arrow:a2","arrow:a1","EXPOSURE","0.4","2","5"
"d2-v5-easy-052","arrow:a2","arrow:a1","STATE_DEPENDENCY","0.4","2","5"
"d2-v5-easy-052","arrow:a2","arrow:a1","REVEAL","0.4","2","5"
"d2-v5-easy-052","arrow:a2","arrow:a3","ALTERNATIVE_PATH","0.4","2","5"
"d2-v5-easy-052","arrow:a3","arrow:a2","ORDER_DEPENDENCY","0.4","2","5"
"d2-v5-easy-052","magnet:m1","arrow:a1","MAGNET_CONTROL","0.4","2","5"
"d2-v5-easy-052","magnet:m1","arrow:a1","POLARITY_DEPENDENCY","0.4","2","5"
"d2-v5-easy-052","magnet:m1","arrow:a2","MAGNET_CONTROL","0.4","2","5"
"d2-v5-easy-052","magnet:m1","arrow:a2","POLARITY_DEPENDENCY","0.4","2","5"
"d2-v5-easy-052","wall:3,4","arrow:a1","ROUTE_BLOCK","0.4","2","5"
"d2-v5-hard-053","arrow:a1","arrow:a2","COLLISION","0.2727","3","9"
"d2-v5-hard-053","arrow:a1","arrow:a2","OCCLUSION","0.2727","3","9"
"d2-v5-hard-053","arrow:a1","arrow:a2","EXPOSURE","0.2727","3","9"
"d2-v5-hard-053","arrow:a1","arrow:a2","STATE_DEPENDENCY","0.2727","3","9"
"d2-v5-hard-053","arrow:a1","arrow:a2","REVEAL","0.2727","3","9"
"d2-v5-hard-053","arrow:a1","arrow:a3","EXPOSURE","0.2727","3","9"
"d2-v5-hard-053","arrow:a1","arrow:a3","STATE_DEPENDENCY","0.2727","3","9"
"d2-v5-hard-053","arrow:a1","arrow:a3","REVEAL","0.2727","3","9"
"d2-v5-hard-053","arrow:a1","arrow:a4","ALTERNATIVE_PATH","0.2727","3","9"
"d2-v5-hard-053","arrow:a2","arrow:a1","ROUTE_BLOCK","0.2727","3","9"
"d2-v5-hard-053","arrow:a2","arrow:a1","EXPOSURE","0.2727","3","9"
"d2-v5-hard-053","arrow:a2","arrow:a1","ORDER_DEPENDENCY","0.2727","3","9"
"d2-v5-hard-053","arrow:a2","arrow:a1","STATE_DEPENDENCY","0.2727","3","9"
"d2-v5-hard-053","arrow:a2","arrow:a1","REVEAL","0.2727","3","9"
"d2-v5-hard-053","arrow:a2","arrow:a3","ALTERNATIVE_PATH","0.2727","3","9"
"d2-v5-hard-053","arrow:a2","arrow:a4","EXPOSURE","0.2727","3","9"
"d2-v5-hard-053","arrow:a2","arrow:a4","STATE_DEPENDENCY","0.2727","3","9"
"d2-v5-hard-053","arrow:a2","arrow:a4","REVEAL","0.2727","3","9"
"d2-v5-hard-053","arrow:a2","magnet:m2","COLLISION","0.2727","3","9"
"d2-v5-hard-053","arrow:a3","arrow:a1","EXPOSURE","0.2727","3","9"
"d2-v5-hard-053","arrow:a3","arrow:a1","ORDER_DEPENDENCY","0.2727","3","9"
"d2-v5-hard-053","arrow:a3","arrow:a1","STATE_DEPENDENCY","0.2727","3","9"
"d2-v5-hard-053","arrow:a3","arrow:a1","REVEAL","0.2727","3","9"
"d2-v5-hard-053","arrow:a3","arrow:a4","ALTERNATIVE_PATH","0.2727","3","9"
"d2-v5-hard-053","arrow:a3","magnet:m3","COLLISION","0.2727","3","9"
"d2-v5-hard-053","arrow:a4","arrow:a1","ORDER_DEPENDENCY","0.2727","3","9"
"d2-v5-hard-053","arrow:a4","wall:5,4","COLLISION","0.2727","3","9"
"d2-v5-hard-053","magnet:m2","arrow:a1","MAGNET_CONTROL","0.2727","3","9"
"d2-v5-hard-053","magnet:m2","arrow:a1","POLARITY_DEPENDENCY","0.2727","3","9"
"d2-v5-hard-053","magnet:m2","arrow:a2","ROUTE_BLOCK","0.2727","3","9"
"d2-v5-hard-053","magnet:m2","arrow:a3","MAGNET_CONTROL","0.2727","3","9"
"d2-v5-hard-053","magnet:m2","arrow:a3","POLARITY_DEPENDENCY","0.2727","3","9"
"d2-v5-hard-053","magnet:m2","magnet:m4","CANCELLATION","0.2727","3","9"
"d2-v5-hard-053","magnet:m3","arrow:a3","ROUTE_BLOCK","0.2727","3","9"
"d2-v5-hard-053","magnet:m4","arrow:a2","MAGNET_CONTROL","0.2727","3","9"
"d2-v5-hard-053","magnet:m4","arrow:a4","MAGNET_CONTROL","0.2727","3","9"
"d2-v5-hard-053","magnet:m4","arrow:a4","POLARITY_DEPENDENCY","0.2727","3","9"
"d2-v5-hard-053","wall:3,2","arrow:a1","OCCLUSION","0.2727","3","9"
"d2-v5-hard-053","wall:5,4","arrow:a4","OCCLUSION","0.2727","3","9"
"d2-v5-hard-053","wall:5,4","arrow:a4","ROUTE_BLOCK","0.2727","3","9"
"d2-v5-easy-054","arrow:a1","arrow:a2","ALTERNATIVE_PATH","0.2273","5","8"
"d2-v5-easy-054","arrow:a1","arrow:a3","ORDER_DEPENDENCY","0.2273","5","8"
"d2-v5-easy-054","arrow:a1","arrow:a3","ALTERNATIVE_PATH","0.2273","5","8"
"d2-v5-easy-054","arrow:a1","arrow:a4","ALTERNATIVE_PATH","0.2273","5","8"
"d2-v5-easy-054","arrow:a1","arrow:a5","ALTERNATIVE_PATH","0.2273","5","8"
"d2-v5-easy-054","arrow:a2","arrow:a3","ORDER_DEPENDENCY","0.2273","5","8"
"d2-v5-easy-054","arrow:a2","arrow:a3","ALTERNATIVE_PATH","0.2273","5","8"
"d2-v5-easy-054","arrow:a2","arrow:a4","ALTERNATIVE_PATH","0.2273","5","8"
"d2-v5-easy-054","arrow:a2","arrow:a5","ALTERNATIVE_PATH","0.2273","5","8"
"d2-v5-easy-054","arrow:a3","arrow:a4","ALTERNATIVE_PATH","0.2273","5","8"
"d2-v5-easy-054","arrow:a3","arrow:a5","EXPOSURE","0.2273","5","8"
"d2-v5-easy-054","arrow:a3","arrow:a5","STATE_DEPENDENCY","0.2273","5","8"
"d2-v5-easy-054","arrow:a3","arrow:a5","REVEAL","0.2273","5","8"
"d2-v5-easy-054","arrow:a4","arrow:a2","OCCLUSION","0.2273","5","8"
"d2-v5-easy-054","arrow:a4","arrow:a2","EXPOSURE","0.2273","5","8"
"d2-v5-easy-054","arrow:a4","arrow:a2","STATE_DEPENDENCY","0.2273","5","8"
"d2-v5-easy-054","arrow:a4","arrow:a2","REVEAL","0.2273","5","8"
"d2-v5-easy-054","arrow:a4","arrow:a3","ORDER_DEPENDENCY","0.2273","5","8"
"d2-v5-easy-054","arrow:a4","arrow:a5","ALTERNATIVE_PATH","0.2273","5","8"
"d2-v5-easy-054","arrow:a5","arrow:a3","EXPOSURE","0.2273","5","8"
"d2-v5-easy-054","arrow:a5","arrow:a3","ORDER_DEPENDENCY","0.2273","5","8"
"d2-v5-easy-054","arrow:a5","arrow:a3","STATE_DEPENDENCY","0.2273","5","8"
"d2-v5-easy-054","arrow:a5","arrow:a3","REVEAL","0.2273","5","8"
"d2-v5-easy-054","arrow:a5","wall:1,6","COLLISION","0.2273","5","8"
"d2-v5-easy-054","magnet:m1","arrow:a3","MAGNET_CONTROL","0.2273","5","8"
"d2-v5-easy-054","magnet:m1","arrow:a3","POLARITY_DEPENDENCY","0.2273","5","8"
"d2-v5-easy-054","magnet:m1","arrow:a5","MAGNET_CONTROL","0.2273","5","8"
"d2-v5-easy-054","magnet:m1","arrow:a5","POLARITY_DEPENDENCY","0.2273","5","8"
"d2-v5-easy-054","magnet:m2","arrow:a2","MAGNET_CONTROL","0.2273","5","8"
"d2-v5-easy-054","magnet:m2","arrow:a2","POLARITY_DEPENDENCY","0.2273","5","8"
"d2-v5-easy-054","magnet:m2","arrow:a4","MAGNET_CONTROL","0.2273","5","8"
"d2-v5-easy-054","wall:1,6","arrow:a5","ROUTE_BLOCK","0.2273","5","8"
"d2-v5-medium-055","arrow:a1","arrow:a2","ALTERNATIVE_PATH","0.6389","1","9"
"d2-v5-medium-055","arrow:a1","arrow:a3","ALTERNATIVE_PATH","0.6389","1","9"
"d2-v5-medium-055","arrow:a1","arrow:a4","ALTERNATIVE_PATH","0.6389","1","9"
"d2-v5-medium-055","arrow:a1","arrow:a5","EXPOSURE","0.6389","1","9"
"d2-v5-medium-055","arrow:a1","arrow:a5","ORDER_DEPENDENCY","0.6389","1","9"
"d2-v5-medium-055","arrow:a1","arrow:a5","STATE_DEPENDENCY","0.6389","1","9"
"d2-v5-medium-055","arrow:a1","arrow:a5","REVEAL","0.6389","1","9"
"d2-v5-medium-055","arrow:a1","arrow:a5","ALTERNATIVE_PATH","0.6389","1","9"
"d2-v5-medium-055","arrow:a1","arrow:a6","ORDER_DEPENDENCY","0.6389","1","9"
"d2-v5-medium-055","arrow:a1","arrow:a6","ALTERNATIVE_PATH","0.6389","1","9"
"d2-v5-medium-055","arrow:a1","wall:4,5","COLLISION","0.6389","1","9"
"d2-v5-medium-055","arrow:a2","arrow:a3","ALTERNATIVE_PATH","0.6389","1","9"
"d2-v5-medium-055","arrow:a2","arrow:a4","COLLISION","0.6389","1","9"
"d2-v5-medium-055","arrow:a2","arrow:a4","OCCLUSION","0.6389","1","9"
"d2-v5-medium-055","arrow:a2","arrow:a4","ROUTE_BLOCK","0.6389","1","9"
"d2-v5-medium-055","arrow:a2","arrow:a4","EXPOSURE","0.6389","1","9"
"d2-v5-medium-055","arrow:a2","arrow:a4","STATE_DEPENDENCY","0.6389","1","9"
"d2-v5-medium-055","arrow:a2","arrow:a4","REVEAL","0.6389","1","9"
"d2-v5-medium-055","arrow:a2","arrow:a5","ORDER_DEPENDENCY","0.6389","1","9"
"d2-v5-medium-055","arrow:a2","arrow:a5","ALTERNATIVE_PATH","0.6389","1","9"
"d2-v5-medium-055","arrow:a2","arrow:a6","EXPOSURE","0.6389","1","9"
"d2-v5-medium-055","arrow:a2","arrow:a6","ORDER_DEPENDENCY","0.6389","1","9"
"d2-v5-medium-055","arrow:a2","arrow:a6","STATE_DEPENDENCY","0.6389","1","9"
"d2-v5-medium-055","arrow:a2","arrow:a6","REVEAL","0.6389","1","9"
"d2-v5-medium-055","arrow:a3","arrow:a1","EXPOSURE","0.6389","1","9"
"d2-v5-medium-055","arrow:a3","arrow:a1","STATE_DEPENDENCY","0.6389","1","9"
"d2-v5-medium-055","arrow:a3","arrow:a1","REVEAL","0.6389","1","9"
"d2-v5-medium-055","arrow:a3","arrow:a4","ALTERNATIVE_PATH","0.6389","1","9"
"d2-v5-medium-055","arrow:a3","arrow:a5","ROUTE_BLOCK","0.6389","1","9"
"d2-v5-medium-055","arrow:a3","arrow:a5","EXPOSURE","0.6389","1","9"
"d2-v5-medium-055","arrow:a3","arrow:a5","STATE_DEPENDENCY","0.6389","1","9"
"d2-v5-medium-055","arrow:a3","arrow:a5","REVEAL","0.6389","1","9"
"d2-v5-medium-055","arrow:a3","arrow:a5","ALTERNATIVE_PATH","0.6389","1","9"
"d2-v5-medium-055","arrow:a3","arrow:a6","ORDER_DEPENDENCY","0.6389","1","9"
"d2-v5-medium-055","arrow:a3","arrow:a6","ALTERNATIVE_PATH","0.6389","1","9"
"d2-v5-medium-055","arrow:a4","arrow:a2","COLLISION","0.6389","1","9"
"d2-v5-medium-055","arrow:a4","arrow:a2","ROUTE_BLOCK","0.6389","1","9"
"d2-v5-medium-055","arrow:a4","arrow:a5","ORDER_DEPENDENCY","0.6389","1","9"
"d2-v5-medium-055","arrow:a4","arrow:a5","ALTERNATIVE_PATH","0.6389","1","9"
"d2-v5-medium-055","arrow:a4","wall:4,5","COLLISION","0.6389","1","9"
"d2-v5-medium-055","arrow:a5","arrow:a1","EXPOSURE","0.6389","1","9"
"d2-v5-medium-055","arrow:a5","arrow:a1","STATE_DEPENDENCY","0.6389","1","9"
"d2-v5-medium-055","arrow:a5","arrow:a1","REVEAL","0.6389","1","9"
"d2-v5-medium-055","arrow:a5","arrow:a3","COLLISION","0.6389","1","9"
"d2-v5-medium-055","arrow:a5","arrow:a3","OCCLUSION","0.6389","1","9"
"d2-v5-medium-055","arrow:a5","arrow:a3","EXPOSURE","0.6389","1","9"
"d2-v5-medium-055","arrow:a5","arrow:a3","STATE_DEPENDENCY","0.6389","1","9"
"d2-v5-medium-055","arrow:a5","arrow:a3","REVEAL","0.6389","1","9"
"d2-v5-medium-055","arrow:a5","arrow:a6","ORDER_DEPENDENCY","0.6389","1","9"
"d2-v5-medium-055","arrow:a5","arrow:a6","ALTERNATIVE_PATH","0.6389","1","9"
"d2-v5-medium-055","arrow:a6","arrow:a2","EXPOSURE","0.6389","1","9"
"d2-v5-medium-055","arrow:a6","arrow:a2","STATE_DEPENDENCY","0.6389","1","9"
"d2-v5-medium-055","arrow:a6","arrow:a2","REVEAL","0.6389","1","9"
"d2-v5-medium-055","arrow:a6","arrow:a4","EXPOSURE","0.6389","1","9"
"d2-v5-medium-055","arrow:a6","arrow:a4","STATE_DEPENDENCY","0.6389","1","9"
"d2-v5-medium-055","arrow:a6","arrow:a4","REVEAL","0.6389","1","9"
"d2-v5-medium-055","arrow:a6","arrow:a5","ORDER_DEPENDENCY","0.6389","1","9"
"d2-v5-medium-055","magnet:m1","arrow:a1","MAGNET_CONTROL","0.6389","1","9"
"d2-v5-medium-055","magnet:m1","arrow:a1","POLARITY_DEPENDENCY","0.6389","1","9"
"d2-v5-medium-055","magnet:m1","arrow:a3","MAGNET_CONTROL","0.6389","1","9"
"d2-v5-medium-055","magnet:m1","arrow:a3","POLARITY_DEPENDENCY","0.6389","1","9"
"d2-v5-medium-055","magnet:m1","arrow:a5","MAGNET_CONTROL","0.6389","1","9"
"d2-v5-medium-055","magnet:m1","arrow:a5","POLARITY_DEPENDENCY","0.6389","1","9"
"d2-v5-medium-055","magnet:m2","arrow:a2","MAGNET_CONTROL","0.6389","1","9"
"d2-v5-medium-055","magnet:m2","arrow:a2","POLARITY_DEPENDENCY","0.6389","1","9"
"d2-v5-medium-055","magnet:m2","arrow:a4","MAGNET_CONTROL","0.6389","1","9"
"d2-v5-medium-055","magnet:m2","arrow:a4","POLARITY_DEPENDENCY","0.6389","1","9"
"d2-v5-medium-055","magnet:m2","arrow:a6","MAGNET_CONTROL","0.6389","1","9"
"d2-v5-medium-055","magnet:m2","arrow:a6","POLARITY_DEPENDENCY","0.6389","1","9"
"d2-v5-medium-055","wall:4,5","arrow:a1","ROUTE_BLOCK","0.6389","1","9"
"d2-v5-medium-055","wall:4,5","arrow:a4","OCCLUSION","0.6389","1","9"
"d2-v5-medium-055","wall:4,5","arrow:a4","ROUTE_BLOCK","0.6389","1","9"
"d2-v5-expert-056","arrow:a1","arrow:a2","ORDER_DEPENDENCY","0.2273","5","8"
"d2-v5-expert-056","arrow:a1","arrow:a3","ALTERNATIVE_PATH","0.2273","5","8"
"d2-v5-expert-056","arrow:a1","arrow:a4","ALTERNATIVE_PATH","0.2273","5","8"
"d2-v5-expert-056","arrow:a1","arrow:a5","COLLISION","0.2273","5","8"
"d2-v5-expert-056","arrow:a1","wall:8,3","COLLISION","0.2273","5","8"
"d2-v5-expert-056","arrow:a2","arrow:a1","OCCLUSION","0.2273","5","8"
"d2-v5-expert-056","arrow:a2","arrow:a1","EXPOSURE","0.2273","5","8"
"d2-v5-expert-056","arrow:a2","arrow:a1","STATE_DEPENDENCY","0.2273","5","8"
"d2-v5-expert-056","arrow:a2","arrow:a1","REVEAL","0.2273","5","8"
"d2-v5-expert-056","arrow:a2","arrow:a3","ALTERNATIVE_PATH","0.2273","5","8"
"d2-v5-expert-056","arrow:a2","arrow:a4","ALTERNATIVE_PATH","0.2273","5","8"
"d2-v5-expert-056","arrow:a3","arrow:a2","ORDER_DEPENDENCY","0.2273","5","8"
"d2-v5-expert-056","arrow:a3","arrow:a4","OCCLUSION","0.2273","5","8"
"d2-v5-expert-056","arrow:a3","arrow:a4","EXPOSURE","0.2273","5","8"
"d2-v5-expert-056","arrow:a3","arrow:a4","STATE_DEPENDENCY","0.2273","5","8"
"d2-v5-expert-056","arrow:a3","arrow:a4","REVEAL","0.2273","5","8"
"d2-v5-expert-056","arrow:a3","arrow:a4","ALTERNATIVE_PATH","0.2273","5","8"
"d2-v5-expert-056","arrow:a3","arrow:a5","ALTERNATIVE_PATH","0.2273","5","8"
"d2-v5-expert-056","arrow:a4","arrow:a2","ORDER_DEPENDENCY","0.2273","5","8"
"d2-v5-expert-056","arrow:a4","arrow:a5","ALTERNATIVE_PATH","0.2273","5","8"
"d2-v5-expert-056","arrow:a5","arrow:a1","ROUTE_BLOCK","0.2273","5","8"
"d2-v5-expert-056","arrow:a5","arrow:a1","EXPOSURE","0.2273","5","8"
"d2-v5-expert-056","arrow:a5","arrow:a1","STATE_DEPENDENCY","0.2273","5","8"
"d2-v5-expert-056","arrow:a5","arrow:a1","REVEAL","0.2273","5","8"
"d2-v5-expert-056","arrow:a5","arrow:a2","ORDER_DEPENDENCY","0.2273","5","8"
"d2-v5-expert-056","magnet:m2","arrow:a1","MAGNET_CONTROL","0.2273","5","8"
"d2-v5-expert-056","magnet:m2","arrow:a1","POLARITY_DEPENDENCY","0.2273","5","8"
"d2-v5-expert-056","magnet:m2","arrow:a2","MAGNET_CONTROL","0.2273","5","8"
"d2-v5-expert-056","magnet:m4","arrow:a3","MAGNET_CONTROL","0.2273","5","8"
"d2-v5-expert-056","magnet:m4","arrow:a4","MAGNET_CONTROL","0.2273","5","8"
"d2-v5-expert-056","magnet:m4","arrow:a4","POLARITY_DEPENDENCY","0.2273","5","8"
"d2-v5-expert-056","wall:8,3","arrow:a1","OCCLUSION","0.2273","5","8"
"d2-v5-expert-056","wall:8,3","arrow:a1","ROUTE_BLOCK","0.2273","5","8"
"d2-v5-hard-057","arrow:a1","arrow:a2","ORDER_DEPENDENCY","0.6071","1","8"
"d2-v5-hard-057","arrow:a1","arrow:a3","ROUTE_BLOCK","0.6071","1","8"
"d2-v5-hard-057","arrow:a1","arrow:a3","EXPOSURE","0.6071","1","8"
"d2-v5-hard-057","arrow:a1","arrow:a3","STATE_DEPENDENCY","0.6071","1","8"
"d2-v5-hard-057","arrow:a1","arrow:a3","REVEAL","0.6071","1","8"
"d2-v5-hard-057","arrow:a1","arrow:a3","ALTERNATIVE_PATH","0.6071","1","8"
"d2-v5-hard-057","arrow:a1","arrow:a4","ALTERNATIVE_PATH","0.6071","1","8"
"d2-v5-hard-057","arrow:a1","arrow:a5","ALTERNATIVE_PATH","0.6071","1","8"
"d2-v5-hard-057","arrow:a1","wall:5,6","COLLISION","0.6071","1","8"
"d2-v5-hard-057","arrow:a2","arrow:a1","OCCLUSION","0.6071","1","8"
"d2-v5-hard-057","arrow:a2","arrow:a1","EXPOSURE","0.6071","1","8"
"d2-v5-hard-057","arrow:a2","arrow:a1","STATE_DEPENDENCY","0.6071","1","8"
"d2-v5-hard-057","arrow:a2","arrow:a1","REVEAL","0.6071","1","8"
"d2-v5-hard-057","arrow:a2","arrow:a3","ALTERNATIVE_PATH","0.6071","1","8"
"d2-v5-hard-057","arrow:a2","arrow:a4","ALTERNATIVE_PATH","0.6071","1","8"
"d2-v5-hard-057","arrow:a2","arrow:a5","ALTERNATIVE_PATH","0.6071","1","8"
"d2-v5-hard-057","arrow:a3","arrow:a1","COLLISION","0.6071","1","8"
"d2-v5-hard-057","arrow:a3","arrow:a1","OCCLUSION","0.6071","1","8"
"d2-v5-hard-057","arrow:a3","arrow:a2","ORDER_DEPENDENCY","0.6071","1","8"
"d2-v5-hard-057","arrow:a3","arrow:a4","ALTERNATIVE_PATH","0.6071","1","8"
"d2-v5-hard-057","arrow:a3","arrow:a5","ALTERNATIVE_PATH","0.6071","1","8"
"d2-v5-hard-057","arrow:a4","arrow:a2","ORDER_DEPENDENCY","0.6071","1","8"
"d2-v5-hard-057","arrow:a4","arrow:a5","ALTERNATIVE_PATH","0.6071","1","8"
"d2-v5-hard-057","arrow:a5","arrow:a1","OCCLUSION","0.6071","1","8"
"d2-v5-hard-057","arrow:a5","arrow:a1","EXPOSURE","0.6071","1","8"
"d2-v5-hard-057","arrow:a5","arrow:a1","STATE_DEPENDENCY","0.6071","1","8"
"d2-v5-hard-057","arrow:a5","arrow:a1","REVEAL","0.6071","1","8"
"d2-v5-hard-057","arrow:a5","arrow:a2","ORDER_DEPENDENCY","0.6071","1","8"
"d2-v5-hard-057","arrow:a5","arrow:a3","OCCLUSION","0.6071","1","8"
"d2-v5-hard-057","arrow:a5","arrow:a3","EXPOSURE","0.6071","1","8"
"d2-v5-hard-057","arrow:a5","arrow:a3","STATE_DEPENDENCY","0.6071","1","8"
"d2-v5-hard-057","arrow:a5","arrow:a3","REVEAL","0.6071","1","8"
"d2-v5-hard-057","magnet:m1","arrow:a1","MAGNET_CONTROL","0.6071","1","8"
"d2-v5-hard-057","magnet:m1","arrow:a1","POLARITY_DEPENDENCY","0.6071","1","8"
"d2-v5-hard-057","magnet:m1","arrow:a3","MAGNET_CONTROL","0.6071","1","8"
"d2-v5-hard-057","magnet:m1","arrow:a3","POLARITY_DEPENDENCY","0.6071","1","8"
"d2-v5-hard-057","magnet:m1","arrow:a5","MAGNET_CONTROL","0.6071","1","8"
"d2-v5-hard-057","magnet:m2","arrow:a1","MAGNET_CONTROL","0.6071","1","8"
"d2-v5-hard-057","magnet:m2","arrow:a1","POLARITY_DEPENDENCY","0.6071","1","8"
"d2-v5-hard-057","magnet:m2","arrow:a2","MAGNET_CONTROL","0.6071","1","8"
"d2-v5-hard-057","wall:5,6","arrow:a1","ROUTE_BLOCK","0.6071","1","8"
"d2-v5-hard-057","wall:5,6","arrow:a4","OCCLUSION","0.6071","1","8"
"d2-v5-medium-058","arrow:a1","arrow:a2","ALTERNATIVE_PATH","0.3929","2","7"
"d2-v5-medium-058","arrow:a1","arrow:a3","EXPOSURE","0.3929","2","7"
"d2-v5-medium-058","arrow:a1","arrow:a3","ORDER_DEPENDENCY","0.3929","2","7"
"d2-v5-medium-058","arrow:a1","arrow:a3","STATE_DEPENDENCY","0.3929","2","7"
"d2-v5-medium-058","arrow:a1","arrow:a3","REVEAL","0.3929","2","7"
"d2-v5-medium-058","arrow:a1","arrow:a4","ALTERNATIVE_PATH","0.3929","2","7"
"d2-v5-medium-058","arrow:a1","magnet:m2","COLLISION","0.3929","2","7"
"d2-v5-medium-058","arrow:a2","arrow:a3","ORDER_DEPENDENCY","0.3929","2","7"
"d2-v5-medium-058","arrow:a2","arrow:a3","ALTERNATIVE_PATH","0.3929","2","7"
"d2-v5-medium-058","arrow:a2","arrow:a4","ALTERNATIVE_PATH","0.3929","2","7"
"d2-v5-medium-058","arrow:a3","arrow:a1","EXPOSURE","0.3929","2","7"
"d2-v5-medium-058","arrow:a3","arrow:a1","STATE_DEPENDENCY","0.3929","2","7"
"d2-v5-medium-058","arrow:a3","arrow:a1","REVEAL","0.3929","2","7"
"d2-v5-medium-058","arrow:a3","arrow:a4","ALTERNATIVE_PATH","0.3929","2","7"
"d2-v5-medium-058","arrow:a4","arrow:a3","ORDER_DEPENDENCY","0.3929","2","7"
"d2-v5-medium-058","magnet:m1","arrow:a4","MAGNET_CONTROL","0.3929","2","7"
"d2-v5-medium-058","magnet:m2","arrow:a1","ROUTE_BLOCK","0.3929","2","7"
"d2-v5-medium-058","magnet:m2","arrow:a2","MAGNET_CONTROL","0.3929","2","7"
"d2-v5-medium-058","magnet:m3","arrow:a1","MAGNET_CONTROL","0.3929","2","7"
"d2-v5-medium-058","magnet:m3","arrow:a1","POLARITY_DEPENDENCY","0.3929","2","7"
"d2-v5-medium-058","magnet:m3","arrow:a3","MAGNET_CONTROL","0.3929","2","7"
"d2-v5-medium-058","magnet:m3","arrow:a3","POLARITY_DEPENDENCY","0.3929","2","7"
"d2-v5-master-059","arrow:a1","arrow:a2","ROUTE_BLOCK","0.2879","5","8"
"d2-v5-master-059","arrow:a1","arrow:a2","ORDER_DEPENDENCY","0.2879","5","8"
"d2-v5-master-059","arrow:a1","arrow:a3","ORDER_DEPENDENCY","0.2879","5","8"
"d2-v5-master-059","arrow:a1","arrow:a4","EXPOSURE","0.2879","5","8"
"d2-v5-master-059","arrow:a1","arrow:a4","STATE_DEPENDENCY","0.2879","5","8"
"d2-v5-master-059","arrow:a1","arrow:a4","REVEAL","0.2879","5","8"
"d2-v5-master-059","arrow:a1","arrow:a4","ALTERNATIVE_PATH","0.2879","5","8"
"d2-v5-master-059","arrow:a1","arrow:a5","ALTERNATIVE_PATH","0.2879","5","8"
"d2-v5-master-059","arrow:a1","magnet:m2","COLLISION","0.2879","5","8"
"d2-v5-master-059","arrow:a2","arrow:a1","COLLISION","0.2879","5","8"
"d2-v5-master-059","arrow:a2","arrow:a1","OCCLUSION","0.2879","5","8"
"d2-v5-master-059","arrow:a2","arrow:a1","EXPOSURE","0.2879","5","8"
"d2-v5-master-059","arrow:a2","arrow:a1","STATE_DEPENDENCY","0.2879","5","8"
"d2-v5-master-059","arrow:a2","arrow:a1","REVEAL","0.2879","5","8"
"d2-v5-master-059","arrow:a2","arrow:a3","EXPOSURE","0.2879","5","8"
"d2-v5-master-059","arrow:a2","arrow:a3","ORDER_DEPENDENCY","0.2879","5","8"
"d2-v5-master-059","arrow:a2","arrow:a3","STATE_DEPENDENCY","0.2879","5","8"
"d2-v5-master-059","arrow:a2","arrow:a3","REVEAL","0.2879","5","8"
"d2-v5-master-059","arrow:a2","arrow:a4","ALTERNATIVE_PATH","0.2879","5","8"
"d2-v5-master-059","arrow:a2","arrow:a5","ALTERNATIVE_PATH","0.2879","5","8"
"d2-v5-master-059","arrow:a2","wall:3,2","COLLISION","0.2879","5","8"
"d2-v5-master-059","arrow:a3","arrow:a2","EXPOSURE","0.2879","5","8"
"d2-v5-master-059","arrow:a3","arrow:a2","STATE_DEPENDENCY","0.2879","5","8"
"d2-v5-master-059","arrow:a3","arrow:a2","REVEAL","0.2879","5","8"
"d2-v5-master-059","arrow:a3","arrow:a4","ALTERNATIVE_PATH","0.2879","5","8"
"d2-v5-master-059","arrow:a3","arrow:a5","ALTERNATIVE_PATH","0.2879","5","8"
"d2-v5-master-059","arrow:a4","arrow:a1","EXPOSURE","0.2879","5","8"
"d2-v5-master-059","arrow:a4","arrow:a1","STATE_DEPENDENCY","0.2879","5","8"
"d2-v5-master-059","arrow:a4","arrow:a1","REVEAL","0.2879","5","8"
"d2-v5-master-059","arrow:a4","arrow:a2","ORDER_DEPENDENCY","0.2879","5","8"
"d2-v5-master-059","arrow:a4","arrow:a3","ORDER_DEPENDENCY","0.2879","5","8"
"d2-v5-master-059","arrow:a4","arrow:a5","COLLISION","0.2879","5","8"
"d2-v5-master-059","arrow:a4","arrow:a5","OCCLUSION","0.2879","5","8"
"d2-v5-master-059","arrow:a4","arrow:a5","EXPOSURE","0.2879","5","8"
"d2-v5-master-059","arrow:a4","arrow:a5","STATE_DEPENDENCY","0.2879","5","8"
"d2-v5-master-059","arrow:a4","arrow:a5","REVEAL","0.2879","5","8"
"d2-v5-master-059","arrow:a4","arrow:a5","ALTERNATIVE_PATH","0.2879","5","8"
"d2-v5-master-059","arrow:a5","arrow:a2","ORDER_DEPENDENCY","0.2879","5","8"
"d2-v5-master-059","arrow:a5","arrow:a3","ORDER_DEPENDENCY","0.2879","5","8"
"d2-v5-master-059","arrow:a5","arrow:a4","ROUTE_BLOCK","0.2879","5","8"
"d2-v5-master-059","arrow:a5","arrow:a4","EXPOSURE","0.2879","5","8"
"d2-v5-master-059","arrow:a5","arrow:a4","STATE_DEPENDENCY","0.2879","5","8"
"d2-v5-master-059","arrow:a5","arrow:a4","REVEAL","0.2879","5","8"
"d2-v5-master-059","magnet:m2","arrow:a1","ROUTE_BLOCK","0.2879","5","8"
"d2-v5-master-059","magnet:m2","arrow:a2","MAGNET_CONTROL","0.2879","5","8"
"d2-v5-master-059","magnet:m2","arrow:a2","POLARITY_DEPENDENCY","0.2879","5","8"
"d2-v5-master-059","magnet:m2","arrow:a3","OCCLUSION","0.2879","5","8"
"d2-v5-master-059","magnet:m2","arrow:a3","MAGNET_CONTROL","0.2879","5","8"
"d2-v5-master-059","magnet:m2","arrow:a3","POLARITY_DEPENDENCY","0.2879","5","8"
"d2-v5-master-059","magnet:m2","magnet:m4","CANCELLATION","0.2879","5","8"
"d2-v5-master-059","magnet:m4","arrow:a1","MAGNET_CONTROL","0.2879","5","8"
"d2-v5-master-059","magnet:m4","arrow:a1","POLARITY_DEPENDENCY","0.2879","5","8"
"d2-v5-master-059","magnet:m4","arrow:a4","OCCLUSION","0.2879","5","8"
"d2-v5-master-059","magnet:m4","arrow:a4","MAGNET_CONTROL","0.2879","5","8"
"d2-v5-master-059","magnet:m4","arrow:a4","POLARITY_DEPENDENCY","0.2879","5","8"
"d2-v5-master-059","magnet:m4","arrow:a5","OCCLUSION","0.2879","5","8"
"d2-v5-master-059","magnet:m4","arrow:a5","MAGNET_CONTROL","0.2879","5","8"
"d2-v5-master-059","magnet:m4","arrow:a5","POLARITY_DEPENDENCY","0.2879","5","8"
"d2-v5-master-059","wall:3,2","arrow:a1","OCCLUSION","0.2879","5","8"
"d2-v5-master-059","wall:3,2","arrow:a2","ROUTE_BLOCK","0.2879","5","8"
"d2-v5-easy-060","arrow:a1","arrow:a2","EXPOSURE","0.3929","1","8"
"d2-v5-easy-060","arrow:a1","arrow:a2","STATE_DEPENDENCY","0.3929","1","8"
"d2-v5-easy-060","arrow:a1","arrow:a2","REVEAL","0.3929","1","8"
"d2-v5-easy-060","arrow:a1","arrow:a3","ALTERNATIVE_PATH","0.3929","1","8"
"d2-v5-easy-060","arrow:a1","arrow:a4","ALTERNATIVE_PATH","0.3929","1","8"
"d2-v5-easy-060","arrow:a2","arrow:a1","EXPOSURE","0.3929","1","8"
"d2-v5-easy-060","arrow:a2","arrow:a1","ORDER_DEPENDENCY","0.3929","1","8"
"d2-v5-easy-060","arrow:a2","arrow:a1","STATE_DEPENDENCY","0.3929","1","8"
"d2-v5-easy-060","arrow:a2","arrow:a1","REVEAL","0.3929","1","8"
"d2-v5-easy-060","arrow:a2","arrow:a3","ALTERNATIVE_PATH","0.3929","1","8"
"d2-v5-easy-060","arrow:a2","arrow:a4","ALTERNATIVE_PATH","0.3929","1","8"
"d2-v5-easy-060","arrow:a2","wall:3,4","COLLISION","0.3929","1","8"
"d2-v5-easy-060","arrow:a3","arrow:a1","ORDER_DEPENDENCY","0.3929","1","8"
"d2-v5-easy-060","arrow:a3","arrow:a4","ALTERNATIVE_PATH","0.3929","1","8"
"d2-v5-easy-060","arrow:a4","arrow:a1","ORDER_DEPENDENCY","0.3929","1","8"
"d2-v5-easy-060","magnet:m1","arrow:a1","OCCLUSION","0.3929","1","8"
"d2-v5-easy-060","magnet:m1","arrow:a1","MAGNET_CONTROL","0.3929","1","8"
"d2-v5-easy-060","magnet:m1","arrow:a1","POLARITY_DEPENDENCY","0.3929","1","8"
"d2-v5-easy-060","magnet:m1","arrow:a2","MAGNET_CONTROL","0.3929","1","8"
"d2-v5-easy-060","magnet:m1","arrow:a2","POLARITY_DEPENDENCY","0.3929","1","8"
"d2-v5-easy-060","magnet:m2","arrow:a4","MAGNET_CONTROL","0.3929","1","8"
"d2-v5-easy-060","wall:2,2","arrow:a3","OCCLUSION","0.3929","1","8"
"d2-v5-easy-060","wall:3,4","arrow:a2","ROUTE_BLOCK","0.3929","1","8"
"d2-v5-hard-061","arrow:a1","arrow:a2","ALTERNATIVE_PATH","0.3056","3","7"
"d2-v5-hard-061","arrow:a1","arrow:a3","ORDER_DEPENDENCY","0.3056","3","7"
"d2-v5-hard-061","arrow:a1","arrow:a3","ALTERNATIVE_PATH","0.3056","3","7"
"d2-v5-hard-061","arrow:a1","arrow:a4","ALTERNATIVE_PATH","0.3056","3","7"
"d2-v5-hard-061","arrow:a2","arrow:a3","ORDER_DEPENDENCY","0.3056","3","7"
"d2-v5-hard-061","arrow:a2","arrow:a3","ALTERNATIVE_PATH","0.3056","3","7"
"d2-v5-hard-061","arrow:a2","arrow:a4","ALTERNATIVE_PATH","0.3056","3","7"
"d2-v5-hard-061","arrow:a3","arrow:a4","EXPOSURE","0.3056","3","7"
"d2-v5-hard-061","arrow:a3","arrow:a4","STATE_DEPENDENCY","0.3056","3","7"
"d2-v5-hard-061","arrow:a3","arrow:a4","REVEAL","0.3056","3","7"
"d2-v5-hard-061","arrow:a4","arrow:a3","EXPOSURE","0.3056","3","7"
"d2-v5-hard-061","arrow:a4","arrow:a3","ORDER_DEPENDENCY","0.3056","3","7"
"d2-v5-hard-061","arrow:a4","arrow:a3","STATE_DEPENDENCY","0.3056","3","7"
"d2-v5-hard-061","arrow:a4","arrow:a3","REVEAL","0.3056","3","7"
"d2-v5-hard-061","arrow:a4","magnet:m4","COLLISION","0.3056","3","7"
"d2-v5-hard-061","magnet:m2","arrow:a3","MAGNET_CONTROL","0.3056","3","7"
"d2-v5-hard-061","magnet:m2","arrow:a3","POLARITY_DEPENDENCY","0.3056","3","7"
"d2-v5-hard-061","magnet:m2","arrow:a4","MAGNET_CONTROL","0.3056","3","7"
"d2-v5-hard-061","magnet:m2","arrow:a4","POLARITY_DEPENDENCY","0.3056","3","7"
"d2-v5-hard-061","magnet:m3","arrow:a1","MAGNET_CONTROL","0.3056","3","7"
"d2-v5-hard-061","magnet:m4","arrow:a2","OCCLUSION","0.3056","3","7"
"d2-v5-hard-061","magnet:m4","arrow:a2","MAGNET_CONTROL","0.3056","3","7"
"d2-v5-hard-061","magnet:m4","arrow:a4","ROUTE_BLOCK","0.3056","3","7"
"d2-v5-easy-062","arrow:a1","arrow:a2","ORDER_DEPENDENCY","0.5357","1","8"
"d2-v5-easy-062","arrow:a1","arrow:a2","ALTERNATIVE_PATH","0.5357","1","8"
"d2-v5-easy-062","arrow:a1","arrow:a3","ALTERNATIVE_PATH","0.5357","1","8"
"d2-v5-easy-062","arrow:a1","arrow:a4","ALTERNATIVE_PATH","0.5357","1","8"
"d2-v5-easy-062","arrow:a1","arrow:a5","ALTERNATIVE_PATH","0.5357","1","8"
"d2-v5-easy-062","arrow:a2","arrow:a3","EXPOSURE","0.5357","1","8"
"d2-v5-easy-062","arrow:a2","arrow:a3","STATE_DEPENDENCY","0.5357","1","8"
"d2-v5-easy-062","arrow:a2","arrow:a3","REVEAL","0.5357","1","8"
"d2-v5-easy-062","arrow:a2","arrow:a4","ALTERNATIVE_PATH","0.5357","1","8"
"d2-v5-easy-062","arrow:a2","arrow:a5","EXPOSURE","0.5357","1","8"
"d2-v5-easy-062","arrow:a2","arrow:a5","STATE_DEPENDENCY","0.5357","1","8"
"d2-v5-easy-062","arrow:a2","arrow:a5","REVEAL","0.5357","1","8"
"d2-v5-easy-062","arrow:a2","arrow:a5","ALTERNATIVE_PATH","0.5357","1","8"
"d2-v5-easy-062","arrow:a3","arrow:a2","EXPOSURE","0.5357","1","8"
"d2-v5-easy-062","arrow:a3","arrow:a2","ORDER_DEPENDENCY","0.5357","1","8"
"d2-v5-easy-062","arrow:a3","arrow:a2","STATE_DEPENDENCY","0.5357","1","8"
"d2-v5-easy-062","arrow:a3","arrow:a2","REVEAL","0.5357","1","8"
"d2-v5-easy-062","arrow:a3","arrow:a4","ALTERNATIVE_PATH","0.5357","1","8"
"d2-v5-easy-062","arrow:a3","arrow:a5","COLLISION","0.5357","1","8"
"d2-v5-easy-062","arrow:a3","arrow:a5","OCCLUSION","0.5357","1","8"
"d2-v5-easy-062","arrow:a3","arrow:a5","ROUTE_BLOCK","0.5357","1","8"
"d2-v5-easy-062","arrow:a3","arrow:a5","EXPOSURE","0.5357","1","8"
"d2-v5-easy-062","arrow:a3","arrow:a5","STATE_DEPENDENCY","0.5357","1","8"
"d2-v5-easy-062","arrow:a3","arrow:a5","REVEAL","0.5357","1","8"
"d2-v5-easy-062","arrow:a4","arrow:a2","ORDER_DEPENDENCY","0.5357","1","8"
"d2-v5-easy-062","arrow:a4","arrow:a5","ALTERNATIVE_PATH","0.5357","1","8"
"d2-v5-easy-062","arrow:a5","arrow:a2","EXPOSURE","0.5357","1","8"
"d2-v5-easy-062","arrow:a5","arrow:a2","STATE_DEPENDENCY","0.5357","1","8"
"d2-v5-easy-062","arrow:a5","arrow:a2","REVEAL","0.5357","1","8"
"d2-v5-easy-062","arrow:a5","arrow:a3","COLLISION","0.5357","1","8"
"d2-v5-easy-062","arrow:a5","arrow:a3","ROUTE_BLOCK","0.5357","1","8"
"d2-v5-easy-062","magnet:m1","arrow:a1","MAGNET_CONTROL","0.5357","1","8"
"d2-v5-easy-062","magnet:m2","arrow:a2","OCCLUSION","0.5357","1","8"
"d2-v5-easy-062","magnet:m2","arrow:a2","MAGNET_CONTROL","0.5357","1","8"
"d2-v5-easy-062","magnet:m2","arrow:a2","POLARITY_DEPENDENCY","0.5357","1","8"
"d2-v5-easy-062","magnet:m2","arrow:a3","MAGNET_CONTROL","0.5357","1","8"
"d2-v5-easy-062","magnet:m2","arrow:a3","POLARITY_DEPENDENCY","0.5357","1","8"
"d2-v5-easy-062","magnet:m2","arrow:a5","MAGNET_CONTROL","0.5357","1","8"
"d2-v5-easy-062","magnet:m2","arrow:a5","POLARITY_DEPENDENCY","0.5357","1","8"
"d2-v5-easy-062","magnet:m3","arrow:a4","OCCLUSION","0.5357","1","8"
"d2-v5-easy-062","magnet:m3","arrow:a4","MAGNET_CONTROL","0.5357","1","8"
"d2-v5-medium-063","arrow:a1","arrow:a2","EXPOSURE","0.25","4","5"
"d2-v5-medium-063","arrow:a1","arrow:a2","STATE_DEPENDENCY","0.25","4","5"
"d2-v5-medium-063","arrow:a1","arrow:a2","REVEAL","0.25","4","5"
"d2-v5-medium-063","arrow:a1","arrow:a3","ALTERNATIVE_PATH","0.25","4","5"
"d2-v5-medium-063","arrow:a2","arrow:a1","EXPOSURE","0.25","4","5"
"d2-v5-medium-063","arrow:a2","arrow:a1","ORDER_DEPENDENCY","0.25","4","5"
"d2-v5-medium-063","arrow:a2","arrow:a1","STATE_DEPENDENCY","0.25","4","5"
"d2-v5-medium-063","arrow:a2","arrow:a1","REVEAL","0.25","4","5"
"d2-v5-medium-063","arrow:a2","arrow:a3","ALTERNATIVE_PATH","0.25","4","5"
"d2-v5-medium-063","arrow:a2","wall:4,2","COLLISION","0.25","4","5"
"d2-v5-medium-063","arrow:a3","arrow:a1","ORDER_DEPENDENCY","0.25","4","5"
"d2-v5-medium-063","magnet:m2","arrow:a1","OCCLUSION","0.25","4","5"
"d2-v5-medium-063","magnet:m2","arrow:a1","MAGNET_CONTROL","0.25","4","5"
"d2-v5-medium-063","magnet:m2","arrow:a1","POLARITY_DEPENDENCY","0.25","4","5"
"d2-v5-medium-063","magnet:m2","arrow:a2","MAGNET_CONTROL","0.25","4","5"
"d2-v5-medium-063","magnet:m2","arrow:a2","POLARITY_DEPENDENCY","0.25","4","5"
"d2-v5-medium-063","wall:4,2","arrow:a2","ROUTE_BLOCK","0.25","4","5"
"d2-v5-medium-063","wall:4,2","arrow:a3","OCCLUSION","0.25","4","5"
"d2-v5-expert-064","arrow:a1","arrow:a2","ORDER_DEPENDENCY","0.2444","4","7"
"d2-v5-expert-064","arrow:a1","arrow:a3","COLLISION","0.2444","4","7"
"d2-v5-expert-064","arrow:a1","arrow:a5","ALTERNATIVE_PATH","0.2444","4","7"
"d2-v5-expert-064","arrow:a1","wall:6,2","COLLISION","0.2444","4","7"
"d2-v5-expert-064","arrow:a2","arrow:a1","OCCLUSION","0.2444","4","7"
"d2-v5-expert-064","arrow:a2","arrow:a1","EXPOSURE","0.2444","4","7"
"d2-v5-expert-064","arrow:a2","arrow:a1","STATE_DEPENDENCY","0.2444","4","7"
"d2-v5-expert-064","arrow:a2","arrow:a1","REVEAL","0.2444","4","7"
"d2-v5-expert-064","arrow:a2","arrow:a4","ALTERNATIVE_PATH","0.2444","4","7"
"d2-v5-expert-064","arrow:a2","arrow:a5","ALTERNATIVE_PATH","0.2444","4","7"
"d2-v5-expert-064","arrow:a3","arrow:a1","ROUTE_BLOCK","0.2444","4","7"
"d2-v5-expert-064","arrow:a3","arrow:a1","EXPOSURE","0.2444","4","7"
"d2-v5-expert-064","arrow:a3","arrow:a1","STATE_DEPENDENCY","0.2444","4","7"
"d2-v5-expert-064","arrow:a3","arrow:a1","REVEAL","0.2444","4","7"
"d2-v5-expert-064","arrow:a3","arrow:a2","ORDER_DEPENDENCY","0.2444","4","7"
"d2-v5-expert-064","arrow:a3","arrow:a5","ALTERNATIVE_PATH","0.2444","4","7"
"d2-v5-expert-064","arrow:a4","arrow:a2","ORDER_DEPENDENCY","0.2444","4","7"
"d2-v5-expert-064","arrow:a4","arrow:a5","ALTERNATIVE_PATH","0.2444","4","7"
"d2-v5-expert-064","arrow:a5","arrow:a2","ORDER_DEPENDENCY","0.2444","4","7"
"d2-v5-expert-064","magnet:m2","arrow:a1","MAGNET_CONTROL","0.2444","4","7"
"d2-v5-expert-064","magnet:m2","arrow:a1","POLARITY_DEPENDENCY","0.2444","4","7"
"d2-v5-expert-064","magnet:m2","arrow:a2","MAGNET_CONTROL","0.2444","4","7"
"d2-v5-expert-064","wall:6,2","arrow:a1","OCCLUSION","0.2444","4","7"
"d2-v5-expert-064","wall:6,2","arrow:a1","ROUTE_BLOCK","0.2444","4","7"
"d2-v5-hard-065","arrow:a1","arrow:a2","EXPOSURE","0.3056","3","7"
"d2-v5-hard-065","arrow:a1","arrow:a2","STATE_DEPENDENCY","0.3056","3","7"
"d2-v5-hard-065","arrow:a1","arrow:a2","REVEAL","0.3056","3","7"
"d2-v5-hard-065","arrow:a1","arrow:a3","ALTERNATIVE_PATH","0.3056","3","7"
"d2-v5-hard-065","arrow:a1","arrow:a4","ALTERNATIVE_PATH","0.3056","3","7"
"d2-v5-hard-065","arrow:a2","arrow:a1","EXPOSURE","0.3056","3","7"
"d2-v5-hard-065","arrow:a2","arrow:a1","ORDER_DEPENDENCY","0.3056","3","7"
"d2-v5-hard-065","arrow:a2","arrow:a1","STATE_DEPENDENCY","0.3056","3","7"
"d2-v5-hard-065","arrow:a2","arrow:a1","REVEAL","0.3056","3","7"
"d2-v5-hard-065","arrow:a2","arrow:a3","ALTERNATIVE_PATH","0.3056","3","7"
"d2-v5-hard-065","arrow:a2","arrow:a4","ALTERNATIVE_PATH","0.3056","3","7"
"d2-v5-hard-065","arrow:a2","magnet:m2","COLLISION","0.3056","3","7"
"d2-v5-hard-065","arrow:a3","arrow:a1","ORDER_DEPENDENCY","0.3056","3","7"
"d2-v5-hard-065","arrow:a3","arrow:a4","ALTERNATIVE_PATH","0.3056","3","7"
"d2-v5-hard-065","arrow:a4","arrow:a1","ORDER_DEPENDENCY","0.3056","3","7"
"d2-v5-hard-065","magnet:m1","arrow:a3","MAGNET_CONTROL","0.3056","3","7"
"d2-v5-hard-065","magnet:m2","arrow:a2","ROUTE_BLOCK","0.3056","3","7"
"d2-v5-hard-065","magnet:m2","arrow:a4","OCCLUSION","0.3056","3","7"
"d2-v5-hard-065","magnet:m2","arrow:a4","MAGNET_CONTROL","0.3056","3","7"
"d2-v5-hard-065","magnet:m4","arrow:a1","MAGNET_CONTROL","0.3056","3","7"
"d2-v5-hard-065","magnet:m4","arrow:a1","POLARITY_DEPENDENCY","0.3056","3","7"
"d2-v5-hard-065","magnet:m4","arrow:a2","MAGNET_CONTROL","0.3056","3","7"
"d2-v5-hard-065","magnet:m4","arrow:a2","POLARITY_DEPENDENCY","0.3056","3","7"
"d2-v5-medium-066","arrow:a1","arrow:a2","EXPOSURE","0.5278","2","8"
"d2-v5-medium-066","arrow:a1","arrow:a2","STATE_DEPENDENCY","0.5278","2","8"
"d2-v5-medium-066","arrow:a1","arrow:a2","REVEAL","0.5278","2","8"
"d2-v5-medium-066","arrow:a1","arrow:a2","ALTERNATIVE_PATH","0.5278","2","8"
"d2-v5-medium-066","arrow:a1","arrow:a3","COLLISION","0.5278","2","8"
"d2-v5-medium-066","arrow:a1","arrow:a3","OCCLUSION","0.5278","2","8"
"d2-v5-medium-066","arrow:a1","arrow:a3","EXPOSURE","0.5278","2","8"
"d2-v5-medium-066","arrow:a1","arrow:a3","STATE_DEPENDENCY","0.5278","2","8"
"d2-v5-medium-066","arrow:a1","arrow:a3","REVEAL","0.5278","2","8"
"d2-v5-medium-066","arrow:a1","arrow:a6","COLLISION","0.5278","2","8"
"d2-v5-medium-066","arrow:a1","arrow:a6","OCCLUSION","0.5278","2","8"
"d2-v5-medium-066","arrow:a1","arrow:a6","EXPOSURE","0.5278","2","8"
"d2-v5-medium-066","arrow:a1","arrow:a6","STATE_DEPENDENCY","0.5278","2","8"
"d2-v5-medium-066","arrow:a1","arrow:a6","REVEAL","0.5278","2","8"
"d2-v5-medium-066","arrow:a2","arrow:a1","EXPOSURE","0.5278","2","8"
"d2-v5-medium-066","arrow:a2","arrow:a1","ORDER_DEPENDENCY","0.5278","2","8"
"d2-v5-medium-066","arrow:a2","arrow:a1","STATE_DEPENDENCY","0.5278","2","8"
"d2-v5-medium-066","arrow:a2","arrow:a1","REVEAL","0.5278","2","8"
"d2-v5-medium-066","arrow:a2","arrow:a3","ALTERNATIVE_PATH","0.5278","2","8"
"d2-v5-medium-066","arrow:a2","arrow:a4","COLLISION","0.5278","2","8"
"d2-v5-medium-066","arrow:a2","arrow:a4","OCCLUSION","0.5278","2","8"
"d2-v5-medium-066","arrow:a2","arrow:a4","ROUTE_BLOCK","0.5278","2","8"
"d2-v5-medium-066","arrow:a2","arrow:a4","EXPOSURE","0.5278","2","8"
"d2-v5-medium-066","arrow:a2","arrow:a4","STATE_DEPENDENCY","0.5278","2","8"
"d2-v5-medium-066","arrow:a2","arrow:a4","REVEAL","0.5278","2","8"
"d2-v5-medium-066","arrow:a3","arrow:a1","ROUTE_BLOCK","0.5278","2","8"
"d2-v5-medium-066","arrow:a3","arrow:a1","ORDER_DEPENDENCY","0.5278","2","8"
"d2-v5-medium-066","arrow:a3","arrow:a4","ALTERNATIVE_PATH","0.5278","2","8"
"d2-v5-medium-066","arrow:a3","arrow:a5","ALTERNATIVE_PATH","0.5278","2","8"
"d2-v5-medium-066","arrow:a3","arrow:a6","COLLISION","0.5278","2","8"
"d2-v5-medium-066","arrow:a3","arrow:a6","OCCLUSION","0.5278","2","8"
"d2-v5-medium-066","arrow:a4","arrow:a1","EXPOSURE","0.5278","2","8"
"d2-v5-medium-066","arrow:a4","arrow:a1","STATE_DEPENDENCY","0.5278","2","8"
"d2-v5-medium-066","arrow:a4","arrow:a1","REVEAL","0.5278","2","8"
"d2-v5-medium-066","arrow:a4","arrow:a2","COLLISION","0.5278","2","8"
"d2-v5-medium-066","arrow:a4","arrow:a2","ROUTE_BLOCK","0.5278","2","8"
"d2-v5-medium-066","arrow:a5","arrow:a1","EXPOSURE","0.5278","2","8"
"d2-v5-medium-066","arrow:a5","arrow:a1","STATE_DEPENDENCY","0.5278","2","8"
"d2-v5-medium-066","arrow:a5","arrow:a1","REVEAL","0.5278","2","8"
"d2-v5-medium-066","arrow:a5","arrow:a2","EXPOSURE","0.5278","2","8"
"d2-v5-medium-066","arrow:a5","arrow:a2","STATE_DEPENDENCY","0.5278","2","8"
"d2-v5-medium-066","arrow:a5","arrow:a2","REVEAL","0.5278","2","8"
"d2-v5-medium-066","arrow:a6","arrow:a1","ROUTE_BLOCK","0.5278","2","8"
"d2-v5-medium-066","arrow:a6","arrow:a2","EXPOSURE","0.5278","2","8"
"d2-v5-medium-066","arrow:a6","arrow:a2","STATE_DEPENDENCY","0.5278","2","8"
"d2-v5-medium-066","arrow:a6","arrow:a2","REVEAL","0.5278","2","8"
"d2-v5-medium-066","arrow:a6","arrow:a3","ROUTE_BLOCK","0.5278","2","8"
"d2-v5-medium-066","arrow:a6","wall:5,4","COLLISION","0.5278","2","8"
"d2-v5-medium-066","magnet:m1","arrow:a1","MAGNET_CONTROL","0.5278","2","8"
"d2-v5-medium-066","magnet:m1","arrow:a1","POLARITY_DEPENDENCY","0.5278","2","8"
"d2-v5-medium-066","magnet:m1","arrow:a2","MAGNET_CONTROL","0.5278","2","8"
"d2-v5-medium-066","magnet:m1","arrow:a2","POLARITY_DEPENDENCY","0.5278","2","8"
"d2-v5-medium-066","magnet:m1","arrow:a3","MAGNET_CONTROL","0.5278","2","8"
"d2-v5-medium-066","magnet:m1","arrow:a3","POLARITY_DEPENDENCY","0.5278","2","8"
"d2-v5-medium-066","magnet:m1","arrow:a4","MAGNET_CONTROL","0.5278","2","8"
"d2-v5-medium-066","magnet:m1","arrow:a4","POLARITY_DEPENDENCY","0.5278","2","8"
"d2-v5-medium-066","magnet:m1","arrow:a5","MAGNET_CONTROL","0.5278","2","8"
"d2-v5-medium-066","magnet:m1","arrow:a6","MAGNET_CONTROL","0.5278","2","8"
"d2-v5-medium-066","magnet:m1","arrow:a6","POLARITY_DEPENDENCY","0.5278","2","8"
"d2-v5-medium-066","wall:5,4","arrow:a6","ROUTE_BLOCK","0.5278","2","8"
"d2-v5-master-067","arrow:a1","arrow:a2","ORDER_DEPENDENCY","0.3333","3","7"
"d2-v5-master-067","arrow:a1","arrow:a3","COLLISION","0.3333","3","7"
"d2-v5-master-067","arrow:a1","arrow:a4","ALTERNATIVE_PATH","0.3333","3","7"
"d2-v5-master-067","arrow:a1","arrow:a5","ALTERNATIVE_PATH","0.3333","3","7"
"d2-v5-master-067","arrow:a1","wall:4,2","COLLISION","0.3333","3","7"
"d2-v5-master-067","arrow:a2","arrow:a1","OCCLUSION","0.3333","3","7"
"d2-v5-master-067","arrow:a2","arrow:a1","EXPOSURE","0.3333","3","7"
"d2-v5-master-067","arrow:a2","arrow:a1","STATE_DEPENDENCY","0.3333","3","7"
"d2-v5-master-067","arrow:a2","arrow:a1","REVEAL","0.3333","3","7"
"d2-v5-master-067","arrow:a2","arrow:a4","ALTERNATIVE_PATH","0.3333","3","7"
"d2-v5-master-067","arrow:a2","arrow:a5","ALTERNATIVE_PATH","0.3333","3","7"
"d2-v5-master-067","arrow:a3","arrow:a1","ROUTE_BLOCK","0.3333","3","7"
"d2-v5-master-067","arrow:a3","arrow:a1","EXPOSURE","0.3333","3","7"
"d2-v5-master-067","arrow:a3","arrow:a1","STATE_DEPENDENCY","0.3333","3","7"
"d2-v5-master-067","arrow:a3","arrow:a1","REVEAL","0.3333","3","7"
"d2-v5-master-067","arrow:a3","arrow:a2","ORDER_DEPENDENCY","0.3333","3","7"
"d2-v5-master-067","arrow:a3","arrow:a5","ALTERNATIVE_PATH","0.3333","3","7"
"d2-v5-master-067","arrow:a4","arrow:a2","ORDER_DEPENDENCY","0.3333","3","7"
"d2-v5-master-067","arrow:a4","arrow:a5","ALTERNATIVE_PATH","0.3333","3","7"
"d2-v5-master-067","arrow:a5","arrow:a2","ORDER_DEPENDENCY","0.3333","3","7"
"d2-v5-master-067","magnet:m2","arrow:a1","MAGNET_CONTROL","0.3333","3","7"
"d2-v5-master-067","magnet:m2","arrow:a1","POLARITY_DEPENDENCY","0.3333","3","7"
"d2-v5-master-067","magnet:m2","arrow:a2","MAGNET_CONTROL","0.3333","3","7"
"d2-v5-master-067","wall:4,2","arrow:a1","OCCLUSION","0.3333","3","7"
"d2-v5-master-067","wall:4,2","arrow:a1","ROUTE_BLOCK","0.3333","3","7"
"d2-v5-easy-068","arrow:a1","arrow:a2","EXPOSURE","0.1667","5","5"
"d2-v5-easy-068","arrow:a1","arrow:a2","ORDER_DEPENDENCY","0.1667","5","5"
"d2-v5-easy-068","arrow:a1","arrow:a2","STATE_DEPENDENCY","0.1667","5","5"
"d2-v5-easy-068","arrow:a1","arrow:a2","REVEAL","0.1667","5","5"
"d2-v5-easy-068","arrow:a1","arrow:a3","ALTERNATIVE_PATH","0.1667","5","5"
"d2-v5-easy-068","arrow:a1","wall:2,2","COLLISION","0.1667","5","5"
"d2-v5-easy-068","arrow:a2","arrow:a1","EXPOSURE","0.1667","5","5"
"d2-v5-easy-068","arrow:a2","arrow:a1","STATE_DEPENDENCY","0.1667","5","5"
"d2-v5-easy-068","arrow:a2","arrow:a1","REVEAL","0.1667","5","5"
"d2-v5-easy-068","arrow:a2","arrow:a3","ALTERNATIVE_PATH","0.1667","5","5"
"d2-v5-easy-068","arrow:a3","arrow:a2","ORDER_DEPENDENCY","0.1667","5","5"
"d2-v5-easy-068","magnet:m2","arrow:a1","MAGNET_CONTROL","0.1667","5","5"
"d2-v5-easy-068","magnet:m2","arrow:a1","POLARITY_DEPENDENCY","0.1667","5","5"
"d2-v5-easy-068","magnet:m2","arrow:a2","MAGNET_CONTROL","0.1667","5","5"
"d2-v5-easy-068","magnet:m2","arrow:a2","POLARITY_DEPENDENCY","0.1667","5","5"
"d2-v5-easy-068","wall:2,2","arrow:a1","OCCLUSION","0.1667","5","5"
"d2-v5-easy-068","wall:2,2","arrow:a1","ROUTE_BLOCK","0.1667","5","5"
"d2-v5-hard-069","arrow:a1","arrow:a2","EXPOSURE","0.3333","3","10"
"d2-v5-hard-069","arrow:a1","arrow:a2","ORDER_DEPENDENCY","0.3333","3","10"
"d2-v5-hard-069","arrow:a1","arrow:a2","STATE_DEPENDENCY","0.3333","3","10"
"d2-v5-hard-069","arrow:a1","arrow:a2","REVEAL","0.3333","3","10"
"d2-v5-hard-069","arrow:a1","arrow:a2","ALTERNATIVE_PATH","0.3333","3","10"
"d2-v5-hard-069","arrow:a1","arrow:a3","EXPOSURE","0.3333","3","10"
"d2-v5-hard-069","arrow:a1","arrow:a3","STATE_DEPENDENCY","0.3333","3","10"
"d2-v5-hard-069","arrow:a1","arrow:a3","REVEAL","0.3333","3","10"
"d2-v5-hard-069","arrow:a1","arrow:a3","ALTERNATIVE_PATH","0.3333","3","10"
"d2-v5-hard-069","arrow:a1","arrow:a4","COLLISION","0.3333","3","10"
"d2-v5-hard-069","arrow:a1","arrow:a4","ALTERNATIVE_PATH","0.3333","3","10"
"d2-v5-hard-069","arrow:a1","arrow:a5","ALTERNATIVE_PATH","0.3333","3","10"
"d2-v5-hard-069","arrow:a1","arrow:a6","ALTERNATIVE_PATH","0.3333","3","10"
"d2-v5-hard-069","arrow:a2","arrow:a1","EXPOSURE","0.3333","3","10"
"d2-v5-hard-069","arrow:a2","arrow:a1","STATE_DEPENDENCY","0.3333","3","10"
"d2-v5-hard-069","arrow:a2","arrow:a1","REVEAL","0.3333","3","10"
"d2-v5-hard-069","arrow:a2","arrow:a3","EXPOSURE","0.3333","3","10"
"d2-v5-hard-069","arrow:a2","arrow:a3","STATE_DEPENDENCY","0.3333","3","10"
"d2-v5-hard-069","arrow:a2","arrow:a3","REVEAL","0.3333","3","10"
"d2-v5-hard-069","arrow:a2","arrow:a4","ALTERNATIVE_PATH","0.3333","3","10"
"d2-v5-hard-069","arrow:a2","arrow:a5","ALTERNATIVE_PATH","0.3333","3","10"
"d2-v5-hard-069","arrow:a2","arrow:a6","ALTERNATIVE_PATH","0.3333","3","10"
"d2-v5-hard-069","arrow:a3","arrow:a1","EXPOSURE","0.3333","3","10"
"d2-v5-hard-069","arrow:a3","arrow:a1","STATE_DEPENDENCY","0.3333","3","10"
"d2-v5-hard-069","arrow:a3","arrow:a1","REVEAL","0.3333","3","10"
"d2-v5-hard-069","arrow:a3","arrow:a2","EXPOSURE","0.3333","3","10"
"d2-v5-hard-069","arrow:a3","arrow:a2","ORDER_DEPENDENCY","0.3333","3","10"
"d2-v5-hard-069","arrow:a3","arrow:a2","STATE_DEPENDENCY","0.3333","3","10"
"d2-v5-hard-069","arrow:a3","arrow:a2","REVEAL","0.3333","3","10"
"d2-v5-hard-069","arrow:a3","arrow:a4","ALTERNATIVE_PATH","0.3333","3","10"
"d2-v5-hard-069","arrow:a3","arrow:a5","ALTERNATIVE_PATH","0.3333","3","10"
"d2-v5-hard-069","arrow:a3","arrow:a6","ALTERNATIVE_PATH","0.3333","3","10"
"d2-v5-hard-069","arrow:a3","magnet:m2","COLLISION","0.3333","3","10"
"d2-v5-hard-069","arrow:a4","arrow:a1","OCCLUSION","0.3333","3","10"
"d2-v5-hard-069","arrow:a4","arrow:a1","ROUTE_BLOCK","0.3333","3","10"
"d2-v5-hard-069","arrow:a4","arrow:a1","EXPOSURE","0.3333","3","10"
"d2-v5-hard-069","arrow:a4","arrow:a1","STATE_DEPENDENCY","0.3333","3","10"
"d2-v5-hard-069","arrow:a4","arrow:a1","REVEAL","0.3333","3","10"
"d2-v5-hard-069","arrow:a4","arrow:a2","ORDER_DEPENDENCY","0.3333","3","10"
"d2-v5-hard-069","arrow:a4","arrow:a6","COLLISION","0.3333","3","10"
"d2-v5-hard-069","arrow:a4","arrow:a6","OCCLUSION","0.3333","3","10"
"d2-v5-hard-069","arrow:a5","arrow:a2","ORDER_DEPENDENCY","0.3333","3","10"
"d2-v5-hard-069","arrow:a5","arrow:a6","ROUTE_BLOCK","0.3333","3","10"
"d2-v5-hard-069","arrow:a5","arrow:a6","EXPOSURE","0.3333","3","10"
"d2-v5-hard-069","arrow:a5","arrow:a6","STATE_DEPENDENCY","0.3333","3","10"
"d2-v5-hard-069","arrow:a5","arrow:a6","REVEAL","0.3333","3","10"
"d2-v5-hard-069","arrow:a6","arrow:a2","ORDER_DEPENDENCY","0.3333","3","10"
"d2-v5-hard-069","arrow:a6","arrow:a4","ROUTE_BLOCK","0.3333","3","10"
"d2-v5-hard-069","arrow:a6","arrow:a4","EXPOSURE","0.3333","3","10"
"d2-v5-hard-069","arrow:a6","arrow:a4","STATE_DEPENDENCY","0.3333","3","10"
"d2-v5-hard-069","arrow:a6","arrow:a4","REVEAL","0.3333","3","10"
"d2-v5-hard-069","arrow:a6","arrow:a5","COLLISION","0.3333","3","10"
"d2-v5-hard-069","magnet:m1","arrow:a4","OCCLUSION","0.3333","3","10"
"d2-v5-hard-069","magnet:m1","magnet:m5","CANCELLATION","0.3333","3","10"
"d2-v5-hard-069","magnet:m2","arrow:a3","ROUTE_BLOCK","0.3333","3","10"
"d2-v5-hard-069","magnet:m3","arrow:a1","MAGNET_CONTROL","0.3333","3","10"
"d2-v5-hard-069","magnet:m3","arrow:a1","POLARITY_DEPENDENCY","0.3333","3","10"
"d2-v5-hard-069","magnet:m3","arrow:a2","OCCLUSION","0.3333","3","10"
"d2-v5-hard-069","magnet:m3","arrow:a2","MAGNET_CONTROL","0.3333","3","10"
"d2-v5-hard-069","magnet:m3","arrow:a2","POLARITY_DEPENDENCY","0.3333","3","10"
"d2-v5-hard-069","magnet:m3","arrow:a3","MAGNET_CONTROL","0.3333","3","10"
"d2-v5-hard-069","magnet:m3","arrow:a3","POLARITY_DEPENDENCY","0.3333","3","10"
"d2-v5-hard-069","magnet:m3","magnet:m5","CANCELLATION","0.3333","3","10"
"d2-v5-hard-069","magnet:m5","arrow:a5","MAGNET_CONTROL","0.3333","3","10"
"d2-v5-easy-070","arrow:a1","arrow:a2","ALTERNATIVE_PATH","0.3556","3","8"
"d2-v5-easy-070","arrow:a1","arrow:a3","EXPOSURE","0.3556","3","8"
"d2-v5-easy-070","arrow:a1","arrow:a3","ORDER_DEPENDENCY","0.3556","3","8"
"d2-v5-easy-070","arrow:a1","arrow:a3","STATE_DEPENDENCY","0.3556","3","8"
"d2-v5-easy-070","arrow:a1","arrow:a3","REVEAL","0.3556","3","8"
"d2-v5-easy-070","arrow:a1","arrow:a3","ALTERNATIVE_PATH","0.3556","3","8"
"d2-v5-easy-070","arrow:a1","arrow:a4","EXPOSURE","0.3556","3","8"
"d2-v5-easy-070","arrow:a1","arrow:a4","ORDER_DEPENDENCY","0.3556","3","8"
"d2-v5-easy-070","arrow:a1","arrow:a4","STATE_DEPENDENCY","0.3556","3","8"
"d2-v5-easy-070","arrow:a1","arrow:a4","REVEAL","0.3556","3","8"
"d2-v5-easy-070","arrow:a1","arrow:a5","ALTERNATIVE_PATH","0.3556","3","8"
"d2-v5-easy-070","arrow:a1","wall:5,2","COLLISION","0.3556","3","8"
"d2-v5-easy-070","arrow:a2","arrow:a3","ORDER_DEPENDENCY","0.3556","3","8"
"d2-v5-easy-070","arrow:a2","arrow:a3","ALTERNATIVE_PATH","0.3556","3","8"
"d2-v5-easy-070","arrow:a2","arrow:a4","ORDER_DEPENDENCY","0.3556","3","8"
"d2-v5-easy-070","arrow:a2","arrow:a4","ALTERNATIVE_PATH","0.3556","3","8"
"d2-v5-easy-070","arrow:a2","arrow:a5","ALTERNATIVE_PATH","0.3556","3","8"
"d2-v5-easy-070","arrow:a3","arrow:a1","EXPOSURE","0.3556","3","8"
"d2-v5-easy-070","arrow:a3","arrow:a1","STATE_DEPENDENCY","0.3556","3","8"
"d2-v5-easy-070","arrow:a3","arrow:a1","REVEAL","0.3556","3","8"
"d2-v5-easy-070","arrow:a3","arrow:a4","EXPOSURE","0.3556","3","8"
"d2-v5-easy-070","arrow:a3","arrow:a4","STATE_DEPENDENCY","0.3556","3","8"
"d2-v5-easy-070","arrow:a3","arrow:a4","REVEAL","0.3556","3","8"
"d2-v5-easy-070","arrow:a3","arrow:a4","ALTERNATIVE_PATH","0.3556","3","8"
"d2-v5-easy-070","arrow:a3","arrow:a5","COLLISION","0.3556","3","8"
"d2-v5-easy-070","arrow:a3","arrow:a5","OCCLUSION","0.3556","3","8"
"d2-v5-easy-070","arrow:a3","arrow:a5","EXPOSURE","0.3556","3","8"
"d2-v5-easy-070","arrow:a3","arrow:a5","STATE_DEPENDENCY","0.3556","3","8"
"d2-v5-easy-070","arrow:a3","arrow:a5","REVEAL","0.3556","3","8"
"d2-v5-easy-070","arrow:a3","arrow:a5","ALTERNATIVE_PATH","0.3556","3","8"
"d2-v5-easy-070","arrow:a4","arrow:a1","EXPOSURE","0.3556","3","8"
"d2-v5-easy-070","arrow:a4","arrow:a1","STATE_DEPENDENCY","0.3556","3","8"
"d2-v5-easy-070","arrow:a4","arrow:a1","REVEAL","0.3556","3","8"
"d2-v5-easy-070","arrow:a4","arrow:a3","EXPOSURE","0.3556","3","8"
"d2-v5-easy-070","arrow:a4","arrow:a3","STATE_DEPENDENCY","0.3556","3","8"
"d2-v5-easy-070","arrow:a4","arrow:a3","REVEAL","0.3556","3","8"
"d2-v5-easy-070","arrow:a4","arrow:a5","ALTERNATIVE_PATH","0.3556","3","8"
"d2-v5-easy-070","arrow:a5","arrow:a1","EXPOSURE","0.3556","3","8"
"d2-v5-easy-070","arrow:a5","arrow:a1","STATE_DEPENDENCY","0.3556","3","8"
"d2-v5-easy-070","arrow:a5","arrow:a1","REVEAL","0.3556","3","8"
"d2-v5-easy-070","arrow:a5","arrow:a3","ROUTE_BLOCK","0.3556","3","8"
"d2-v5-easy-070","arrow:a5","arrow:a3","EXPOSURE","0.3556","3","8"
"d2-v5-easy-070","arrow:a5","arrow:a3","STATE_DEPENDENCY","0.3556","3","8"
"d2-v5-easy-070","arrow:a5","arrow:a3","REVEAL","0.3556","3","8"
"d2-v5-easy-070","magnet:m1","arrow:a1","MAGNET_CONTROL","0.3556","3","8"
"d2-v5-easy-070","magnet:m1","arrow:a1","POLARITY_DEPENDENCY","0.3556","3","8"
"d2-v5-easy-070","magnet:m1","arrow:a3","MAGNET_CONTROL","0.3556","3","8"
"d2-v5-easy-070","magnet:m1","arrow:a3","POLARITY_DEPENDENCY","0.3556","3","8"
"d2-v5-easy-070","magnet:m1","arrow:a4","MAGNET_CONTROL","0.3556","3","8"
"d2-v5-easy-070","magnet:m1","arrow:a4","POLARITY_DEPENDENCY","0.3556","3","8"
"d2-v5-easy-070","magnet:m1","arrow:a5","MAGNET_CONTROL","0.3556","3","8"
"d2-v5-easy-070","magnet:m1","arrow:a5","POLARITY_DEPENDENCY","0.3556","3","8"
"d2-v5-easy-070","wall:2,2","arrow:a2","OCCLUSION","0.3556","3","8"
"d2-v5-easy-070","wall:5,2","arrow:a1","ROUTE_BLOCK","0.3556","3","8"
"d2-v5-medium-071","arrow:a1","arrow:a2","ALTERNATIVE_PATH","0.4444","2","8"
"d2-v5-medium-071","arrow:a1","arrow:a3","ALTERNATIVE_PATH","0.4444","2","8"
"d2-v5-medium-071","arrow:a1","arrow:a4","ORDER_DEPENDENCY","0.4444","2","8"
"d2-v5-medium-071","arrow:a1","arrow:a4","ALTERNATIVE_PATH","0.4444","2","8"
"d2-v5-medium-071","arrow:a1","arrow:a5","ALTERNATIVE_PATH","0.4444","2","8"
"d2-v5-medium-071","arrow:a2","arrow:a3","ROUTE_BLOCK","0.4444","2","8"
"d2-v5-medium-071","arrow:a2","arrow:a5","ALTERNATIVE_PATH","0.4444","2","8"
"d2-v5-medium-071","arrow:a2","wall:1,5","COLLISION","0.4444","2","8"
"d2-v5-medium-071","arrow:a3","arrow:a2","COLLISION","0.4444","2","8"
"d2-v5-medium-071","arrow:a3","arrow:a2","OCCLUSION","0.4444","2","8"
"d2-v5-medium-071","arrow:a3","arrow:a2","EXPOSURE","0.4444","2","8"
"d2-v5-medium-071","arrow:a3","arrow:a2","STATE_DEPENDENCY","0.4444","2","8"
"d2-v5-medium-071","arrow:a3","arrow:a2","REVEAL","0.4444","2","8"
"d2-v5-medium-071","arrow:a3","arrow:a4","EXPOSURE","0.4444","2","8"
"d2-v5-medium-071","arrow:a3","arrow:a4","ORDER_DEPENDENCY","0.4444","2","8"
"d2-v5-medium-071","arrow:a3","arrow:a4","STATE_DEPENDENCY","0.4444","2","8"
"d2-v5-medium-071","arrow:a3","arrow:a4","REVEAL","0.4444","2","8"
"d2-v5-medium-071","arrow:a3","arrow:a5","ALTERNATIVE_PATH","0.4444","2","8"
"d2-v5-medium-071","arrow:a4","arrow:a2","EXPOSURE","0.4444","2","8"
"d2-v5-medium-071","arrow:a4","arrow:a2","STATE_DEPENDENCY","0.4444","2","8"
"d2-v5-medium-071","arrow:a4","arrow:a2","REVEAL","0.4444","2","8"
"d2-v5-medium-071","arrow:a4","arrow:a3","EXPOSURE","0.4444","2","8"
"d2-v5-medium-071","arrow:a4","arrow:a3","STATE_DEPENDENCY","0.4444","2","8"
"d2-v5-medium-071","arrow:a4","arrow:a3","REVEAL","0.4444","2","8"
"d2-v5-medium-071","arrow:a4","arrow:a5","ALTERNATIVE_PATH","0.4444","2","8"
"d2-v5-medium-071","arrow:a5","arrow:a1","OCCLUSION","0.4444","2","8"
"d2-v5-medium-071","arrow:a5","arrow:a1","EXPOSURE","0.4444","2","8"
"d2-v5-medium-071","arrow:a5","arrow:a1","STATE_DEPENDENCY","0.4444","2","8"
"d2-v5-medium-071","arrow:a5","arrow:a1","REVEAL","0.4444","2","8"
"d2-v5-medium-071","arrow:a5","arrow:a4","ORDER_DEPENDENCY","0.4444","2","8"
"d2-v5-medium-071","magnet:m1","arrow:a1","MAGNET_CONTROL","0.4444","2","8"
"d2-v5-medium-071","magnet:m1","arrow:a1","POLARITY_DEPENDENCY","0.4444","2","8"
"d2-v5-medium-071","magnet:m1","arrow:a5","MAGNET_CONTROL","0.4444","2","8"
"d2-v5-medium-071","magnet:m2","arrow:a2","MAGNET_CONTROL","0.4444","2","8"
"d2-v5-medium-071","magnet:m2","arrow:a2","POLARITY_DEPENDENCY","0.4444","2","8"
"d2-v5-medium-071","magnet:m2","arrow:a3","MAGNET_CONTROL","0.4444","2","8"
"d2-v5-medium-071","magnet:m2","arrow:a3","POLARITY_DEPENDENCY","0.4444","2","8"
"d2-v5-medium-071","magnet:m2","arrow:a4","OCCLUSION","0.4444","2","8"
"d2-v5-medium-071","magnet:m2","arrow:a4","MAGNET_CONTROL","0.4444","2","8"
"d2-v5-medium-071","magnet:m2","arrow:a4","POLARITY_DEPENDENCY","0.4444","2","8"
"d2-v5-medium-071","wall:1,5","arrow:a2","OCCLUSION","0.4444","2","8"
"d2-v5-medium-071","wall:1,5","arrow:a2","ROUTE_BLOCK","0.4444","2","8"
"d2-v5-expert-072","arrow:a1","arrow:a3","ORDER_DEPENDENCY","0.2692","3","11"
"d2-v5-expert-072","arrow:a1","arrow:a4","OCCLUSION","0.2692","3","11"
"d2-v5-expert-072","arrow:a1","arrow:a4","ROUTE_BLOCK","0.2692","3","11"
"d2-v5-expert-072","arrow:a1","arrow:a4","EXPOSURE","0.2692","3","11"
"d2-v5-expert-072","arrow:a1","arrow:a4","STATE_DEPENDENCY","0.2692","3","11"
"d2-v5-expert-072","arrow:a1","arrow:a4","REVEAL","0.2692","3","11"
"d2-v5-expert-072","arrow:a1","arrow:a5","COLLISION","0.2692","3","11"
"d2-v5-expert-072","arrow:a1","arrow:a5","ROUTE_BLOCK","0.2692","3","11"
"d2-v5-expert-072","arrow:a1","arrow:a5","EXPOSURE","0.2692","3","11"
"d2-v5-expert-072","arrow:a1","arrow:a5","STATE_DEPENDENCY","0.2692","3","11"
"d2-v5-expert-072","arrow:a1","arrow:a5","REVEAL","0.2692","3","11"
"d2-v5-expert-072","arrow:a1","arrow:a6","ALTERNATIVE_PATH","0.2692","3","11"
"d2-v5-expert-072","arrow:a2","arrow:a1","ORDER_DEPENDENCY","0.2692","3","11"
"d2-v5-expert-072","arrow:a2","arrow:a3","ORDER_DEPENDENCY","0.2692","3","11"
"d2-v5-expert-072","arrow:a2","arrow:a4","ROUTE_BLOCK","0.2692","3","11"
"d2-v5-expert-072","arrow:a2","arrow:a4","EXPOSURE","0.2692","3","11"
"d2-v5-expert-072","arrow:a2","arrow:a4","STATE_DEPENDENCY","0.2692","3","11"
"d2-v5-expert-072","arrow:a2","arrow:a4","REVEAL","0.2692","3","11"
"d2-v5-expert-072","arrow:a2","arrow:a6","ALTERNATIVE_PATH","0.2692","3","11"
"d2-v5-expert-072","arrow:a3","arrow:a1","OCCLUSION","0.2692","3","11"
"d2-v5-expert-072","arrow:a3","arrow:a1","EXPOSURE","0.2692","3","11"
"d2-v5-expert-072","arrow:a3","arrow:a1","STATE_DEPENDENCY","0.2692","3","11"
"d2-v5-expert-072","arrow:a3","arrow:a1","REVEAL","0.2692","3","11"
"d2-v5-expert-072","arrow:a3","arrow:a4","OCCLUSION","0.2692","3","11"
"d2-v5-expert-072","arrow:a3","arrow:a4","ROUTE_BLOCK","0.2692","3","11"
"d2-v5-expert-072","arrow:a3","arrow:a4","EXPOSURE","0.2692","3","11"
"d2-v5-expert-072","arrow:a3","arrow:a4","STATE_DEPENDENCY","0.2692","3","11"
"d2-v5-expert-072","arrow:a3","arrow:a4","REVEAL","0.2692","3","11"
"d2-v5-expert-072","arrow:a3","arrow:a5","ALTERNATIVE_PATH","0.2692","3","11"
"d2-v5-expert-072","arrow:a3","arrow:a6","ALTERNATIVE_PATH","0.2692","3","11"
"d2-v5-expert-072","arrow:a4","arrow:a1","COLLISION","0.2692","3","11"
"d2-v5-expert-072","arrow:a4","arrow:a1","OCCLUSION","0.2692","3","11"
"d2-v5-expert-072","arrow:a4","arrow:a1","ORDER_DEPENDENCY","0.2692","3","11"
"d2-v5-expert-072","arrow:a4","arrow:a2","COLLISION","0.2692","3","11"
"d2-v5-expert-072","arrow:a4","arrow:a2","OCCLUSION","0.2692","3","11"
"d2-v5-expert-072","arrow:a4","arrow:a3","COLLISION","0.2692","3","11"
"d2-v5-expert-072","arrow:a4","arrow:a3","ORDER_DEPENDENCY","0.2692","3","11"
"d2-v5-expert-072","arrow:a4","arrow:a6","ALTERNATIVE_PATH","0.2692","3","11"
"d2-v5-expert-072","arrow:a4","magnet:m1","COLLISION","0.2692","3","11"
"d2-v5-expert-072","arrow:a5","arrow:a1","COLLISION","0.2692","3","11"
"d2-v5-expert-072","arrow:a5","arrow:a1","ROUTE_BLOCK","0.2692","3","11"
"d2-v5-expert-072","arrow:a5","arrow:a6","ALTERNATIVE_PATH","0.2692","3","11"
"d2-v5-expert-072","arrow:a6","arrow:a1","ORDER_DEPENDENCY","0.2692","3","11"
"d2-v5-expert-072","arrow:a6","arrow:a3","ORDER_DEPENDENCY","0.2692","3","11"
"d2-v5-expert-072","magnet:m1","arrow:a1","MAGNET_CONTROL","0.2692","3","11"
"d2-v5-expert-072","magnet:m1","arrow:a4","MAGNET_CONTROL","0.2692","3","11"
"d2-v5-expert-072","magnet:m1","arrow:a4","POLARITY_DEPENDENCY","0.2692","3","11"
"d2-v5-expert-072","magnet:m1","arrow:a4","ROUTE_BLOCK","0.2692","3","11"
"d2-v5-expert-072","magnet:m1","magnet:m2","CANCELLATION","0.2692","3","11"
"d2-v5-expert-072","magnet:m2","arrow:a3","MAGNET_CONTROL","0.2692","3","11"
"d2-v5-expert-072","magnet:m2","arrow:a4","MAGNET_CONTROL","0.2692","3","11"
"d2-v5-expert-072","magnet:m2","arrow:a4","POLARITY_DEPENDENCY","0.2692","3","11"
"d2-v5-expert-072","magnet:m3","arrow:a6","MAGNET_CONTROL","0.2692","3","11"
"d2-v5-expert-072","magnet:m4","arrow:a4","MAGNET_CONTROL","0.2692","3","11"
"d2-v5-expert-072","wall:1,3","arrow:a6","OCCLUSION","0.2692","3","11"
"d2-v5-hard-073","arrow:a1","arrow:a2","ALTERNATIVE_PATH","0.3636","2","10"
"d2-v5-hard-073","arrow:a1","arrow:a4","EXPOSURE","0.3636","2","10"
"d2-v5-hard-073","arrow:a1","arrow:a4","ORDER_DEPENDENCY","0.3636","2","10"
"d2-v5-hard-073","arrow:a1","arrow:a4","STATE_DEPENDENCY","0.3636","2","10"
"d2-v5-hard-073","arrow:a1","arrow:a4","REVEAL","0.3636","2","10"
"d2-v5-hard-073","arrow:a1","arrow:a5","ALTERNATIVE_PATH","0.3636","2","10"
"d2-v5-hard-073","arrow:a1","arrow:a6","COLLISION","0.3636","2","10"
"d2-v5-hard-073","arrow:a1","arrow:a6","ROUTE_BLOCK","0.3636","2","10"
"d2-v5-hard-073","arrow:a1","arrow:a6","ALTERNATIVE_PATH","0.3636","2","10"
"d2-v5-hard-073","arrow:a1","magnet:m2","COLLISION","0.3636","2","10"
"d2-v5-hard-073","arrow:a2","arrow:a4","ORDER_DEPENDENCY","0.3636","2","10"
"d2-v5-hard-073","arrow:a2","arrow:a4","ALTERNATIVE_PATH","0.3636","2","10"
"d2-v5-hard-073","arrow:a2","arrow:a5","OCCLUSION","0.3636","2","10"
"d2-v5-hard-073","arrow:a2","arrow:a5","EXPOSURE","0.3636","2","10"
"d2-v5-hard-073","arrow:a2","arrow:a5","ORDER_DEPENDENCY","0.3636","2","10"
"d2-v5-hard-073","arrow:a2","arrow:a5","STATE_DEPENDENCY","0.3636","2","10"
"d2-v5-hard-073","arrow:a2","arrow:a5","REVEAL","0.3636","2","10"
"d2-v5-hard-073","arrow:a3","arrow:a4","COLLISION","0.3636","2","10"
"d2-v5-hard-073","arrow:a3","arrow:a5","COLLISION","0.3636","2","10"
"d2-v5-hard-073","arrow:a3","arrow:a6","ALTERNATIVE_PATH","0.3636","2","10"
"d2-v5-hard-073","arrow:a4","arrow:a1","EXPOSURE","0.3636","2","10"
"d2-v5-hard-073","arrow:a4","arrow:a1","STATE_DEPENDENCY","0.3636","2","10"
"d2-v5-hard-073","arrow:a4","arrow:a1","REVEAL","0.3636","2","10"
"d2-v5-hard-073","arrow:a4","arrow:a3","ROUTE_BLOCK","0.3636","2","10"
"d2-v5-hard-073","arrow:a4","arrow:a3","EXPOSURE","0.3636","2","10"
"d2-v5-hard-073","arrow:a4","arrow:a3","STATE_DEPENDENCY","0.3636","2","10"
"d2-v5-hard-073","arrow:a4","arrow:a3","REVEAL","0.3636","2","10"
"d2-v5-hard-073","arrow:a4","arrow:a5","ROUTE_BLOCK","0.3636","2","10"
"d2-v5-hard-073","arrow:a4","arrow:a5","EXPOSURE","0.3636","2","10"
"d2-v5-hard-073","arrow:a4","arrow:a5","STATE_DEPENDENCY","0.3636","2","10"
"d2-v5-hard-073","arrow:a4","arrow:a5","REVEAL","0.3636","2","10"
"d2-v5-hard-073","arrow:a4","arrow:a5","ALTERNATIVE_PATH","0.3636","2","10"
"d2-v5-hard-073","arrow:a4","arrow:a6","ALTERNATIVE_PATH","0.3636","2","10"
"d2-v5-hard-073","arrow:a5","arrow:a3","ROUTE_BLOCK","0.3636","2","10"
"d2-v5-hard-073","arrow:a5","arrow:a3","EXPOSURE","0.3636","2","10"
"d2-v5-hard-073","arrow:a5","arrow:a3","STATE_DEPENDENCY","0.3636","2","10"
"d2-v5-hard-073","arrow:a5","arrow:a3","REVEAL","0.3636","2","10"
"d2-v5-hard-073","arrow:a5","arrow:a4","COLLISION","0.3636","2","10"
"d2-v5-hard-073","arrow:a5","arrow:a4","ORDER_DEPENDENCY","0.3636","2","10"
"d2-v5-hard-073","arrow:a5","arrow:a6","EXPOSURE","0.3636","2","10"
"d2-v5-hard-073","arrow:a5","arrow:a6","STATE_DEPENDENCY","0.3636","2","10"
"d2-v5-hard-073","arrow:a5","arrow:a6","REVEAL","0.3636","2","10"
"d2-v5-hard-073","arrow:a6","arrow:a1","COLLISION","0.3636","2","10"
"d2-v5-hard-073","arrow:a6","arrow:a1","ROUTE_BLOCK","0.3636","2","10"
"d2-v5-hard-073","arrow:a6","arrow:a4","ORDER_DEPENDENCY","0.3636","2","10"
"d2-v5-hard-073","arrow:a6","magnet:m4","COLLISION","0.3636","2","10"
"d2-v5-hard-073","magnet:m1","arrow:a2","MAGNET_CONTROL","0.3636","2","10"
"d2-v5-hard-073","magnet:m2","arrow:a1","ROUTE_BLOCK","0.3636","2","10"
"d2-v5-hard-073","magnet:m2","arrow:a5","MAGNET_CONTROL","0.3636","2","10"
"d2-v5-hard-073","magnet:m2","arrow:a6","MAGNET_CONTROL","0.3636","2","10"
"d2-v5-hard-073","magnet:m2","arrow:a6","POLARITY_DEPENDENCY","0.3636","2","10"
"d2-v5-hard-073","magnet:m4","arrow:a1","MAGNET_CONTROL","0.3636","2","10"
"d2-v5-hard-073","magnet:m4","arrow:a1","POLARITY_DEPENDENCY","0.3636","2","10"
"d2-v5-hard-073","magnet:m4","arrow:a4","MAGNET_CONTROL","0.3636","2","10"
"d2-v5-hard-073","magnet:m4","arrow:a4","POLARITY_DEPENDENCY","0.3636","2","10"
"d2-v5-hard-073","magnet:m4","arrow:a6","ROUTE_BLOCK","0.3636","2","10"
"d2-v5-hard-073","wall:3,6","arrow:a3","OCCLUSION","0.3636","2","10"
"d2-v5-medium-074","arrow:a1","arrow:a2","EXPOSURE","0.2424","5","8"
"d2-v5-medium-074","arrow:a1","arrow:a2","STATE_DEPENDENCY","0.2424","5","8"
"d2-v5-medium-074","arrow:a1","arrow:a2","REVEAL","0.2424","5","8"
"d2-v5-medium-074","arrow:a1","arrow:a2","ALTERNATIVE_PATH","0.2424","5","8"
"d2-v5-medium-074","arrow:a1","arrow:a3","ALTERNATIVE_PATH","0.2424","5","8"
"d2-v5-medium-074","arrow:a1","arrow:a4","ORDER_DEPENDENCY","0.2424","5","8"
"d2-v5-medium-074","arrow:a1","arrow:a4","ALTERNATIVE_PATH","0.2424","5","8"
"d2-v5-medium-074","arrow:a1","arrow:a5","EXPOSURE","0.2424","5","8"
"d2-v5-medium-074","arrow:a1","arrow:a5","STATE_DEPENDENCY","0.2424","5","8"
"d2-v5-medium-074","arrow:a1","arrow:a5","REVEAL","0.2424","5","8"
"d2-v5-medium-074","arrow:a1","arrow:a5","ALTERNATIVE_PATH","0.2424","5","8"
"d2-v5-medium-074","arrow:a2","arrow:a1","EXPOSURE","0.2424","5","8"
"d2-v5-medium-074","arrow:a2","arrow:a1","STATE_DEPENDENCY","0.2424","5","8"
"d2-v5-medium-074","arrow:a2","arrow:a1","REVEAL","0.2424","5","8"
"d2-v5-medium-074","arrow:a2","arrow:a3","ALTERNATIVE_PATH","0.2424","5","8"
"d2-v5-medium-074","arrow:a2","arrow:a4","ORDER_DEPENDENCY","0.2424","5","8"
"d2-v5-medium-074","arrow:a2","arrow:a4","ALTERNATIVE_PATH","0.2424","5","8"
"d2-v5-medium-074","arrow:a2","arrow:a5","COLLISION","0.2424","5","8"
"d2-v5-medium-074","arrow:a2","arrow:a5","OCCLUSION","0.2424","5","8"
"d2-v5-medium-074","arrow:a2","arrow:a5","EXPOSURE","0.2424","5","8"
"d2-v5-medium-074","arrow:a2","arrow:a5","STATE_DEPENDENCY","0.2424","5","8"
"d2-v5-medium-074","arrow:a2","arrow:a5","REVEAL","0.2424","5","8"
"d2-v5-medium-074","arrow:a2","arrow:a5","ALTERNATIVE_PATH","0.2424","5","8"
"d2-v5-medium-074","arrow:a3","arrow:a4","EXPOSURE","0.2424","5","8"
"d2-v5-medium-074","arrow:a3","arrow:a4","ORDER_DEPENDENCY","0.2424","5","8"
"d2-v5-medium-074","arrow:a3","arrow:a4","STATE_DEPENDENCY","0.2424","5","8"
"d2-v5-medium-074","arrow:a3","arrow:a4","REVEAL","0.2424","5","8"
"d2-v5-medium-074","arrow:a3","arrow:a5","ALTERNATIVE_PATH","0.2424","5","8"
"d2-v5-medium-074","arrow:a3","wall:3,4","COLLISION","0.2424","5","8"
"d2-v5-medium-074","arrow:a4","arrow:a3","EXPOSURE","0.2424","5","8"
"d2-v5-medium-074","arrow:a4","arrow:a3","STATE_DEPENDENCY","0.2424","5","8"
"d2-v5-medium-074","arrow:a4","arrow:a3","REVEAL","0.2424","5","8"
"d2-v5-medium-074","arrow:a4","arrow:a5","ALTERNATIVE_PATH","0.2424","5","8"
"d2-v5-medium-074","arrow:a5","arrow:a1","EXPOSURE","0.2424","5","8"
"d2-v5-medium-074","arrow:a5","arrow:a1","STATE_DEPENDENCY","0.2424","5","8"
"d2-v5-medium-074","arrow:a5","arrow:a1","REVEAL","0.2424","5","8"
"d2-v5-medium-074","arrow:a5","arrow:a2","ROUTE_BLOCK","0.2424","5","8"
"d2-v5-medium-074","arrow:a5","arrow:a2","EXPOSURE","0.2424","5","8"
"d2-v5-medium-074","arrow:a5","arrow:a2","STATE_DEPENDENCY","0.2424","5","8"
"d2-v5-medium-074","arrow:a5","arrow:a2","REVEAL","0.2424","5","8"
"d2-v5-medium-074","arrow:a5","arrow:a4","ORDER_DEPENDENCY","0.2424","5","8"
"d2-v5-medium-074","magnet:m1","arrow:a3","MAGNET_CONTROL","0.2424","5","8"
"d2-v5-medium-074","magnet:m1","arrow:a3","POLARITY_DEPENDENCY","0.2424","5","8"
"d2-v5-medium-074","magnet:m1","arrow:a4","MAGNET_CONTROL","0.2424","5","8"
"d2-v5-medium-074","magnet:m1","arrow:a4","POLARITY_DEPENDENCY","0.2424","5","8"
"d2-v5-medium-074","magnet:m2","arrow:a1","MAGNET_CONTROL","0.2424","5","8"
"d2-v5-medium-074","magnet:m2","arrow:a1","POLARITY_DEPENDENCY","0.2424","5","8"
"d2-v5-medium-074","magnet:m2","arrow:a2","MAGNET_CONTROL","0.2424","5","8"
"d2-v5-medium-074","magnet:m2","arrow:a2","POLARITY_DEPENDENCY","0.2424","5","8"
"d2-v5-medium-074","magnet:m2","arrow:a5","MAGNET_CONTROL","0.2424","5","8"
"d2-v5-medium-074","magnet:m2","arrow:a5","POLARITY_DEPENDENCY","0.2424","5","8"
"d2-v5-medium-074","wall:3,4","arrow:a3","ROUTE_BLOCK","0.2424","5","8"
"d2-v5-master-075","arrow:a1","arrow:a2","COLLISION","0.3091","4","8"
"d2-v5-master-075","arrow:a1","arrow:a2","ROUTE_BLOCK","0.3091","4","8"
"d2-v5-master-075","arrow:a1","arrow:a2","ORDER_DEPENDENCY","0.3091","4","8"
"d2-v5-master-075","arrow:a1","arrow:a3","ALTERNATIVE_PATH","0.3091","4","8"
"d2-v5-master-075","arrow:a1","arrow:a4","ALTERNATIVE_PATH","0.3091","4","8"
"d2-v5-master-075","arrow:a1","wall:8,5","COLLISION","0.3091","4","8"
"d2-v5-master-075","arrow:a2","arrow:a1","COLLISION","0.3091","4","8"
"d2-v5-master-075","arrow:a2","arrow:a1","OCCLUSION","0.3091","4","8"
"d2-v5-master-075","arrow:a2","arrow:a1","ROUTE_BLOCK","0.3091","4","8"
"d2-v5-master-075","arrow:a2","arrow:a1","EXPOSURE","0.3091","4","8"
"d2-v5-master-075","arrow:a2","arrow:a1","STATE_DEPENDENCY","0.3091","4","8"
"d2-v5-master-075","arrow:a2","arrow:a1","REVEAL","0.3091","4","8"
"d2-v5-master-075","arrow:a2","arrow:a4","ALTERNATIVE_PATH","0.3091","4","8"
"d2-v5-master-075","arrow:a2","magnet:m1","COLLISION","0.3091","4","8"
"d2-v5-master-075","arrow:a3","arrow:a2","EXPOSURE","0.3091","4","8"
"d2-v5-master-075","arrow:a3","arrow:a2","STATE_DEPENDENCY","0.3091","4","8"
"d2-v5-master-075","arrow:a3","arrow:a2","REVEAL","0.3091","4","8"
"d2-v5-master-075","arrow:a3","arrow:a4","ALTERNATIVE_PATH","0.3091","4","8"
"d2-v5-master-075","arrow:a3","arrow:a5","ALTERNATIVE_PATH","0.3091","4","8"
"d2-v5-master-075","arrow:a4","arrow:a2","ORDER_DEPENDENCY","0.3091","4","8"
"d2-v5-master-075","arrow:a4","arrow:a5","ALTERNATIVE_PATH","0.3091","4","8"
"d2-v5-master-075","arrow:a5","arrow:a1","EXPOSURE","0.3091","4","8"
"d2-v5-master-075","arrow:a5","arrow:a1","STATE_DEPENDENCY","0.3091","4","8"
"d2-v5-master-075","arrow:a5","arrow:a1","REVEAL","0.3091","4","8"
"d2-v5-master-075","arrow:a5","arrow:a2","ORDER_DEPENDENCY","0.3091","4","8"
"d2-v5-master-075","magnet:m1","arrow:a1","MAGNET_CONTROL","0.3091","4","8"
"d2-v5-master-075","magnet:m1","arrow:a1","POLARITY_DEPENDENCY","0.3091","4","8"
"d2-v5-master-075","magnet:m1","arrow:a2","ROUTE_BLOCK","0.3091","4","8"
"d2-v5-master-075","magnet:m1","arrow:a5","OCCLUSION","0.3091","4","8"
"d2-v5-master-075","magnet:m1","arrow:a5","MAGNET_CONTROL","0.3091","4","8"
"d2-v5-master-075","magnet:m1","magnet:m2","CANCELLATION","0.3091","4","8"
"d2-v5-master-075","magnet:m2","arrow:a2","MAGNET_CONTROL","0.3091","4","8"
"d2-v5-master-075","magnet:m2","arrow:a2","POLARITY_DEPENDENCY","0.3091","4","8"
"d2-v5-master-075","magnet:m2","arrow:a3","MAGNET_CONTROL","0.3091","4","8"
"d2-v5-master-075","wall:8,5","arrow:a1","ROUTE_BLOCK","0.3091","4","8"
"d2-v5-easy-076","arrow:a1","arrow:a2","ALTERNATIVE_PATH","0.2424","6","7"
"d2-v5-easy-076","arrow:a1","arrow:a3","COLLISION","0.2424","6","7"
"d2-v5-easy-076","arrow:a1","arrow:a3","OCCLUSION","0.2424","6","7"
"d2-v5-easy-076","arrow:a1","arrow:a3","EXPOSURE","0.2424","6","7"
"d2-v5-easy-076","arrow:a1","arrow:a3","STATE_DEPENDENCY","0.2424","6","7"
"d2-v5-easy-076","arrow:a1","arrow:a3","REVEAL","0.2424","6","7"
"d2-v5-easy-076","arrow:a1","arrow:a5","COLLISION","0.2424","6","7"
"d2-v5-easy-076","arrow:a1","arrow:a5","OCCLUSION","0.2424","6","7"
"d2-v5-easy-076","arrow:a1","arrow:a5","EXPOSURE","0.2424","6","7"
"d2-v5-easy-076","arrow:a1","arrow:a5","STATE_DEPENDENCY","0.2424","6","7"
"d2-v5-easy-076","arrow:a1","arrow:a5","REVEAL","0.2424","6","7"
"d2-v5-easy-076","arrow:a1","wall:6,3","COLLISION","0.2424","6","7"
"d2-v5-easy-076","arrow:a2","arrow:a1","ORDER_DEPENDENCY","0.2424","6","7"
"d2-v5-easy-076","arrow:a2","arrow:a4","ALTERNATIVE_PATH","0.2424","6","7"
"d2-v5-easy-076","arrow:a2","arrow:a5","ALTERNATIVE_PATH","0.2424","6","7"
"d2-v5-easy-076","arrow:a3","arrow:a1","ROUTE_BLOCK","0.2424","6","7"
"d2-v5-easy-076","arrow:a3","arrow:a1","ORDER_DEPENDENCY","0.2424","6","7"
"d2-v5-easy-076","arrow:a3","arrow:a4","ALTERNATIVE_PATH","0.2424","6","7"
"d2-v5-easy-076","arrow:a3","arrow:a5","ROUTE_BLOCK","0.2424","6","7"
"d2-v5-easy-076","arrow:a3","arrow:a5","ALTERNATIVE_PATH","0.2424","6","7"
"d2-v5-easy-076","arrow:a3","wall:6,3","COLLISION","0.2424","6","7"
"d2-v5-easy-076","arrow:a4","arrow:a1","EXPOSURE","0.2424","6","7"
"d2-v5-easy-076","arrow:a4","arrow:a1","STATE_DEPENDENCY","0.2424","6","7"
"d2-v5-easy-076","arrow:a4","arrow:a1","REVEAL","0.2424","6","7"
"d2-v5-easy-076","arrow:a4","arrow:a5","ALTERNATIVE_PATH","0.2424","6","7"
"d2-v5-easy-076","arrow:a5","arrow:a1","ROUTE_BLOCK","0.2424","6","7"
"d2-v5-easy-076","arrow:a5","arrow:a1","ORDER_DEPENDENCY","0.2424","6","7"
"d2-v5-easy-076","arrow:a5","arrow:a3","COLLISION","0.2424","6","7"
"d2-v5-easy-076","arrow:a5","arrow:a3","OCCLUSION","0.2424","6","7"
"d2-v5-easy-076","arrow:a5","wall:6,3","COLLISION","0.2424","6","7"
"d2-v5-easy-076","magnet:m2","arrow:a1","MAGNET_CONTROL","0.2424","6","7"
"d2-v5-easy-076","magnet:m2","arrow:a1","POLARITY_DEPENDENCY","0.2424","6","7"
"d2-v5-easy-076","magnet:m2","arrow:a3","MAGNET_CONTROL","0.2424","6","7"
"d2-v5-easy-076","magnet:m2","arrow:a3","POLARITY_DEPENDENCY","0.2424","6","7"
"d2-v5-easy-076","magnet:m2","arrow:a4","MAGNET_CONTROL","0.2424","6","7"
"d2-v5-easy-076","magnet:m2","arrow:a5","MAGNET_CONTROL","0.2424","6","7"
"d2-v5-easy-076","magnet:m2","arrow:a5","POLARITY_DEPENDENCY","0.2424","6","7"
"d2-v5-easy-076","wall:6,3","arrow:a1","ROUTE_BLOCK","0.2424","6","7"
"d2-v5-easy-076","wall:6,3","arrow:a3","OCCLUSION","0.2424","6","7"
"d2-v5-easy-076","wall:6,3","arrow:a3","ROUTE_BLOCK","0.2424","6","7"
"d2-v5-easy-076","wall:6,3","arrow:a5","OCCLUSION","0.2424","6","7"
"d2-v5-easy-076","wall:6,3","arrow:a5","ROUTE_BLOCK","0.2424","6","7"
"d2-v5-hard-077","arrow:a1","arrow:a2","ALTERNATIVE_PATH","0.4364","2","10"
"d2-v5-hard-077","arrow:a1","arrow:a3","ALTERNATIVE_PATH","0.4364","2","10"
"d2-v5-hard-077","arrow:a1","arrow:a4","ORDER_DEPENDENCY","0.4364","2","10"
"d2-v5-hard-077","arrow:a1","arrow:a4","ALTERNATIVE_PATH","0.4364","2","10"
"d2-v5-hard-077","arrow:a1","arrow:a5","COLLISION","0.4364","2","10"
"d2-v5-hard-077","arrow:a1","arrow:a6","ALTERNATIVE_PATH","0.4364","2","10"
"d2-v5-hard-077","arrow:a2","arrow:a3","ALTERNATIVE_PATH","0.4364","2","10"
"d2-v5-hard-077","arrow:a2","arrow:a4","ORDER_DEPENDENCY","0.4364","2","10"
"d2-v5-hard-077","arrow:a2","arrow:a4","ALTERNATIVE_PATH","0.4364","2","10"
"d2-v5-hard-077","arrow:a2","arrow:a5","ALTERNATIVE_PATH","0.4364","2","10"
"d2-v5-hard-077","arrow:a2","arrow:a6","ROUTE_BLOCK","0.4364","2","10"
"d2-v5-hard-077","arrow:a2","arrow:a6","EXPOSURE","0.4364","2","10"
"d2-v5-hard-077","arrow:a2","arrow:a6","STATE_DEPENDENCY","0.4364","2","10"
"d2-v5-hard-077","arrow:a2","arrow:a6","REVEAL","0.4364","2","10"
"d2-v5-hard-077","arrow:a2","arrow:a6","ALTERNATIVE_PATH","0.4364","2","10"
"d2-v5-hard-077","arrow:a3","arrow:a4","EXPOSURE","0.4364","2","10"
"d2-v5-hard-077","arrow:a3","arrow:a4","ORDER_DEPENDENCY","0.4364","2","10"
"d2-v5-hard-077","arrow:a3","arrow:a4","STATE_DEPENDENCY","0.4364","2","10"
"d2-v5-hard-077","arrow:a3","arrow:a4","REVEAL","0.4364","2","10"
"d2-v5-hard-077","arrow:a3","arrow:a5","ALTERNATIVE_PATH","0.4364","2","10"
"d2-v5-hard-077","arrow:a3","arrow:a6","COLLISION","0.4364","2","10"
"d2-v5-hard-077","arrow:a3","arrow:a6","OCCLUSION","0.4364","2","10"
"d2-v5-hard-077","arrow:a3","arrow:a6","ROUTE_BLOCK","0.4364","2","10"
"d2-v5-hard-077","arrow:a3","arrow:a6","EXPOSURE","0.4364","2","10"
"d2-v5-hard-077","arrow:a3","arrow:a6","STATE_DEPENDENCY","0.4364","2","10"
"d2-v5-hard-077","arrow:a3","arrow:a6","REVEAL","0.4364","2","10"
"d2-v5-hard-077","arrow:a4","arrow:a3","EXPOSURE","0.4364","2","10"
"d2-v5-hard-077","arrow:a4","arrow:a3","STATE_DEPENDENCY","0.4364","2","10"
"d2-v5-hard-077","arrow:a4","arrow:a3","REVEAL","0.4364","2","10"
"d2-v5-hard-077","arrow:a4","arrow:a5","ALTERNATIVE_PATH","0.4364","2","10"
"d2-v5-hard-077","arrow:a4","arrow:a6","EXPOSURE","0.4364","2","10"
"d2-v5-hard-077","arrow:a4","arrow:a6","STATE_DEPENDENCY","0.4364","2","10"
"d2-v5-hard-077","arrow:a4","arrow:a6","REVEAL","0.4364","2","10"
"d2-v5-hard-077","arrow:a4","arrow:a6","ALTERNATIVE_PATH","0.4364","2","10"
"d2-v5-hard-077","arrow:a5","arrow:a1","ROUTE_BLOCK","0.4364","2","10"
"d2-v5-hard-077","arrow:a5","arrow:a1","EXPOSURE","0.4364","2","10"
"d2-v5-hard-077","arrow:a5","arrow:a1","STATE_DEPENDENCY","0.4364","2","10"
"d2-v5-hard-077","arrow:a5","arrow:a1","REVEAL","0.4364","2","10"
"d2-v5-hard-077","arrow:a5","arrow:a2","OCCLUSION","0.4364","2","10"
"d2-v5-hard-077","arrow:a5","arrow:a2","EXPOSURE","0.4364","2","10"
"d2-v5-hard-077","arrow:a5","arrow:a2","STATE_DEPENDENCY","0.4364","2","10"
"d2-v5-hard-077","arrow:a5","arrow:a2","REVEAL","0.4364","2","10"
"d2-v5-hard-077","arrow:a5","arrow:a4","ORDER_DEPENDENCY","0.4364","2","10"
"d2-v5-hard-077","arrow:a5","arrow:a6","ALTERNATIVE_PATH","0.4364","2","10"
"d2-v5-hard-077","arrow:a6","arrow:a2","COLLISION","0.4364","2","10"
"d2-v5-hard-077","arrow:a6","arrow:a2","OCCLUSION","0.4364","2","10"
"d2-v5-hard-077","arrow:a6","arrow:a2","EXPOSURE","0.4364","2","10"
"d2-v5-hard-077","arrow:a6","arrow:a2","STATE_DEPENDENCY","0.4364","2","10"
"d2-v5-hard-077","arrow:a6","arrow:a2","REVEAL","0.4364","2","10"
"d2-v5-hard-077","arrow:a6","arrow:a3","COLLISION","0.4364","2","10"
"d2-v5-hard-077","arrow:a6","arrow:a3","ROUTE_BLOCK","0.4364","2","10"
"d2-v5-hard-077","arrow:a6","arrow:a4","EXPOSURE","0.4364","2","10"
"d2-v5-hard-077","arrow:a6","arrow:a4","STATE_DEPENDENCY","0.4364","2","10"
"d2-v5-hard-077","arrow:a6","arrow:a4","REVEAL","0.4364","2","10"
"d2-v5-hard-077","magnet:m1","arrow:a1","MAGNET_CONTROL","0.4364","2","10"
"d2-v5-hard-077","magnet:m2","arrow:a2","MAGNET_CONTROL","0.4364","2","10"
"d2-v5-hard-077","magnet:m2","arrow:a2","POLARITY_DEPENDENCY","0.4364","2","10"
"d2-v5-hard-077","magnet:m2","arrow:a3","MAGNET_CONTROL","0.4364","2","10"
"d2-v5-hard-077","magnet:m2","arrow:a3","POLARITY_DEPENDENCY","0.4364","2","10"
"d2-v5-hard-077","magnet:m2","arrow:a4","MAGNET_CONTROL","0.4364","2","10"
"d2-v5-hard-077","magnet:m2","arrow:a4","POLARITY_DEPENDENCY","0.4364","2","10"
"d2-v5-hard-077","magnet:m2","arrow:a6","MAGNET_CONTROL","0.4364","2","10"
"d2-v5-hard-077","magnet:m2","arrow:a6","POLARITY_DEPENDENCY","0.4364","2","10"
"d2-v5-hard-077","magnet:m2","magnet:m4","CANCELLATION","0.4364","2","10"
"d2-v5-hard-077","magnet:m4","arrow:a2","MAGNET_CONTROL","0.4364","2","10"
"d2-v5-hard-077","magnet:m4","arrow:a2","POLARITY_DEPENDENCY","0.4364","2","10"
"d2-v5-hard-077","magnet:m4","arrow:a5","MAGNET_CONTROL","0.4364","2","10"
"d2-v5-hard-077","wall:2,1","arrow:a4","OCCLUSION","0.4364","2","10"
"d2-v5-easy-078","arrow:a1","arrow:a2","ORDER_DEPENDENCY","0.5714","1","8"
"d2-v5-easy-078","arrow:a1","arrow:a2","ALTERNATIVE_PATH","0.5714","1","8"
"d2-v5-easy-078","arrow:a1","arrow:a3","EXPOSURE","0.5714","1","8"
"d2-v5-easy-078","arrow:a1","arrow:a3","STATE_DEPENDENCY","0.5714","1","8"
"d2-v5-easy-078","arrow:a1","arrow:a3","REVEAL","0.5714","1","8"
"d2-v5-easy-078","arrow:a1","arrow:a3","ALTERNATIVE_PATH","0.5714","1","8"
"d2-v5-easy-078","arrow:a1","arrow:a4","ORDER_DEPENDENCY","0.5714","1","8"
"d2-v5-easy-078","arrow:a1","arrow:a4","ALTERNATIVE_PATH","0.5714","1","8"
"d2-v5-easy-078","arrow:a1","arrow:a5","ALTERNATIVE_PATH","0.5714","1","8"
"d2-v5-easy-078","arrow:a2","arrow:a3","COLLISION","0.5714","1","8"
"d2-v5-easy-078","arrow:a2","arrow:a4","EXPOSURE","0.5714","1","8"
"d2-v5-easy-078","arrow:a2","arrow:a4","STATE_DEPENDENCY","0.5714","1","8"
"d2-v5-easy-078","arrow:a2","arrow:a4","REVEAL","0.5714","1","8"
"d2-v5-easy-078","arrow:a2","arrow:a4","ALTERNATIVE_PATH","0.5714","1","8"
"d2-v5-easy-078","arrow:a2","arrow:a5","EXPOSURE","0.5714","1","8"
"d2-v5-easy-078","arrow:a2","arrow:a5","STATE_DEPENDENCY","0.5714","1","8"
"d2-v5-easy-078","arrow:a2","arrow:a5","REVEAL","0.5714","1","8"
"d2-v5-easy-078","arrow:a3","arrow:a1","EXPOSURE","0.5714","1","8"
"d2-v5-easy-078","arrow:a3","arrow:a1","STATE_DEPENDENCY","0.5714","1","8"
"d2-v5-easy-078","arrow:a3","arrow:a1","REVEAL","0.5714","1","8"
"d2-v5-easy-078","arrow:a3","arrow:a2","ROUTE_BLOCK","0.5714","1","8"
"d2-v5-easy-078","arrow:a3","arrow:a2","EXPOSURE","0.5714","1","8"
"d2-v5-easy-078","arrow:a3","arrow:a2","ORDER_DEPENDENCY","0.5714","1","8"
"d2-v5-easy-078","arrow:a3","arrow:a2","STATE_DEPENDENCY","0.5714","1","8"
"d2-v5-easy-078","arrow:a3","arrow:a2","REVEAL","0.5714","1","8"
"d2-v5-easy-078","arrow:a3","arrow:a4","ALTERNATIVE_PATH","0.5714","1","8"
"d2-v5-easy-078","arrow:a3","arrow:a5","ALTERNATIVE_PATH","0.5714","1","8"
"d2-v5-easy-078","arrow:a4","arrow:a2","EXPOSURE","0.5714","1","8"
"d2-v5-easy-078","arrow:a4","arrow:a2","STATE_DEPENDENCY","0.5714","1","8"
"d2-v5-easy-078","arrow:a4","arrow:a2","REVEAL","0.5714","1","8"
"d2-v5-easy-078","arrow:a4","arrow:a5","EXPOSURE","0.5714","1","8"
"d2-v5-easy-078","arrow:a4","arrow:a5","STATE_DEPENDENCY","0.5714","1","8"
"d2-v5-easy-078","arrow:a4","arrow:a5","REVEAL","0.5714","1","8"
"d2-v5-easy-078","arrow:a5","arrow:a2","EXPOSURE","0.5714","1","8"
"d2-v5-easy-078","arrow:a5","arrow:a2","ORDER_DEPENDENCY","0.5714","1","8"
"d2-v5-easy-078","arrow:a5","arrow:a2","STATE_DEPENDENCY","0.5714","1","8"
"d2-v5-easy-078","arrow:a5","arrow:a2","REVEAL","0.5714","1","8"
"d2-v5-easy-078","arrow:a5","arrow:a4","EXPOSURE","0.5714","1","8"
"d2-v5-easy-078","arrow:a5","arrow:a4","ORDER_DEPENDENCY","0.5714","1","8"
"d2-v5-easy-078","arrow:a5","arrow:a4","STATE_DEPENDENCY","0.5714","1","8"
"d2-v5-easy-078","arrow:a5","arrow:a4","REVEAL","0.5714","1","8"
"d2-v5-easy-078","arrow:a5","wall:5,5","COLLISION","0.5714","1","8"
"d2-v5-easy-078","magnet:m1","arrow:a1","MAGNET_CONTROL","0.5714","1","8"
"d2-v5-easy-078","magnet:m1","arrow:a1","POLARITY_DEPENDENCY","0.5714","1","8"
"d2-v5-easy-078","magnet:m1","arrow:a3","MAGNET_CONTROL","0.5714","1","8"
"d2-v5-easy-078","magnet:m1","arrow:a3","POLARITY_DEPENDENCY","0.5714","1","8"
"d2-v5-easy-078","magnet:m2","arrow:a2","MAGNET_CONTROL","0.5714","1","8"
"d2-v5-easy-078","magnet:m2","arrow:a2","POLARITY_DEPENDENCY","0.5714","1","8"
"d2-v5-easy-078","magnet:m2","arrow:a4","MAGNET_CONTROL","0.5714","1","8"
"d2-v5-easy-078","magnet:m2","arrow:a4","POLARITY_DEPENDENCY","0.5714","1","8"
"d2-v5-easy-078","magnet:m2","arrow:a5","MAGNET_CONTROL","0.5714","1","8"
"d2-v5-easy-078","magnet:m2","arrow:a5","POLARITY_DEPENDENCY","0.5714","1","8"
"d2-v5-easy-078","wall:5,5","arrow:a5","ROUTE_BLOCK","0.5714","1","8"
"d2-v5-medium-079","arrow:a1","arrow:a2","ALTERNATIVE_PATH","0.3077","3","11"
"d2-v5-medium-079","arrow:a1","arrow:a3","ALTERNATIVE_PATH","0.3077","3","11"
"d2-v5-medium-079","arrow:a1","arrow:a4","EXPOSURE","0.3077","3","11"
"d2-v5-medium-079","arrow:a1","arrow:a4","ORDER_DEPENDENCY","0.3077","3","11"
"d2-v5-medium-079","arrow:a1","arrow:a4","STATE_DEPENDENCY","0.3077","3","11"
"d2-v5-medium-079","arrow:a1","arrow:a4","REVEAL","0.3077","3","11"
"d2-v5-medium-079","arrow:a1","arrow:a5","ALTERNATIVE_PATH","0.3077","3","11"
"d2-v5-medium-079","arrow:a1","arrow:a6","COLLISION","0.3077","3","11"
"d2-v5-medium-079","arrow:a1","arrow:a6","OCCLUSION","0.3077","3","11"
"d2-v5-medium-079","arrow:a1","arrow:a6","EXPOSURE","0.3077","3","11"
"d2-v5-medium-079","arrow:a1","arrow:a6","STATE_DEPENDENCY","0.3077","3","11"
"d2-v5-medium-079","arrow:a1","arrow:a6","REVEAL","0.3077","3","11"
"d2-v5-medium-079","arrow:a1","arrow:a6","ALTERNATIVE_PATH","0.3077","3","11"
"d2-v5-medium-079","arrow:a1","wall:4,3","COLLISION","0.3077","3","11"
"d2-v5-medium-079","arrow:a2","arrow:a3","ALTERNATIVE_PATH","0.3077","3","11"
"d2-v5-medium-079","arrow:a2","arrow:a4","ORDER_DEPENDENCY","0.3077","3","11"
"d2-v5-medium-079","arrow:a2","arrow:a4","ALTERNATIVE_PATH","0.3077","3","11"
"d2-v5-medium-079","arrow:a2","arrow:a5","ALTERNATIVE_PATH","0.3077","3","11"
"d2-v5-medium-079","arrow:a2","arrow:a6","ALTERNATIVE_PATH","0.3077","3","11"
"d2-v5-medium-079","arrow:a3","arrow:a4","ROUTE_BLOCK","0.3077","3","11"
"d2-v5-medium-079","arrow:a3","arrow:a4","EXPOSURE","0.3077","3","11"
"d2-v5-medium-079","arrow:a3","arrow:a4","ORDER_DEPENDENCY","0.3077","3","11"
"d2-v5-medium-079","arrow:a3","arrow:a4","STATE_DEPENDENCY","0.3077","3","11"
"d2-v5-medium-079","arrow:a3","arrow:a4","REVEAL","0.3077","3","11"
"d2-v5-medium-079","arrow:a3","arrow:a5","ALTERNATIVE_PATH","0.3077","3","11"
"d2-v5-medium-079","arrow:a3","arrow:a6","ALTERNATIVE_PATH","0.3077","3","11"
"d2-v5-medium-079","arrow:a4","arrow:a1","EXPOSURE","0.3077","3","11"
"d2-v5-medium-079","arrow:a4","arrow:a1","STATE_DEPENDENCY","0.3077","3","11"
"d2-v5-medium-079","arrow:a4","arrow:a1","REVEAL","0.3077","3","11"
"d2-v5-medium-079","arrow:a4","arrow:a3","COLLISION","0.3077","3","11"
"d2-v5-medium-079","arrow:a4","arrow:a5","ALTERNATIVE_PATH","0.3077","3","11"
"d2-v5-medium-079","arrow:a4","arrow:a6","EXPOSURE","0.3077","3","11"
"d2-v5-medium-079","arrow:a4","arrow:a6","STATE_DEPENDENCY","0.3077","3","11"
"d2-v5-medium-079","arrow:a4","arrow:a6","REVEAL","0.3077","3","11"
"d2-v5-medium-079","arrow:a5","arrow:a2","OCCLUSION","0.3077","3","11"
"d2-v5-medium-079","arrow:a5","arrow:a2","EXPOSURE","0.3077","3","11"
"d2-v5-medium-079","arrow:a5","arrow:a2","STATE_DEPENDENCY","0.3077","3","11"
"d2-v5-medium-079","arrow:a5","arrow:a2","REVEAL","0.3077","3","11"
"d2-v5-medium-079","arrow:a5","arrow:a4","ORDER_DEPENDENCY","0.3077","3","11"
"d2-v5-medium-079","arrow:a5","arrow:a6","ALTERNATIVE_PATH","0.3077","3","11"
"d2-v5-medium-079","arrow:a6","arrow:a1","ROUTE_BLOCK","0.3077","3","11"
"d2-v5-medium-079","arrow:a6","arrow:a4","ORDER_DEPENDENCY","0.3077","3","11"
"d2-v5-medium-079","arrow:a6","wall:4,3","COLLISION","0.3077","3","11"
"d2-v5-medium-079","magnet:m1","arrow:a1","MAGNET_CONTROL","0.3077","3","11"
"d2-v5-medium-079","magnet:m1","arrow:a1","POLARITY_DEPENDENCY","0.3077","3","11"
"d2-v5-medium-079","magnet:m1","arrow:a4","MAGNET_CONTROL","0.3077","3","11"
"d2-v5-medium-079","magnet:m1","arrow:a4","POLARITY_DEPENDENCY","0.3077","3","11"
"d2-v5-medium-079","magnet:m1","arrow:a6","MAGNET_CONTROL","0.3077","3","11"
"d2-v5-medium-079","magnet:m1","arrow:a6","POLARITY_DEPENDENCY","0.3077","3","11"
"d2-v5-medium-079","magnet:m2","arrow:a3","OCCLUSION","0.3077","3","11"
"d2-v5-medium-079","magnet:m2","arrow:a3","MAGNET_CONTROL","0.3077","3","11"
"d2-v5-medium-079","magnet:m3","arrow:a2","OCCLUSION","0.3077","3","11"
"d2-v5-medium-079","magnet:m3","arrow:a2","MAGNET_CONTROL","0.3077","3","11"
"d2-v5-medium-079","magnet:m3","arrow:a2","POLARITY_DEPENDENCY","0.3077","3","11"
"d2-v5-medium-079","magnet:m3","arrow:a5","OCCLUSION","0.3077","3","11"
"d2-v5-medium-079","magnet:m3","arrow:a5","MAGNET_CONTROL","0.3077","3","11"
"d2-v5-medium-079","wall:3,2","arrow:a6","OCCLUSION","0.3077","3","11"
"d2-v5-medium-079","wall:4,3","arrow:a1","ROUTE_BLOCK","0.3077","3","11"
"d2-v5-medium-079","wall:4,3","arrow:a6","ROUTE_BLOCK","0.3077","3","11"
"d2-v5-expert-080","arrow:a1","arrow:a2","OCCLUSION","0.2576","3","10"
"d2-v5-expert-080","arrow:a1","arrow:a2","EXPOSURE","0.2576","3","10"
"d2-v5-expert-080","arrow:a1","arrow:a2","STATE_DEPENDENCY","0.2576","3","10"
"d2-v5-expert-080","arrow:a1","arrow:a2","REVEAL","0.2576","3","10"
"d2-v5-expert-080","arrow:a1","arrow:a3","ALTERNATIVE_PATH","0.2576","3","10"
"d2-v5-expert-080","arrow:a1","arrow:a4","ALTERNATIVE_PATH","0.2576","3","10"
"d2-v5-expert-080","arrow:a1","arrow:a5","ALTERNATIVE_PATH","0.2576","3","10"
"d2-v5-expert-080","arrow:a2","arrow:a1","ORDER_DEPENDENCY","0.2576","3","10"
"d2-v5-expert-080","arrow:a2","arrow:a3","ALTERNATIVE_PATH","0.2576","3","10"
"d2-v5-expert-080","arrow:a2","arrow:a4","ALTERNATIVE_PATH","0.2576","3","10"
"d2-v5-expert-080","arrow:a2","arrow:a5","ALTERNATIVE_PATH","0.2576","3","10"
"d2-v5-expert-080","arrow:a2","wall:6,7","COLLISION","0.2576","3","10"
"d2-v5-expert-080","arrow:a3","arrow:a1","ORDER_DEPENDENCY","0.2576","3","10"
"d2-v5-expert-080","arrow:a3","arrow:a4","ALTERNATIVE_PATH","0.2576","3","10"
"d2-v5-expert-080","arrow:a3","arrow:a5","ROUTE_BLOCK","0.2576","3","10"
"d2-v5-expert-080","arrow:a3","arrow:a5","EXPOSURE","0.2576","3","10"
"d2-v5-expert-080","arrow:a3","arrow:a5","STATE_DEPENDENCY","0.2576","3","10"
"d2-v5-expert-080","arrow:a3","arrow:a5","REVEAL","0.2576","3","10"
"d2-v5-expert-080","arrow:a4","arrow:a1","ORDER_DEPENDENCY","0.2576","3","10"
"d2-v5-expert-080","arrow:a4","arrow:a3","OCCLUSION","0.2576","3","10"
"d2-v5-expert-080","arrow:a4","arrow:a3","EXPOSURE","0.2576","3","10"
"d2-v5-expert-080","arrow:a4","arrow:a3","STATE_DEPENDENCY","0.2576","3","10"
"d2-v5-expert-080","arrow:a4","arrow:a3","REVEAL","0.2576","3","10"
"d2-v5-expert-080","arrow:a4","arrow:a5","OCCLUSION","0.2576","3","10"
"d2-v5-expert-080","arrow:a4","arrow:a5","EXPOSURE","0.2576","3","10"
"d2-v5-expert-080","arrow:a4","arrow:a5","STATE_DEPENDENCY","0.2576","3","10"
"d2-v5-expert-080","arrow:a4","arrow:a5","REVEAL","0.2576","3","10"
"d2-v5-expert-080","arrow:a4","arrow:a5","ALTERNATIVE_PATH","0.2576","3","10"
"d2-v5-expert-080","arrow:a5","arrow:a1","ORDER_DEPENDENCY","0.2576","3","10"
"d2-v5-expert-080","arrow:a5","arrow:a3","COLLISION","0.2576","3","10"
"d2-v5-expert-080","arrow:a5","arrow:a3","OCCLUSION","0.2576","3","10"
"d2-v5-expert-080","magnet:m3","arrow:a2","OCCLUSION","0.2576","3","10"
"d2-v5-expert-080","magnet:m3","arrow:a2","MAGNET_CONTROL","0.2576","3","10"
"d2-v5-expert-080","magnet:m4","arrow:a1","MAGNET_CONTROL","0.2576","3","10"
"d2-v5-expert-080","magnet:m5","arrow:a3","MAGNET_CONTROL","0.2576","3","10"
"d2-v5-expert-080","magnet:m5","arrow:a3","POLARITY_DEPENDENCY","0.2576","3","10"
"d2-v5-expert-080","magnet:m5","arrow:a4","MAGNET_CONTROL","0.2576","3","10"
"d2-v5-expert-080","magnet:m5","arrow:a5","MAGNET_CONTROL","0.2576","3","10"
"d2-v5-expert-080","magnet:m5","arrow:a5","POLARITY_DEPENDENCY","0.2576","3","10"
"d2-v5-expert-080","wall:2,4","arrow:a3","OCCLUSION","0.2576","3","10"
"d2-v5-expert-080","wall:6,7","arrow:a2","OCCLUSION","0.2576","3","10"
"d2-v5-expert-080","wall:6,7","arrow:a2","ROUTE_BLOCK","0.2576","3","10"
"d2-v5-hard-081","arrow:a1","arrow:a3","COLLISION","0.3455","3","9"
"d2-v5-hard-081","arrow:a1","arrow:a3","OCCLUSION","0.3455","3","9"
"d2-v5-hard-081","arrow:a1","arrow:a3","ROUTE_BLOCK","0.3455","3","9"
"d2-v5-hard-081","arrow:a1","arrow:a3","EXPOSURE","0.3455","3","9"
"d2-v5-hard-081","arrow:a1","arrow:a3","STATE_DEPENDENCY","0.3455","3","9"
"d2-v5-hard-081","arrow:a1","arrow:a3","REVEAL","0.3455","3","9"
"d2-v5-hard-081","arrow:a1","arrow:a5","ORDER_DEPENDENCY","0.3455","3","9"
"d2-v5-hard-081","arrow:a1","arrow:a6","ALTERNATIVE_PATH","0.3455","3","9"
"d2-v5-hard-081","arrow:a2","arrow:a1","EXPOSURE","0.3455","3","9"
"d2-v5-hard-081","arrow:a2","arrow:a1","STATE_DEPENDENCY","0.3455","3","9"
"d2-v5-hard-081","arrow:a2","arrow:a1","REVEAL","0.3455","3","9"
"d2-v5-hard-081","arrow:a2","arrow:a5","ORDER_DEPENDENCY","0.3455","3","9"
"d2-v5-hard-081","arrow:a2","arrow:a6","ALTERNATIVE_PATH","0.3455","3","9"
"d2-v5-hard-081","arrow:a3","arrow:a1","COLLISION","0.3455","3","9"
"d2-v5-hard-081","arrow:a3","arrow:a1","ROUTE_BLOCK","0.3455","3","9"
"d2-v5-hard-081","arrow:a3","arrow:a4","COLLISION","0.3455","3","9"
"d2-v5-hard-081","arrow:a3","arrow:a4","OCCLUSION","0.3455","3","9"
"d2-v5-hard-081","arrow:a3","arrow:a4","ROUTE_BLOCK","0.3455","3","9"
"d2-v5-hard-081","arrow:a3","arrow:a5","ORDER_DEPENDENCY","0.3455","3","9"
"d2-v5-hard-081","arrow:a3","arrow:a6","ALTERNATIVE_PATH","0.3455","3","9"
"d2-v5-hard-081","arrow:a4","arrow:a3","COLLISION","0.3455","3","9"
"d2-v5-hard-081","arrow:a4","arrow:a3","ROUTE_BLOCK","0.3455","3","9"
"d2-v5-hard-081","arrow:a4","arrow:a5","COLLISION","0.3455","3","9"
"d2-v5-hard-081","arrow:a4","arrow:a6","ALTERNATIVE_PATH","0.3455","3","9"
"d2-v5-hard-081","arrow:a5","arrow:a3","OCCLUSION","0.3455","3","9"
"d2-v5-hard-081","arrow:a5","arrow:a3","EXPOSURE","0.3455","3","9"
"d2-v5-hard-081","arrow:a5","arrow:a3","STATE_DEPENDENCY","0.3455","3","9"
"d2-v5-hard-081","arrow:a5","arrow:a3","REVEAL","0.3455","3","9"
"d2-v5-hard-081","arrow:a5","arrow:a4","OCCLUSION","0.3455","3","9"
"d2-v5-hard-081","arrow:a5","arrow:a4","ROUTE_BLOCK","0.3455","3","9"
"d2-v5-hard-081","arrow:a5","arrow:a4","EXPOSURE","0.3455","3","9"
"d2-v5-hard-081","arrow:a5","arrow:a4","STATE_DEPENDENCY","0.3455","3","9"
"d2-v5-hard-081","arrow:a5","arrow:a4","REVEAL","0.3455","3","9"
"d2-v5-hard-081","arrow:a5","arrow:a6","ALTERNATIVE_PATH","0.3455","3","9"
"d2-v5-hard-081","arrow:a6","arrow:a5","ORDER_DEPENDENCY","0.3455","3","9"
"d2-v5-hard-081","magnet:m1","arrow:a6","MAGNET_CONTROL","0.3455","3","9"
"d2-v5-hard-081","magnet:m3","arrow:a1","MAGNET_CONTROL","0.3455","3","9"
"d2-v5-hard-081","magnet:m3","arrow:a1","POLARITY_DEPENDENCY","0.3455","3","9"
"d2-v5-hard-081","magnet:m3","arrow:a2","OCCLUSION","0.3455","3","9"
"d2-v5-hard-081","magnet:m3","arrow:a2","MAGNET_CONTROL","0.3455","3","9"
"d2-v5-hard-081","magnet:m3","arrow:a3","MAGNET_CONTROL","0.3455","3","9"
"d2-v5-hard-081","magnet:m3","arrow:a3","POLARITY_DEPENDENCY","0.3455","3","9"
"d2-v5-hard-081","magnet:m4","arrow:a3","MAGNET_CONTROL","0.3455","3","9"
"d2-v5-hard-081","magnet:m4","arrow:a3","POLARITY_DEPENDENCY","0.3455","3","9"
"d2-v5-hard-081","magnet:m4","arrow:a4","MAGNET_CONTROL","0.3455","3","9"
"d2-v5-hard-081","magnet:m4","arrow:a4","POLARITY_DEPENDENCY","0.3455","3","9"
"d2-v5-hard-081","magnet:m4","arrow:a5","MAGNET_CONTROL","0.3455","3","9"
"d2-v5-medium-082","arrow:a1","arrow:a2","ALTERNATIVE_PATH","0.3556","2","9"
"d2-v5-medium-082","arrow:a1","arrow:a3","ALTERNATIVE_PATH","0.3556","2","9"
"d2-v5-medium-082","arrow:a1","arrow:a4","ALTERNATIVE_PATH","0.3556","2","9"
"d2-v5-medium-082","arrow:a1","arrow:a5","EXPOSURE","0.3556","2","9"
"d2-v5-medium-082","arrow:a1","arrow:a5","STATE_DEPENDENCY","0.3556","2","9"
"d2-v5-medium-082","arrow:a1","arrow:a5","REVEAL","0.3556","2","9"
"d2-v5-medium-082","arrow:a2","arrow:a1","ORDER_DEPENDENCY","0.3556","2","9"
"d2-v5-medium-082","arrow:a2","arrow:a3","ALTERNATIVE_PATH","0.3556","2","9"
"d2-v5-medium-082","arrow:a2","arrow:a4","OCCLUSION","0.3556","2","9"
"d2-v5-medium-082","arrow:a2","arrow:a4","EXPOSURE","0.3556","2","9"
"d2-v5-medium-082","arrow:a2","arrow:a4","STATE_DEPENDENCY","0.3556","2","9"
"d2-v5-medium-082","arrow:a2","arrow:a4","REVEAL","0.3556","2","9"
"d2-v5-medium-082","arrow:a2","arrow:a4","ALTERNATIVE_PATH","0.3556","2","9"
"d2-v5-medium-082","arrow:a2","arrow:a5","ALTERNATIVE_PATH","0.3556","2","9"
"d2-v5-medium-082","arrow:a3","arrow:a1","ORDER_DEPENDENCY","0.3556","2","9"
"d2-v5-medium-082","arrow:a3","arrow:a4","ALTERNATIVE_PATH","0.3556","2","9"
"d2-v5-medium-082","arrow:a3","arrow:a5","ALTERNATIVE_PATH","0.3556","2","9"
"d2-v5-medium-082","arrow:a4","arrow:a1","ORDER_DEPENDENCY","0.3556","2","9"
"d2-v5-medium-082","arrow:a4","arrow:a5","ALTERNATIVE_PATH","0.3556","2","9"
"d2-v5-medium-082","arrow:a5","arrow:a1","EXPOSURE","0.3556","2","9"
"d2-v5-medium-082","arrow:a5","arrow:a1","ORDER_DEPENDENCY","0.3556","2","9"
"d2-v5-medium-082","arrow:a5","arrow:a1","STATE_DEPENDENCY","0.3556","2","9"
"d2-v5-medium-082","arrow:a5","arrow:a1","REVEAL","0.3556","2","9"
"d2-v5-medium-082","arrow:a5","wall:4,3","COLLISION","0.3556","2","9"
"d2-v5-medium-082","magnet:m1","arrow:a1","OCCLUSION","0.3556","2","9"
"d2-v5-medium-082","magnet:m1","arrow:a1","MAGNET_CONTROL","0.3556","2","9"
"d2-v5-medium-082","magnet:m1","arrow:a1","POLARITY_DEPENDENCY","0.3556","2","9"
"d2-v5-medium-082","magnet:m1","arrow:a5","MAGNET_CONTROL","0.3556","2","9"
"d2-v5-medium-082","magnet:m1","arrow:a5","POLARITY_DEPENDENCY","0.3556","2","9"
"d2-v5-medium-082","magnet:m2","arrow:a2","MAGNET_CONTROL","0.3556","2","9"
"d2-v5-medium-082","magnet:m2","arrow:a4","MAGNET_CONTROL","0.3556","2","9"
"d2-v5-medium-082","magnet:m2","arrow:a4","POLARITY_DEPENDENCY","0.3556","2","9"
"d2-v5-medium-082","magnet:m3","arrow:a3","MAGNET_CONTROL","0.3556","2","9"
"d2-v5-medium-082","wall:4,3","arrow:a5","ROUTE_BLOCK","0.3556","2","9"
"d2-v5-master-083","arrow:a1","arrow:a3","ROUTE_BLOCK","0.4182","2","10"
"d2-v5-master-083","arrow:a1","arrow:a3","ORDER_DEPENDENCY","0.4182","2","10"
"d2-v5-master-083","arrow:a1","arrow:a4","COLLISION","0.4182","2","10"
"d2-v5-master-083","arrow:a1","arrow:a4","OCCLUSION","0.4182","2","10"
"d2-v5-master-083","arrow:a1","arrow:a4","ROUTE_BLOCK","0.4182","2","10"
"d2-v5-master-083","arrow:a1","arrow:a5","ORDER_DEPENDENCY","0.4182","2","10"
"d2-v5-master-083","arrow:a1","arrow:a5","ALTERNATIVE_PATH","0.4182","2","10"
"d2-v5-master-083","arrow:a1","arrow:a6","COLLISION","0.4182","2","10"
"d2-v5-master-083","arrow:a1","arrow:a7","ALTERNATIVE_PATH","0.4182","2","10"
"d2-v5-master-083","arrow:a2","arrow:a3","ORDER_DEPENDENCY","0.4182","2","10"
"d2-v5-master-083","arrow:a2","arrow:a5","ORDER_DEPENDENCY","0.4182","2","10"
"d2-v5-master-083","arrow:a2","arrow:a5","ALTERNATIVE_PATH","0.4182","2","10"
"d2-v5-master-083","arrow:a2","arrow:a6","ROUTE_BLOCK","0.4182","2","10"
"d2-v5-master-083","arrow:a2","arrow:a6","EXPOSURE","0.4182","2","10"
"d2-v5-master-083","arrow:a2","arrow:a6","STATE_DEPENDENCY","0.4182","2","10"
"d2-v5-master-083","arrow:a2","arrow:a6","REVEAL","0.4182","2","10"
"d2-v5-master-083","arrow:a2","arrow:a7","ALTERNATIVE_PATH","0.4182","2","10"
"d2-v5-master-083","arrow:a3","arrow:a1","COLLISION","0.4182","2","10"
"d2-v5-master-083","arrow:a3","arrow:a1","OCCLUSION","0.4182","2","10"
"d2-v5-master-083","arrow:a3","arrow:a1","EXPOSURE","0.4182","2","10"
"d2-v5-master-083","arrow:a3","arrow:a1","STATE_DEPENDENCY","0.4182","2","10"
"d2-v5-master-083","arrow:a3","arrow:a1","REVEAL","0.4182","2","10"
"d2-v5-master-083","arrow:a3","arrow:a4","COLLISION","0.4182","2","10"
"d2-v5-master-083","arrow:a3","arrow:a4","OCCLUSION","0.4182","2","10"
"d2-v5-master-083","arrow:a3","arrow:a4","ROUTE_BLOCK","0.4182","2","10"
"d2-v5-master-083","arrow:a3","arrow:a4","EXPOSURE","0.4182","2","10"
"d2-v5-master-083","arrow:a3","arrow:a4","STATE_DEPENDENCY","0.4182","2","10"
"d2-v5-master-083","arrow:a3","arrow:a4","REVEAL","0.4182","2","10"
"d2-v5-master-083","arrow:a3","arrow:a7","COLLISION","0.4182","2","10"
"d2-v5-master-083","arrow:a3","arrow:a7","ROUTE_BLOCK","0.4182","2","10"
"d2-v5-master-083","arrow:a4","arrow:a1","COLLISION","0.4182","2","10"
"d2-v5-master-083","arrow:a4","arrow:a1","ROUTE_BLOCK","0.4182","2","10"
"d2-v5-master-083","arrow:a4","arrow:a3","COLLISION","0.4182","2","10"
"d2-v5-master-083","arrow:a4","arrow:a3","ROUTE_BLOCK","0.4182","2","10"
"d2-v5-master-083","arrow:a5","arrow:a3","EXPOSURE","0.4182","2","10"
"d2-v5-master-083","arrow:a5","arrow:a3","STATE_DEPENDENCY","0.4182","2","10"
"d2-v5-master-083","arrow:a5","arrow:a3","REVEAL","0.4182","2","10"
"d2-v5-master-083","arrow:a5","arrow:a6","ALTERNATIVE_PATH","0.4182","2","10"
"d2-v5-master-083","arrow:a5","arrow:a7","EXPOSURE","0.4182","2","10"
"d2-v5-master-083","arrow:a5","arrow:a7","STATE_DEPENDENCY","0.4182","2","10"
"d2-v5-master-083","arrow:a5","arrow:a7","REVEAL","0.4182","2","10"
"d2-v5-master-083","arrow:a6","arrow:a1","ROUTE_BLOCK","0.4182","2","10"
"d2-v5-master-083","arrow:a6","arrow:a1","EXPOSURE","0.4182","2","10"
"d2-v5-master-083","arrow:a6","arrow:a1","STATE_DEPENDENCY","0.4182","2","10"
"d2-v5-master-083","arrow:a6","arrow:a1","REVEAL","0.4182","2","10"
"d2-v5-master-083","arrow:a6","arrow:a2","COLLISION","0.4182","2","10"
"d2-v5-master-083","arrow:a6","arrow:a2","OCCLUSION","0.4182","2","10"
"d2-v5-master-083","arrow:a6","arrow:a3","ORDER_DEPENDENCY","0.4182","2","10"
"d2-v5-master-083","arrow:a6","arrow:a5","ORDER_DEPENDENCY","0.4182","2","10"
"d2-v5-master-083","arrow:a6","arrow:a7","ALTERNATIVE_PATH","0.4182","2","10"
"d2-v5-master-083","arrow:a7","arrow:a3","COLLISION","0.4182","2","10"
"d2-v5-master-083","arrow:a7","arrow:a3","OCCLUSION","0.4182","2","10"
"d2-v5-master-083","arrow:a7","arrow:a3","ROUTE_BLOCK","0.4182","2","10"
"d2-v5-master-083","arrow:a7","arrow:a3","EXPOSURE","0.4182","2","10"
"d2-v5-master-083","arrow:a7","arrow:a3","STATE_DEPENDENCY","0.4182","2","10"
"d2-v5-master-083","arrow:a7","arrow:a3","REVEAL","0.4182","2","10"
"d2-v5-master-083","arrow:a7","arrow:a5","EXPOSURE","0.4182","2","10"
"d2-v5-master-083","arrow:a7","arrow:a5","ORDER_DEPENDENCY","0.4182","2","10"
"d2-v5-master-083","arrow:a7","arrow:a5","STATE_DEPENDENCY","0.4182","2","10"
"d2-v5-master-083","arrow:a7","arrow:a5","REVEAL","0.4182","2","10"
"d2-v5-master-083","magnet:m1","arrow:a1","MAGNET_CONTROL","0.4182","2","10"
"d2-v5-master-083","magnet:m1","arrow:a1","POLARITY_DEPENDENCY","0.4182","2","10"
"d2-v5-master-083","magnet:m1","arrow:a3","MAGNET_CONTROL","0.4182","2","10"
"d2-v5-master-083","magnet:m1","arrow:a3","POLARITY_DEPENDENCY","0.4182","2","10"
"d2-v5-master-083","magnet:m1","arrow:a4","MAGNET_CONTROL","0.4182","2","10"
"d2-v5-master-083","magnet:m1","arrow:a4","POLARITY_DEPENDENCY","0.4182","2","10"
"d2-v5-master-083","magnet:m1","arrow:a5","MAGNET_CONTROL","0.4182","2","10"
"d2-v5-master-083","magnet:m1","arrow:a5","POLARITY_DEPENDENCY","0.4182","2","10"
"d2-v5-master-083","magnet:m1","arrow:a7","MAGNET_CONTROL","0.4182","2","10"
"d2-v5-master-083","magnet:m1","arrow:a7","POLARITY_DEPENDENCY","0.4182","2","10"
"d2-v5-master-083","magnet:m2","arrow:a6","MAGNET_CONTROL","0.4182","2","10"
"d2-v5-master-083","wall:7,6","arrow:a4","OCCLUSION","0.4182","2","10"
"d2-v5-easy-084","arrow:a1","arrow:a2","ALTERNATIVE_PATH","0.2444","3","8"
"d2-v5-easy-084","arrow:a1","arrow:a3","ALTERNATIVE_PATH","0.2444","3","8"
"d2-v5-easy-084","arrow:a1","arrow:a4","EXPOSURE","0.2444","3","8"
"d2-v5-easy-084","arrow:a1","arrow:a4","ORDER_DEPENDENCY","0.2444","3","8"
"d2-v5-easy-084","arrow:a1","arrow:a4","STATE_DEPENDENCY","0.2444","3","8"
"d2-v5-easy-084","arrow:a1","arrow:a4","REVEAL","0.2444","3","8"
"d2-v5-easy-084","arrow:a1","wall:6,3","COLLISION","0.2444","3","8"
"d2-v5-easy-084","arrow:a2","arrow:a3","ALTERNATIVE_PATH","0.2444","3","8"
"d2-v5-easy-084","arrow:a2","arrow:a4","ORDER_DEPENDENCY","0.2444","3","8"
"d2-v5-easy-084","arrow:a2","arrow:a4","ALTERNATIVE_PATH","0.2444","3","8"
"d2-v5-easy-084","arrow:a3","arrow:a2","OCCLUSION","0.2444","3","8"
"d2-v5-easy-084","arrow:a3","arrow:a2","EXPOSURE","0.2444","3","8"
"d2-v5-easy-084","arrow:a3","arrow:a2","STATE_DEPENDENCY","0.2444","3","8"
"d2-v5-easy-084","arrow:a3","arrow:a2","REVEAL","0.2444","3","8"
"d2-v5-easy-084","arrow:a3","arrow:a4","ORDER_DEPENDENCY","0.2444","3","8"
"d2-v5-easy-084","arrow:a3","arrow:a4","ALTERNATIVE_PATH","0.2444","3","8"
"d2-v5-easy-084","arrow:a4","arrow:a1","EXPOSURE","0.2444","3","8"
"d2-v5-easy-084","arrow:a4","arrow:a1","STATE_DEPENDENCY","0.2444","3","8"
"d2-v5-easy-084","arrow:a4","arrow:a1","REVEAL","0.2444","3","8"
"d2-v5-easy-084","magnet:m1","arrow:a1","MAGNET_CONTROL","0.2444","3","8"
"d2-v5-easy-084","magnet:m1","arrow:a1","POLARITY_DEPENDENCY","0.2444","3","8"
"d2-v5-easy-084","magnet:m1","arrow:a4","MAGNET_CONTROL","0.2444","3","8"
"d2-v5-easy-084","magnet:m1","arrow:a4","POLARITY_DEPENDENCY","0.2444","3","8"
"d2-v5-easy-084","magnet:m2","arrow:a2","MAGNET_CONTROL","0.2444","3","8"
"d2-v5-easy-084","magnet:m3","arrow:a3","MAGNET_CONTROL","0.2444","3","8"
"d2-v5-easy-084","wall:6,3","arrow:a1","ROUTE_BLOCK","0.2444","3","8"
"d2-v5-hard-085","arrow:a1","arrow:a2","ALTERNATIVE_PATH","0.1667","5","8"
"d2-v5-hard-085","arrow:a1","arrow:a3","ORDER_DEPENDENCY","0.1667","5","8"
"d2-v5-hard-085","arrow:a1","arrow:a3","ALTERNATIVE_PATH","0.1667","5","8"
"d2-v5-hard-085","arrow:a1","arrow:a4","ALTERNATIVE_PATH","0.1667","5","8"
"d2-v5-hard-085","arrow:a2","arrow:a3","EXPOSURE","0.1667","5","8"
"d2-v5-hard-085","arrow:a2","arrow:a3","ORDER_DEPENDENCY","0.1667","5","8"
"d2-v5-hard-085","arrow:a2","arrow:a3","STATE_DEPENDENCY","0.1667","5","8"
"d2-v5-hard-085","arrow:a2","arrow:a3","REVEAL","0.1667","5","8"
"d2-v5-hard-085","arrow:a2","arrow:a4","ALTERNATIVE_PATH","0.1667","5","8"
"d2-v5-hard-085","arrow:a2","wall:3,1","COLLISION","0.1667","5","8"
"d2-v5-hard-085","arrow:a3","arrow:a2","EXPOSURE","0.1667","5","8"
"d2-v5-hard-085","arrow:a3","arrow:a2","STATE_DEPENDENCY","0.1667","5","8"
"d2-v5-hard-085","arrow:a3","arrow:a2","REVEAL","0.1667","5","8"
"d2-v5-hard-085","arrow:a3","arrow:a4","ALTERNATIVE_PATH","0.1667","5","8"
"d2-v5-hard-085","arrow:a4","arrow:a3","ORDER_DEPENDENCY","0.1667","5","8"
"d2-v5-hard-085","magnet:m1","arrow:a2","MAGNET_CONTROL","0.1667","5","8"
"d2-v5-hard-085","magnet:m1","arrow:a2","POLARITY_DEPENDENCY","0.1667","5","8"
"d2-v5-hard-085","magnet:m1","arrow:a3","MAGNET_CONTROL","0.1667","5","8"
"d2-v5-hard-085","magnet:m1","arrow:a3","POLARITY_DEPENDENCY","0.1667","5","8"
"d2-v5-hard-085","magnet:m3","arrow:a1","MAGNET_CONTROL","0.1667","5","8"
"d2-v5-hard-085","magnet:m4","arrow:a4","MAGNET_CONTROL","0.1667","5","8"
"d2-v5-hard-085","wall:3,1","arrow:a2","ROUTE_BLOCK","0.1667","5","8"
"d2-v5-easy-086","arrow:a1","arrow:a2","EXPOSURE","0.5238","1","7"
"d2-v5-easy-086","arrow:a1","arrow:a2","STATE_DEPENDENCY","0.5238","1","7"
"d2-v5-easy-086","arrow:a1","arrow:a2","REVEAL","0.5238","1","7"
"d2-v5-easy-086","arrow:a1","arrow:a2","ALTERNATIVE_PATH","0.5238","1","7"
"d2-v5-easy-086","arrow:a1","arrow:a3","COLLISION","0.5238","1","7"
"d2-v5-easy-086","arrow:a1","arrow:a3","OCCLUSION","0.5238","1","7"
"d2-v5-easy-086","arrow:a1","arrow:a3","EXPOSURE","0.5238","1","7"
"d2-v5-easy-086","arrow:a1","arrow:a3","STATE_DEPENDENCY","0.5238","1","7"
"d2-v5-easy-086","arrow:a1","arrow:a3","REVEAL","0.5238","1","7"
"d2-v5-easy-086","arrow:a1","arrow:a3","ALTERNATIVE_PATH","0.5238","1","7"
"d2-v5-easy-086","arrow:a1","arrow:a4","ROUTE_BLOCK","0.5238","1","7"
"d2-v5-easy-086","arrow:a1","arrow:a4","EXPOSURE","0.5238","1","7"
"d2-v5-easy-086","arrow:a1","arrow:a4","STATE_DEPENDENCY","0.5238","1","7"
"d2-v5-easy-086","arrow:a1","arrow:a4","REVEAL","0.5238","1","7"
"d2-v5-easy-086","arrow:a2","arrow:a1","EXPOSURE","0.5238","1","7"
"d2-v5-easy-086","arrow:a2","arrow:a1","ORDER_DEPENDENCY","0.5238","1","7"
"d2-v5-easy-086","arrow:a2","arrow:a1","STATE_DEPENDENCY","0.5238","1","7"
"d2-v5-easy-086","arrow:a2","arrow:a1","REVEAL","0.5238","1","7"
"d2-v5-easy-086","arrow:a2","arrow:a3","ALTERNATIVE_PATH","0.5238","1","7"
"d2-v5-easy-086","arrow:a2","arrow:a4","ALTERNATIVE_PATH","0.5238","1","7"
"d2-v5-easy-086","arrow:a2","magnet:m2","COLLISION","0.5238","1","7"
"d2-v5-easy-086","arrow:a3","arrow:a1","ROUTE_BLOCK","0.5238","1","7"
"d2-v5-easy-086","arrow:a3","arrow:a1","EXPOSURE","0.5238","1","7"
"d2-v5-easy-086","arrow:a3","arrow:a1","STATE_DEPENDENCY","0.5238","1","7"
"d2-v5-easy-086","arrow:a3","arrow:a1","REVEAL","0.5238","1","7"
"d2-v5-easy-086","arrow:a3","arrow:a2","EXPOSURE","0.5238","1","7"
"d2-v5-easy-086","arrow:a3","arrow:a2","STATE_DEPENDENCY","0.5238","1","7"
"d2-v5-easy-086","arrow:a3","arrow:a2","REVEAL","0.5238","1","7"
"d2-v5-easy-086","arrow:a3","arrow:a4","ALTERNATIVE_PATH","0.5238","1","7"
"d2-v5-easy-086","arrow:a4","arrow:a1","COLLISION","0.5238","1","7"
"d2-v5-easy-086","magnet:m1","arrow:a4","MAGNET_CONTROL","0.5238","1","7"
"d2-v5-easy-086","magnet:m2","arrow:a2","ROUTE_BLOCK","0.5238","1","7"
"d2-v5-easy-086","magnet:m3","arrow:a1","MAGNET_CONTROL","0.5238","1","7"
"d2-v5-easy-086","magnet:m3","arrow:a1","POLARITY_DEPENDENCY","0.5238","1","7"
"d2-v5-easy-086","magnet:m3","arrow:a2","MAGNET_CONTROL","0.5238","1","7"
"d2-v5-easy-086","magnet:m3","arrow:a2","POLARITY_DEPENDENCY","0.5238","1","7"
"d2-v5-easy-086","magnet:m3","arrow:a3","MAGNET_CONTROL","0.5238","1","7"
"d2-v5-easy-086","magnet:m3","arrow:a3","POLARITY_DEPENDENCY","0.5238","1","7"
"d2-v5-medium-087","arrow:a1","arrow:a2","ROUTE_BLOCK","0.3636","4","8"
"d2-v5-medium-087","arrow:a1","arrow:a2","EXPOSURE","0.3636","4","8"
"d2-v5-medium-087","arrow:a1","arrow:a2","STATE_DEPENDENCY","0.3636","4","8"
"d2-v5-medium-087","arrow:a1","arrow:a2","REVEAL","0.3636","4","8"
"d2-v5-medium-087","arrow:a1","arrow:a2","ALTERNATIVE_PATH","0.3636","4","8"
"d2-v5-medium-087","arrow:a1","arrow:a3","ALTERNATIVE_PATH","0.3636","4","8"
"d2-v5-medium-087","arrow:a1","arrow:a4","COLLISION","0.3636","4","8"
"d2-v5-medium-087","arrow:a1","arrow:a4","OCCLUSION","0.3636","4","8"
"d2-v5-medium-087","arrow:a1","arrow:a5","EXPOSURE","0.3636","4","8"
"d2-v5-medium-087","arrow:a1","arrow:a5","STATE_DEPENDENCY","0.3636","4","8"
"d2-v5-medium-087","arrow:a1","arrow:a5","REVEAL","0.3636","4","8"
"d2-v5-medium-087","arrow:a1","arrow:a5","ALTERNATIVE_PATH","0.3636","4","8"
"d2-v5-medium-087","arrow:a1","arrow:a6","ALTERNATIVE_PATH","0.3636","4","8"
"d2-v5-medium-087","arrow:a2","arrow:a1","COLLISION","0.3636","4","8"
"d2-v5-medium-087","arrow:a2","arrow:a1","OCCLUSION","0.3636","4","8"
"d2-v5-medium-087","arrow:a2","arrow:a1","EXPOSURE","0.3636","4","8"
"d2-v5-medium-087","arrow:a2","arrow:a1","STATE_DEPENDENCY","0.3636","4","8"
"d2-v5-medium-087","arrow:a2","arrow:a1","REVEAL","0.3636","4","8"
"d2-v5-medium-087","arrow:a2","arrow:a3","EXPOSURE","0.3636","4","8"
"d2-v5-medium-087","arrow:a2","arrow:a3","STATE_DEPENDENCY","0.3636","4","8"
"d2-v5-medium-087","arrow:a2","arrow:a3","REVEAL","0.3636","4","8"
"d2-v5-medium-087","arrow:a2","arrow:a3","ALTERNATIVE_PATH","0.3636","4","8"
"d2-v5-medium-087","arrow:a2","arrow:a4","ALTERNATIVE_PATH","0.3636","4","8"
"d2-v5-medium-087","arrow:a2","arrow:a5","EXPOSURE","0.3636","4","8"
"d2-v5-medium-087","arrow:a2","arrow:a5","STATE_DEPENDENCY","0.3636","4","8"
"d2-v5-medium-087","arrow:a2","arrow:a5","REVEAL","0.3636","4","8"
"d2-v5-medium-087","arrow:a2","arrow:a5","ALTERNATIVE_PATH","0.3636","4","8"
"d2-v5-medium-087","arrow:a2","arrow:a6","ALTERNATIVE_PATH","0.3636","4","8"
"d2-v5-medium-087","arrow:a3","arrow:a2","EXPOSURE","0.3636","4","8"
"d2-v5-medium-087","arrow:a3","arrow:a2","STATE_DEPENDENCY","0.3636","4","8"
"d2-v5-medium-087","arrow:a3","arrow:a2","REVEAL","0.3636","4","8"
"d2-v5-medium-087","arrow:a3","arrow:a4","ALTERNATIVE_PATH","0.3636","4","8"
"d2-v5-medium-087","arrow:a3","arrow:a5","EXPOSURE","0.3636","4","8"
"d2-v5-medium-087","arrow:a3","arrow:a5","STATE_DEPENDENCY","0.3636","4","8"
"d2-v5-medium-087","arrow:a3","arrow:a5","REVEAL","0.3636","4","8"
"d2-v5-medium-087","arrow:a3","arrow:a6","ALTERNATIVE_PATH","0.3636","4","8"
"d2-v5-medium-087","arrow:a4","arrow:a1","ROUTE_BLOCK","0.3636","4","8"
"d2-v5-medium-087","arrow:a4","arrow:a1","EXPOSURE","0.3636","4","8"
"d2-v5-medium-087","arrow:a4","arrow:a1","STATE_DEPENDENCY","0.3636","4","8"
"d2-v5-medium-087","arrow:a4","arrow:a1","REVEAL","0.3636","4","8"
"d2-v5-medium-087","arrow:a4","arrow:a5","ALTERNATIVE_PATH","0.3636","4","8"
"d2-v5-medium-087","arrow:a4","arrow:a6","ROUTE_BLOCK","0.3636","4","8"
"d2-v5-medium-087","arrow:a4","arrow:a6","EXPOSURE","0.3636","4","8"
"d2-v5-medium-087","arrow:a4","arrow:a6","STATE_DEPENDENCY","0.3636","4","8"
"d2-v5-medium-087","arrow:a4","arrow:a6","REVEAL","0.3636","4","8"
"d2-v5-medium-087","arrow:a5","arrow:a2","EXPOSURE","0.3636","4","8"
"d2-v5-medium-087","arrow:a5","arrow:a2","ORDER_DEPENDENCY","0.3636","4","8"
"d2-v5-medium-087","arrow:a5","arrow:a2","STATE_DEPENDENCY","0.3636","4","8"
"d2-v5-medium-087","arrow:a5","arrow:a2","REVEAL","0.3636","4","8"
"d2-v5-medium-087","arrow:a5","arrow:a3","EXPOSURE","0.3636","4","8"
"d2-v5-medium-087","arrow:a5","arrow:a3","ORDER_DEPENDENCY","0.3636","4","8"
"d2-v5-medium-087","arrow:a5","arrow:a3","STATE_DEPENDENCY","0.3636","4","8"
"d2-v5-medium-087","arrow:a5","arrow:a3","REVEAL","0.3636","4","8"
"d2-v5-medium-087","arrow:a5","arrow:a6","ALTERNATIVE_PATH","0.3636","4","8"
"d2-v5-medium-087","arrow:a5","wall:4,4","COLLISION","0.3636","4","8"
"d2-v5-medium-087","arrow:a6","arrow:a2","ORDER_DEPENDENCY","0.3636","4","8"
"d2-v5-medium-087","arrow:a6","arrow:a3","ORDER_DEPENDENCY","0.3636","4","8"
"d2-v5-medium-087","arrow:a6","arrow:a4","COLLISION","0.3636","4","8"
"d2-v5-medium-087","magnet:m1","arrow:a1","MAGNET_CONTROL","0.3636","4","8"
"d2-v5-medium-087","magnet:m1","arrow:a1","POLARITY_DEPENDENCY","0.3636","4","8"
"d2-v5-medium-087","magnet:m1","arrow:a2","MAGNET_CONTROL","0.3636","4","8"
"d2-v5-medium-087","magnet:m1","arrow:a2","POLARITY_DEPENDENCY","0.3636","4","8"
"d2-v5-medium-087","magnet:m1","arrow:a3","MAGNET_CONTROL","0.3636","4","8"
"d2-v5-medium-087","magnet:m1","arrow:a3","POLARITY_DEPENDENCY","0.3636","4","8"
"d2-v5-medium-087","magnet:m1","arrow:a5","MAGNET_CONTROL","0.3636","4","8"
"d2-v5-medium-087","magnet:m1","arrow:a5","POLARITY_DEPENDENCY","0.3636","4","8"
"d2-v5-medium-087","wall:4,4","arrow:a5","ROUTE_BLOCK","0.3636","4","8"
"d2-v5-expert-088","arrow:a1","arrow:a2","ALTERNATIVE_PATH","0.4545","2","10"
"d2-v5-expert-088","arrow:a1","arrow:a3","EXPOSURE","0.4545","2","10"
"d2-v5-expert-088","arrow:a1","arrow:a3","STATE_DEPENDENCY","0.4545","2","10"
"d2-v5-expert-088","arrow:a1","arrow:a3","REVEAL","0.4545","2","10"
"d2-v5-expert-088","arrow:a1","arrow:a4","ORDER_DEPENDENCY","0.4545","2","10"
"d2-v5-expert-088","arrow:a1","arrow:a4","ALTERNATIVE_PATH","0.4545","2","10"
"d2-v5-expert-088","arrow:a1","arrow:a5","ALTERNATIVE_PATH","0.4545","2","10"
"d2-v5-expert-088","arrow:a1","arrow:a6","EXPOSURE","0.4545","2","10"
"d2-v5-expert-088","arrow:a1","arrow:a6","STATE_DEPENDENCY","0.4545","2","10"
"d2-v5-expert-088","arrow:a1","arrow:a6","REVEAL","0.4545","2","10"
"d2-v5-expert-088","arrow:a2","arrow:a1","ORDER_DEPENDENCY","0.4545","2","10"
"d2-v5-expert-088","arrow:a2","arrow:a3","ALTERNATIVE_PATH","0.4545","2","10"
"d2-v5-expert-088","arrow:a2","arrow:a4","EXPOSURE","0.4545","2","10"
"d2-v5-expert-088","arrow:a2","arrow:a4","ORDER_DEPENDENCY","0.4545","2","10"
"d2-v5-expert-088","arrow:a2","arrow:a4","STATE_DEPENDENCY","0.4545","2","10"
"d2-v5-expert-088","arrow:a2","arrow:a4","REVEAL","0.4545","2","10"
"d2-v5-expert-088","arrow:a2","arrow:a5","COLLISION","0.4545","2","10"
"d2-v5-expert-088","arrow:a2","arrow:a5","OCCLUSION","0.4545","2","10"
"d2-v5-expert-088","arrow:a2","arrow:a5","EXPOSURE","0.4545","2","10"
"d2-v5-expert-088","arrow:a2","arrow:a5","STATE_DEPENDENCY","0.4545","2","10"
"d2-v5-expert-088","arrow:a2","arrow:a5","REVEAL","0.4545","2","10"
"d2-v5-expert-088","arrow:a2","arrow:a6","ALTERNATIVE_PATH","0.4545","2","10"
"d2-v5-expert-088","arrow:a3","arrow:a1","ORDER_DEPENDENCY","0.4545","2","10"
"d2-v5-expert-088","arrow:a3","arrow:a4","ORDER_DEPENDENCY","0.4545","2","10"
"d2-v5-expert-088","arrow:a3","arrow:a4","ALTERNATIVE_PATH","0.4545","2","10"
"d2-v5-expert-088","arrow:a3","arrow:a5","ALTERNATIVE_PATH","0.4545","2","10"
"d2-v5-expert-088","arrow:a3","arrow:a6","ROUTE_BLOCK","0.4545","2","10"
"d2-v5-expert-088","arrow:a3","arrow:a6","ALTERNATIVE_PATH","0.4545","2","10"
"d2-v5-expert-088","arrow:a3","wall:3,4","COLLISION","0.4545","2","10"
"d2-v5-expert-088","arrow:a4","arrow:a1","ORDER_DEPENDENCY","0.4545","2","10"
"d2-v5-expert-088","arrow:a4","arrow:a2","EXPOSURE","0.4545","2","10"
"d2-v5-expert-088","arrow:a4","arrow:a2","STATE_DEPENDENCY","0.4545","2","10"
"d2-v5-expert-088","arrow:a4","arrow:a2","REVEAL","0.4545","2","10"
"d2-v5-expert-088","arrow:a4","arrow:a5","EXPOSURE","0.4545","2","10"
"d2-v5-expert-088","arrow:a4","arrow:a5","STATE_DEPENDENCY","0.4545","2","10"
"d2-v5-expert-088","arrow:a4","arrow:a5","REVEAL","0.4545","2","10"
"d2-v5-expert-088","arrow:a4","arrow:a6","ALTERNATIVE_PATH","0.4545","2","10"
"d2-v5-expert-088","arrow:a5","arrow:a1","ORDER_DEPENDENCY","0.4545","2","10"
"d2-v5-expert-088","arrow:a5","arrow:a2","ROUTE_BLOCK","0.4545","2","10"
"d2-v5-expert-088","arrow:a5","arrow:a6","ALTERNATIVE_PATH","0.4545","2","10"
"d2-v5-expert-088","arrow:a5","wall:3,4","COLLISION","0.4545","2","10"
"d2-v5-expert-088","arrow:a5","wall:5,3","COLLISION","0.4545","2","10"
"d2-v5-expert-088","arrow:a6","arrow:a1","EXPOSURE","0.4545","2","10"
"d2-v5-expert-088","arrow:a6","arrow:a1","ORDER_DEPENDENCY","0.4545","2","10"
"d2-v5-expert-088","arrow:a6","arrow:a1","STATE_DEPENDENCY","0.4545","2","10"
"d2-v5-expert-088","arrow:a6","arrow:a1","REVEAL","0.4545","2","10"
"d2-v5-expert-088","arrow:a6","arrow:a3","COLLISION","0.4545","2","10"
"d2-v5-expert-088","arrow:a6","arrow:a3","OCCLUSION","0.4545","2","10"
"d2-v5-expert-088","arrow:a6","arrow:a3","EXPOSURE","0.4545","2","10"
"d2-v5-expert-088","arrow:a6","arrow:a3","STATE_DEPENDENCY","0.4545","2","10"
"d2-v5-expert-088","arrow:a6","arrow:a3","REVEAL","0.4545","2","10"
"d2-v5-expert-088","arrow:a6","arrow:a4","ORDER_DEPENDENCY","0.4545","2","10"
"d2-v5-expert-088","arrow:a6","wall:3,4","COLLISION","0.4545","2","10"
"d2-v5-expert-088","magnet:m2","arrow:a1","MAGNET_CONTROL","0.4545","2","10"
"d2-v5-expert-088","magnet:m2","arrow:a1","POLARITY_DEPENDENCY","0.4545","2","10"
"d2-v5-expert-088","magnet:m2","arrow:a3","MAGNET_CONTROL","0.4545","2","10"
"d2-v5-expert-088","magnet:m2","arrow:a3","POLARITY_DEPENDENCY","0.4545","2","10"
"d2-v5-expert-088","magnet:m2","arrow:a6","MAGNET_CONTROL","0.4545","2","10"
"d2-v5-expert-088","magnet:m2","arrow:a6","POLARITY_DEPENDENCY","0.4545","2","10"
"d2-v5-expert-088","magnet:m3","arrow:a2","MAGNET_CONTROL","0.4545","2","10"
"d2-v5-expert-088","magnet:m3","arrow:a2","POLARITY_DEPENDENCY","0.4545","2","10"
"d2-v5-expert-088","magnet:m3","arrow:a4","OCCLUSION","0.4545","2","10"
"d2-v5-expert-088","magnet:m3","arrow:a4","MAGNET_CONTROL","0.4545","2","10"
"d2-v5-expert-088","magnet:m3","arrow:a4","POLARITY_DEPENDENCY","0.4545","2","10"
"d2-v5-expert-088","magnet:m3","arrow:a5","MAGNET_CONTROL","0.4545","2","10"
"d2-v5-expert-088","magnet:m3","arrow:a5","POLARITY_DEPENDENCY","0.4545","2","10"
"d2-v5-expert-088","wall:3,4","arrow:a3","OCCLUSION","0.4545","2","10"
"d2-v5-expert-088","wall:3,4","arrow:a3","ROUTE_BLOCK","0.4545","2","10"
"d2-v5-expert-088","wall:3,4","arrow:a5","OCCLUSION","0.4545","2","10"
"d2-v5-expert-088","wall:3,4","arrow:a5","ROUTE_BLOCK","0.4545","2","10"
"d2-v5-expert-088","wall:3,4","arrow:a6","ROUTE_BLOCK","0.4545","2","10"
"d2-v5-expert-088","wall:5,3","arrow:a5","ROUTE_BLOCK","0.4545","2","10"
"d2-v5-hard-089","arrow:a1","arrow:a2","ORDER_DEPENDENCY","0.4167","2","8"
"d2-v5-hard-089","arrow:a1","arrow:a2","ALTERNATIVE_PATH","0.4167","2","8"
"d2-v5-hard-089","arrow:a1","arrow:a3","ALTERNATIVE_PATH","0.4167","2","8"
"d2-v5-hard-089","arrow:a1","arrow:a4","ALTERNATIVE_PATH","0.4167","2","8"
"d2-v5-hard-089","arrow:a1","arrow:a5","ALTERNATIVE_PATH","0.4167","2","8"
"d2-v5-hard-089","arrow:a2","arrow:a3","EXPOSURE","0.4167","2","8"
"d2-v5-hard-089","arrow:a2","arrow:a3","STATE_DEPENDENCY","0.4167","2","8"
"d2-v5-hard-089","arrow:a2","arrow:a3","REVEAL","0.4167","2","8"
"d2-v5-hard-089","arrow:a2","arrow:a4","COLLISION","0.4167","2","8"
"d2-v5-hard-089","arrow:a2","arrow:a4","OCCLUSION","0.4167","2","8"
"d2-v5-hard-089","arrow:a2","arrow:a4","EXPOSURE","0.4167","2","8"
"d2-v5-hard-089","arrow:a2","arrow:a4","STATE_DEPENDENCY","0.4167","2","8"
"d2-v5-hard-089","arrow:a2","arrow:a4","REVEAL","0.4167","2","8"
"d2-v5-hard-089","arrow:a2","arrow:a5","EXPOSURE","0.4167","2","8"
"d2-v5-hard-089","arrow:a2","arrow:a5","STATE_DEPENDENCY","0.4167","2","8"
"d2-v5-hard-089","arrow:a2","arrow:a5","REVEAL","0.4167","2","8"
"d2-v5-hard-089","arrow:a3","arrow:a5","COLLISION","0.4167","2","8"
"d2-v5-hard-089","arrow:a3","arrow:a5","ROUTE_BLOCK","0.4167","2","8"
"d2-v5-hard-089","arrow:a3","magnet:m1","COLLISION","0.4167","2","8"
"d2-v5-hard-089","arrow:a4","arrow:a2","ROUTE_BLOCK","0.4167","2","8"
"d2-v5-hard-089","arrow:a4","arrow:a2","EXPOSURE","0.4167","2","8"
"d2-v5-hard-089","arrow:a4","arrow:a2","ORDER_DEPENDENCY","0.4167","2","8"
"d2-v5-hard-089","arrow:a4","arrow:a2","STATE_DEPENDENCY","0.4167","2","8"
"d2-v5-hard-089","arrow:a4","arrow:a2","REVEAL","0.4167","2","8"
"d2-v5-hard-089","arrow:a4","arrow:a5","EXPOSURE","0.4167","2","8"
"d2-v5-hard-089","arrow:a4","arrow:a5","STATE_DEPENDENCY","0.4167","2","8"
"d2-v5-hard-089","arrow:a4","arrow:a5","REVEAL","0.4167","2","8"
"d2-v5-hard-089","arrow:a4","arrow:a5","ALTERNATIVE_PATH","0.4167","2","8"
"d2-v5-hard-089","arrow:a5","arrow:a2","EXPOSURE","0.4167","2","8"
"d2-v5-hard-089","arrow:a5","arrow:a2","ORDER_DEPENDENCY","0.4167","2","8"
"d2-v5-hard-089","arrow:a5","arrow:a2","STATE_DEPENDENCY","0.4167","2","8"
"d2-v5-hard-089","arrow:a5","arrow:a2","REVEAL","0.4167","2","8"
"d2-v5-hard-089","arrow:a5","arrow:a3","COLLISION","0.4167","2","8"
"d2-v5-hard-089","arrow:a5","arrow:a3","OCCLUSION","0.4167","2","8"
"d2-v5-hard-089","arrow:a5","arrow:a3","ROUTE_BLOCK","0.4167","2","8"
"d2-v5-hard-089","arrow:a5","arrow:a3","EXPOSURE","0.4167","2","8"
"d2-v5-hard-089","arrow:a5","arrow:a3","STATE_DEPENDENCY","0.4167","2","8"
"d2-v5-hard-089","arrow:a5","arrow:a3","REVEAL","0.4167","2","8"
"d2-v5-hard-089","magnet:m1","arrow:a3","MAGNET_CONTROL","0.4167","2","8"
"d2-v5-hard-089","magnet:m1","arrow:a3","ROUTE_BLOCK","0.4167","2","8"
"d2-v5-hard-089","magnet:m2","arrow:a2","MAGNET_CONTROL","0.4167","2","8"
"d2-v5-hard-089","magnet:m2","arrow:a2","POLARITY_DEPENDENCY","0.4167","2","8"
"d2-v5-hard-089","magnet:m2","arrow:a3","MAGNET_CONTROL","0.4167","2","8"
"d2-v5-hard-089","magnet:m2","arrow:a3","POLARITY_DEPENDENCY","0.4167","2","8"
"d2-v5-hard-089","magnet:m2","arrow:a4","MAGNET_CONTROL","0.4167","2","8"
"d2-v5-hard-089","magnet:m2","arrow:a4","POLARITY_DEPENDENCY","0.4167","2","8"
"d2-v5-hard-089","magnet:m2","arrow:a5","MAGNET_CONTROL","0.4167","2","8"
"d2-v5-hard-089","magnet:m2","arrow:a5","POLARITY_DEPENDENCY","0.4167","2","8"
"d2-v5-hard-089","wall:6,1","arrow:a1","OCCLUSION","0.4167","2","8"
"d2-v5-medium-090","arrow:a1","arrow:a2","ALTERNATIVE_PATH","0.619","2","6"
"d2-v5-medium-090","arrow:a1","arrow:a3","EXPOSURE","0.619","2","6"
"d2-v5-medium-090","arrow:a1","arrow:a3","STATE_DEPENDENCY","0.619","2","6"
"d2-v5-medium-090","arrow:a1","arrow:a3","REVEAL","0.619","2","6"
"d2-v5-medium-090","arrow:a1","arrow:a4","EXPOSURE","0.619","2","6"
"d2-v5-medium-090","arrow:a1","arrow:a4","STATE_DEPENDENCY","0.619","2","6"
"d2-v5-medium-090","arrow:a1","arrow:a4","REVEAL","0.619","2","6"
"d2-v5-medium-090","arrow:a1","arrow:a4","ALTERNATIVE_PATH","0.619","2","6"
"d2-v5-medium-090","arrow:a1","arrow:a5","EXPOSURE","0.619","2","6"
"d2-v5-medium-090","arrow:a1","arrow:a5","STATE_DEPENDENCY","0.619","2","6"
"d2-v5-medium-090","arrow:a1","arrow:a5","REVEAL","0.619","2","6"
"d2-v5-medium-090","arrow:a1","arrow:a5","ALTERNATIVE_PATH","0.619","2","6"
"d2-v5-medium-090","arrow:a2","arrow:a4","ALTERNATIVE_PATH","0.619","2","6"
"d2-v5-medium-090","arrow:a2","arrow:a5","COLLISION","0.619","2","6"
"d2-v5-medium-090","arrow:a2","arrow:a5","ROUTE_BLOCK","0.619","2","6"
"d2-v5-medium-090","arrow:a3","arrow:a1","EXPOSURE","0.619","2","6"
"d2-v5-medium-090","arrow:a3","arrow:a1","ORDER_DEPENDENCY","0.619","2","6"
"d2-v5-medium-090","arrow:a3","arrow:a1","STATE_DEPENDENCY","0.619","2","6"
"d2-v5-medium-090","arrow:a3","arrow:a1","REVEAL","0.619","2","6"
"d2-v5-medium-090","arrow:a3","arrow:a4","EXPOSURE","0.619","2","6"
"d2-v5-medium-090","arrow:a3","arrow:a4","ORDER_DEPENDENCY","0.619","2","6"
"d2-v5-medium-090","arrow:a3","arrow:a4","STATE_DEPENDENCY","0.619","2","6"
"d2-v5-medium-090","arrow:a3","arrow:a4","REVEAL","0.619","2","6"
"d2-v5-medium-090","arrow:a3","arrow:a5","COLLISION","0.619","2","6"
"d2-v5-medium-090","arrow:a3","arrow:a5","OCCLUSION","0.619","2","6"
"d2-v5-medium-090","arrow:a3","arrow:a5","EXPOSURE","0.619","2","6"
"d2-v5-medium-090","arrow:a3","arrow:a5","STATE_DEPENDENCY","0.619","2","6"
"d2-v5-medium-090","arrow:a3","arrow:a5","REVEAL","0.619","2","6"
"d2-v5-medium-090","arrow:a4","arrow:a1","EXPOSURE","0.619","2","6"
"d2-v5-medium-090","arrow:a4","arrow:a1","STATE_DEPENDENCY","0.619","2","6"
"d2-v5-medium-090","arrow:a4","arrow:a1","REVEAL","0.619","2","6"
"d2-v5-medium-090","arrow:a4","arrow:a3","EXPOSURE","0.619","2","6"
"d2-v5-medium-090","arrow:a4","arrow:a3","STATE_DEPENDENCY","0.619","2","6"
"d2-v5-medium-090","arrow:a4","arrow:a3","REVEAL","0.619","2","6"
"d2-v5-medium-090","arrow:a4","arrow:a5","EXPOSURE","0.619","2","6"
"d2-v5-medium-090","arrow:a4","arrow:a5","STATE_DEPENDENCY","0.619","2","6"
"d2-v5-medium-090","arrow:a4","arrow:a5","REVEAL","0.619","2","6"
"d2-v5-medium-090","arrow:a4","arrow:a5","ALTERNATIVE_PATH","0.619","2","6"
"d2-v5-medium-090","arrow:a5","arrow:a1","EXPOSURE","0.619","2","6"
"d2-v5-medium-090","arrow:a5","arrow:a1","STATE_DEPENDENCY","0.619","2","6"
"d2-v5-medium-090","arrow:a5","arrow:a1","REVEAL","0.619","2","6"
"d2-v5-medium-090","arrow:a5","arrow:a2","COLLISION","0.619","2","6"
"d2-v5-medium-090","arrow:a5","arrow:a2","ROUTE_BLOCK","0.619","2","6"
"d2-v5-medium-090","arrow:a5","arrow:a2","EXPOSURE","0.619","2","6"
"d2-v5-medium-090","arrow:a5","arrow:a2","STATE_DEPENDENCY","0.619","2","6"
"d2-v5-medium-090","arrow:a5","arrow:a2","REVEAL","0.619","2","6"
"d2-v5-medium-090","arrow:a5","arrow:a3","ROUTE_BLOCK","0.619","2","6"
"d2-v5-medium-090","arrow:a5","arrow:a4","EXPOSURE","0.619","2","6"
"d2-v5-medium-090","arrow:a5","arrow:a4","STATE_DEPENDENCY","0.619","2","6"
"d2-v5-medium-090","arrow:a5","arrow:a4","REVEAL","0.619","2","6"
"d2-v5-medium-090","magnet:m1","arrow:a1","MAGNET_CONTROL","0.619","2","6"
"d2-v5-medium-090","magnet:m1","arrow:a1","POLARITY_DEPENDENCY","0.619","2","6"
"d2-v5-medium-090","magnet:m1","arrow:a3","MAGNET_CONTROL","0.619","2","6"
"d2-v5-medium-090","magnet:m1","arrow:a3","POLARITY_DEPENDENCY","0.619","2","6"
"d2-v5-medium-090","magnet:m1","arrow:a4","MAGNET_CONTROL","0.619","2","6"
"d2-v5-medium-090","magnet:m1","arrow:a4","POLARITY_DEPENDENCY","0.619","2","6"
"d2-v5-medium-090","magnet:m1","arrow:a5","MAGNET_CONTROL","0.619","2","6"
"d2-v5-medium-090","magnet:m1","arrow:a5","POLARITY_DEPENDENCY","0.619","2","6"
"d2-v5-master-091","arrow:a1","arrow:a2","ROUTE_BLOCK","0.3333","4","7"
"d2-v5-master-091","arrow:a1","arrow:a2","ORDER_DEPENDENCY","0.3333","4","7"
"d2-v5-master-091","arrow:a1","arrow:a3","ORDER_DEPENDENCY","0.3333","4","7"
"d2-v5-master-091","arrow:a1","arrow:a4","ALTERNATIVE_PATH","0.3333","4","7"
"d2-v5-master-091","arrow:a1","arrow:a5","ALTERNATIVE_PATH","0.3333","4","7"
"d2-v5-master-091","arrow:a1","magnet:m1","COLLISION","0.3333","4","7"
"d2-v5-master-091","arrow:a2","arrow:a1","COLLISION","0.3333","4","7"
"d2-v5-master-091","arrow:a2","arrow:a1","OCCLUSION","0.3333","4","7"
"d2-v5-master-091","arrow:a2","arrow:a1","EXPOSURE","0.3333","4","7"
"d2-v5-master-091","arrow:a2","arrow:a1","STATE_DEPENDENCY","0.3333","4","7"
"d2-v5-master-091","arrow:a2","arrow:a1","REVEAL","0.3333","4","7"
"d2-v5-master-091","arrow:a2","arrow:a3","EXPOSURE","0.3333","4","7"
"d2-v5-master-091","arrow:a2","arrow:a3","ORDER_DEPENDENCY","0.3333","4","7"
"d2-v5-master-091","arrow:a2","arrow:a3","STATE_DEPENDENCY","0.3333","4","7"
"d2-v5-master-091","arrow:a2","arrow:a3","REVEAL","0.3333","4","7"
"d2-v5-master-091","arrow:a2","arrow:a4","ALTERNATIVE_PATH","0.3333","4","7"
"d2-v5-master-091","arrow:a2","arrow:a5","ALTERNATIVE_PATH","0.3333","4","7"
"d2-v5-master-091","arrow:a2","magnet:m1","COLLISION","0.3333","4","7"
"d2-v5-master-091","arrow:a3","arrow:a2","EXPOSURE","0.3333","4","7"
"d2-v5-master-091","arrow:a3","arrow:a2","STATE_DEPENDENCY","0.3333","4","7"
"d2-v5-master-091","arrow:a3","arrow:a2","REVEAL","0.3333","4","7"
"d2-v5-master-091","arrow:a3","arrow:a4","ALTERNATIVE_PATH","0.3333","4","7"
"d2-v5-master-091","arrow:a3","arrow:a5","ALTERNATIVE_PATH","0.3333","4","7"
"d2-v5-master-091","arrow:a4","arrow:a2","ORDER_DEPENDENCY","0.3333","4","7"
"d2-v5-master-091","arrow:a4","arrow:a3","ORDER_DEPENDENCY","0.3333","4","7"
"d2-v5-master-091","arrow:a4","arrow:a5","ALTERNATIVE_PATH","0.3333","4","7"
"d2-v5-master-091","arrow:a5","arrow:a2","ORDER_DEPENDENCY","0.3333","4","7"
"d2-v5-master-091","arrow:a5","arrow:a3","ORDER_DEPENDENCY","0.3333","4","7"
"d2-v5-master-091","magnet:m1","arrow:a1","MAGNET_CONTROL","0.3333","4","7"
"d2-v5-master-091","magnet:m1","arrow:a1","ROUTE_BLOCK","0.3333","4","7"
"d2-v5-master-091","magnet:m1","arrow:a2","ROUTE_BLOCK","0.3333","4","7"
"d2-v5-master-091","magnet:m1","magnet:m2","CANCELLATION","0.3333","4","7"
"d2-v5-master-091","magnet:m2","arrow:a2","MAGNET_CONTROL","0.3333","4","7"
"d2-v5-master-091","magnet:m2","arrow:a2","POLARITY_DEPENDENCY","0.3333","4","7"
"d2-v5-master-091","magnet:m2","arrow:a3","MAGNET_CONTROL","0.3333","4","7"
"d2-v5-master-091","magnet:m2","arrow:a3","POLARITY_DEPENDENCY","0.3333","4","7"
"d2-v5-easy-092","arrow:a1","arrow:a2","ALTERNATIVE_PATH","0.5238","1","7"
"d2-v5-easy-092","arrow:a1","arrow:a3","EXPOSURE","0.5238","1","7"
"d2-v5-easy-092","arrow:a1","arrow:a3","STATE_DEPENDENCY","0.5238","1","7"
"d2-v5-easy-092","arrow:a1","arrow:a3","REVEAL","0.5238","1","7"
"d2-v5-easy-092","arrow:a1","arrow:a3","ALTERNATIVE_PATH","0.5238","1","7"
"d2-v5-easy-092","arrow:a1","arrow:a4","ORDER_DEPENDENCY","0.5238","1","7"
"d2-v5-easy-092","arrow:a1","arrow:a4","ALTERNATIVE_PATH","0.5238","1","7"
"d2-v5-easy-092","arrow:a2","arrow:a3","ALTERNATIVE_PATH","0.5238","1","7"
"d2-v5-easy-092","arrow:a2","arrow:a4","EXPOSURE","0.5238","1","7"
"d2-v5-easy-092","arrow:a2","arrow:a4","ORDER_DEPENDENCY","0.5238","1","7"
"d2-v5-easy-092","arrow:a2","arrow:a4","STATE_DEPENDENCY","0.5238","1","7"
"d2-v5-easy-092","arrow:a2","arrow:a4","REVEAL","0.5238","1","7"
"d2-v5-easy-092","arrow:a2","wall:3,4","COLLISION","0.5238","1","7"
"d2-v5-easy-092","arrow:a3","arrow:a1","EXPOSURE","0.5238","1","7"
"d2-v5-easy-092","arrow:a3","arrow:a1","STATE_DEPENDENCY","0.5238","1","7"
"d2-v5-easy-092","arrow:a3","arrow:a1","REVEAL","0.5238","1","7"
"d2-v5-easy-092","arrow:a3","arrow:a4","ORDER_DEPENDENCY","0.5238","1","7"
"d2-v5-easy-092","arrow:a3","arrow:a4","ALTERNATIVE_PATH","0.5238","1","7"
"d2-v5-easy-092","arrow:a4","arrow:a2","EXPOSURE","0.5238","1","7"
"d2-v5-easy-092","arrow:a4","arrow:a2","STATE_DEPENDENCY","0.5238","1","7"
"d2-v5-easy-092","arrow:a4","arrow:a2","REVEAL","0.5238","1","7"
"d2-v5-easy-092","magnet:m1","arrow:a1","MAGNET_CONTROL","0.5238","1","7"
"d2-v5-easy-092","magnet:m1","arrow:a1","POLARITY_DEPENDENCY","0.5238","1","7"
"d2-v5-easy-092","magnet:m1","arrow:a3","MAGNET_CONTROL","0.5238","1","7"
"d2-v5-easy-092","magnet:m1","arrow:a3","POLARITY_DEPENDENCY","0.5238","1","7"
"d2-v5-easy-092","magnet:m2","arrow:a2","MAGNET_CONTROL","0.5238","1","7"
"d2-v5-easy-092","magnet:m2","arrow:a2","POLARITY_DEPENDENCY","0.5238","1","7"
"d2-v5-easy-092","magnet:m2","arrow:a4","MAGNET_CONTROL","0.5238","1","7"
"d2-v5-easy-092","magnet:m2","arrow:a4","POLARITY_DEPENDENCY","0.5238","1","7"
"d2-v5-easy-092","wall:3,4","arrow:a2","ROUTE_BLOCK","0.5238","1","7"
"d2-v5-hard-093","arrow:a1","arrow:a3","COLLISION","0.2545","4","8"
"d2-v5-hard-093","arrow:a1","arrow:a3","OCCLUSION","0.2545","4","8"
"d2-v5-hard-093","arrow:a1","arrow:a3","EXPOSURE","0.2545","4","8"
"d2-v5-hard-093","arrow:a1","arrow:a3","STATE_DEPENDENCY","0.2545","4","8"
"d2-v5-hard-093","arrow:a1","arrow:a3","REVEAL","0.2545","4","8"
"d2-v5-hard-093","arrow:a1","arrow:a4","ALTERNATIVE_PATH","0.2545","4","8"
"d2-v5-hard-093","arrow:a1","arrow:a5","ROUTE_BLOCK","0.2545","4","8"
"d2-v5-hard-093","arrow:a2","arrow:a1","EXPOSURE","0.2545","4","8"
"d2-v5-hard-093","arrow:a2","arrow:a1","STATE_DEPENDENCY","0.2545","4","8"
"d2-v5-hard-093","arrow:a2","arrow:a1","REVEAL","0.2545","4","8"
"d2-v5-hard-093","arrow:a2","arrow:a4","ALTERNATIVE_PATH","0.2545","4","8"
"d2-v5-hard-093","arrow:a2","arrow:a5","EXPOSURE","0.2545","4","8"
"d2-v5-hard-093","arrow:a2","arrow:a5","STATE_DEPENDENCY","0.2545","4","8"
"d2-v5-hard-093","arrow:a2","arrow:a5","REVEAL","0.2545","4","8"
"d2-v5-hard-093","arrow:a3","arrow:a1","ROUTE_BLOCK","0.2545","4","8"
"d2-v5-hard-093","arrow:a3","arrow:a4","ALTERNATIVE_PATH","0.2545","4","8"
"d2-v5-hard-093","arrow:a3","wall:6,1","COLLISION","0.2545","4","8"
"d2-v5-hard-093","arrow:a4","arrow:a2","ORDER_DEPENDENCY","0.2545","4","8"
"d2-v5-hard-093","arrow:a4","arrow:a5","ALTERNATIVE_PATH","0.2545","4","8"
"d2-v5-hard-093","arrow:a5","arrow:a1","COLLISION","0.2545","4","8"
"d2-v5-hard-093","arrow:a5","arrow:a1","OCCLUSION","0.2545","4","8"
"d2-v5-hard-093","arrow:a5","arrow:a1","EXPOSURE","0.2545","4","8"
"d2-v5-hard-093","arrow:a5","arrow:a1","STATE_DEPENDENCY","0.2545","4","8"
"d2-v5-hard-093","arrow:a5","arrow:a1","REVEAL","0.2545","4","8"
"d2-v5-hard-093","arrow:a5","arrow:a2","EXPOSURE","0.2545","4","8"
"d2-v5-hard-093","arrow:a5","arrow:a2","ORDER_DEPENDENCY","0.2545","4","8"
"d2-v5-hard-093","arrow:a5","arrow:a2","STATE_DEPENDENCY","0.2545","4","8"
"d2-v5-hard-093","arrow:a5","arrow:a2","REVEAL","0.2545","4","8"
"d2-v5-hard-093","magnet:m1","arrow:a1","MAGNET_CONTROL","0.2545","4","8"
"d2-v5-hard-093","magnet:m1","arrow:a1","POLARITY_DEPENDENCY","0.2545","4","8"
"d2-v5-hard-093","magnet:m1","arrow:a2","OCCLUSION","0.2545","4","8"
"d2-v5-hard-093","magnet:m1","arrow:a2","MAGNET_CONTROL","0.2545","4","8"
"d2-v5-hard-093","magnet:m1","arrow:a2","POLARITY_DEPENDENCY","0.2545","4","8"
"d2-v5-hard-093","magnet:m1","arrow:a3","MAGNET_CONTROL","0.2545","4","8"
"d2-v5-hard-093","magnet:m1","arrow:a3","POLARITY_DEPENDENCY","0.2545","4","8"
"d2-v5-hard-093","magnet:m1","arrow:a5","MAGNET_CONTROL","0.2545","4","8"
"d2-v5-hard-093","magnet:m1","arrow:a5","POLARITY_DEPENDENCY","0.2545","4","8"
"d2-v5-hard-093","wall:2,6","arrow:a4","OCCLUSION","0.2545","4","8"
"d2-v5-hard-093","wall:6,1","arrow:a3","ROUTE_BLOCK","0.2545","4","8"
"d2-v5-easy-094","arrow:a1","arrow:a2","ALTERNATIVE_PATH","0.2778","3","7"
"d2-v5-easy-094","arrow:a1","arrow:a3","EXPOSURE","0.2778","3","7"
"d2-v5-easy-094","arrow:a1","arrow:a3","ORDER_DEPENDENCY","0.2778","3","7"
"d2-v5-easy-094","arrow:a1","arrow:a3","STATE_DEPENDENCY","0.2778","3","7"
"d2-v5-easy-094","arrow:a1","arrow:a3","REVEAL","0.2778","3","7"
"d2-v5-easy-094","arrow:a1","arrow:a4","ALTERNATIVE_PATH","0.2778","3","7"
"d2-v5-easy-094","arrow:a1","wall:7,6","COLLISION","0.2778","3","7"
"d2-v5-easy-094","arrow:a2","arrow:a3","ORDER_DEPENDENCY","0.2778","3","7"
"d2-v5-easy-094","arrow:a2","arrow:a3","ALTERNATIVE_PATH","0.2778","3","7"
"d2-v5-easy-094","arrow:a2","arrow:a4","ROUTE_BLOCK","0.2778","3","7"
"d2-v5-easy-094","arrow:a2","arrow:a4","EXPOSURE","0.2778","3","7"
"d2-v5-easy-094","arrow:a2","arrow:a4","STATE_DEPENDENCY","0.2778","3","7"
"d2-v5-easy-094","arrow:a2","arrow:a4","REVEAL","0.2778","3","7"
"d2-v5-easy-094","arrow:a3","arrow:a1","EXPOSURE","0.2778","3","7"
"d2-v5-easy-094","arrow:a3","arrow:a1","STATE_DEPENDENCY","0.2778","3","7"
"d2-v5-easy-094","arrow:a3","arrow:a1","REVEAL","0.2778","3","7"
"d2-v5-easy-094","arrow:a3","arrow:a4","ALTERNATIVE_PATH","0.2778","3","7"
"d2-v5-easy-094","arrow:a4","arrow:a2","COLLISION","0.2778","3","7"
"d2-v5-easy-094","arrow:a4","arrow:a2","OCCLUSION","0.2778","3","7"
"d2-v5-easy-094","arrow:a4","arrow:a3","ORDER_DEPENDENCY","0.2778","3","7"
"d2-v5-easy-094","magnet:m1","arrow:a1","MAGNET_CONTROL","0.2778","3","7"
"d2-v5-easy-094","magnet:m1","arrow:a1","POLARITY_DEPENDENCY","0.2778","3","7"
"d2-v5-easy-094","magnet:m1","arrow:a3","MAGNET_CONTROL","0.2778","3","7"
"d2-v5-easy-094","magnet:m1","arrow:a3","POLARITY_DEPENDENCY","0.2778","3","7"
"d2-v5-easy-094","magnet:m2","arrow:a4","MAGNET_CONTROL","0.2778","3","7"
"d2-v5-easy-094","wall:7,6","arrow:a1","ROUTE_BLOCK","0.2778","3","7"
"d2-v5-medium-095","arrow:a1","arrow:a3","EXPOSURE","0.3333","2","8"
"d2-v5-medium-095","arrow:a1","arrow:a3","STATE_DEPENDENCY","0.3333","2","8"
"d2-v5-medium-095","arrow:a1","arrow:a3","REVEAL","0.3333","2","8"
"d2-v5-medium-095","arrow:a1","arrow:a4","ALTERNATIVE_PATH","0.3333","2","8"
"d2-v5-medium-095","arrow:a1","wall:3,2","COLLISION","0.3333","2","8"
"d2-v5-medium-095","arrow:a2","arrow:a1","EXPOSURE","0.3333","2","8"
"d2-v5-medium-095","arrow:a2","arrow:a1","STATE_DEPENDENCY","0.3333","2","8"
"d2-v5-medium-095","arrow:a2","arrow:a1","REVEAL","0.3333","2","8"
"d2-v5-medium-095","arrow:a2","arrow:a3","ROUTE_BLOCK","0.3333","2","8"
"d2-v5-medium-095","arrow:a2","arrow:a4","ALTERNATIVE_PATH","0.3333","2","8"
"d2-v5-medium-095","arrow:a2","wall:5,5","COLLISION","0.3333","2","8"
"d2-v5-medium-095","arrow:a3","arrow:a1","EXPOSURE","0.3333","2","8"
"d2-v5-medium-095","arrow:a3","arrow:a1","ORDER_DEPENDENCY","0.3333","2","8"
"d2-v5-medium-095","arrow:a3","arrow:a1","STATE_DEPENDENCY","0.3333","2","8"
"d2-v5-medium-095","arrow:a3","arrow:a1","REVEAL","0.3333","2","8"
"d2-v5-medium-095","arrow:a3","arrow:a2","COLLISION","0.3333","2","8"
"d2-v5-medium-095","arrow:a3","arrow:a2","OCCLUSION","0.3333","2","8"
"d2-v5-medium-095","arrow:a3","arrow:a2","EXPOSURE","0.3333","2","8"
"d2-v5-medium-095","arrow:a3","arrow:a2","STATE_DEPENDENCY","0.3333","2","8"
"d2-v5-medium-095","arrow:a3","arrow:a2","REVEAL","0.3333","2","8"
"d2-v5-medium-095","arrow:a3","arrow:a4","ALTERNATIVE_PATH","0.3333","2","8"
"d2-v5-medium-095","arrow:a4","arrow:a1","ORDER_DEPENDENCY","0.3333","2","8"
"d2-v5-medium-095","magnet:m1","arrow:a1","MAGNET_CONTROL","0.3333","2","8"
"d2-v5-medium-095","magnet:m1","arrow:a1","POLARITY_DEPENDENCY","0.3333","2","8"
"d2-v5-medium-095","magnet:m1","arrow:a2","OCCLUSION","0.3333","2","8"
"d2-v5-medium-095","magnet:m1","arrow:a2","MAGNET_CONTROL","0.3333","2","8"
"d2-v5-medium-095","magnet:m1","arrow:a2","POLARITY_DEPENDENCY","0.3333","2","8"
"d2-v5-medium-095","magnet:m1","arrow:a3","OCCLUSION","0.3333","2","8"
"d2-v5-medium-095","magnet:m1","arrow:a3","MAGNET_CONTROL","0.3333","2","8"
"d2-v5-medium-095","magnet:m1","arrow:a3","POLARITY_DEPENDENCY","0.3333","2","8"
"d2-v5-medium-095","magnet:m2","arrow:a4","MAGNET_CONTROL","0.3333","2","8"
"d2-v5-medium-095","wall:3,2","arrow:a1","ROUTE_BLOCK","0.3333","2","8"
"d2-v5-medium-095","wall:5,5","arrow:a2","ROUTE_BLOCK","0.3333","2","8"
"d2-v5-expert-096","arrow:a1","arrow:a2","ROUTE_BLOCK","0.3818","3","9"
"d2-v5-expert-096","arrow:a1","arrow:a2","ORDER_DEPENDENCY","0.3818","3","9"
"d2-v5-expert-096","arrow:a1","arrow:a3","ALTERNATIVE_PATH","0.3818","3","9"
"d2-v5-expert-096","arrow:a1","arrow:a4","ALTERNATIVE_PATH","0.3818","3","9"
"d2-v5-expert-096","arrow:a1","arrow:a5","ORDER_DEPENDENCY","0.3818","3","9"
"d2-v5-expert-096","arrow:a1","arrow:a6","ALTERNATIVE_PATH","0.3818","3","9"
"d2-v5-expert-096","arrow:a1","magnet:m2","COLLISION","0.3818","3","9"
"d2-v5-expert-096","arrow:a2","arrow:a1","COLLISION","0.3818","3","9"
"d2-v5-expert-096","arrow:a2","arrow:a1","OCCLUSION","0.3818","3","9"
"d2-v5-expert-096","arrow:a2","arrow:a1","EXPOSURE","0.3818","3","9"
"d2-v5-expert-096","arrow:a2","arrow:a1","STATE_DEPENDENCY","0.3818","3","9"
"d2-v5-expert-096","arrow:a2","arrow:a1","REVEAL","0.3818","3","9"
"d2-v5-expert-096","arrow:a2","arrow:a3","ALTERNATIVE_PATH","0.3818","3","9"
"d2-v5-expert-096","arrow:a2","arrow:a4","ALTERNATIVE_PATH","0.3818","3","9"
"d2-v5-expert-096","arrow:a2","arrow:a5","EXPOSURE","0.3818","3","9"
"d2-v5-expert-096","arrow:a2","arrow:a5","ORDER_DEPENDENCY","0.3818","3","9"
"d2-v5-expert-096","arrow:a2","arrow:a5","STATE_DEPENDENCY","0.3818","3","9"
"d2-v5-expert-096","arrow:a2","arrow:a5","REVEAL","0.3818","3","9"
"d2-v5-expert-096","arrow:a2","arrow:a6","ALTERNATIVE_PATH","0.3818","3","9"
"d2-v5-expert-096","arrow:a2","magnet:m1","COLLISION","0.3818","3","9"
"d2-v5-expert-096","arrow:a3","arrow:a2","ORDER_DEPENDENCY","0.3818","3","9"
"d2-v5-expert-096","arrow:a3","arrow:a4","COLLISION","0.3818","3","9"
"d2-v5-expert-096","arrow:a3","arrow:a5","ORDER_DEPENDENCY","0.3818","3","9"
"d2-v5-expert-096","arrow:a3","arrow:a5","ALTERNATIVE_PATH","0.3818","3","9"
"d2-v5-expert-096","arrow:a3","arrow:a6","ROUTE_BLOCK","0.3818","3","9"
"d2-v5-expert-096","arrow:a3","arrow:a6","EXPOSURE","0.3818","3","9"
"d2-v5-expert-096","arrow:a3","arrow:a6","STATE_DEPENDENCY","0.3818","3","9"
"d2-v5-expert-096","arrow:a3","arrow:a6","REVEAL","0.3818","3","9"
"d2-v5-expert-096","arrow:a4","arrow:a2","ORDER_DEPENDENCY","0.3818","3","9"
"d2-v5-expert-096","arrow:a4","arrow:a3","ROUTE_BLOCK","0.3818","3","9"
"d2-v5-expert-096","arrow:a4","arrow:a3","EXPOSURE","0.3818","3","9"
"d2-v5-expert-096","arrow:a4","arrow:a3","STATE_DEPENDENCY","0.3818","3","9"
"d2-v5-expert-096","arrow:a4","arrow:a3","REVEAL","0.3818","3","9"
"d2-v5-expert-096","arrow:a4","arrow:a5","ORDER_DEPENDENCY","0.3818","3","9"
"d2-v5-expert-096","arrow:a4","arrow:a5","ALTERNATIVE_PATH","0.3818","3","9"
"d2-v5-expert-096","arrow:a5","arrow:a2","EXPOSURE","0.3818","3","9"
"d2-v5-expert-096","arrow:a5","arrow:a2","STATE_DEPENDENCY","0.3818","3","9"
"d2-v5-expert-096","arrow:a5","arrow:a2","REVEAL","0.3818","3","9"
"d2-v5-expert-096","arrow:a5","arrow:a6","ALTERNATIVE_PATH","0.3818","3","9"
"d2-v5-expert-096","arrow:a6","arrow:a2","ORDER_DEPENDENCY","0.3818","3","9"
"d2-v5-expert-096","arrow:a6","arrow:a3","COLLISION","0.3818","3","9"
"d2-v5-expert-096","arrow:a6","arrow:a5","ORDER_DEPENDENCY","0.3818","3","9"
"d2-v5-expert-096","magnet:m1","arrow:a1","MAGNET_CONTROL","0.3818","3","9"
"d2-v5-expert-096","magnet:m1","arrow:a2","ROUTE_BLOCK","0.3818","3","9"
"d2-v5-expert-096","magnet:m1","magnet:m2","CANCELLATION","0.3818","3","9"
"d2-v5-expert-096","magnet:m2","arrow:a1","ROUTE_BLOCK","0.3818","3","9"
"d2-v5-expert-096","magnet:m2","arrow:a2","MAGNET_CONTROL","0.3818","3","9"
"d2-v5-expert-096","magnet:m2","arrow:a2","POLARITY_DEPENDENCY","0.3818","3","9"
"d2-v5-expert-096","magnet:m2","arrow:a5","MAGNET_CONTROL","0.3818","3","9"
"d2-v5-expert-096","magnet:m2","arrow:a5","POLARITY_DEPENDENCY","0.3818","3","9"
"d2-v5-expert-096","wall:3,4","arrow:a6","OCCLUSION","0.3818","3","9"
"d2-v5-hard-097","arrow:a1","arrow:a2","ORDER_DEPENDENCY","0.2444","3","8"
"d2-v5-hard-097","arrow:a1","arrow:a2","ALTERNATIVE_PATH","0.2444","3","8"
"d2-v5-hard-097","arrow:a1","arrow:a3","ALTERNATIVE_PATH","0.2444","3","8"
"d2-v5-hard-097","arrow:a1","arrow:a4","ALTERNATIVE_PATH","0.2444","3","8"
"d2-v5-hard-097","arrow:a2","arrow:a3","ALTERNATIVE_PATH","0.2444","3","8"
"d2-v5-hard-097","arrow:a2","arrow:a4","EXPOSURE","0.2444","3","8"
"d2-v5-hard-097","arrow:a2","arrow:a4","STATE_DEPENDENCY","0.2444","3","8"
"d2-v5-hard-097","arrow:a2","arrow:a4","REVEAL","0.2444","3","8"
"d2-v5-hard-097","arrow:a3","arrow:a2","ORDER_DEPENDENCY","0.2444","3","8"
"d2-v5-hard-097","arrow:a3","arrow:a4","ALTERNATIVE_PATH","0.2444","3","8"
"d2-v5-hard-097","arrow:a4","arrow:a2","EXPOSURE","0.2444","3","8"
"d2-v5-hard-097","arrow:a4","arrow:a2","ORDER_DEPENDENCY","0.2444","3","8"
"d2-v5-hard-097","arrow:a4","arrow:a2","STATE_DEPENDENCY","0.2444","3","8"
"d2-v5-hard-097","arrow:a4","arrow:a2","REVEAL","0.2444","3","8"
"d2-v5-hard-097","arrow:a4","wall:4,1","COLLISION","0.2444","3","8"
"d2-v5-hard-097","magnet:m1","arrow:a2","OCCLUSION","0.2444","3","8"
"d2-v5-hard-097","magnet:m1","arrow:a2","MAGNET_CONTROL","0.2444","3","8"
"d2-v5-hard-097","magnet:m1","arrow:a2","POLARITY_DEPENDENCY","0.2444","3","8"
"d2-v5-hard-097","magnet:m1","arrow:a4","MAGNET_CONTROL","0.2444","3","8"
"d2-v5-hard-097","magnet:m1","arrow:a4","POLARITY_DEPENDENCY","0.2444","3","8"
"d2-v5-hard-097","magnet:m3","arrow:a3","MAGNET_CONTROL","0.2444","3","8"
"d2-v5-hard-097","magnet:m4","arrow:a1","MAGNET_CONTROL","0.2444","3","8"
"d2-v5-hard-097","wall:4,1","arrow:a4","ROUTE_BLOCK","0.2444","3","8"
"d2-v5-medium-098","arrow:a1","arrow:a2","ALTERNATIVE_PATH","0.3571","3","6"
"d2-v5-medium-098","arrow:a1","arrow:a3","ALTERNATIVE_PATH","0.3571","3","6"
"d2-v5-medium-098","arrow:a1","arrow:a4","EXPOSURE","0.3571","3","6"
"d2-v5-medium-098","arrow:a1","arrow:a4","STATE_DEPENDENCY","0.3571","3","6"
"d2-v5-medium-098","arrow:a1","arrow:a4","REVEAL","0.3571","3","6"
"d2-v5-medium-098","arrow:a2","arrow:a1","ORDER_DEPENDENCY","0.3571","3","6"
"d2-v5-medium-098","arrow:a2","arrow:a3","ROUTE_BLOCK","0.3571","3","6"
"d2-v5-medium-098","arrow:a2","arrow:a3","EXPOSURE","0.3571","3","6"
"d2-v5-medium-098","arrow:a2","arrow:a3","STATE_DEPENDENCY","0.3571","3","6"
"d2-v5-medium-098","arrow:a2","arrow:a3","REVEAL","0.3571","3","6"
"d2-v5-medium-098","arrow:a2","arrow:a4","ALTERNATIVE_PATH","0.3571","3","6"
"d2-v5-medium-098","arrow:a3","arrow:a1","ORDER_DEPENDENCY","0.3571","3","6"
"d2-v5-medium-098","arrow:a3","arrow:a2","COLLISION","0.3571","3","6"
"d2-v5-medium-098","arrow:a3","arrow:a4","ALTERNATIVE_PATH","0.3571","3","6"
"d2-v5-medium-098","arrow:a4","arrow:a1","EXPOSURE","0.3571","3","6"
"d2-v5-medium-098","arrow:a4","arrow:a1","ORDER_DEPENDENCY","0.3571","3","6"
"d2-v5-medium-098","arrow:a4","arrow:a1","STATE_DEPENDENCY","0.3571","3","6"
"d2-v5-medium-098","arrow:a4","arrow:a1","REVEAL","0.3571","3","6"
"d2-v5-medium-098","arrow:a4","wall:2,4","COLLISION","0.3571","3","6"
"d2-v5-medium-098","magnet:m1","arrow:a1","MAGNET_CONTROL","0.3571","3","6"
"d2-v5-medium-098","magnet:m1","arrow:a1","POLARITY_DEPENDENCY","0.3571","3","6"
"d2-v5-medium-098","magnet:m1","arrow:a4","MAGNET_CONTROL","0.3571","3","6"
"d2-v5-medium-098","magnet:m1","arrow:a4","POLARITY_DEPENDENCY","0.3571","3","6"
"d2-v5-medium-098","wall:2,4","arrow:a3","OCCLUSION","0.3571","3","6"
"d2-v5-medium-098","wall:2,4","arrow:a4","ROUTE_BLOCK","0.3571","3","6"
"d2-v5-master-099","arrow:a1","arrow:a2","COLLISION","0.2576","4","9"
"d2-v5-master-099","arrow:a1","arrow:a2","ORDER_DEPENDENCY","0.2576","4","9"
"d2-v5-master-099","arrow:a1","arrow:a3","ALTERNATIVE_PATH","0.2576","4","9"
"d2-v5-master-099","arrow:a1","arrow:a4","ALTERNATIVE_PATH","0.2576","4","9"
"d2-v5-master-099","arrow:a1","magnet:m2","COLLISION","0.2576","4","9"
"d2-v5-master-099","arrow:a2","arrow:a1","OCCLUSION","0.2576","4","9"
"d2-v5-master-099","arrow:a2","arrow:a1","ROUTE_BLOCK","0.2576","4","9"
"d2-v5-master-099","arrow:a2","arrow:a1","EXPOSURE","0.2576","4","9"
"d2-v5-master-099","arrow:a2","arrow:a1","STATE_DEPENDENCY","0.2576","4","9"
"d2-v5-master-099","arrow:a2","arrow:a1","REVEAL","0.2576","4","9"
"d2-v5-master-099","arrow:a2","arrow:a3","ALTERNATIVE_PATH","0.2576","4","9"
"d2-v5-master-099","arrow:a2","arrow:a4","ALTERNATIVE_PATH","0.2576","4","9"
"d2-v5-master-099","arrow:a3","arrow:a2","ORDER_DEPENDENCY","0.2576","4","9"
"d2-v5-master-099","arrow:a3","arrow:a4","ALTERNATIVE_PATH","0.2576","4","9"
"d2-v5-master-099","arrow:a3","arrow:a5","ALTERNATIVE_PATH","0.2576","4","9"
"d2-v5-master-099","arrow:a4","arrow:a2","ORDER_DEPENDENCY","0.2576","4","9"
"d2-v5-master-099","arrow:a4","arrow:a5","ALTERNATIVE_PATH","0.2576","4","9"
"d2-v5-master-099","arrow:a5","arrow:a1","EXPOSURE","0.2576","4","9"
"d2-v5-master-099","arrow:a5","arrow:a1","STATE_DEPENDENCY","0.2576","4","9"
"d2-v5-master-099","arrow:a5","arrow:a1","REVEAL","0.2576","4","9"
"d2-v5-master-099","arrow:a5","arrow:a2","ORDER_DEPENDENCY","0.2576","4","9"
"d2-v5-master-099","magnet:m1","arrow:a1","MAGNET_CONTROL","0.2576","4","9"
"d2-v5-master-099","magnet:m1","arrow:a1","POLARITY_DEPENDENCY","0.2576","4","9"
"d2-v5-master-099","magnet:m1","arrow:a5","OCCLUSION","0.2576","4","9"
"d2-v5-master-099","magnet:m1","arrow:a5","MAGNET_CONTROL","0.2576","4","9"
"d2-v5-master-099","magnet:m1","magnet:m2","CANCELLATION","0.2576","4","9"
"d2-v5-master-099","magnet:m2","arrow:a1","ROUTE_BLOCK","0.2576","4","9"
"d2-v5-master-099","magnet:m2","arrow:a2","MAGNET_CONTROL","0.2576","4","9"
"d2-v5-master-099","magnet:m4","arrow:a4","MAGNET_CONTROL","0.2576","4","9"
"d2-v5-master-099","wall:6,2","arrow:a3","OCCLUSION","0.2576","4","9"
"d2-v5-easy-100","arrow:a1","arrow:a2","EXPOSURE","0.4762","2","6"
"d2-v5-easy-100","arrow:a1","arrow:a2","STATE_DEPENDENCY","0.4762","2","6"
"d2-v5-easy-100","arrow:a1","arrow:a2","REVEAL","0.4762","2","6"
"d2-v5-easy-100","arrow:a1","arrow:a4","ALTERNATIVE_PATH","0.4762","2","6"
"d2-v5-easy-100","arrow:a2","arrow:a3","COLLISION","0.4762","2","6"
"d2-v5-easy-100","arrow:a2","arrow:a3","OCCLUSION","0.4762","2","6"
"d2-v5-easy-100","arrow:a2","arrow:a3","EXPOSURE","0.4762","2","6"
"d2-v5-easy-100","arrow:a2","arrow:a3","STATE_DEPENDENCY","0.4762","2","6"
"d2-v5-easy-100","arrow:a2","arrow:a3","REVEAL","0.4762","2","6"
"d2-v5-easy-100","arrow:a2","arrow:a4","COLLISION","0.4762","2","6"
"d2-v5-easy-100","arrow:a2","arrow:a4","OCCLUSION","0.4762","2","6"
"d2-v5-easy-100","arrow:a2","arrow:a4","EXPOSURE","0.4762","2","6"
"d2-v5-easy-100","arrow:a2","arrow:a4","STATE_DEPENDENCY","0.4762","2","6"
"d2-v5-easy-100","arrow:a2","arrow:a4","REVEAL","0.4762","2","6"
"d2-v5-easy-100","arrow:a3","arrow:a2","ROUTE_BLOCK","0.4762","2","6"
"d2-v5-easy-100","arrow:a3","arrow:a4","ROUTE_BLOCK","0.4762","2","6"
"d2-v5-easy-100","arrow:a3","arrow:a5","COLLISION","0.4762","2","6"
"d2-v5-easy-100","arrow:a3","arrow:a5","ROUTE_BLOCK","0.4762","2","6"
"d2-v5-easy-100","arrow:a3","arrow:a5","EXPOSURE","0.4762","2","6"
"d2-v5-easy-100","arrow:a3","arrow:a5","STATE_DEPENDENCY","0.4762","2","6"
"d2-v5-easy-100","arrow:a3","arrow:a5","REVEAL","0.4762","2","6"
"d2-v5-easy-100","arrow:a4","arrow:a2","ROUTE_BLOCK","0.4762","2","6"
"d2-v5-easy-100","arrow:a4","arrow:a2","ORDER_DEPENDENCY","0.4762","2","6"
"d2-v5-easy-100","arrow:a4","arrow:a3","COLLISION","0.4762","2","6"
"d2-v5-easy-100","arrow:a4","arrow:a3","OCCLUSION","0.4762","2","6"
"d2-v5-easy-100","arrow:a5","arrow:a3","COLLISION","0.4762","2","6"
"d2-v5-easy-100","arrow:a5","arrow:a3","ROUTE_BLOCK","0.4762","2","6"
"d2-v5-easy-100","magnet:m1","arrow:a1","MAGNET_CONTROL","0.4762","2","6"
"d2-v5-easy-100","magnet:m1","arrow:a2","OCCLUSION","0.4762","2","6"
"d2-v5-easy-100","magnet:m1","arrow:a2","MAGNET_CONTROL","0.4762","2","6"
"d2-v5-easy-100","magnet:m1","arrow:a2","POLARITY_DEPENDENCY","0.4762","2","6"
"d2-v5-easy-100","magnet:m1","arrow:a3","OCCLUSION","0.4762","2","6"
"d2-v5-easy-100","magnet:m1","arrow:a3","MAGNET_CONTROL","0.4762","2","6"
"d2-v5-easy-100","magnet:m1","arrow:a3","POLARITY_DEPENDENCY","0.4762","2","6"
"d2-v5-easy-100","magnet:m1","arrow:a4","OCCLUSION","0.4762","2","6"
"d2-v5-easy-100","magnet:m1","arrow:a4","MAGNET_CONTROL","0.4762","2","6"
"d2-v5-easy-100","magnet:m1","arrow:a4","POLARITY_DEPENDENCY","0.4762","2","6"
"d2-v5-hard-101","arrow:a1","arrow:a2","ALTERNATIVE_PATH","0.1923","6","8"
"d2-v5-hard-101","arrow:a1","arrow:a3","ALTERNATIVE_PATH","0.1923","6","8"
"d2-v5-hard-101","arrow:a1","arrow:a4","ORDER_DEPENDENCY","0.1923","6","8"
"d2-v5-hard-101","arrow:a1","arrow:a4","ALTERNATIVE_PATH","0.1923","6","8"
"d2-v5-hard-101","arrow:a2","arrow:a3","ALTERNATIVE_PATH","0.1923","6","8"
"d2-v5-hard-101","arrow:a2","arrow:a4","COLLISION","0.1923","6","8"
"d2-v5-hard-101","arrow:a2","arrow:a5","COLLISION","0.1923","6","8"
"d2-v5-hard-101","arrow:a2","arrow:a5","ROUTE_BLOCK","0.1923","6","8"
"d2-v5-hard-101","arrow:a3","arrow:a4","ORDER_DEPENDENCY","0.1923","6","8"
"d2-v5-hard-101","arrow:a3","arrow:a4","ALTERNATIVE_PATH","0.1923","6","8"
"d2-v5-hard-101","arrow:a3","arrow:a5","ALTERNATIVE_PATH","0.1923","6","8"
"d2-v5-hard-101","arrow:a4","arrow:a2","OCCLUSION","0.1923","6","8"
"d2-v5-hard-101","arrow:a4","arrow:a2","ROUTE_BLOCK","0.1923","6","8"
"d2-v5-hard-101","arrow:a4","arrow:a2","EXPOSURE","0.1923","6","8"
"d2-v5-hard-101","arrow:a4","arrow:a2","STATE_DEPENDENCY","0.1923","6","8"
"d2-v5-hard-101","arrow:a4","arrow:a2","REVEAL","0.1923","6","8"
"d2-v5-hard-101","arrow:a4","arrow:a5","OCCLUSION","0.1923","6","8"
"d2-v5-hard-101","arrow:a4","arrow:a5","EXPOSURE","0.1923","6","8"
"d2-v5-hard-101","arrow:a4","arrow:a5","STATE_DEPENDENCY","0.1923","6","8"
"d2-v5-hard-101","arrow:a4","arrow:a5","REVEAL","0.1923","6","8"
"d2-v5-hard-101","arrow:a5","arrow:a2","COLLISION","0.1923","6","8"
"d2-v5-hard-101","arrow:a5","arrow:a2","OCCLUSION","0.1923","6","8"
"d2-v5-hard-101","arrow:a5","arrow:a2","ROUTE_BLOCK","0.1923","6","8"
"d2-v5-hard-101","arrow:a5","arrow:a4","ORDER_DEPENDENCY","0.1923","6","8"
"d2-v5-hard-101","magnet:m2","arrow:a2","MAGNET_CONTROL","0.1923","6","8"
"d2-v5-hard-101","magnet:m2","arrow:a2","POLARITY_DEPENDENCY","0.1923","6","8"
"d2-v5-hard-101","magnet:m2","arrow:a4","MAGNET_CONTROL","0.1923","6","8"
"d2-v5-hard-101","magnet:m2","arrow:a5","MAGNET_CONTROL","0.1923","6","8"
"d2-v5-hard-101","magnet:m2","arrow:a5","POLARITY_DEPENDENCY","0.1923","6","8"
"d2-v5-hard-101","magnet:m3","arrow:a3","MAGNET_CONTROL","0.1923","6","8"
"d2-v5-hard-101","wall:4,4","arrow:a1","OCCLUSION","0.1923","6","8"
"d2-v5-hard-101","wall:4,4","arrow:a3","OCCLUSION","0.1923","6","8"
"d2-v5-easy-102","arrow:a1","arrow:a2","ALTERNATIVE_PATH","0.2444","4","7"
"d2-v5-easy-102","arrow:a1","arrow:a3","OCCLUSION","0.2444","4","7"
"d2-v5-easy-102","arrow:a1","arrow:a3","EXPOSURE","0.2444","4","7"
"d2-v5-easy-102","arrow:a1","arrow:a3","STATE_DEPENDENCY","0.2444","4","7"
"d2-v5-easy-102","arrow:a1","arrow:a3","REVEAL","0.2444","4","7"
"d2-v5-easy-102","arrow:a1","arrow:a4","ALTERNATIVE_PATH","0.2444","4","7"
"d2-v5-easy-102","arrow:a2","arrow:a1","ORDER_DEPENDENCY","0.2444","4","7"
"d2-v5-easy-102","arrow:a2","arrow:a3","ALTERNATIVE_PATH","0.2444","4","7"
"d2-v5-easy-102","arrow:a2","arrow:a4","ALTERNATIVE_PATH","0.2444","4","7"
"d2-v5-easy-102","arrow:a3","arrow:a1","ORDER_DEPENDENCY","0.2444","4","7"
"d2-v5-easy-102","arrow:a3","arrow:a4","ALTERNATIVE_PATH","0.2444","4","7"
"d2-v5-easy-102","arrow:a3","wall:4,1","COLLISION","0.2444","4","7"
"d2-v5-easy-102","arrow:a4","arrow:a1","ORDER_DEPENDENCY","0.2444","4","7"
"d2-v5-easy-102","magnet:m1","arrow:a1","MAGNET_CONTROL","0.2444","4","7"
"d2-v5-easy-102","magnet:m1","arrow:a3","MAGNET_CONTROL","0.2444","4","7"
"d2-v5-easy-102","magnet:m1","arrow:a3","POLARITY_DEPENDENCY","0.2444","4","7"
"d2-v5-easy-102","wall:1,2","arrow:a2","OCCLUSION","0.2444","4","7"
"d2-v5-easy-102","wall:4,1","arrow:a3","ROUTE_BLOCK","0.2444","4","7"
"d2-v5-easy-102","wall:4,1","arrow:a4","OCCLUSION","0.2444","4","7"
"d2-v5-medium-103","arrow:a1","arrow:a2","COLLISION","0.25","4","5"
"d2-v5-medium-103","arrow:a1","arrow:a2","OCCLUSION","0.25","4","5"
"d2-v5-medium-103","arrow:a1","arrow:a2","ROUTE_BLOCK","0.25","4","5"
"d2-v5-medium-103","arrow:a1","arrow:a2","EXPOSURE","0.25","4","5"
"d2-v5-medium-103","arrow:a1","arrow:a2","STATE_DEPENDENCY","0.25","4","5"
"d2-v5-medium-103","arrow:a1","arrow:a2","REVEAL","0.25","4","5"
"d2-v5-medium-103","arrow:a1","arrow:a3","EXPOSURE","0.25","4","5"
"d2-v5-medium-103","arrow:a1","arrow:a3","ORDER_DEPENDENCY","0.25","4","5"
"d2-v5-medium-103","arrow:a1","arrow:a3","STATE_DEPENDENCY","0.25","4","5"
"d2-v5-medium-103","arrow:a1","arrow:a3","REVEAL","0.25","4","5"
"d2-v5-medium-103","arrow:a2","arrow:a1","COLLISION","0.25","4","5"
"d2-v5-medium-103","arrow:a2","arrow:a1","ROUTE_BLOCK","0.25","4","5"
"d2-v5-medium-103","arrow:a2","arrow:a3","EXPOSURE","0.25","4","5"
"d2-v5-medium-103","arrow:a2","arrow:a3","STATE_DEPENDENCY","0.25","4","5"
"d2-v5-medium-103","arrow:a2","arrow:a3","REVEAL","0.25","4","5"
"d2-v5-medium-103","arrow:a3","arrow:a1","EXPOSURE","0.25","4","5"
"d2-v5-medium-103","arrow:a3","arrow:a1","STATE_DEPENDENCY","0.25","4","5"
"d2-v5-medium-103","arrow:a3","arrow:a1","REVEAL","0.25","4","5"
"d2-v5-medium-103","arrow:a3","wall:6,2","COLLISION","0.25","4","5"
"d2-v5-medium-103","magnet:m1","arrow:a1","MAGNET_CONTROL","0.25","4","5"
"d2-v5-medium-103","magnet:m1","arrow:a1","POLARITY_DEPENDENCY","0.25","4","5"
"d2-v5-medium-103","magnet:m1","arrow:a2","MAGNET_CONTROL","0.25","4","5"
"d2-v5-medium-103","magnet:m1","arrow:a2","POLARITY_DEPENDENCY","0.25","4","5"
"d2-v5-medium-103","magnet:m1","arrow:a3","MAGNET_CONTROL","0.25","4","5"
"d2-v5-medium-103","magnet:m1","arrow:a3","POLARITY_DEPENDENCY","0.25","4","5"
"d2-v5-medium-103","wall:6,2","arrow:a3","ROUTE_BLOCK","0.25","4","5"
"d2-v5-expert-104","arrow:a1","arrow:a2","ROUTE_BLOCK","0.2909","4","8"
"d2-v5-expert-104","arrow:a1","arrow:a2","ALTERNATIVE_PATH","0.2909","4","8"
"d2-v5-expert-104","arrow:a1","arrow:a3","ORDER_DEPENDENCY","0.2909","4","8"
"d2-v5-expert-104","arrow:a1","arrow:a4","ALTERNATIVE_PATH","0.2909","4","8"
"d2-v5-expert-104","arrow:a1","arrow:a5","ALTERNATIVE_PATH","0.2909","4","8"
"d2-v5-expert-104","arrow:a1","wall:6,2","COLLISION","0.2909","4","8"
"d2-v5-expert-104","arrow:a2","arrow:a1","COLLISION","0.2909","4","8"
"d2-v5-expert-104","arrow:a2","arrow:a1","OCCLUSION","0.2909","4","8"
"d2-v5-expert-104","arrow:a2","arrow:a1","EXPOSURE","0.2909","4","8"
"d2-v5-expert-104","arrow:a2","arrow:a1","STATE_DEPENDENCY","0.2909","4","8"
"d2-v5-expert-104","arrow:a2","arrow:a1","REVEAL","0.2909","4","8"
"d2-v5-expert-104","arrow:a2","arrow:a3","EXPOSURE","0.2909","4","8"
"d2-v5-expert-104","arrow:a2","arrow:a3","ORDER_DEPENDENCY","0.2909","4","8"
"d2-v5-expert-104","arrow:a2","arrow:a3","STATE_DEPENDENCY","0.2909","4","8"
"d2-v5-expert-104","arrow:a2","arrow:a3","REVEAL","0.2909","4","8"
"d2-v5-expert-104","arrow:a2","arrow:a4","ALTERNATIVE_PATH","0.2909","4","8"
"d2-v5-expert-104","arrow:a2","arrow:a5","ALTERNATIVE_PATH","0.2909","4","8"
"d2-v5-expert-104","arrow:a2","wall:6,2","COLLISION","0.2909","4","8"
"d2-v5-expert-104","arrow:a3","arrow:a1","EXPOSURE","0.2909","4","8"
"d2-v5-expert-104","arrow:a3","arrow:a1","STATE_DEPENDENCY","0.2909","4","8"
"d2-v5-expert-104","arrow:a3","arrow:a1","REVEAL","0.2909","4","8"
"d2-v5-expert-104","arrow:a3","arrow:a2","EXPOSURE","0.2909","4","8"
"d2-v5-expert-104","arrow:a3","arrow:a2","STATE_DEPENDENCY","0.2909","4","8"
"d2-v5-expert-104","arrow:a3","arrow:a2","REVEAL","0.2909","4","8"
"d2-v5-expert-104","arrow:a3","arrow:a4","ALTERNATIVE_PATH","0.2909","4","8"
"d2-v5-expert-104","arrow:a3","arrow:a5","ALTERNATIVE_PATH","0.2909","4","8"
"d2-v5-expert-104","arrow:a4","arrow:a3","ORDER_DEPENDENCY","0.2909","4","8"
"d2-v5-expert-104","arrow:a4","arrow:a5","ALTERNATIVE_PATH","0.2909","4","8"
"d2-v5-expert-104","arrow:a5","arrow:a3","ORDER_DEPENDENCY","0.2909","4","8"
"d2-v5-expert-104","magnet:m2","arrow:a1","OCCLUSION","0.2909","4","8"
"d2-v5-expert-104","magnet:m2","arrow:a1","MAGNET_CONTROL","0.2909","4","8"
"d2-v5-expert-104","magnet:m2","arrow:a1","POLARITY_DEPENDENCY","0.2909","4","8"
"d2-v5-expert-104","magnet:m2","arrow:a2","OCCLUSION","0.2909","4","8"
"d2-v5-expert-104","magnet:m2","arrow:a2","MAGNET_CONTROL","0.2909","4","8"
"d2-v5-expert-104","magnet:m2","arrow:a2","POLARITY_DEPENDENCY","0.2909","4","8"
"d2-v5-expert-104","magnet:m2","arrow:a3","OCCLUSION","0.2909","4","8"
"d2-v5-expert-104","magnet:m2","arrow:a3","MAGNET_CONTROL","0.2909","4","8"
"d2-v5-expert-104","magnet:m2","arrow:a3","POLARITY_DEPENDENCY","0.2909","4","8"
"d2-v5-expert-104","magnet:m4","arrow:a5","MAGNET_CONTROL","0.2909","4","8"
"d2-v5-expert-104","wall:6,2","arrow:a1","OCCLUSION","0.2909","4","8"
"d2-v5-expert-104","wall:6,2","arrow:a1","ROUTE_BLOCK","0.2909","4","8"
"d2-v5-expert-104","wall:6,2","arrow:a2","ROUTE_BLOCK","0.2909","4","8"
"d2-v5-hard-105","arrow:a1","arrow:a2","ALTERNATIVE_PATH","0.2","3","9"
"d2-v5-hard-105","arrow:a1","arrow:a3","ORDER_DEPENDENCY","0.2","3","9"
"d2-v5-hard-105","arrow:a1","arrow:a3","ALTERNATIVE_PATH","0.2","3","9"
"d2-v5-hard-105","arrow:a1","arrow:a4","ALTERNATIVE_PATH","0.2","3","9"
"d2-v5-hard-105","arrow:a2","arrow:a3","ORDER_DEPENDENCY","0.2","3","9"
"d2-v5-hard-105","arrow:a2","wall:7,3","COLLISION","0.2","3","9"
"d2-v5-hard-105","arrow:a3","arrow:a2","OCCLUSION","0.2","3","9"
"d2-v5-hard-105","arrow:a3","arrow:a2","EXPOSURE","0.2","3","9"
"d2-v5-hard-105","arrow:a3","arrow:a2","STATE_DEPENDENCY","0.2","3","9"
"d2-v5-hard-105","arrow:a3","arrow:a2","REVEAL","0.2","3","9"
"d2-v5-hard-105","arrow:a3","arrow:a4","ROUTE_BLOCK","0.2","3","9"
"d2-v5-hard-105","arrow:a3","arrow:a4","EXPOSURE","0.2","3","9"
"d2-v5-hard-105","arrow:a3","arrow:a4","STATE_DEPENDENCY","0.2","3","9"
"d2-v5-hard-105","arrow:a3","arrow:a4","REVEAL","0.2","3","9"
"d2-v5-hard-105","arrow:a4","arrow:a3","COLLISION","0.2","3","9"
"d2-v5-hard-105","magnet:m2","arrow:a2","MAGNET_CONTROL","0.2","3","9"
"d2-v5-hard-105","magnet:m2","arrow:a2","POLARITY_DEPENDENCY","0.2","3","9"
"d2-v5-hard-105","magnet:m2","arrow:a3","MAGNET_CONTROL","0.2","3","9"
"d2-v5-hard-105","magnet:m3","arrow:a4","MAGNET_CONTROL","0.2","3","9"
"d2-v5-hard-105","wall:2,2","arrow:a1","OCCLUSION","0.2","3","9"
"d2-v5-hard-105","wall:3,1","arrow:a1","OCCLUSION","0.2","3","9"
"d2-v5-hard-105","wall:7,3","arrow:a2","ROUTE_BLOCK","0.2","3","9"
"d2-v5-medium-106","arrow:a1","arrow:a2","ALTERNATIVE_PATH","0.4667","2","5"
"d2-v5-medium-106","arrow:a1","arrow:a3","ORDER_DEPENDENCY","0.4667","2","5"
"d2-v5-medium-106","arrow:a1","arrow:a3","ALTERNATIVE_PATH","0.4667","2","5"
"d2-v5-medium-106","arrow:a2","arrow:a3","EXPOSURE","0.4667","2","5"
"d2-v5-medium-106","arrow:a2","arrow:a3","ORDER_DEPENDENCY","0.4667","2","5"
"d2-v5-medium-106","arrow:a2","arrow:a3","STATE_DEPENDENCY","0.4667","2","5"
"d2-v5-medium-106","arrow:a2","arrow:a3","REVEAL","0.4667","2","5"
"d2-v5-medium-106","arrow:a2","wall:2,2","COLLISION","0.4667","2","5"
"d2-v5-medium-106","arrow:a3","arrow:a2","EXPOSURE","0.4667","2","5"
"d2-v5-medium-106","arrow:a3","arrow:a2","STATE_DEPENDENCY","0.4667","2","5"
"d2-v5-medium-106","arrow:a3","arrow:a2","REVEAL","0.4667","2","5"
"d2-v5-medium-106","magnet:m1","arrow:a2","MAGNET_CONTROL","0.4667","2","5"
"d2-v5-medium-106","magnet:m1","arrow:a2","POLARITY_DEPENDENCY","0.4667","2","5"
"d2-v5-medium-106","magnet:m1","arrow:a3","MAGNET_CONTROL","0.4667","2","5"
"d2-v5-medium-106","magnet:m1","arrow:a3","POLARITY_DEPENDENCY","0.4667","2","5"
"d2-v5-medium-106","wall:2,2","arrow:a1","OCCLUSION","0.4667","2","5"
"d2-v5-medium-106","wall:2,2","arrow:a2","ROUTE_BLOCK","0.4667","2","5"
"d2-v5-master-107","arrow:a1","arrow:a2","ROUTE_BLOCK","0.3556","3","8"
"d2-v5-master-107","arrow:a1","arrow:a3","ALTERNATIVE_PATH","0.3556","3","8"
"d2-v5-master-107","arrow:a1","arrow:a5","ALTERNATIVE_PATH","0.3556","3","8"
"d2-v5-master-107","arrow:a1","wall:1,8","COLLISION","0.3556","3","8"
"d2-v5-master-107","arrow:a2","arrow:a1","COLLISION","0.3556","3","8"
"d2-v5-master-107","arrow:a2","arrow:a1","OCCLUSION","0.3556","3","8"
"d2-v5-master-107","arrow:a2","arrow:a1","EXPOSURE","0.3556","3","8"
"d2-v5-master-107","arrow:a2","arrow:a1","STATE_DEPENDENCY","0.3556","3","8"
"d2-v5-master-107","arrow:a2","arrow:a1","REVEAL","0.3556","3","8"
"d2-v5-master-107","arrow:a2","arrow:a3","ALTERNATIVE_PATH","0.3556","3","8"
"d2-v5-master-107","arrow:a2","arrow:a4","EXPOSURE","0.3556","3","8"
"d2-v5-master-107","arrow:a2","arrow:a4","ORDER_DEPENDENCY","0.3556","3","8"
"d2-v5-master-107","arrow:a2","arrow:a4","STATE_DEPENDENCY","0.3556","3","8"
"d2-v5-master-107","arrow:a2","arrow:a4","REVEAL","0.3556","3","8"
"d2-v5-master-107","arrow:a2","arrow:a5","ALTERNATIVE_PATH","0.3556","3","8"
"d2-v5-master-107","arrow:a3","arrow:a4","ORDER_DEPENDENCY","0.3556","3","8"
"d2-v5-master-107","arrow:a3","arrow:a4","ALTERNATIVE_PATH","0.3556","3","8"
"d2-v5-master-107","arrow:a3","arrow:a5","OCCLUSION","0.3556","3","8"
"d2-v5-master-107","arrow:a3","arrow:a5","ROUTE_BLOCK","0.3556","3","8"
"d2-v5-master-107","arrow:a3","arrow:a5","EXPOSURE","0.3556","3","8"
"d2-v5-master-107","arrow:a3","arrow:a5","STATE_DEPENDENCY","0.3556","3","8"
"d2-v5-master-107","arrow:a3","arrow:a5","REVEAL","0.3556","3","8"
"d2-v5-master-107","arrow:a4","arrow:a1","EXPOSURE","0.3556","3","8"
"d2-v5-master-107","arrow:a4","arrow:a1","STATE_DEPENDENCY","0.3556","3","8"
"d2-v5-master-107","arrow:a4","arrow:a1","REVEAL","0.3556","3","8"
"d2-v5-master-107","arrow:a4","arrow:a2","EXPOSURE","0.3556","3","8"
"d2-v5-master-107","arrow:a4","arrow:a2","STATE_DEPENDENCY","0.3556","3","8"
"d2-v5-master-107","arrow:a4","arrow:a2","REVEAL","0.3556","3","8"
"d2-v5-master-107","arrow:a4","arrow:a5","ALTERNATIVE_PATH","0.3556","3","8"
"d2-v5-master-107","arrow:a5","arrow:a3","COLLISION","0.3556","3","8"
"d2-v5-master-107","arrow:a5","arrow:a4","ORDER_DEPENDENCY","0.3556","3","8"
"d2-v5-master-107","magnet:m1","arrow:a1","MAGNET_CONTROL","0.3556","3","8"
"d2-v5-master-107","magnet:m1","arrow:a1","POLARITY_DEPENDENCY","0.3556","3","8"
"d2-v5-master-107","magnet:m1","arrow:a2","MAGNET_CONTROL","0.3556","3","8"
"d2-v5-master-107","magnet:m1","arrow:a2","POLARITY_DEPENDENCY","0.3556","3","8"
"d2-v5-master-107","magnet:m1","arrow:a4","MAGNET_CONTROL","0.3556","3","8"
"d2-v5-master-107","magnet:m1","arrow:a4","POLARITY_DEPENDENCY","0.3556","3","8"
"d2-v5-master-107","magnet:m2","arrow:a3","MAGNET_CONTROL","0.3556","3","8"
"d2-v5-master-107","magnet:m2","arrow:a5","MAGNET_CONTROL","0.3556","3","8"
"d2-v5-master-107","magnet:m2","arrow:a5","POLARITY_DEPENDENCY","0.3556","3","8"
"d2-v5-master-107","wall:1,8","arrow:a1","ROUTE_BLOCK","0.3556","3","8"
"d2-v5-easy-108","arrow:a1","arrow:a3","EXPOSURE","0.3571","3","6"
"d2-v5-easy-108","arrow:a1","arrow:a3","STATE_DEPENDENCY","0.3571","3","6"
"d2-v5-easy-108","arrow:a1","arrow:a3","REVEAL","0.3571","3","6"
"d2-v5-easy-108","arrow:a1","arrow:a3","ALTERNATIVE_PATH","0.3571","3","6"
"d2-v5-easy-108","arrow:a1","arrow:a4","ROUTE_BLOCK","0.3571","3","6"
"d2-v5-easy-108","arrow:a1","arrow:a4","EXPOSURE","0.3571","3","6"
"d2-v5-easy-108","arrow:a1","arrow:a4","ORDER_DEPENDENCY","0.3571","3","6"
"d2-v5-easy-108","arrow:a1","arrow:a4","STATE_DEPENDENCY","0.3571","3","6"
"d2-v5-easy-108","arrow:a1","arrow:a4","REVEAL","0.3571","3","6"
"d2-v5-easy-108","arrow:a2","arrow:a3","COLLISION","0.3571","3","6"
"d2-v5-easy-108","arrow:a2","arrow:a3","ROUTE_BLOCK","0.3571","3","6"
"d2-v5-easy-108","arrow:a2","wall:1,5","COLLISION","0.3571","3","6"
"d2-v5-easy-108","arrow:a3","arrow:a2","COLLISION","0.3571","3","6"
"d2-v5-easy-108","arrow:a3","arrow:a2","OCCLUSION","0.3571","3","6"
"d2-v5-easy-108","arrow:a3","arrow:a2","ROUTE_BLOCK","0.3571","3","6"
"d2-v5-easy-108","arrow:a3","arrow:a2","EXPOSURE","0.3571","3","6"
"d2-v5-easy-108","arrow:a3","arrow:a2","STATE_DEPENDENCY","0.3571","3","6"
"d2-v5-easy-108","arrow:a3","arrow:a2","REVEAL","0.3571","3","6"
"d2-v5-easy-108","arrow:a3","arrow:a4","EXPOSURE","0.3571","3","6"
"d2-v5-easy-108","arrow:a3","arrow:a4","ORDER_DEPENDENCY","0.3571","3","6"
"d2-v5-easy-108","arrow:a3","arrow:a4","STATE_DEPENDENCY","0.3571","3","6"
"d2-v5-easy-108","arrow:a3","arrow:a4","REVEAL","0.3571","3","6"
"d2-v5-easy-108","arrow:a4","arrow:a1","COLLISION","0.3571","3","6"
"d2-v5-easy-108","arrow:a4","arrow:a1","OCCLUSION","0.3571","3","6"
"d2-v5-easy-108","arrow:a4","arrow:a1","EXPOSURE","0.3571","3","6"
"d2-v5-easy-108","arrow:a4","arrow:a1","STATE_DEPENDENCY","0.3571","3","6"
"d2-v5-easy-108","arrow:a4","arrow:a1","REVEAL","0.3571","3","6"
"d2-v5-easy-108","arrow:a4","arrow:a2","EXPOSURE","0.3571","3","6"
"d2-v5-easy-108","arrow:a4","arrow:a2","STATE_DEPENDENCY","0.3571","3","6"
"d2-v5-easy-108","arrow:a4","arrow:a2","REVEAL","0.3571","3","6"
"d2-v5-easy-108","arrow:a4","arrow:a3","EXPOSURE","0.3571","3","6"
"d2-v5-easy-108","arrow:a4","arrow:a3","STATE_DEPENDENCY","0.3571","3","6"
"d2-v5-easy-108","arrow:a4","arrow:a3","REVEAL","0.3571","3","6"
"d2-v5-easy-108","magnet:m1","arrow:a1","MAGNET_CONTROL","0.3571","3","6"
"d2-v5-easy-108","magnet:m1","arrow:a1","POLARITY_DEPENDENCY","0.3571","3","6"
"d2-v5-easy-108","magnet:m1","arrow:a2","MAGNET_CONTROL","0.3571","3","6"
"d2-v5-easy-108","magnet:m1","arrow:a2","POLARITY_DEPENDENCY","0.3571","3","6"
"d2-v5-easy-108","magnet:m1","arrow:a3","MAGNET_CONTROL","0.3571","3","6"
"d2-v5-easy-108","magnet:m1","arrow:a3","POLARITY_DEPENDENCY","0.3571","3","6"
"d2-v5-easy-108","magnet:m1","arrow:a4","MAGNET_CONTROL","0.3571","3","6"
"d2-v5-easy-108","magnet:m1","arrow:a4","POLARITY_DEPENDENCY","0.3571","3","6"
"d2-v5-easy-108","wall:1,5","arrow:a2","ROUTE_BLOCK","0.3571","3","6"
"d2-v5-hard-109","arrow:a1","arrow:a2","ALTERNATIVE_PATH","0.3091","4","8"
"d2-v5-hard-109","arrow:a1","arrow:a3","ALTERNATIVE_PATH","0.3091","4","8"
"d2-v5-hard-109","arrow:a1","arrow:a5","COLLISION","0.3091","4","8"
"d2-v5-hard-109","arrow:a1","arrow:a5","ROUTE_BLOCK","0.3091","4","8"
"d2-v5-hard-109","arrow:a1","arrow:a5","ORDER_DEPENDENCY","0.3091","4","8"
"d2-v5-hard-109","arrow:a1","magnet:m5","COLLISION","0.3091","4","8"
"d2-v5-hard-109","arrow:a2","arrow:a3","ALTERNATIVE_PATH","0.3091","4","8"
"d2-v5-hard-109","arrow:a2","arrow:a4","ALTERNATIVE_PATH","0.3091","4","8"
"d2-v5-hard-109","arrow:a2","arrow:a5","EXPOSURE","0.3091","4","8"
"d2-v5-hard-109","arrow:a2","arrow:a5","STATE_DEPENDENCY","0.3091","4","8"
"d2-v5-hard-109","arrow:a2","arrow:a5","REVEAL","0.3091","4","8"
"d2-v5-hard-109","arrow:a3","arrow:a4","ALTERNATIVE_PATH","0.3091","4","8"
"d2-v5-hard-109","arrow:a3","arrow:a5","ORDER_DEPENDENCY","0.3091","4","8"
"d2-v5-hard-109","arrow:a3","arrow:a5","ALTERNATIVE_PATH","0.3091","4","8"
"d2-v5-hard-109","arrow:a4","arrow:a1","EXPOSURE","0.3091","4","8"
"d2-v5-hard-109","arrow:a4","arrow:a1","STATE_DEPENDENCY","0.3091","4","8"
"d2-v5-hard-109","arrow:a4","arrow:a1","REVEAL","0.3091","4","8"
"d2-v5-hard-109","arrow:a4","arrow:a5","ORDER_DEPENDENCY","0.3091","4","8"
"d2-v5-hard-109","arrow:a5","arrow:a1","COLLISION","0.3091","4","8"
"d2-v5-hard-109","arrow:a5","arrow:a1","OCCLUSION","0.3091","4","8"
"d2-v5-hard-109","arrow:a5","arrow:a1","ROUTE_BLOCK","0.3091","4","8"
"d2-v5-hard-109","arrow:a5","arrow:a1","EXPOSURE","0.3091","4","8"
"d2-v5-hard-109","arrow:a5","arrow:a1","STATE_DEPENDENCY","0.3091","4","8"
"d2-v5-hard-109","arrow:a5","arrow:a1","REVEAL","0.3091","4","8"
"d2-v5-hard-109","arrow:a5","magnet:m5","COLLISION","0.3091","4","8"
"d2-v5-hard-109","magnet:m2","arrow:a2","OCCLUSION","0.3091","4","8"
"d2-v5-hard-109","magnet:m2","arrow:a2","MAGNET_CONTROL","0.3091","4","8"
"d2-v5-hard-109","magnet:m2","arrow:a5","MAGNET_CONTROL","0.3091","4","8"
"d2-v5-hard-109","magnet:m2","arrow:a5","POLARITY_DEPENDENCY","0.3091","4","8"
"d2-v5-hard-109","magnet:m2","magnet:m5","CANCELLATION","0.3091","4","8"
"d2-v5-hard-109","magnet:m3","arrow:a3","MAGNET_CONTROL","0.3091","4","8"
"d2-v5-hard-109","magnet:m5","arrow:a1","MAGNET_CONTROL","0.3091","4","8"
"d2-v5-hard-109","magnet:m5","arrow:a1","POLARITY_DEPENDENCY","0.3091","4","8"
"d2-v5-hard-109","magnet:m5","arrow:a1","ROUTE_BLOCK","0.3091","4","8"
"d2-v5-hard-109","magnet:m5","arrow:a4","MAGNET_CONTROL","0.3091","4","8"
"d2-v5-hard-109","magnet:m5","arrow:a5","ROUTE_BLOCK","0.3091","4","8"
"d2-v5-easy-110","arrow:a1","arrow:a2","ALTERNATIVE_PATH","0.5238","1","7"
"d2-v5-easy-110","arrow:a1","arrow:a3","ALTERNATIVE_PATH","0.5238","1","7"
"d2-v5-easy-110","arrow:a1","arrow:a4","EXPOSURE","0.5238","1","7"
"d2-v5-easy-110","arrow:a1","arrow:a4","STATE_DEPENDENCY","0.5238","1","7"
"d2-v5-easy-110","arrow:a1","arrow:a4","REVEAL","0.5238","1","7"
"d2-v5-easy-110","arrow:a2","arrow:a1","ORDER_DEPENDENCY","0.5238","1","7"
"d2-v5-easy-110","arrow:a2","arrow:a3","ROUTE_BLOCK","0.5238","1","7"
"d2-v5-easy-110","arrow:a2","arrow:a3","EXPOSURE","0.5238","1","7"
"d2-v5-easy-110","arrow:a2","arrow:a3","STATE_DEPENDENCY","0.5238","1","7"
"d2-v5-easy-110","arrow:a2","arrow:a3","REVEAL","0.5238","1","7"
"d2-v5-easy-110","arrow:a2","arrow:a4","ALTERNATIVE_PATH","0.5238","1","7"
"d2-v5-easy-110","arrow:a3","arrow:a1","ORDER_DEPENDENCY","0.5238","1","7"
"d2-v5-easy-110","arrow:a3","arrow:a2","COLLISION","0.5238","1","7"
"d2-v5-easy-110","arrow:a3","arrow:a2","OCCLUSION","0.5238","1","7"
"d2-v5-easy-110","arrow:a3","arrow:a4","ALTERNATIVE_PATH","0.5238","1","7"
"d2-v5-easy-110","arrow:a4","arrow:a1","EXPOSURE","0.5238","1","7"
"d2-v5-easy-110","arrow:a4","arrow:a1","ORDER_DEPENDENCY","0.5238","1","7"
"d2-v5-easy-110","arrow:a4","arrow:a1","STATE_DEPENDENCY","0.5238","1","7"
"d2-v5-easy-110","arrow:a4","arrow:a1","REVEAL","0.5238","1","7"
"d2-v5-easy-110","arrow:a4","magnet:m2","COLLISION","0.5238","1","7"
"d2-v5-easy-110","magnet:m1","arrow:a1","OCCLUSION","0.5238","1","7"
"d2-v5-easy-110","magnet:m1","arrow:a1","MAGNET_CONTROL","0.5238","1","7"
"d2-v5-easy-110","magnet:m1","arrow:a1","POLARITY_DEPENDENCY","0.5238","1","7"
"d2-v5-easy-110","magnet:m1","arrow:a4","MAGNET_CONTROL","0.5238","1","7"
"d2-v5-easy-110","magnet:m1","arrow:a4","POLARITY_DEPENDENCY","0.5238","1","7"
"d2-v5-easy-110","magnet:m2","arrow:a2","MAGNET_CONTROL","0.5238","1","7"
"d2-v5-easy-110","magnet:m2","arrow:a4","ROUTE_BLOCK","0.5238","1","7"
"d2-v5-easy-110","magnet:m3","arrow:a3","MAGNET_CONTROL","0.5238","1","7"
"d2-v5-medium-111","arrow:a1","arrow:a2","ALTERNATIVE_PATH","0.3571","2","7"
"d2-v5-medium-111","arrow:a1","arrow:a3","ALTERNATIVE_PATH","0.3571","2","7"
"d2-v5-medium-111","arrow:a1","arrow:a4","ORDER_DEPENDENCY","0.3571","2","7"
"d2-v5-medium-111","arrow:a1","arrow:a4","ALTERNATIVE_PATH","0.3571","2","7"
"d2-v5-medium-111","arrow:a2","arrow:a3","ALTERNATIVE_PATH","0.3571","2","7"
"d2-v5-medium-111","arrow:a2","arrow:a4","ORDER_DEPENDENCY","0.3571","2","7"
"d2-v5-medium-111","arrow:a2","arrow:a4","ALTERNATIVE_PATH","0.3571","2","7"
"d2-v5-medium-111","arrow:a3","arrow:a4","EXPOSURE","0.3571","2","7"
"d2-v5-medium-111","arrow:a3","arrow:a4","ORDER_DEPENDENCY","0.3571","2","7"
"d2-v5-medium-111","arrow:a3","arrow:a4","STATE_DEPENDENCY","0.3571","2","7"
"d2-v5-medium-111","arrow:a3","arrow:a4","REVEAL","0.3571","2","7"
"d2-v5-medium-111","arrow:a3","wall:1,1","COLLISION","0.3571","2","7"
"d2-v5-medium-111","arrow:a4","arrow:a3","EXPOSURE","0.3571","2","7"
"d2-v5-medium-111","arrow:a4","arrow:a3","STATE_DEPENDENCY","0.3571","2","7"
"d2-v5-medium-111","arrow:a4","arrow:a3","REVEAL","0.3571","2","7"
"d2-v5-medium-111","magnet:m1","arrow:a3","MAGNET_CONTROL","0.3571","2","7"
"d2-v5-medium-111","magnet:m1","arrow:a3","POLARITY_DEPENDENCY","0.3571","2","7"
"d2-v5-medium-111","magnet:m1","arrow:a4","MAGNET_CONTROL","0.3571","2","7"
"d2-v5-medium-111","magnet:m1","arrow:a4","POLARITY_DEPENDENCY","0.3571","2","7"
"d2-v5-medium-111","wall:1,1","arrow:a3","ROUTE_BLOCK","0.3571","2","7"
"d2-v5-medium-111","wall:2,4","arrow:a1","OCCLUSION","0.3571","2","7"
"d2-v5-expert-112","arrow:a1","arrow:a2","COLLISION","0.2909","5","7"
"d2-v5-expert-112","arrow:a1","arrow:a2","ROUTE_BLOCK","0.2909","5","7"
"d2-v5-expert-112","arrow:a1","arrow:a3","COLLISION","0.2909","5","7"
"d2-v5-expert-112","arrow:a1","arrow:a3","ORDER_DEPENDENCY","0.2909","5","7"
"d2-v5-expert-112","arrow:a1","arrow:a5","ALTERNATIVE_PATH","0.2909","5","7"
"d2-v5-expert-112","arrow:a1","magnet:m2","COLLISION","0.2909","5","7"
"d2-v5-expert-112","arrow:a2","arrow:a1","COLLISION","0.2909","5","7"
"d2-v5-expert-112","arrow:a2","arrow:a1","OCCLUSION","0.2909","5","7"
"d2-v5-expert-112","arrow:a2","arrow:a1","ROUTE_BLOCK","0.2909","5","7"
"d2-v5-expert-112","arrow:a2","arrow:a1","EXPOSURE","0.2909","5","7"
"d2-v5-expert-112","arrow:a2","arrow:a1","STATE_DEPENDENCY","0.2909","5","7"
"d2-v5-expert-112","arrow:a2","arrow:a1","REVEAL","0.2909","5","7"
"d2-v5-expert-112","arrow:a2","arrow:a3","ORDER_DEPENDENCY","0.2909","5","7"
"d2-v5-expert-112","arrow:a2","arrow:a4","EXPOSURE","0.2909","5","7"
"d2-v5-expert-112","arrow:a2","arrow:a4","ORDER_DEPENDENCY","0.2909","5","7"
"d2-v5-expert-112","arrow:a2","arrow:a4","STATE_DEPENDENCY","0.2909","5","7"
"d2-v5-expert-112","arrow:a2","arrow:a4","REVEAL","0.2909","5","7"
"d2-v5-expert-112","arrow:a2","arrow:a5","ALTERNATIVE_PATH","0.2909","5","7"
"d2-v5-expert-112","arrow:a3","arrow:a1","OCCLUSION","0.2909","5","7"
"d2-v5-expert-112","arrow:a3","arrow:a1","ROUTE_BLOCK","0.2909","5","7"
"d2-v5-expert-112","arrow:a3","arrow:a1","EXPOSURE","0.2909","5","7"
"d2-v5-expert-112","arrow:a3","arrow:a1","STATE_DEPENDENCY","0.2909","5","7"
"d2-v5-expert-112","arrow:a3","arrow:a1","REVEAL","0.2909","5","7"
"d2-v5-expert-112","arrow:a3","arrow:a5","ALTERNATIVE_PATH","0.2909","5","7"
"d2-v5-expert-112","arrow:a4","arrow:a1","EXPOSURE","0.2909","5","7"
"d2-v5-expert-112","arrow:a4","arrow:a1","STATE_DEPENDENCY","0.2909","5","7"
"d2-v5-expert-112","arrow:a4","arrow:a1","REVEAL","0.2909","5","7"
"d2-v5-expert-112","arrow:a4","arrow:a2","EXPOSURE","0.2909","5","7"
"d2-v5-expert-112","arrow:a4","arrow:a2","STATE_DEPENDENCY","0.2909","5","7"
"d2-v5-expert-112","arrow:a4","arrow:a2","REVEAL","0.2909","5","7"
"d2-v5-expert-112","arrow:a4","arrow:a3","ORDER_DEPENDENCY","0.2909","5","7"
"d2-v5-expert-112","arrow:a4","arrow:a5","ALTERNATIVE_PATH","0.2909","5","7"
"d2-v5-expert-112","arrow:a5","arrow:a3","ORDER_DEPENDENCY","0.2909","5","7"
"d2-v5-expert-112","arrow:a5","arrow:a4","ORDER_DEPENDENCY","0.2909","5","7"
"d2-v5-expert-112","magnet:m1","arrow:a1","MAGNET_CONTROL","0.2909","5","7"
"d2-v5-expert-112","magnet:m1","arrow:a1","POLARITY_DEPENDENCY","0.2909","5","7"
"d2-v5-expert-112","magnet:m1","arrow:a3","MAGNET_CONTROL","0.2909","5","7"
"d2-v5-expert-112","magnet:m1","magnet:m2","CANCELLATION","0.2909","5","7"
"d2-v5-expert-112","magnet:m2","arrow:a1","MAGNET_CONTROL","0.2909","5","7"
"d2-v5-expert-112","magnet:m2","arrow:a1","POLARITY_DEPENDENCY","0.2909","5","7"
"d2-v5-expert-112","magnet:m2","arrow:a1","ROUTE_BLOCK","0.2909","5","7"
"d2-v5-expert-112","magnet:m2","arrow:a2","MAGNET_CONTROL","0.2909","5","7"
"d2-v5-expert-112","magnet:m2","arrow:a2","POLARITY_DEPENDENCY","0.2909","5","7"
"d2-v5-expert-112","magnet:m2","arrow:a4","MAGNET_CONTROL","0.2909","5","7"
"d2-v5-expert-112","magnet:m2","arrow:a4","POLARITY_DEPENDENCY","0.2909","5","7"
"d2-v5-hard-113","arrow:a1","arrow:a2","ALTERNATIVE_PATH","0.2436","5","9"
"d2-v5-hard-113","arrow:a1","arrow:a4","COLLISION","0.2436","5","9"
"d2-v5-hard-113","arrow:a1","arrow:a4","OCCLUSION","0.2436","5","9"
"d2-v5-hard-113","arrow:a1","arrow:a4","ROUTE_BLOCK","0.2436","5","9"
"d2-v5-hard-113","arrow:a1","arrow:a5","COLLISION","0.2436","5","9"
"d2-v5-hard-113","arrow:a1","arrow:a5","ROUTE_BLOCK","0.2436","5","9"
"d2-v5-hard-113","arrow:a1","arrow:a6","ORDER_DEPENDENCY","0.2436","5","9"
"d2-v5-hard-113","arrow:a2","arrow:a3","ALTERNATIVE_PATH","0.2436","5","9"
"d2-v5-hard-113","arrow:a2","arrow:a4","ALTERNATIVE_PATH","0.2436","5","9"
"d2-v5-hard-113","arrow:a2","arrow:a5","ALTERNATIVE_PATH","0.2436","5","9"
"d2-v5-hard-113","arrow:a2","arrow:a6","ORDER_DEPENDENCY","0.2436","5","9"
"d2-v5-hard-113","arrow:a2","arrow:a6","ALTERNATIVE_PATH","0.2436","5","9"
"d2-v5-hard-113","arrow:a3","arrow:a5","EXPOSURE","0.2436","5","9"
"d2-v5-hard-113","arrow:a3","arrow:a5","STATE_DEPENDENCY","0.2436","5","9"
"d2-v5-hard-113","arrow:a3","arrow:a5","REVEAL","0.2436","5","9"
"d2-v5-hard-113","arrow:a3","arrow:a6","ORDER_DEPENDENCY","0.2436","5","9"
"d2-v5-hard-113","arrow:a4","arrow:a1","COLLISION","0.2436","5","9"
"d2-v5-hard-113","arrow:a4","arrow:a1","ROUTE_BLOCK","0.2436","5","9"
"d2-v5-hard-113","arrow:a4","arrow:a6","COLLISION","0.2436","5","9"
"d2-v5-hard-113","arrow:a5","arrow:a1","COLLISION","0.2436","5","9"
"d2-v5-hard-113","arrow:a5","arrow:a1","OCCLUSION","0.2436","5","9"
"d2-v5-hard-113","arrow:a5","arrow:a1","ROUTE_BLOCK","0.2436","5","9"
"d2-v5-hard-113","arrow:a5","arrow:a1","EXPOSURE","0.2436","5","9"
"d2-v5-hard-113","arrow:a5","arrow:a1","STATE_DEPENDENCY","0.2436","5","9"
"d2-v5-hard-113","arrow:a5","arrow:a1","REVEAL","0.2436","5","9"
"d2-v5-hard-113","arrow:a5","arrow:a6","ORDER_DEPENDENCY","0.2436","5","9"
"d2-v5-hard-113","arrow:a6","arrow:a1","OCCLUSION","0.2436","5","9"
"d2-v5-hard-113","arrow:a6","arrow:a1","EXPOSURE","0.2436","5","9"
"d2-v5-hard-113","arrow:a6","arrow:a1","STATE_DEPENDENCY","0.2436","5","9"
"d2-v5-hard-113","arrow:a6","arrow:a1","REVEAL","0.2436","5","9"
"d2-v5-hard-113","arrow:a6","arrow:a4","OCCLUSION","0.2436","5","9"
"d2-v5-hard-113","arrow:a6","arrow:a4","ROUTE_BLOCK","0.2436","5","9"
"d2-v5-hard-113","arrow:a6","arrow:a4","EXPOSURE","0.2436","5","9"
"d2-v5-hard-113","arrow:a6","arrow:a4","STATE_DEPENDENCY","0.2436","5","9"
"d2-v5-hard-113","arrow:a6","arrow:a4","REVEAL","0.2436","5","9"
"d2-v5-hard-113","magnet:m1","arrow:a1","MAGNET_CONTROL","0.2436","5","9"
"d2-v5-hard-113","magnet:m1","arrow:a1","POLARITY_DEPENDENCY","0.2436","5","9"
"d2-v5-hard-113","magnet:m1","arrow:a3","OCCLUSION","0.2436","5","9"
"d2-v5-hard-113","magnet:m1","arrow:a3","MAGNET_CONTROL","0.2436","5","9"
"d2-v5-hard-113","magnet:m1","arrow:a5","MAGNET_CONTROL","0.2436","5","9"
"d2-v5-hard-113","magnet:m1","arrow:a5","POLARITY_DEPENDENCY","0.2436","5","9"
"d2-v5-hard-113","magnet:m4","arrow:a1","MAGNET_CONTROL","0.2436","5","9"
"d2-v5-hard-113","magnet:m4","arrow:a1","POLARITY_DEPENDENCY","0.2436","5","9"
"d2-v5-hard-113","magnet:m4","arrow:a4","MAGNET_CONTROL","0.2436","5","9"
"d2-v5-hard-113","magnet:m4","arrow:a4","POLARITY_DEPENDENCY","0.2436","5","9"
"d2-v5-hard-113","magnet:m4","arrow:a6","MAGNET_CONTROL","0.2436","5","9"
"d2-v5-hard-113","wall:4,4","arrow:a2","OCCLUSION","0.2436","5","9"
"d2-v5-medium-114","arrow:a1","arrow:a2","ALTERNATIVE_PATH","0.1429","6","9"
"d2-v5-medium-114","arrow:a1","arrow:a3","ALTERNATIVE_PATH","0.1429","6","9"
"d2-v5-medium-114","arrow:a1","arrow:a4","EXPOSURE","0.1429","6","9"
"d2-v5-medium-114","arrow:a1","arrow:a4","STATE_DEPENDENCY","0.1429","6","9"
"d2-v5-medium-114","arrow:a1","arrow:a4","REVEAL","0.1429","6","9"
"d2-v5-medium-114","arrow:a2","arrow:a1","ORDER_DEPENDENCY","0.1429","6","9"
"d2-v5-medium-114","arrow:a2","arrow:a3","ALTERNATIVE_PATH","0.1429","6","9"
"d2-v5-medium-114","arrow:a2","arrow:a4","ALTERNATIVE_PATH","0.1429","6","9"
"d2-v5-medium-114","arrow:a3","arrow:a1","ORDER_DEPENDENCY","0.1429","6","9"
"d2-v5-medium-114","arrow:a3","arrow:a4","ALTERNATIVE_PATH","0.1429","6","9"
"d2-v5-medium-114","arrow:a4","arrow:a1","EXPOSURE","0.1429","6","9"
"d2-v5-medium-114","arrow:a4","arrow:a1","ORDER_DEPENDENCY","0.1429","6","9"
"d2-v5-medium-114","arrow:a4","arrow:a1","STATE_DEPENDENCY","0.1429","6","9"
"d2-v5-medium-114","arrow:a4","arrow:a1","REVEAL","0.1429","6","9"
"d2-v5-medium-114","arrow:a4","wall:3,2","COLLISION","0.1429","6","9"
"d2-v5-medium-114","magnet:m1","arrow:a1","MAGNET_CONTROL","0.1429","6","9"
"d2-v5-medium-114","magnet:m1","arrow:a1","POLARITY_DEPENDENCY","0.1429","6","9"
"d2-v5-medium-114","magnet:m1","arrow:a4","MAGNET_CONTROL","0.1429","6","9"
"d2-v5-medium-114","magnet:m1","arrow:a4","POLARITY_DEPENDENCY","0.1429","6","9"
"d2-v5-medium-114","wall:2,4","arrow:a3","OCCLUSION","0.1429","6","9"
"d2-v5-medium-114","wall:3,2","arrow:a3","OCCLUSION","0.1429","6","9"
"d2-v5-medium-114","wall:3,2","arrow:a4","ROUTE_BLOCK","0.1429","6","9"
"d2-v5-medium-114","wall:3,5","arrow:a2","OCCLUSION","0.1429","6","9"
"d2-v5-medium-114","wall:4,4","arrow:a2","OCCLUSION","0.1429","6","9"
"d2-v5-master-115","arrow:a1","arrow:a2","ROUTE_BLOCK","0.3556","4","7"
"d2-v5-master-115","arrow:a1","arrow:a2","ORDER_DEPENDENCY","0.3556","4","7"
"d2-v5-master-115","arrow:a1","arrow:a3","ALTERNATIVE_PATH","0.3556","4","7"
"d2-v5-master-115","arrow:a1","arrow:a4","ORDER_DEPENDENCY","0.3556","4","7"
"d2-v5-master-115","arrow:a1","arrow:a5","ALTERNATIVE_PATH","0.3556","4","7"
"d2-v5-master-115","arrow:a1","magnet:m2","COLLISION","0.3556","4","7"
"d2-v5-master-115","arrow:a2","arrow:a1","COLLISION","0.3556","4","7"
"d2-v5-master-115","arrow:a2","arrow:a1","OCCLUSION","0.3556","4","7"
"d2-v5-master-115","arrow:a2","arrow:a1","EXPOSURE","0.3556","4","7"
"d2-v5-master-115","arrow:a2","arrow:a1","STATE_DEPENDENCY","0.3556","4","7"
"d2-v5-master-115","arrow:a2","arrow:a1","REVEAL","0.3556","4","7"
"d2-v5-master-115","arrow:a2","arrow:a3","ALTERNATIVE_PATH","0.3556","4","7"
"d2-v5-master-115","arrow:a2","arrow:a4","EXPOSURE","0.3556","4","7"
"d2-v5-master-115","arrow:a2","arrow:a4","ORDER_DEPENDENCY","0.3556","4","7"
"d2-v5-master-115","arrow:a2","arrow:a4","STATE_DEPENDENCY","0.3556","4","7"
"d2-v5-master-115","arrow:a2","arrow:a4","REVEAL","0.3556","4","7"
"d2-v5-master-115","arrow:a2","arrow:a5","ALTERNATIVE_PATH","0.3556","4","7"
"d2-v5-master-115","arrow:a2","magnet:m1","COLLISION","0.3556","4","7"
"d2-v5-master-115","arrow:a3","arrow:a2","ORDER_DEPENDENCY","0.3556","4","7"
"d2-v5-master-115","arrow:a3","arrow:a4","ORDER_DEPENDENCY","0.3556","4","7"
"d2-v5-master-115","arrow:a3","arrow:a4","ALTERNATIVE_PATH","0.3556","4","7"
"d2-v5-master-115","arrow:a3","arrow:a5","ALTERNATIVE_PATH","0.3556","4","7"
"d2-v5-master-115","arrow:a4","arrow:a2","EXPOSURE","0.3556","4","7"
"d2-v5-master-115","arrow:a4","arrow:a2","STATE_DEPENDENCY","0.3556","4","7"
"d2-v5-master-115","arrow:a4","arrow:a2","REVEAL","0.3556","4","7"
"d2-v5-master-115","arrow:a4","arrow:a5","ALTERNATIVE_PATH","0.3556","4","7"
"d2-v5-master-115","arrow:a5","arrow:a2","ORDER_DEPENDENCY","0.3556","4","7"
"d2-v5-master-115","arrow:a5","arrow:a4","ORDER_DEPENDENCY","0.3556","4","7"
"d2-v5-master-115","magnet:m1","arrow:a1","MAGNET_CONTROL","0.3556","4","7"
"d2-v5-master-115","magnet:m1","arrow:a2","ROUTE_BLOCK","0.3556","4","7"
"d2-v5-master-115","magnet:m1","magnet:m2","CANCELLATION","0.3556","4","7"
"d2-v5-master-115","magnet:m2","arrow:a1","ROUTE_BLOCK","0.3556","4","7"
"d2-v5-master-115","magnet:m2","arrow:a2","MAGNET_CONTROL","0.3556","4","7"
"d2-v5-master-115","magnet:m2","arrow:a2","POLARITY_DEPENDENCY","0.3556","4","7"
"d2-v5-master-115","magnet:m2","arrow:a4","MAGNET_CONTROL","0.3556","4","7"
"d2-v5-master-115","magnet:m2","arrow:a4","POLARITY_DEPENDENCY","0.3556","4","7"
"d2-v5-easy-116","arrow:a1","arrow:a2","ALTERNATIVE_PATH","0.2273","5","8"
"d2-v5-easy-116","arrow:a1","arrow:a3","ALTERNATIVE_PATH","0.2273","5","8"
"d2-v5-easy-116","arrow:a1","arrow:a4","EXPOSURE","0.2273","5","8"
"d2-v5-easy-116","arrow:a1","arrow:a4","ORDER_DEPENDENCY","0.2273","5","8"
"d2-v5-easy-116","arrow:a1","arrow:a4","STATE_DEPENDENCY","0.2273","5","8"
"d2-v5-easy-116","arrow:a1","arrow:a4","REVEAL","0.2273","5","8"
"d2-v5-easy-116","arrow:a1","arrow:a5","ROUTE_BLOCK","0.2273","5","8"
"d2-v5-easy-116","arrow:a1","arrow:a5","EXPOSURE","0.2273","5","8"
"d2-v5-easy-116","arrow:a1","arrow:a5","STATE_DEPENDENCY","0.2273","5","8"
"d2-v5-easy-116","arrow:a1","arrow:a5","REVEAL","0.2273","5","8"
"d2-v5-easy-116","arrow:a1","wall:6,7","COLLISION","0.2273","5","8"
"d2-v5-easy-116","arrow:a2","arrow:a3","ALTERNATIVE_PATH","0.2273","5","8"
"d2-v5-easy-116","arrow:a2","arrow:a4","ORDER_DEPENDENCY","0.2273","5","8"
"d2-v5-easy-116","arrow:a2","arrow:a4","ALTERNATIVE_PATH","0.2273","5","8"
"d2-v5-easy-116","arrow:a2","arrow:a5","ALTERNATIVE_PATH","0.2273","5","8"
"d2-v5-easy-116","arrow:a3","arrow:a4","ORDER_DEPENDENCY","0.2273","5","8"
"d2-v5-easy-116","arrow:a3","arrow:a4","ALTERNATIVE_PATH","0.2273","5","8"
"d2-v5-easy-116","arrow:a3","arrow:a5","ROUTE_BLOCK","0.2273","5","8"
"d2-v5-easy-116","arrow:a3","arrow:a5","EXPOSURE","0.2273","5","8"
"d2-v5-easy-116","arrow:a3","arrow:a5","STATE_DEPENDENCY","0.2273","5","8"
"d2-v5-easy-116","arrow:a3","arrow:a5","REVEAL","0.2273","5","8"
"d2-v5-easy-116","arrow:a4","arrow:a1","EXPOSURE","0.2273","5","8"
"d2-v5-easy-116","arrow:a4","arrow:a1","STATE_DEPENDENCY","0.2273","5","8"
"d2-v5-easy-116","arrow:a4","arrow:a1","REVEAL","0.2273","5","8"
"d2-v5-easy-116","arrow:a4","arrow:a5","ALTERNATIVE_PATH","0.2273","5","8"
"d2-v5-easy-116","arrow:a5","arrow:a1","COLLISION","0.2273","5","8"
"d2-v5-easy-116","arrow:a5","arrow:a3","COLLISION","0.2273","5","8"
"d2-v5-easy-116","magnet:m2","arrow:a1","MAGNET_CONTROL","0.2273","5","8"
"d2-v5-easy-116","magnet:m2","arrow:a1","POLARITY_DEPENDENCY","0.2273","5","8"
"d2-v5-easy-116","magnet:m2","arrow:a4","MAGNET_CONTROL","0.2273","5","8"
"d2-v5-easy-116","magnet:m2","arrow:a4","POLARITY_DEPENDENCY","0.2273","5","8"
"d2-v5-easy-116","wall:4,3","arrow:a5","OCCLUSION","0.2273","5","8"
"d2-v5-easy-116","wall:6,7","arrow:a1","ROUTE_BLOCK","0.2273","5","8"
"d2-v5-easy-116","wall:6,7","arrow:a2","OCCLUSION","0.2273","5","8"
"d2-v5-hard-117","arrow:a1","arrow:a2","EXPOSURE","0.2","5","7"
"d2-v5-hard-117","arrow:a1","arrow:a2","STATE_DEPENDENCY","0.2","5","7"
"d2-v5-hard-117","arrow:a1","arrow:a2","REVEAL","0.2","5","7"
"d2-v5-hard-117","arrow:a1","arrow:a3","ALTERNATIVE_PATH","0.2","5","7"
"d2-v5-hard-117","arrow:a1","arrow:a4","ALTERNATIVE_PATH","0.2","5","7"
"d2-v5-hard-117","arrow:a2","arrow:a1","EXPOSURE","0.2","5","7"
"d2-v5-hard-117","arrow:a2","arrow:a1","ORDER_DEPENDENCY","0.2","5","7"
"d2-v5-hard-117","arrow:a2","arrow:a1","STATE_DEPENDENCY","0.2","5","7"
"d2-v5-hard-117","arrow:a2","arrow:a1","REVEAL","0.2","5","7"
"d2-v5-hard-117","arrow:a2","arrow:a3","ALTERNATIVE_PATH","0.2","5","7"
"d2-v5-hard-117","arrow:a2","arrow:a4","ALTERNATIVE_PATH","0.2","5","7"
"d2-v5-hard-117","arrow:a2","wall:2,1","COLLISION","0.2","5","7"
"d2-v5-hard-117","arrow:a3","arrow:a1","ORDER_DEPENDENCY","0.2","5","7"
"d2-v5-hard-117","arrow:a3","arrow:a4","ALTERNATIVE_PATH","0.2","5","7"
"d2-v5-hard-117","arrow:a4","arrow:a1","ORDER_DEPENDENCY","0.2","5","7"
"d2-v5-hard-117","magnet:m1","arrow:a4","MAGNET_CONTROL","0.2","5","7"
"d2-v5-hard-117","magnet:m3","arrow:a1","MAGNET_CONTROL","0.2","5","7"
"d2-v5-hard-117","magnet:m3","arrow:a1","POLARITY_DEPENDENCY","0.2","5","7"
"d2-v5-hard-117","magnet:m3","arrow:a2","MAGNET_CONTROL","0.2","5","7"
"d2-v5-hard-117","magnet:m3","arrow:a2","POLARITY_DEPENDENCY","0.2","5","7"
"d2-v5-hard-117","wall:2,1","arrow:a2","ROUTE_BLOCK","0.2","5","7"
"d2-v5-hard-117","wall:2,1","arrow:a3","OCCLUSION","0.2","5","7"
"d2-v5-easy-118","arrow:a1","arrow:a2","ROUTE_BLOCK","0.5714","1","8"
"d2-v5-easy-118","arrow:a1","arrow:a2","EXPOSURE","0.5714","1","8"
"d2-v5-easy-118","arrow:a1","arrow:a2","STATE_DEPENDENCY","0.5714","1","8"
"d2-v5-easy-118","arrow:a1","arrow:a2","REVEAL","0.5714","1","8"
"d2-v5-easy-118","arrow:a1","arrow:a2","ALTERNATIVE_PATH","0.5714","1","8"
"d2-v5-easy-118","arrow:a1","arrow:a3","COLLISION","0.5714","1","8"
"d2-v5-easy-118","arrow:a1","arrow:a3","OCCLUSION","0.5714","1","8"
"d2-v5-easy-118","arrow:a1","arrow:a3","EXPOSURE","0.5714","1","8"
"d2-v5-easy-118","arrow:a1","arrow:a3","STATE_DEPENDENCY","0.5714","1","8"
"d2-v5-easy-118","arrow:a1","arrow:a3","REVEAL","0.5714","1","8"
"d2-v5-easy-118","arrow:a1","arrow:a4","EXPOSURE","0.5714","1","8"
"d2-v5-easy-118","arrow:a1","arrow:a4","STATE_DEPENDENCY","0.5714","1","8"
"d2-v5-easy-118","arrow:a1","arrow:a4","REVEAL","0.5714","1","8"
"d2-v5-easy-118","arrow:a1","arrow:a4","ALTERNATIVE_PATH","0.5714","1","8"
"d2-v5-easy-118","arrow:a1","arrow:a5","ALTERNATIVE_PATH","0.5714","1","8"
"d2-v5-easy-118","arrow:a2","arrow:a1","COLLISION","0.5714","1","8"
"d2-v5-easy-118","arrow:a2","arrow:a1","ORDER_DEPENDENCY","0.5714","1","8"
"d2-v5-easy-118","arrow:a2","arrow:a3","ALTERNATIVE_PATH","0.5714","1","8"
"d2-v5-easy-118","arrow:a2","arrow:a4","ALTERNATIVE_PATH","0.5714","1","8"
"d2-v5-easy-118","arrow:a2","arrow:a5","EXPOSURE","0.5714","1","8"
"d2-v5-easy-118","arrow:a2","arrow:a5","STATE_DEPENDENCY","0.5714","1","8"
"d2-v5-easy-118","arrow:a2","arrow:a5","REVEAL","0.5714","1","8"
"d2-v5-easy-118","arrow:a2","arrow:a5","ALTERNATIVE_PATH","0.5714","1","8"
"d2-v5-easy-118","arrow:a3","arrow:a1","ROUTE_BLOCK","0.5714","1","8"
"d2-v5-easy-118","arrow:a3","arrow:a1","EXPOSURE","0.5714","1","8"
"d2-v5-easy-118","arrow:a3","arrow:a1","ORDER_DEPENDENCY","0.5714","1","8"
"d2-v5-easy-118","arrow:a3","arrow:a1","STATE_DEPENDENCY","0.5714","1","8"
"d2-v5-easy-118","arrow:a3","arrow:a1","REVEAL","0.5714","1","8"
"d2-v5-easy-118","arrow:a3","arrow:a4","ALTERNATIVE_PATH","0.5714","1","8"
"d2-v5-easy-118","arrow:a3","arrow:a5","ALTERNATIVE_PATH","0.5714","1","8"
"d2-v5-easy-118","arrow:a3","magnet:m3","COLLISION","0.5714","1","8"
"d2-v5-easy-118","arrow:a4","arrow:a1","EXPOSURE","0.5714","1","8"
"d2-v5-easy-118","arrow:a4","arrow:a1","STATE_DEPENDENCY","0.5714","1","8"
"d2-v5-easy-118","arrow:a4","arrow:a1","REVEAL","0.5714","1","8"
"d2-v5-easy-118","arrow:a4","arrow:a5","ALTERNATIVE_PATH","0.5714","1","8"
"d2-v5-easy-118","arrow:a5","arrow:a1","ORDER_DEPENDENCY","0.5714","1","8"
"d2-v5-easy-118","arrow:a5","arrow:a2","EXPOSURE","0.5714","1","8"
"d2-v5-easy-118","arrow:a5","arrow:a2","STATE_DEPENDENCY","0.5714","1","8"
"d2-v5-easy-118","arrow:a5","arrow:a2","REVEAL","0.5714","1","8"
"d2-v5-easy-118","magnet:m1","arrow:a1","MAGNET_CONTROL","0.5714","1","8"
"d2-v5-easy-118","magnet:m1","arrow:a1","POLARITY_DEPENDENCY","0.5714","1","8"
"d2-v5-easy-118","magnet:m1","arrow:a4","MAGNET_CONTROL","0.5714","1","8"
"d2-v5-easy-118","magnet:m1","arrow:a4","POLARITY_DEPENDENCY","0.5714","1","8"
"d2-v5-easy-118","magnet:m1","magnet:m3","CANCELLATION","0.5714","1","8"
"d2-v5-easy-118","magnet:m2","arrow:a2","MAGNET_CONTROL","0.5714","1","8"
"d2-v5-easy-118","magnet:m2","arrow:a2","POLARITY_DEPENDENCY","0.5714","1","8"
"d2-v5-easy-118","magnet:m2","arrow:a5","MAGNET_CONTROL","0.5714","1","8"
"d2-v5-easy-118","magnet:m2","arrow:a5","POLARITY_DEPENDENCY","0.5714","1","8"
"d2-v5-easy-118","magnet:m3","arrow:a3","MAGNET_CONTROL","0.5714","1","8"
"d2-v5-easy-118","magnet:m3","arrow:a3","ROUTE_BLOCK","0.5714","1","8"
"d2-v5-medium-119","arrow:a1","arrow:a2","EXPOSURE","0.5238","2","6"
"d2-v5-medium-119","arrow:a1","arrow:a2","ORDER_DEPENDENCY","0.5238","2","6"
"d2-v5-medium-119","arrow:a1","arrow:a2","STATE_DEPENDENCY","0.5238","2","6"
"d2-v5-medium-119","arrow:a1","arrow:a2","REVEAL","0.5238","2","6"
"d2-v5-medium-119","arrow:a1","arrow:a3","ALTERNATIVE_PATH","0.5238","2","6"
"d2-v5-medium-119","arrow:a1","arrow:a4","ALTERNATIVE_PATH","0.5238","2","6"
"d2-v5-medium-119","arrow:a1","magnet:m1","COLLISION","0.5238","2","6"
"d2-v5-medium-119","arrow:a2","arrow:a1","EXPOSURE","0.5238","2","6"
"d2-v5-medium-119","arrow:a2","arrow:a1","STATE_DEPENDENCY","0.5238","2","6"
"d2-v5-medium-119","arrow:a2","arrow:a1","REVEAL","0.5238","2","6"
"d2-v5-medium-119","arrow:a2","arrow:a3","ALTERNATIVE_PATH","0.5238","2","6"
"d2-v5-medium-119","arrow:a2","arrow:a4","ALTERNATIVE_PATH","0.5238","2","6"
"d2-v5-medium-119","arrow:a3","arrow:a2","ORDER_DEPENDENCY","0.5238","2","6"
"d2-v5-medium-119","arrow:a3","arrow:a4","EXPOSURE","0.5238","2","6"
"d2-v5-medium-119","arrow:a3","arrow:a4","STATE_DEPENDENCY","0.5238","2","6"
"d2-v5-medium-119","arrow:a3","arrow:a4","REVEAL","0.5238","2","6"
"d2-v5-medium-119","arrow:a3","arrow:a4","ALTERNATIVE_PATH","0.5238","2","6"
"d2-v5-medium-119","arrow:a4","arrow:a2","ORDER_DEPENDENCY","0.5238","2","6"
"d2-v5-medium-119","arrow:a4","arrow:a3","EXPOSURE","0.5238","2","6"
"d2-v5-medium-119","arrow:a4","arrow:a3","STATE_DEPENDENCY","0.5238","2","6"
"d2-v5-medium-119","arrow:a4","arrow:a3","REVEAL","0.5238","2","6"
"d2-v5-medium-119","magnet:m1","arrow:a1","ROUTE_BLOCK","0.5238","2","6"
"d2-v5-medium-119","magnet:m1","arrow:a3","MAGNET_CONTROL","0.5238","2","6"
"d2-v5-medium-119","magnet:m1","arrow:a3","POLARITY_DEPENDENCY","0.5238","2","6"
"d2-v5-medium-119","magnet:m1","arrow:a4","OCCLUSION","0.5238","2","6"
"d2-v5-medium-119","magnet:m1","arrow:a4","MAGNET_CONTROL","0.5238","2","6"
"d2-v5-medium-119","magnet:m1","arrow:a4","POLARITY_DEPENDENCY","0.5238","2","6"
"d2-v5-medium-119","magnet:m2","arrow:a1","MAGNET_CONTROL","0.5238","2","6"
"d2-v5-medium-119","magnet:m2","arrow:a1","POLARITY_DEPENDENCY","0.5238","2","6"
"d2-v5-medium-119","magnet:m2","arrow:a2","MAGNET_CONTROL","0.5238","2","6"
"d2-v5-medium-119","magnet:m2","arrow:a2","POLARITY_DEPENDENCY","0.5238","2","6"
"d2-v5-expert-120","arrow:a1","arrow:a2","EXPOSURE","0.2179","5","9"
"d2-v5-expert-120","arrow:a1","arrow:a2","STATE_DEPENDENCY","0.2179","5","9"
"d2-v5-expert-120","arrow:a1","arrow:a2","REVEAL","0.2179","5","9"
"d2-v5-expert-120","arrow:a1","arrow:a3","ALTERNATIVE_PATH","0.2179","5","9"
"d2-v5-expert-120","arrow:a1","arrow:a4","COLLISION","0.2179","5","9"
"d2-v5-expert-120","arrow:a1","arrow:a4","ROUTE_BLOCK","0.2179","5","9"
"d2-v5-expert-120","arrow:a1","arrow:a5","ALTERNATIVE_PATH","0.2179","5","9"
"d2-v5-expert-120","arrow:a2","arrow:a3","ALTERNATIVE_PATH","0.2179","5","9"
"d2-v5-expert-120","arrow:a2","arrow:a4","EXPOSURE","0.2179","5","9"
"d2-v5-expert-120","arrow:a2","arrow:a4","STATE_DEPENDENCY","0.2179","5","9"
"d2-v5-expert-120","arrow:a2","arrow:a4","REVEAL","0.2179","5","9"
"d2-v5-expert-120","arrow:a2","arrow:a5","ALTERNATIVE_PATH","0.2179","5","9"
"d2-v5-expert-120","arrow:a2","magnet:m2","COLLISION","0.2179","5","9"
"d2-v5-expert-120","arrow:a3","arrow:a2","ORDER_DEPENDENCY","0.2179","5","9"
"d2-v5-expert-120","arrow:a3","arrow:a4","ALTERNATIVE_PATH","0.2179","5","9"
"d2-v5-expert-120","arrow:a3","arrow:a5","ALTERNATIVE_PATH","0.2179","5","9"
"d2-v5-expert-120","arrow:a4","arrow:a1","COLLISION","0.2179","5","9"
"d2-v5-expert-120","arrow:a4","arrow:a1","OCCLUSION","0.2179","5","9"
"d2-v5-expert-120","arrow:a4","arrow:a1","ROUTE_BLOCK","0.2179","5","9"
"d2-v5-expert-120","arrow:a4","arrow:a1","EXPOSURE","0.2179","5","9"
"d2-v5-expert-120","arrow:a4","arrow:a1","STATE_DEPENDENCY","0.2179","5","9"
"d2-v5-expert-120","arrow:a4","arrow:a1","REVEAL","0.2179","5","9"
"d2-v5-expert-120","arrow:a4","arrow:a2","EXPOSURE","0.2179","5","9"
"d2-v5-expert-120","arrow:a4","arrow:a2","ORDER_DEPENDENCY","0.2179","5","9"
"d2-v5-expert-120","arrow:a4","arrow:a2","STATE_DEPENDENCY","0.2179","5","9"
"d2-v5-expert-120","arrow:a4","arrow:a2","REVEAL","0.2179","5","9"
"d2-v5-expert-120","arrow:a4","arrow:a5","ALTERNATIVE_PATH","0.2179","5","9"
"d2-v5-expert-120","arrow:a5","arrow:a2","ORDER_DEPENDENCY","0.2179","5","9"
"d2-v5-expert-120","magnet:m2","arrow:a2","ROUTE_BLOCK","0.2179","5","9"
"d2-v5-expert-120","magnet:m2","arrow:a5","OCCLUSION","0.2179","5","9"
"d2-v5-expert-120","magnet:m2","arrow:a5","MAGNET_CONTROL","0.2179","5","9"
"d2-v5-expert-120","magnet:m3","arrow:a3","OCCLUSION","0.2179","5","9"
"d2-v5-expert-120","magnet:m3","arrow:a3","MAGNET_CONTROL","0.2179","5","9"
"d2-v5-expert-120","magnet:m5","arrow:a1","MAGNET_CONTROL","0.2179","5","9"
"d2-v5-expert-120","magnet:m5","arrow:a1","POLARITY_DEPENDENCY","0.2179","5","9"
"d2-v5-expert-120","magnet:m5","arrow:a2","MAGNET_CONTROL","0.2179","5","9"
"d2-v5-expert-120","magnet:m5","arrow:a2","POLARITY_DEPENDENCY","0.2179","5","9"
"d2-v5-expert-120","magnet:m5","arrow:a4","MAGNET_CONTROL","0.2179","5","9"
"d2-v5-expert-120","magnet:m5","arrow:a4","POLARITY_DEPENDENCY","0.2179","5","9"
"d2-v5-expert-120","wall:2,6","arrow:a1","OCCLUSION","0.2179","5","9"
"d2-v5-hard-121","arrow:a1","arrow:a2","ALTERNATIVE_PATH","0.3056","3","7"
"d2-v5-hard-121","arrow:a1","arrow:a3","EXPOSURE","0.3056","3","7"
"d2-v5-hard-121","arrow:a1","arrow:a3","STATE_DEPENDENCY","0.3056","3","7"
"d2-v5-hard-121","arrow:a1","arrow:a3","REVEAL","0.3056","3","7"
"d2-v5-hard-121","arrow:a1","arrow:a4","EXPOSURE","0.3056","3","7"
"d2-v5-hard-121","arrow:a1","arrow:a4","STATE_DEPENDENCY","0.3056","3","7"
"d2-v5-hard-121","arrow:a1","arrow:a4","REVEAL","0.3056","3","7"
"d2-v5-hard-121","arrow:a1","arrow:a4","ALTERNATIVE_PATH","0.3056","3","7"
"d2-v5-hard-121","arrow:a2","arrow:a1","ORDER_DEPENDENCY","0.3056","3","7"
"d2-v5-hard-121","arrow:a2","arrow:a3","ALTERNATIVE_PATH","0.3056","3","7"
"d2-v5-hard-121","arrow:a2","arrow:a4","ALTERNATIVE_PATH","0.3056","3","7"
"d2-v5-hard-121","arrow:a3","arrow:a1","EXPOSURE","0.3056","3","7"
"d2-v5-hard-121","arrow:a3","arrow:a1","ORDER_DEPENDENCY","0.3056","3","7"
"d2-v5-hard-121","arrow:a3","arrow:a1","STATE_DEPENDENCY","0.3056","3","7"
"d2-v5-hard-121","arrow:a3","arrow:a1","REVEAL","0.3056","3","7"
"d2-v5-hard-121","arrow:a3","arrow:a4","COLLISION","0.3056","3","7"
"d2-v5-hard-121","arrow:a3","arrow:a4","OCCLUSION","0.3056","3","7"
"d2-v5-hard-121","arrow:a3","arrow:a4","ROUTE_BLOCK","0.3056","3","7"
"d2-v5-hard-121","arrow:a3","arrow:a4","EXPOSURE","0.3056","3","7"
"d2-v5-hard-121","arrow:a3","arrow:a4","STATE_DEPENDENCY","0.3056","3","7"
"d2-v5-hard-121","arrow:a3","arrow:a4","REVEAL","0.3056","3","7"
"d2-v5-hard-121","arrow:a4","arrow:a1","EXPOSURE","0.3056","3","7"
"d2-v5-hard-121","arrow:a4","arrow:a1","STATE_DEPENDENCY","0.3056","3","7"
"d2-v5-hard-121","arrow:a4","arrow:a1","REVEAL","0.3056","3","7"
"d2-v5-hard-121","arrow:a4","arrow:a3","COLLISION","0.3056","3","7"
"d2-v5-hard-121","arrow:a4","arrow:a3","ROUTE_BLOCK","0.3056","3","7"
"d2-v5-hard-121","magnet:m2","arrow:a2","MAGNET_CONTROL","0.3056","3","7"
"d2-v5-hard-121","magnet:m4","arrow:a1","MAGNET_CONTROL","0.3056","3","7"
"d2-v5-hard-121","magnet:m4","arrow:a1","POLARITY_DEPENDENCY","0.3056","3","7"
"d2-v5-hard-121","magnet:m4","arrow:a3","MAGNET_CONTROL","0.3056","3","7"
"d2-v5-hard-121","magnet:m4","arrow:a3","POLARITY_DEPENDENCY","0.3056","3","7"
"d2-v5-hard-121","magnet:m4","arrow:a4","MAGNET_CONTROL","0.3056","3","7"
"d2-v5-hard-121","magnet:m4","arrow:a4","POLARITY_DEPENDENCY","0.3056","3","7"
"d2-v5-hard-121","wall:1,4","arrow:a4","OCCLUSION","0.3056","3","7"
"d2-v5-medium-122","arrow:a1","arrow:a2","ALTERNATIVE_PATH","0.3929","1","8"
"d2-v5-medium-122","arrow:a1","arrow:a3","ALTERNATIVE_PATH","0.3929","1","8"
"d2-v5-medium-122","arrow:a1","arrow:a4","ORDER_DEPENDENCY","0.3929","1","8"
"d2-v5-medium-122","arrow:a1","arrow:a4","ALTERNATIVE_PATH","0.3929","1","8"
"d2-v5-medium-122","arrow:a2","arrow:a3","ALTERNATIVE_PATH","0.3929","1","8"
"d2-v5-medium-122","arrow:a2","arrow:a4","EXPOSURE","0.3929","1","8"
"d2-v5-medium-122","arrow:a2","arrow:a4","ORDER_DEPENDENCY","0.3929","1","8"
"d2-v5-medium-122","arrow:a2","arrow:a4","STATE_DEPENDENCY","0.3929","1","8"
"d2-v5-medium-122","arrow:a2","arrow:a4","REVEAL","0.3929","1","8"
"d2-v5-medium-122","arrow:a2","magnet:m3","COLLISION","0.3929","1","8"
"d2-v5-medium-122","arrow:a3","arrow:a4","ORDER_DEPENDENCY","0.3929","1","8"
"d2-v5-medium-122","arrow:a3","arrow:a4","ALTERNATIVE_PATH","0.3929","1","8"
"d2-v5-medium-122","arrow:a4","arrow:a2","EXPOSURE","0.3929","1","8"
"d2-v5-medium-122","arrow:a4","arrow:a2","STATE_DEPENDENCY","0.3929","1","8"
"d2-v5-medium-122","arrow:a4","arrow:a2","REVEAL","0.3929","1","8"
"d2-v5-medium-122","magnet:m1","arrow:a3","MAGNET_CONTROL","0.3929","1","8"
"d2-v5-medium-122","magnet:m2","arrow:a2","MAGNET_CONTROL","0.3929","1","8"
"d2-v5-medium-122","magnet:m2","arrow:a2","POLARITY_DEPENDENCY","0.3929","1","8"
"d2-v5-medium-122","magnet:m2","arrow:a4","MAGNET_CONTROL","0.3929","1","8"
"d2-v5-medium-122","magnet:m2","arrow:a4","POLARITY_DEPENDENCY","0.3929","1","8"
"d2-v5-medium-122","magnet:m3","arrow:a2","ROUTE_BLOCK","0.3929","1","8"
"d2-v5-medium-122","wall:4,5","arrow:a1","OCCLUSION","0.3929","1","8"
"d2-v5-hard-123","arrow:a1","arrow:a2","ORDER_DEPENDENCY","0.2","4","8"
"d2-v5-hard-123","arrow:a1","arrow:a2","ALTERNATIVE_PATH","0.2","4","8"
"d2-v5-hard-123","arrow:a1","arrow:a3","ALTERNATIVE_PATH","0.2","4","8"
"d2-v5-hard-123","arrow:a1","arrow:a4","ALTERNATIVE_PATH","0.2","4","8"
"d2-v5-hard-123","arrow:a2","arrow:a3","ALTERNATIVE_PATH","0.2","4","8"
"d2-v5-hard-123","arrow:a2","arrow:a4","EXPOSURE","0.2","4","8"
"d2-v5-hard-123","arrow:a2","arrow:a4","STATE_DEPENDENCY","0.2","4","8"
"d2-v5-hard-123","arrow:a2","arrow:a4","REVEAL","0.2","4","8"
"d2-v5-hard-123","arrow:a3","arrow:a2","ORDER_DEPENDENCY","0.2","4","8"
"d2-v5-hard-123","arrow:a3","arrow:a4","ALTERNATIVE_PATH","0.2","4","8"
"d2-v5-hard-123","arrow:a4","arrow:a2","EXPOSURE","0.2","4","8"
"d2-v5-hard-123","arrow:a4","arrow:a2","ORDER_DEPENDENCY","0.2","4","8"
"d2-v5-hard-123","arrow:a4","arrow:a2","STATE_DEPENDENCY","0.2","4","8"
"d2-v5-hard-123","arrow:a4","arrow:a2","REVEAL","0.2","4","8"
"d2-v5-hard-123","arrow:a4","magnet:m2","COLLISION","0.2","4","8"
"d2-v5-hard-123","magnet:m2","arrow:a4","ROUTE_BLOCK","0.2","4","8"
"d2-v5-hard-123","magnet:m3","arrow:a2","OCCLUSION","0.2","4","8"
"d2-v5-hard-123","magnet:m3","arrow:a2","MAGNET_CONTROL","0.2","4","8"
"d2-v5-hard-123","magnet:m3","arrow:a2","POLARITY_DEPENDENCY","0.2","4","8"
"d2-v5-hard-123","magnet:m3","arrow:a4","MAGNET_CONTROL","0.2","4","8"
"d2-v5-hard-123","magnet:m3","arrow:a4","POLARITY_DEPENDENCY","0.2","4","8"
"d2-v5-hard-123","magnet:m4","arrow:a1","OCCLUSION","0.2","4","8"
"d2-v5-hard-123","magnet:m4","arrow:a1","MAGNET_CONTROL","0.2","4","8"
"d2-v5-hard-123","wall:5,6","arrow:a3","OCCLUSION","0.2","4","8"
"d2-v5-easy-124","arrow:a1","arrow:a2","EXPOSURE","0.4444","1","9"
"d2-v5-easy-124","arrow:a1","arrow:a2","ORDER_DEPENDENCY","0.4444","1","9"
"d2-v5-easy-124","arrow:a1","arrow:a2","STATE_DEPENDENCY","0.4444","1","9"
"d2-v5-easy-124","arrow:a1","arrow:a2","REVEAL","0.4444","1","9"
"d2-v5-easy-124","arrow:a1","arrow:a2","ALTERNATIVE_PATH","0.4444","1","9"
"d2-v5-easy-124","arrow:a1","arrow:a3","ALTERNATIVE_PATH","0.4444","1","9"
"d2-v5-easy-124","arrow:a1","arrow:a4","ALTERNATIVE_PATH","0.4444","1","9"
"d2-v5-easy-124","arrow:a1","arrow:a5","ALTERNATIVE_PATH","0.4444","1","9"
"d2-v5-easy-124","arrow:a1","wall:3,3","COLLISION","0.4444","1","9"
"d2-v5-easy-124","arrow:a2","arrow:a1","EXPOSURE","0.4444","1","9"
"d2-v5-easy-124","arrow:a2","arrow:a1","STATE_DEPENDENCY","0.4444","1","9"
"d2-v5-easy-124","arrow:a2","arrow:a1","REVEAL","0.4444","1","9"
"d2-v5-easy-124","arrow:a2","arrow:a3","ALTERNATIVE_PATH","0.4444","1","9"
"d2-v5-easy-124","arrow:a2","arrow:a4","ALTERNATIVE_PATH","0.4444","1","9"
"d2-v5-easy-124","arrow:a2","arrow:a5","COLLISION","0.4444","1","9"
"d2-v5-easy-124","arrow:a2","arrow:a5","OCCLUSION","0.4444","1","9"
"d2-v5-easy-124","arrow:a2","arrow:a5","EXPOSURE","0.4444","1","9"
"d2-v5-easy-124","arrow:a2","arrow:a5","STATE_DEPENDENCY","0.4444","1","9"
"d2-v5-easy-124","arrow:a2","arrow:a5","REVEAL","0.4444","1","9"
"d2-v5-easy-124","arrow:a2","arrow:a5","ALTERNATIVE_PATH","0.4444","1","9"
"d2-v5-easy-124","arrow:a3","arrow:a2","ORDER_DEPENDENCY","0.4444","1","9"
"d2-v5-easy-124","arrow:a3","arrow:a4","ALTERNATIVE_PATH","0.4444","1","9"
"d2-v5-easy-124","arrow:a3","arrow:a5","ALTERNATIVE_PATH","0.4444","1","9"
"d2-v5-easy-124","arrow:a4","arrow:a2","ORDER_DEPENDENCY","0.4444","1","9"
"d2-v5-easy-124","arrow:a4","arrow:a5","ALTERNATIVE_PATH","0.4444","1","9"
"d2-v5-easy-124","arrow:a5","arrow:a1","EXPOSURE","0.4444","1","9"
"d2-v5-easy-124","arrow:a5","arrow:a1","STATE_DEPENDENCY","0.4444","1","9"
"d2-v5-easy-124","arrow:a5","arrow:a1","REVEAL","0.4444","1","9"
"d2-v5-easy-124","arrow:a5","arrow:a2","ROUTE_BLOCK","0.4444","1","9"
"d2-v5-easy-124","arrow:a5","arrow:a2","EXPOSURE","0.4444","1","9"
"d2-v5-easy-124","arrow:a5","arrow:a2","STATE_DEPENDENCY","0.4444","1","9"
"d2-v5-easy-124","arrow:a5","arrow:a2","REVEAL","0.4444","1","9"
"d2-v5-easy-124","magnet:m1","arrow:a4","MAGNET_CONTROL","0.4444","1","9"
"d2-v5-easy-124","magnet:m2","arrow:a1","OCCLUSION","0.4444","1","9"
"d2-v5-easy-124","magnet:m2","arrow:a1","MAGNET_CONTROL","0.4444","1","9"
"d2-v5-easy-124","magnet:m2","arrow:a1","POLARITY_DEPENDENCY","0.4444","1","9"
"d2-v5-easy-124","magnet:m2","arrow:a2","MAGNET_CONTROL","0.4444","1","9"
"d2-v5-easy-124","magnet:m2","arrow:a2","POLARITY_DEPENDENCY","0.4444","1","9"
"d2-v5-easy-124","magnet:m2","arrow:a5","MAGNET_CONTROL","0.4444","1","9"
"d2-v5-easy-124","magnet:m2","arrow:a5","POLARITY_DEPENDENCY","0.4444","1","9"
"d2-v5-easy-124","magnet:m3","arrow:a3","MAGNET_CONTROL","0.4444","1","9"
"d2-v5-easy-124","wall:3,3","arrow:a1","ROUTE_BLOCK","0.4444","1","9"
"d2-v5-hard-125","arrow:a1","arrow:a2","EXPOSURE","0.4182","3","9"
"d2-v5-hard-125","arrow:a1","arrow:a2","STATE_DEPENDENCY","0.4182","3","9"
"d2-v5-hard-125","arrow:a1","arrow:a2","REVEAL","0.4182","3","9"
"d2-v5-hard-125","arrow:a1","arrow:a2","ALTERNATIVE_PATH","0.4182","3","9"
"d2-v5-hard-125","arrow:a1","arrow:a3","ALTERNATIVE_PATH","0.4182","3","9"
"d2-v5-hard-125","arrow:a1","arrow:a4","ALTERNATIVE_PATH","0.4182","3","9"
"d2-v5-hard-125","arrow:a1","arrow:a5","EXPOSURE","0.4182","3","9"
"d2-v5-hard-125","arrow:a1","arrow:a5","STATE_DEPENDENCY","0.4182","3","9"
"d2-v5-hard-125","arrow:a1","arrow:a5","REVEAL","0.4182","3","9"
"d2-v5-hard-125","arrow:a1","arrow:a6","ALTERNATIVE_PATH","0.4182","3","9"
"d2-v5-hard-125","arrow:a2","arrow:a1","EXPOSURE","0.4182","3","9"
"d2-v5-hard-125","arrow:a2","arrow:a1","STATE_DEPENDENCY","0.4182","3","9"
"d2-v5-hard-125","arrow:a2","arrow:a1","REVEAL","0.4182","3","9"
"d2-v5-hard-125","arrow:a2","arrow:a3","ALTERNATIVE_PATH","0.4182","3","9"
"d2-v5-hard-125","arrow:a2","arrow:a4","ALTERNATIVE_PATH","0.4182","3","9"
"d2-v5-hard-125","arrow:a2","arrow:a5","EXPOSURE","0.4182","3","9"
"d2-v5-hard-125","arrow:a2","arrow:a5","STATE_DEPENDENCY","0.4182","3","9"
"d2-v5-hard-125","arrow:a2","arrow:a5","REVEAL","0.4182","3","9"
"d2-v5-hard-125","arrow:a2","arrow:a6","ALTERNATIVE_PATH","0.4182","3","9"
"d2-v5-hard-125","arrow:a3","arrow:a1","ORDER_DEPENDENCY","0.4182","3","9"
"d2-v5-hard-125","arrow:a3","arrow:a2","ORDER_DEPENDENCY","0.4182","3","9"
"d2-v5-hard-125","arrow:a3","arrow:a4","ALTERNATIVE_PATH","0.4182","3","9"
"d2-v5-hard-125","arrow:a3","arrow:a5","ORDER_DEPENDENCY","0.4182","3","9"
"d2-v5-hard-125","arrow:a3","arrow:a5","ALTERNATIVE_PATH","0.4182","3","9"
"d2-v5-hard-125","arrow:a3","arrow:a6","ALTERNATIVE_PATH","0.4182","3","9"
"d2-v5-hard-125","arrow:a4","arrow:a1","ORDER_DEPENDENCY","0.4182","3","9"
"d2-v5-hard-125","arrow:a4","arrow:a2","ORDER_DEPENDENCY","0.4182","3","9"
"d2-v5-hard-125","arrow:a4","arrow:a5","COLLISION","0.4182","3","9"
"d2-v5-hard-125","arrow:a4","arrow:a5","ROUTE_BLOCK","0.4182","3","9"
"d2-v5-hard-125","arrow:a4","arrow:a5","ORDER_DEPENDENCY","0.4182","3","9"
"d2-v5-hard-125","arrow:a4","magnet:m1","COLLISION","0.4182","3","9"
"d2-v5-hard-125","arrow:a5","arrow:a1","EXPOSURE","0.4182","3","9"
"d2-v5-hard-125","arrow:a5","arrow:a1","ORDER_DEPENDENCY","0.4182","3","9"
"d2-v5-hard-125","arrow:a5","arrow:a1","STATE_DEPENDENCY","0.4182","3","9"
"d2-v5-hard-125","arrow:a5","arrow:a1","REVEAL","0.4182","3","9"
"d2-v5-hard-125","arrow:a5","arrow:a2","EXPOSURE","0.4182","3","9"
"d2-v5-hard-125","arrow:a5","arrow:a2","ORDER_DEPENDENCY","0.4182","3","9"
"d2-v5-hard-125","arrow:a5","arrow:a2","STATE_DEPENDENCY","0.4182","3","9"
"d2-v5-hard-125","arrow:a5","arrow:a2","REVEAL","0.4182","3","9"
"d2-v5-hard-125","arrow:a5","arrow:a4","COLLISION","0.4182","3","9"
"d2-v5-hard-125","arrow:a5","arrow:a4","OCCLUSION","0.4182","3","9"
"d2-v5-hard-125","arrow:a5","arrow:a4","ROUTE_BLOCK","0.4182","3","9"
"d2-v5-hard-125","arrow:a5","arrow:a4","EXPOSURE","0.4182","3","9"
"d2-v5-hard-125","arrow:a5","arrow:a4","STATE_DEPENDENCY","0.4182","3","9"
"d2-v5-hard-125","arrow:a5","arrow:a4","REVEAL","0.4182","3","9"
"d2-v5-hard-125","arrow:a5","magnet:m1","COLLISION","0.4182","3","9"
"d2-v5-hard-125","arrow:a6","arrow:a1","ORDER_DEPENDENCY","0.4182","3","9"
"d2-v5-hard-125","arrow:a6","arrow:a2","ORDER_DEPENDENCY","0.4182","3","9"
"d2-v5-hard-125","arrow:a6","arrow:a4","EXPOSURE","0.4182","3","9"
"d2-v5-hard-125","arrow:a6","arrow:a4","STATE_DEPENDENCY","0.4182","3","9"
"d2-v5-hard-125","arrow:a6","arrow:a4","REVEAL","0.4182","3","9"
"d2-v5-hard-125","arrow:a6","arrow:a5","ORDER_DEPENDENCY","0.4182","3","9"
"d2-v5-hard-125","magnet:m1","arrow:a4","MAGNET_CONTROL","0.4182","3","9"
"d2-v5-hard-125","magnet:m1","arrow:a4","POLARITY_DEPENDENCY","0.4182","3","9"
"d2-v5-hard-125","magnet:m1","arrow:a4","ROUTE_BLOCK","0.4182","3","9"
"d2-v5-hard-125","magnet:m1","arrow:a5","ROUTE_BLOCK","0.4182","3","9"
"d2-v5-hard-125","magnet:m1","arrow:a6","MAGNET_CONTROL","0.4182","3","9"
"d2-v5-hard-125","magnet:m1","magnet:m4","CANCELLATION","0.4182","3","9"
"d2-v5-hard-125","magnet:m3","arrow:a3","MAGNET_CONTROL","0.4182","3","9"
"d2-v5-hard-125","magnet:m4","arrow:a1","OCCLUSION","0.4182","3","9"
"d2-v5-hard-125","magnet:m4","arrow:a1","MAGNET_CONTROL","0.4182","3","9"
"d2-v5-hard-125","magnet:m4","arrow:a1","POLARITY_DEPENDENCY","0.4182","3","9"
"d2-v5-hard-125","magnet:m4","arrow:a2","OCCLUSION","0.4182","3","9"
"d2-v5-hard-125","magnet:m4","arrow:a2","MAGNET_CONTROL","0.4182","3","9"
"d2-v5-hard-125","magnet:m4","arrow:a2","POLARITY_DEPENDENCY","0.4182","3","9"
"d2-v5-hard-125","magnet:m4","arrow:a5","MAGNET_CONTROL","0.4182","3","9"
"d2-v5-hard-125","magnet:m4","arrow:a5","POLARITY_DEPENDENCY","0.4182","3","9"
"d2-v5-easy-126","arrow:a1","arrow:a3","COLLISION","0.381","3","5"
"d2-v5-easy-126","arrow:a1","arrow:a3","OCCLUSION","0.381","3","5"
"d2-v5-easy-126","arrow:a1","arrow:a3","ROUTE_BLOCK","0.381","3","5"
"d2-v5-easy-126","arrow:a1","arrow:a3","EXPOSURE","0.381","3","5"
"d2-v5-easy-126","arrow:a1","arrow:a3","STATE_DEPENDENCY","0.381","3","5"
"d2-v5-easy-126","arrow:a1","arrow:a3","REVEAL","0.381","3","5"
"d2-v5-easy-126","arrow:a1","arrow:a4","EXPOSURE","0.381","3","5"
"d2-v5-easy-126","arrow:a1","arrow:a4","ORDER_DEPENDENCY","0.381","3","5"
"d2-v5-easy-126","arrow:a1","arrow:a4","STATE_DEPENDENCY","0.381","3","5"
"d2-v5-easy-126","arrow:a1","arrow:a4","REVEAL","0.381","3","5"
"d2-v5-easy-126","arrow:a2","arrow:a3","ALTERNATIVE_PATH","0.381","3","5"
"d2-v5-easy-126","arrow:a2","arrow:a4","COLLISION","0.381","3","5"
"d2-v5-easy-126","arrow:a3","arrow:a1","COLLISION","0.381","3","5"
"d2-v5-easy-126","arrow:a3","arrow:a1","ROUTE_BLOCK","0.381","3","5"
"d2-v5-easy-126","arrow:a3","arrow:a4","EXPOSURE","0.381","3","5"
"d2-v5-easy-126","arrow:a3","arrow:a4","STATE_DEPENDENCY","0.381","3","5"
"d2-v5-easy-126","arrow:a3","arrow:a4","REVEAL","0.381","3","5"
"d2-v5-easy-126","arrow:a3","arrow:a4","ALTERNATIVE_PATH","0.381","3","5"
"d2-v5-easy-126","arrow:a4","arrow:a1","EXPOSURE","0.381","3","5"
"d2-v5-easy-126","arrow:a4","arrow:a1","STATE_DEPENDENCY","0.381","3","5"
"d2-v5-easy-126","arrow:a4","arrow:a1","REVEAL","0.381","3","5"
"d2-v5-easy-126","arrow:a4","arrow:a2","ROUTE_BLOCK","0.381","3","5"
"d2-v5-easy-126","arrow:a4","arrow:a2","EXPOSURE","0.381","3","5"
"d2-v5-easy-126","arrow:a4","arrow:a2","STATE_DEPENDENCY","0.381","3","5"
"d2-v5-easy-126","arrow:a4","arrow:a2","REVEAL","0.381","3","5"
"d2-v5-easy-126","arrow:a4","arrow:a3","EXPOSURE","0.381","3","5"
"d2-v5-easy-126","arrow:a4","arrow:a3","STATE_DEPENDENCY","0.381","3","5"
"d2-v5-easy-126","arrow:a4","arrow:a3","REVEAL","0.381","3","5"
"d2-v5-easy-126","magnet:m1","arrow:a1","MAGNET_CONTROL","0.381","3","5"
"d2-v5-easy-126","magnet:m1","arrow:a1","POLARITY_DEPENDENCY","0.381","3","5"
"d2-v5-easy-126","magnet:m1","arrow:a3","MAGNET_CONTROL","0.381","3","5"
"d2-v5-easy-126","magnet:m1","arrow:a3","POLARITY_DEPENDENCY","0.381","3","5"
"d2-v5-easy-126","magnet:m1","arrow:a4","MAGNET_CONTROL","0.381","3","5"
"d2-v5-easy-126","magnet:m1","arrow:a4","POLARITY_DEPENDENCY","0.381","3","5"
"d2-v5-medium-127","arrow:a1","arrow:a2","ALTERNATIVE_PATH","0.5357","1","8"
"d2-v5-medium-127","arrow:a1","arrow:a3","EXPOSURE","0.5357","1","8"
"d2-v5-medium-127","arrow:a1","arrow:a3","STATE_DEPENDENCY","0.5357","1","8"
"d2-v5-medium-127","arrow:a1","arrow:a3","REVEAL","0.5357","1","8"
"d2-v5-medium-127","arrow:a1","arrow:a4","ALTERNATIVE_PATH","0.5357","1","8"
"d2-v5-medium-127","arrow:a1","arrow:a5","ALTERNATIVE_PATH","0.5357","1","8"
"d2-v5-medium-127","arrow:a2","arrow:a1","ORDER_DEPENDENCY","0.5357","1","8"
"d2-v5-medium-127","arrow:a2","arrow:a3","ALTERNATIVE_PATH","0.5357","1","8"
"d2-v5-medium-127","arrow:a2","arrow:a4","ROUTE_BLOCK","0.5357","1","8"
"d2-v5-medium-127","arrow:a2","arrow:a4","EXPOSURE","0.5357","1","8"
"d2-v5-medium-127","arrow:a2","arrow:a4","STATE_DEPENDENCY","0.5357","1","8"
"d2-v5-medium-127","arrow:a2","arrow:a4","REVEAL","0.5357","1","8"
"d2-v5-medium-127","arrow:a2","arrow:a5","ALTERNATIVE_PATH","0.5357","1","8"
"d2-v5-medium-127","arrow:a3","arrow:a1","EXPOSURE","0.5357","1","8"
"d2-v5-medium-127","arrow:a3","arrow:a1","ORDER_DEPENDENCY","0.5357","1","8"
"d2-v5-medium-127","arrow:a3","arrow:a1","STATE_DEPENDENCY","0.5357","1","8"
"d2-v5-medium-127","arrow:a3","arrow:a1","REVEAL","0.5357","1","8"
"d2-v5-medium-127","arrow:a3","arrow:a4","ALTERNATIVE_PATH","0.5357","1","8"
"d2-v5-medium-127","arrow:a3","arrow:a5","ALTERNATIVE_PATH","0.5357","1","8"
"d2-v5-medium-127","arrow:a3","wall:2,2","COLLISION","0.5357","1","8"
"d2-v5-medium-127","arrow:a4","arrow:a1","ORDER_DEPENDENCY","0.5357","1","8"
"d2-v5-medium-127","arrow:a4","arrow:a2","COLLISION","0.5357","1","8"
"d2-v5-medium-127","arrow:a4","arrow:a2","OCCLUSION","0.5357","1","8"
"d2-v5-medium-127","arrow:a4","arrow:a5","ALTERNATIVE_PATH","0.5357","1","8"
"d2-v5-medium-127","arrow:a5","arrow:a1","ORDER_DEPENDENCY","0.5357","1","8"
"d2-v5-medium-127","magnet:m1","arrow:a1","MAGNET_CONTROL","0.5357","1","8"
"d2-v5-medium-127","magnet:m1","arrow:a1","POLARITY_DEPENDENCY","0.5357","1","8"
"d2-v5-medium-127","magnet:m1","arrow:a3","OCCLUSION","0.5357","1","8"
"d2-v5-medium-127","magnet:m1","arrow:a3","MAGNET_CONTROL","0.5357","1","8"
"d2-v5-medium-127","magnet:m1","arrow:a3","POLARITY_DEPENDENCY","0.5357","1","8"
"d2-v5-medium-127","magnet:m2","arrow:a4","MAGNET_CONTROL","0.5357","1","8"
"d2-v5-medium-127","wall:2,2","arrow:a3","ROUTE_BLOCK","0.5357","1","8"
"d2-v5-medium-127","wall:2,2","arrow:a5","OCCLUSION","0.5357","1","8"
"d2-v5-expert-128","arrow:a1","arrow:a2","ROUTE_BLOCK","0.2","6","10"
"d2-v5-expert-128","arrow:a1","arrow:a2","ORDER_DEPENDENCY","0.2","6","10"
"d2-v5-expert-128","arrow:a1","arrow:a4","ALTERNATIVE_PATH","0.2","6","10"
"d2-v5-expert-128","arrow:a1","arrow:a5","ALTERNATIVE_PATH","0.2","6","10"
"d2-v5-expert-128","arrow:a1","arrow:a6","COLLISION","0.2","6","10"
"d2-v5-expert-128","arrow:a1","arrow:a6","OCCLUSION","0.2","6","10"
"d2-v5-expert-128","arrow:a1","magnet:m2","COLLISION","0.2","6","10"
"d2-v5-expert-128","arrow:a2","arrow:a1","COLLISION","0.2","6","10"
"d2-v5-expert-128","arrow:a2","arrow:a1","OCCLUSION","0.2","6","10"
"d2-v5-expert-128","arrow:a2","arrow:a1","EXPOSURE","0.2","6","10"
"d2-v5-expert-128","arrow:a2","arrow:a1","STATE_DEPENDENCY","0.2","6","10"
"d2-v5-expert-128","arrow:a2","arrow:a1","REVEAL","0.2","6","10"
"d2-v5-expert-128","arrow:a2","arrow:a5","ALTERNATIVE_PATH","0.2","6","10"
"d2-v5-expert-128","arrow:a2","wall:5,5","COLLISION","0.2","6","10"
"d2-v5-expert-128","arrow:a3","arrow:a4","ROUTE_BLOCK","0.2","6","10"
"d2-v5-expert-128","arrow:a3","arrow:a4","EXPOSURE","0.2","6","10"
"d2-v5-expert-128","arrow:a3","arrow:a4","STATE_DEPENDENCY","0.2","6","10"
"d2-v5-expert-128","arrow:a3","arrow:a4","REVEAL","0.2","6","10"
"d2-v5-expert-128","arrow:a3","arrow:a5","ALTERNATIVE_PATH","0.2","6","10"
"d2-v5-expert-128","arrow:a3","arrow:a6","ROUTE_BLOCK","0.2","6","10"
"d2-v5-expert-128","arrow:a3","arrow:a6","EXPOSURE","0.2","6","10"
"d2-v5-expert-128","arrow:a3","arrow:a6","STATE_DEPENDENCY","0.2","6","10"
"d2-v5-expert-128","arrow:a3","arrow:a6","REVEAL","0.2","6","10"
"d2-v5-expert-128","arrow:a4","arrow:a2","EXPOSURE","0.2","6","10"
"d2-v5-expert-128","arrow:a4","arrow:a2","STATE_DEPENDENCY","0.2","6","10"
"d2-v5-expert-128","arrow:a4","arrow:a2","REVEAL","0.2","6","10"
"d2-v5-expert-128","arrow:a4","arrow:a3","COLLISION","0.2","6","10"
"d2-v5-expert-128","arrow:a4","arrow:a3","OCCLUSION","0.2","6","10"
"d2-v5-expert-128","arrow:a4","arrow:a5","ALTERNATIVE_PATH","0.2","6","10"
"d2-v5-expert-128","arrow:a4","arrow:a6","ALTERNATIVE_PATH","0.2","6","10"
"d2-v5-expert-128","arrow:a5","arrow:a2","ORDER_DEPENDENCY","0.2","6","10"
"d2-v5-expert-128","arrow:a5","arrow:a6","ALTERNATIVE_PATH","0.2","6","10"
"d2-v5-expert-128","arrow:a6","arrow:a1","ROUTE_BLOCK","0.2","6","10"
"d2-v5-expert-128","arrow:a6","arrow:a1","EXPOSURE","0.2","6","10"
"d2-v5-expert-128","arrow:a6","arrow:a1","STATE_DEPENDENCY","0.2","6","10"
"d2-v5-expert-128","arrow:a6","arrow:a1","REVEAL","0.2","6","10"
"d2-v5-expert-128","arrow:a6","arrow:a2","ORDER_DEPENDENCY","0.2","6","10"
"d2-v5-expert-128","arrow:a6","arrow:a3","COLLISION","0.2","6","10"
"d2-v5-expert-128","magnet:m1","arrow:a5","OCCLUSION","0.2","6","10"
"d2-v5-expert-128","magnet:m1","arrow:a5","MAGNET_CONTROL","0.2","6","10"
"d2-v5-expert-128","magnet:m2","arrow:a1","ROUTE_BLOCK","0.2","6","10"
"d2-v5-expert-128","magnet:m2","arrow:a2","MAGNET_CONTROL","0.2","6","10"
"d2-v5-expert-128","magnet:m2","arrow:a2","POLARITY_DEPENDENCY","0.2","6","10"
"d2-v5-expert-128","magnet:m2","arrow:a4","OCCLUSION","0.2","6","10"
"d2-v5-expert-128","magnet:m2","arrow:a4","MAGNET_CONTROL","0.2","6","10"
"d2-v5-expert-128","magnet:m2","magnet:m6","CANCELLATION","0.2","6","10"
"d2-v5-expert-128","magnet:m6","arrow:a1","MAGNET_CONTROL","0.2","6","10"
"d2-v5-expert-128","wall:5,5","arrow:a1","OCCLUSION","0.2","6","10"
"d2-v5-expert-128","wall:5,5","arrow:a2","ROUTE_BLOCK","0.2","6","10"
"d2-v5-hard-129","arrow:a1","arrow:a2","ALTERNATIVE_PATH","0.2","4","8"
"d2-v5-hard-129","arrow:a1","arrow:a3","ALTERNATIVE_PATH","0.2","4","8"
"d2-v5-hard-129","arrow:a1","arrow:a4","ORDER_DEPENDENCY","0.2","4","8"
"d2-v5-hard-129","arrow:a1","arrow:a4","ALTERNATIVE_PATH","0.2","4","8"
"d2-v5-hard-129","arrow:a2","arrow:a3","ROUTE_BLOCK","0.2","4","8"
"d2-v5-hard-129","arrow:a2","arrow:a3","ALTERNATIVE_PATH","0.2","4","8"
"d2-v5-hard-129","arrow:a2","arrow:a4","ORDER_DEPENDENCY","0.2","4","8"
"d2-v5-hard-129","arrow:a2","arrow:a4","ALTERNATIVE_PATH","0.2","4","8"
"d2-v5-hard-129","arrow:a3","arrow:a1","OCCLUSION","0.2","4","8"
"d2-v5-hard-129","arrow:a3","arrow:a1","EXPOSURE","0.2","4","8"
"d2-v5-hard-129","arrow:a3","arrow:a1","STATE_DEPENDENCY","0.2","4","8"
"d2-v5-hard-129","arrow:a3","arrow:a1","REVEAL","0.2","4","8"
"d2-v5-hard-129","arrow:a3","arrow:a2","COLLISION","0.2","4","8"
"d2-v5-hard-129","arrow:a3","arrow:a4","EXPOSURE","0.2","4","8"
"d2-v5-hard-129","arrow:a3","arrow:a4","ORDER_DEPENDENCY","0.2","4","8"
"d2-v5-hard-129","arrow:a3","arrow:a4","STATE_DEPENDENCY","0.2","4","8"
"d2-v5-hard-129","arrow:a3","arrow:a4","REVEAL","0.2","4","8"
"d2-v5-hard-129","arrow:a3","magnet:m3","COLLISION","0.2","4","8"
"d2-v5-hard-129","arrow:a4","arrow:a3","EXPOSURE","0.2","4","8"
"d2-v5-hard-129","arrow:a4","arrow:a3","STATE_DEPENDENCY","0.2","4","8"
"d2-v5-hard-129","arrow:a4","arrow:a3","REVEAL","0.2","4","8"
"d2-v5-hard-129","magnet:m1","arrow:a2","OCCLUSION","0.2","4","8"
"d2-v5-hard-129","magnet:m1","arrow:a2","MAGNET_CONTROL","0.2","4","8"
"d2-v5-hard-129","magnet:m3","arrow:a3","ROUTE_BLOCK","0.2","4","8"
"d2-v5-hard-129","magnet:m4","arrow:a3","MAGNET_CONTROL","0.2","4","8"
"d2-v5-hard-129","magnet:m4","arrow:a3","POLARITY_DEPENDENCY","0.2","4","8"
"d2-v5-hard-129","magnet:m4","arrow:a4","MAGNET_CONTROL","0.2","4","8"
"d2-v5-hard-129","magnet:m4","arrow:a4","POLARITY_DEPENDENCY","0.2","4","8"
"d2-v5-hard-129","magnet:m5","arrow:a1","MAGNET_CONTROL","0.2","4","8"
"d2-v5-medium-130","arrow:a1","arrow:a2","ALTERNATIVE_PATH","0.5833","2","8"
"d2-v5-medium-130","arrow:a1","arrow:a3","EXPOSURE","0.5833","2","8"
"d2-v5-medium-130","arrow:a1","arrow:a3","STATE_DEPENDENCY","0.5833","2","8"
"d2-v5-medium-130","arrow:a1","arrow:a3","REVEAL","0.5833","2","8"
"d2-v5-medium-130","arrow:a1","arrow:a3","ALTERNATIVE_PATH","0.5833","2","8"
"d2-v5-medium-130","arrow:a1","arrow:a4","ORDER_DEPENDENCY","0.5833","2","8"
"d2-v5-medium-130","arrow:a1","arrow:a4","ALTERNATIVE_PATH","0.5833","2","8"
"d2-v5-medium-130","arrow:a1","arrow:a5","COLLISION","0.5833","2","8"
"d2-v5-medium-130","arrow:a1","arrow:a5","ALTERNATIVE_PATH","0.5833","2","8"
"d2-v5-medium-130","arrow:a1","arrow:a6","ORDER_DEPENDENCY","0.5833","2","8"
"d2-v5-medium-130","arrow:a1","arrow:a6","ALTERNATIVE_PATH","0.5833","2","8"
"d2-v5-medium-130","arrow:a2","arrow:a3","ALTERNATIVE_PATH","0.5833","2","8"
"d2-v5-medium-130","arrow:a2","arrow:a4","EXPOSURE","0.5833","2","8"
"d2-v5-medium-130","arrow:a2","arrow:a4","STATE_DEPENDENCY","0.5833","2","8"
"d2-v5-medium-130","arrow:a2","arrow:a4","REVEAL","0.5833","2","8"
"d2-v5-medium-130","arrow:a2","arrow:a4","ALTERNATIVE_PATH","0.5833","2","8"
"d2-v5-medium-130","arrow:a2","arrow:a5","COLLISION","0.5833","2","8"
"d2-v5-medium-130","arrow:a2","arrow:a5","ROUTE_BLOCK","0.5833","2","8"
"d2-v5-medium-130","arrow:a2","arrow:a6","EXPOSURE","0.5833","2","8"
"d2-v5-medium-130","arrow:a2","arrow:a6","STATE_DEPENDENCY","0.5833","2","8"
"d2-v5-medium-130","arrow:a2","arrow:a6","REVEAL","0.5833","2","8"
"d2-v5-medium-130","arrow:a2","arrow:a6","ALTERNATIVE_PATH","0.5833","2","8"
"d2-v5-medium-130","arrow:a3","arrow:a1","EXPOSURE","0.5833","2","8"
"d2-v5-medium-130","arrow:a3","arrow:a1","STATE_DEPENDENCY","0.5833","2","8"
"d2-v5-medium-130","arrow:a3","arrow:a1","REVEAL","0.5833","2","8"
"d2-v5-medium-130","arrow:a3","arrow:a4","ORDER_DEPENDENCY","0.5833","2","8"
"d2-v5-medium-130","arrow:a3","arrow:a4","ALTERNATIVE_PATH","0.5833","2","8"
"d2-v5-medium-130","arrow:a3","arrow:a5","ALTERNATIVE_PATH","0.5833","2","8"
"d2-v5-medium-130","arrow:a3","arrow:a6","ORDER_DEPENDENCY","0.5833","2","8"
"d2-v5-medium-130","arrow:a3","arrow:a6","ALTERNATIVE_PATH","0.5833","2","8"
"d2-v5-medium-130","arrow:a4","arrow:a2","EXPOSURE","0.5833","2","8"
"d2-v5-medium-130","arrow:a4","arrow:a2","STATE_DEPENDENCY","0.5833","2","8"
"d2-v5-medium-130","arrow:a4","arrow:a2","REVEAL","0.5833","2","8"
"d2-v5-medium-130","arrow:a4","arrow:a5","EXPOSURE","0.5833","2","8"
"d2-v5-medium-130","arrow:a4","arrow:a5","STATE_DEPENDENCY","0.5833","2","8"
"d2-v5-medium-130","arrow:a4","arrow:a5","REVEAL","0.5833","2","8"
"d2-v5-medium-130","arrow:a4","arrow:a6","EXPOSURE","0.5833","2","8"
"d2-v5-medium-130","arrow:a4","arrow:a6","STATE_DEPENDENCY","0.5833","2","8"
"d2-v5-medium-130","arrow:a4","arrow:a6","REVEAL","0.5833","2","8"
"d2-v5-medium-130","arrow:a4","arrow:a6","ALTERNATIVE_PATH","0.5833","2","8"
"d2-v5-medium-130","arrow:a5","arrow:a1","ROUTE_BLOCK","0.5833","2","8"
"d2-v5-medium-130","arrow:a5","arrow:a1","EXPOSURE","0.5833","2","8"
"d2-v5-medium-130","arrow:a5","arrow:a1","STATE_DEPENDENCY","0.5833","2","8"
"d2-v5-medium-130","arrow:a5","arrow:a1","REVEAL","0.5833","2","8"
"d2-v5-medium-130","arrow:a5","arrow:a2","COLLISION","0.5833","2","8"
"d2-v5-medium-130","arrow:a5","arrow:a2","OCCLUSION","0.5833","2","8"
"d2-v5-medium-130","arrow:a5","arrow:a2","ROUTE_BLOCK","0.5833","2","8"
"d2-v5-medium-130","arrow:a5","arrow:a2","EXPOSURE","0.5833","2","8"
"d2-v5-medium-130","arrow:a5","arrow:a2","STATE_DEPENDENCY","0.5833","2","8"
"d2-v5-medium-130","arrow:a5","arrow:a2","REVEAL","0.5833","2","8"
"d2-v5-medium-130","arrow:a5","arrow:a4","EXPOSURE","0.5833","2","8"
"d2-v5-medium-130","arrow:a5","arrow:a4","ORDER_DEPENDENCY","0.5833","2","8"
"d2-v5-medium-130","arrow:a5","arrow:a4","STATE_DEPENDENCY","0.5833","2","8"
"d2-v5-medium-130","arrow:a5","arrow:a4","REVEAL","0.5833","2","8"
"d2-v5-medium-130","arrow:a5","arrow:a6","EXPOSURE","0.5833","2","8"
"d2-v5-medium-130","arrow:a5","arrow:a6","ORDER_DEPENDENCY","0.5833","2","8"
"d2-v5-medium-130","arrow:a5","arrow:a6","STATE_DEPENDENCY","0.5833","2","8"
"d2-v5-medium-130","arrow:a5","arrow:a6","REVEAL","0.5833","2","8"
"d2-v5-medium-130","arrow:a6","arrow:a2","EXPOSURE","0.5833","2","8"
"d2-v5-medium-130","arrow:a6","arrow:a2","STATE_DEPENDENCY","0.5833","2","8"
"d2-v5-medium-130","arrow:a6","arrow:a2","REVEAL","0.5833","2","8"
"d2-v5-medium-130","arrow:a6","arrow:a4","EXPOSURE","0.5833","2","8"
"d2-v5-medium-130","arrow:a6","arrow:a4","STATE_DEPENDENCY","0.5833","2","8"
"d2-v5-medium-130","arrow:a6","arrow:a4","REVEAL","0.5833","2","8"
"d2-v5-medium-130","arrow:a6","arrow:a5","EXPOSURE","0.5833","2","8"
"d2-v5-medium-130","arrow:a6","arrow:a5","STATE_DEPENDENCY","0.5833","2","8"
"d2-v5-medium-130","arrow:a6","arrow:a5","REVEAL","0.5833","2","8"
"d2-v5-medium-130","magnet:m1","arrow:a1","MAGNET_CONTROL","0.5833","2","8"
"d2-v5-medium-130","magnet:m1","arrow:a1","POLARITY_DEPENDENCY","0.5833","2","8"
"d2-v5-medium-130","magnet:m1","arrow:a3","MAGNET_CONTROL","0.5833","2","8"
"d2-v5-medium-130","magnet:m1","arrow:a3","POLARITY_DEPENDENCY","0.5833","2","8"
"d2-v5-medium-130","magnet:m2","arrow:a2","MAGNET_CONTROL","0.5833","2","8"
"d2-v5-medium-130","magnet:m2","arrow:a2","POLARITY_DEPENDENCY","0.5833","2","8"
"d2-v5-medium-130","magnet:m2","arrow:a4","MAGNET_CONTROL","0.5833","2","8"
"d2-v5-medium-130","magnet:m2","arrow:a4","POLARITY_DEPENDENCY","0.5833","2","8"
"d2-v5-medium-130","magnet:m2","arrow:a5","MAGNET_CONTROL","0.5833","2","8"
"d2-v5-medium-130","magnet:m2","arrow:a5","POLARITY_DEPENDENCY","0.5833","2","8"
"d2-v5-medium-130","magnet:m2","arrow:a6","MAGNET_CONTROL","0.5833","2","8"
"d2-v5-medium-130","magnet:m2","arrow:a6","POLARITY_DEPENDENCY","0.5833","2","8"
"d2-v5-expert-131","arrow:a1","arrow:a2","ROUTE_BLOCK","0.3111","3","8"
"d2-v5-expert-131","arrow:a1","arrow:a4","ALTERNATIVE_PATH","0.3111","3","8"
"d2-v5-expert-131","arrow:a1","arrow:a5","ALTERNATIVE_PATH","0.3111","3","8"
"d2-v5-expert-131","arrow:a1","wall:1,3","COLLISION","0.3111","3","8"
"d2-v5-expert-131","arrow:a2","arrow:a1","COLLISION","0.3111","3","8"
"d2-v5-expert-131","arrow:a2","arrow:a1","OCCLUSION","0.3111","3","8"
"d2-v5-expert-131","arrow:a2","arrow:a1","EXPOSURE","0.3111","3","8"
"d2-v5-expert-131","arrow:a2","arrow:a1","STATE_DEPENDENCY","0.3111","3","8"
"d2-v5-expert-131","arrow:a2","arrow:a1","REVEAL","0.3111","3","8"
"d2-v5-expert-131","arrow:a2","arrow:a3","EXPOSURE","0.3111","3","8"
"d2-v5-expert-131","arrow:a2","arrow:a3","ORDER_DEPENDENCY","0.3111","3","8"
"d2-v5-expert-131","arrow:a2","arrow:a3","STATE_DEPENDENCY","0.3111","3","8"
"d2-v5-expert-131","arrow:a2","arrow:a3","REVEAL","0.3111","3","8"
"d2-v5-expert-131","arrow:a2","arrow:a4","ALTERNATIVE_PATH","0.3111","3","8"
"d2-v5-expert-131","arrow:a2","arrow:a5","ALTERNATIVE_PATH","0.3111","3","8"
"d2-v5-expert-131","arrow:a3","arrow:a1","EXPOSURE","0.3111","3","8"
"d2-v5-expert-131","arrow:a3","arrow:a1","STATE_DEPENDENCY","0.3111","3","8"
"d2-v5-expert-131","arrow:a3","arrow:a1","REVEAL","0.3111","3","8"
"d2-v5-expert-131","arrow:a3","arrow:a2","EXPOSURE","0.3111","3","8"
"d2-v5-expert-131","arrow:a3","arrow:a2","STATE_DEPENDENCY","0.3111","3","8"
"d2-v5-expert-131","arrow:a3","arrow:a2","REVEAL","0.3111","3","8"
"d2-v5-expert-131","arrow:a3","arrow:a4","ALTERNATIVE_PATH","0.3111","3","8"
"d2-v5-expert-131","arrow:a3","arrow:a5","ALTERNATIVE_PATH","0.3111","3","8"
"d2-v5-expert-131","arrow:a4","arrow:a3","ORDER_DEPENDENCY","0.3111","3","8"
"d2-v5-expert-131","arrow:a5","arrow:a3","ORDER_DEPENDENCY","0.3111","3","8"
"d2-v5-expert-131","magnet:m2","arrow:a1","MAGNET_CONTROL","0.3111","3","8"
"d2-v5-expert-131","magnet:m2","arrow:a1","POLARITY_DEPENDENCY","0.3111","3","8"
"d2-v5-expert-131","magnet:m2","arrow:a2","MAGNET_CONTROL","0.3111","3","8"
"d2-v5-expert-131","magnet:m2","arrow:a2","POLARITY_DEPENDENCY","0.3111","3","8"
"d2-v5-expert-131","magnet:m2","arrow:a3","MAGNET_CONTROL","0.3111","3","8"
"d2-v5-expert-131","magnet:m2","arrow:a3","POLARITY_DEPENDENCY","0.3111","3","8"
"d2-v5-expert-131","wall:1,3","arrow:a1","OCCLUSION","0.3111","3","8"
"d2-v5-expert-131","wall:1,3","arrow:a1","ROUTE_BLOCK","0.3111","3","8"
"d2-v5-expert-131","wall:4,2","arrow:a4","OCCLUSION","0.3111","3","8"
"d2-v5-easy-132","arrow:a1","arrow:a2","EXPOSURE","0.4667","2","5"
"d2-v5-easy-132","arrow:a1","arrow:a2","STATE_DEPENDENCY","0.4667","2","5"
"d2-v5-easy-132","arrow:a1","arrow:a2","REVEAL","0.4667","2","5"
"d2-v5-easy-132","arrow:a1","arrow:a3","ALTERNATIVE_PATH","0.4667","2","5"
"d2-v5-easy-132","arrow:a2","arrow:a1","EXPOSURE","0.4667","2","5"
"d2-v5-easy-132","arrow:a2","arrow:a1","ORDER_DEPENDENCY","0.4667","2","5"
"d2-v5-easy-132","arrow:a2","arrow:a1","STATE_DEPENDENCY","0.4667","2","5"
"d2-v5-easy-132","arrow:a2","arrow:a1","REVEAL","0.4667","2","5"
"d2-v5-easy-132","arrow:a2","arrow:a3","ALTERNATIVE_PATH","0.4667","2","5"
"d2-v5-easy-132","arrow:a2","wall:2,2","COLLISION","0.4667","2","5"
"d2-v5-easy-132","arrow:a3","arrow:a1","ORDER_DEPENDENCY","0.4667","2","5"
"d2-v5-easy-132","magnet:m1","arrow:a1","MAGNET_CONTROL","0.4667","2","5"
"d2-v5-easy-132","magnet:m1","arrow:a1","POLARITY_DEPENDENCY","0.4667","2","5"
"d2-v5-easy-132","magnet:m1","arrow:a2","MAGNET_CONTROL","0.4667","2","5"
"d2-v5-easy-132","magnet:m1","arrow:a2","POLARITY_DEPENDENCY","0.4667","2","5"
"d2-v5-easy-132","wall:2,2","arrow:a2","ROUTE_BLOCK","0.4667","2","5"
"d2-v5-easy-132","wall:2,2","arrow:a3","OCCLUSION","0.4667","2","5"
"d2-v5-hard-133","arrow:a1","arrow:a2","ORDER_DEPENDENCY","0.3111","3","8"
"d2-v5-hard-133","arrow:a1","arrow:a2","ALTERNATIVE_PATH","0.3111","3","8"
"d2-v5-hard-133","arrow:a1","arrow:a3","COLLISION","0.3111","3","8"
"d2-v5-hard-133","arrow:a1","arrow:a3","OCCLUSION","0.3111","3","8"
"d2-v5-hard-133","arrow:a1","arrow:a4","ALTERNATIVE_PATH","0.3111","3","8"
"d2-v5-hard-133","arrow:a1","arrow:a5","ALTERNATIVE_PATH","0.3111","3","8"
"d2-v5-hard-133","arrow:a2","arrow:a3","ALTERNATIVE_PATH","0.3111","3","8"
"d2-v5-hard-133","arrow:a2","arrow:a4","ALTERNATIVE_PATH","0.3111","3","8"
"d2-v5-hard-133","arrow:a2","arrow:a5","EXPOSURE","0.3111","3","8"
"d2-v5-hard-133","arrow:a2","arrow:a5","STATE_DEPENDENCY","0.3111","3","8"
"d2-v5-hard-133","arrow:a2","arrow:a5","REVEAL","0.3111","3","8"
"d2-v5-hard-133","arrow:a3","arrow:a1","ROUTE_BLOCK","0.3111","3","8"
"d2-v5-hard-133","arrow:a3","arrow:a1","EXPOSURE","0.3111","3","8"
"d2-v5-hard-133","arrow:a3","arrow:a1","STATE_DEPENDENCY","0.3111","3","8"
"d2-v5-hard-133","arrow:a3","arrow:a1","REVEAL","0.3111","3","8"
"d2-v5-hard-133","arrow:a3","arrow:a2","ORDER_DEPENDENCY","0.3111","3","8"
"d2-v5-hard-133","arrow:a3","arrow:a4","ALTERNATIVE_PATH","0.3111","3","8"
"d2-v5-hard-133","arrow:a3","arrow:a5","ALTERNATIVE_PATH","0.3111","3","8"
"d2-v5-hard-133","arrow:a4","arrow:a5","COLLISION","0.3111","3","8"
"d2-v5-hard-133","arrow:a5","arrow:a2","EXPOSURE","0.3111","3","8"
"d2-v5-hard-133","arrow:a5","arrow:a2","ORDER_DEPENDENCY","0.3111","3","8"
"d2-v5-hard-133","arrow:a5","arrow:a2","STATE_DEPENDENCY","0.3111","3","8"
"d2-v5-hard-133","arrow:a5","arrow:a2","REVEAL","0.3111","3","8"
"d2-v5-hard-133","arrow:a5","arrow:a4","ROUTE_BLOCK","0.3111","3","8"
"d2-v5-hard-133","arrow:a5","arrow:a4","EXPOSURE","0.3111","3","8"
"d2-v5-hard-133","arrow:a5","arrow:a4","STATE_DEPENDENCY","0.3111","3","8"
"d2-v5-hard-133","arrow:a5","arrow:a4","REVEAL","0.3111","3","8"
"d2-v5-hard-133","arrow:a5","magnet:m2","COLLISION","0.3111","3","8"
"d2-v5-hard-133","magnet:m1","arrow:a2","OCCLUSION","0.3111","3","8"
"d2-v5-hard-133","magnet:m1","arrow:a2","MAGNET_CONTROL","0.3111","3","8"
"d2-v5-hard-133","magnet:m1","arrow:a2","POLARITY_DEPENDENCY","0.3111","3","8"
"d2-v5-hard-133","magnet:m1","arrow:a5","MAGNET_CONTROL","0.3111","3","8"
"d2-v5-hard-133","magnet:m1","arrow:a5","POLARITY_DEPENDENCY","0.3111","3","8"
"d2-v5-hard-133","magnet:m2","arrow:a5","ROUTE_BLOCK","0.3111","3","8"
"d2-v5-hard-133","magnet:m3","arrow:a1","MAGNET_CONTROL","0.3111","3","8"
"d2-v5-easy-134","arrow:a1","arrow:a2","ROUTE_BLOCK","0.2727","5","7"
"d2-v5-easy-134","arrow:a1","arrow:a2","EXPOSURE","0.2727","5","7"
"d2-v5-easy-134","arrow:a1","arrow:a2","STATE_DEPENDENCY","0.2727","5","7"
"d2-v5-easy-134","arrow:a1","arrow:a2","REVEAL","0.2727","5","7"
"d2-v5-easy-134","arrow:a1","arrow:a3","ALTERNATIVE_PATH","0.2727","5","7"
"d2-v5-easy-134","arrow:a1","arrow:a4","ORDER_DEPENDENCY","0.2727","5","7"
"d2-v5-easy-134","arrow:a1","arrow:a4","ALTERNATIVE_PATH","0.2727","5","7"
"d2-v5-easy-134","arrow:a1","arrow:a5","ORDER_DEPENDENCY","0.2727","5","7"
"d2-v5-easy-134","arrow:a1","arrow:a5","ALTERNATIVE_PATH","0.2727","5","7"
"d2-v5-easy-134","arrow:a2","arrow:a1","COLLISION","0.2727","5","7"
"d2-v5-easy-134","arrow:a2","arrow:a3","ALTERNATIVE_PATH","0.2727","5","7"
"d2-v5-easy-134","arrow:a2","arrow:a4","ORDER_DEPENDENCY","0.2727","5","7"
"d2-v5-easy-134","arrow:a2","arrow:a4","ALTERNATIVE_PATH","0.2727","5","7"
"d2-v5-easy-134","arrow:a2","arrow:a5","ORDER_DEPENDENCY","0.2727","5","7"
"d2-v5-easy-134","arrow:a2","arrow:a5","ALTERNATIVE_PATH","0.2727","5","7"
"d2-v5-easy-134","arrow:a3","arrow:a4","EXPOSURE","0.2727","5","7"
"d2-v5-easy-134","arrow:a3","arrow:a4","ORDER_DEPENDENCY","0.2727","5","7"
"d2-v5-easy-134","arrow:a3","arrow:a4","STATE_DEPENDENCY","0.2727","5","7"
"d2-v5-easy-134","arrow:a3","arrow:a4","REVEAL","0.2727","5","7"
"d2-v5-easy-134","arrow:a3","arrow:a5","EXPOSURE","0.2727","5","7"
"d2-v5-easy-134","arrow:a3","arrow:a5","ORDER_DEPENDENCY","0.2727","5","7"
"d2-v5-easy-134","arrow:a3","arrow:a5","STATE_DEPENDENCY","0.2727","5","7"
"d2-v5-easy-134","arrow:a3","arrow:a5","REVEAL","0.2727","5","7"
"d2-v5-easy-134","arrow:a3","wall:4,4","COLLISION","0.2727","5","7"
"d2-v5-easy-134","arrow:a4","arrow:a3","EXPOSURE","0.2727","5","7"
"d2-v5-easy-134","arrow:a4","arrow:a3","STATE_DEPENDENCY","0.2727","5","7"
"d2-v5-easy-134","arrow:a4","arrow:a3","REVEAL","0.2727","5","7"
"d2-v5-easy-134","arrow:a4","arrow:a5","EXPOSURE","0.2727","5","7"
"d2-v5-easy-134","arrow:a4","arrow:a5","STATE_DEPENDENCY","0.2727","5","7"
"d2-v5-easy-134","arrow:a4","arrow:a5","REVEAL","0.2727","5","7"
"d2-v5-easy-134","arrow:a4","arrow:a5","ALTERNATIVE_PATH","0.2727","5","7"
"d2-v5-easy-134","arrow:a5","arrow:a3","EXPOSURE","0.2727","5","7"
"d2-v5-easy-134","arrow:a5","arrow:a3","STATE_DEPENDENCY","0.2727","5","7"
"d2-v5-easy-134","arrow:a5","arrow:a3","REVEAL","0.2727","5","7"
"d2-v5-easy-134","arrow:a5","arrow:a4","EXPOSURE","0.2727","5","7"
"d2-v5-easy-134","arrow:a5","arrow:a4","STATE_DEPENDENCY","0.2727","5","7"
"d2-v5-easy-134","arrow:a5","arrow:a4","REVEAL","0.2727","5","7"
"d2-v5-easy-134","magnet:m1","arrow:a3","MAGNET_CONTROL","0.2727","5","7"
"d2-v5-easy-134","magnet:m1","arrow:a3","POLARITY_DEPENDENCY","0.2727","5","7"
"d2-v5-easy-134","magnet:m1","arrow:a4","MAGNET_CONTROL","0.2727","5","7"
"d2-v5-easy-134","magnet:m1","arrow:a4","POLARITY_DEPENDENCY","0.2727","5","7"
"d2-v5-easy-134","magnet:m1","arrow:a5","MAGNET_CONTROL","0.2727","5","7"
"d2-v5-easy-134","magnet:m1","arrow:a5","POLARITY_DEPENDENCY","0.2727","5","7"
"d2-v5-easy-134","wall:4,4","arrow:a2","OCCLUSION","0.2727","5","7"
"d2-v5-easy-134","wall:4,4","arrow:a3","ROUTE_BLOCK","0.2727","5","7"
"d2-v5-medium-135","arrow:a1","arrow:a2","ORDER_DEPENDENCY","0.1667","5","8"
"d2-v5-medium-135","arrow:a1","arrow:a3","ALTERNATIVE_PATH","0.1667","5","8"
"d2-v5-medium-135","arrow:a1","arrow:a4","ALTERNATIVE_PATH","0.1667","5","8"
"d2-v5-medium-135","arrow:a1","wall:1,2","COLLISION","0.1667","5","8"
"d2-v5-medium-135","arrow:a2","arrow:a1","OCCLUSION","0.1667","5","8"
"d2-v5-medium-135","arrow:a2","arrow:a1","EXPOSURE","0.1667","5","8"
"d2-v5-medium-135","arrow:a2","arrow:a1","STATE_DEPENDENCY","0.1667","5","8"
"d2-v5-medium-135","arrow:a2","arrow:a1","REVEAL","0.1667","5","8"
"d2-v5-medium-135","arrow:a2","arrow:a3","ALTERNATIVE_PATH","0.1667","5","8"
"d2-v5-medium-135","arrow:a2","arrow:a4","ALTERNATIVE_PATH","0.1667","5","8"
"d2-v5-medium-135","arrow:a3","arrow:a2","ORDER_DEPENDENCY","0.1667","5","8"
"d2-v5-medium-135","arrow:a3","arrow:a4","ALTERNATIVE_PATH","0.1667","5","8"
"d2-v5-medium-135","arrow:a4","arrow:a2","ORDER_DEPENDENCY","0.1667","5","8"
"d2-v5-medium-135","magnet:m1","arrow:a4","MAGNET_CONTROL","0.1667","5","8"
"d2-v5-medium-135","magnet:m2","arrow:a1","MAGNET_CONTROL","0.1667","5","8"
"d2-v5-medium-135","magnet:m2","arrow:a1","POLARITY_DEPENDENCY","0.1667","5","8"
"d2-v5-medium-135","magnet:m2","arrow:a2","MAGNET_CONTROL","0.1667","5","8"
"d2-v5-medium-135","magnet:m3","arrow:a3","MAGNET_CONTROL","0.1667","5","8"
"d2-v5-medium-135","wall:1,2","arrow:a1","OCCLUSION","0.1667","5","8"
"d2-v5-medium-135","wall:1,2","arrow:a1","ROUTE_BLOCK","0.1667","5","8"
"d2-v5-expert-136","arrow:a1","arrow:a2","COLLISION","0.2747","5","10"
"d2-v5-expert-136","arrow:a1","arrow:a2","ROUTE_BLOCK","0.2747","5","10"
"d2-v5-expert-136","arrow:a1","arrow:a2","ORDER_DEPENDENCY","0.2747","5","10"
"d2-v5-expert-136","arrow:a1","arrow:a3","ALTERNATIVE_PATH","0.2747","5","10"
"d2-v5-expert-136","arrow:a1","arrow:a4","EXPOSURE","0.2747","5","10"
"d2-v5-expert-136","arrow:a1","arrow:a4","ORDER_DEPENDENCY","0.2747","5","10"
"d2-v5-expert-136","arrow:a1","arrow:a4","STATE_DEPENDENCY","0.2747","5","10"
"d2-v5-expert-136","arrow:a1","arrow:a4","REVEAL","0.2747","5","10"
"d2-v5-expert-136","arrow:a1","arrow:a4","ALTERNATIVE_PATH","0.2747","5","10"
"d2-v5-expert-136","arrow:a1","arrow:a5","ALTERNATIVE_PATH","0.2747","5","10"
"d2-v5-expert-136","arrow:a1","arrow:a6","ORDER_DEPENDENCY","0.2747","5","10"
"d2-v5-expert-136","arrow:a1","wall:3,5","COLLISION","0.2747","5","10"
"d2-v5-expert-136","arrow:a2","arrow:a1","COLLISION","0.2747","5","10"
"d2-v5-expert-136","arrow:a2","arrow:a1","OCCLUSION","0.2747","5","10"
"d2-v5-expert-136","arrow:a2","arrow:a1","ROUTE_BLOCK","0.2747","5","10"
"d2-v5-expert-136","arrow:a2","arrow:a1","EXPOSURE","0.2747","5","10"
"d2-v5-expert-136","arrow:a2","arrow:a1","STATE_DEPENDENCY","0.2747","5","10"
"d2-v5-expert-136","arrow:a2","arrow:a1","REVEAL","0.2747","5","10"
"d2-v5-expert-136","arrow:a2","arrow:a3","ALTERNATIVE_PATH","0.2747","5","10"
"d2-v5-expert-136","arrow:a2","arrow:a4","ALTERNATIVE_PATH","0.2747","5","10"
"d2-v5-expert-136","arrow:a2","arrow:a5","ALTERNATIVE_PATH","0.2747","5","10"
"d2-v5-expert-136","arrow:a2","arrow:a6","EXPOSURE","0.2747","5","10"
"d2-v5-expert-136","arrow:a2","arrow:a6","ORDER_DEPENDENCY","0.2747","5","10"
"d2-v5-expert-136","arrow:a2","arrow:a6","STATE_DEPENDENCY","0.2747","5","10"
"d2-v5-expert-136","arrow:a2","arrow:a6","REVEAL","0.2747","5","10"
"d2-v5-expert-136","arrow:a2","magnet:m1","COLLISION","0.2747","5","10"
"d2-v5-expert-136","arrow:a3","arrow:a1","EXPOSURE","0.2747","5","10"
"d2-v5-expert-136","arrow:a3","arrow:a1","STATE_DEPENDENCY","0.2747","5","10"
"d2-v5-expert-136","arrow:a3","arrow:a1","REVEAL","0.2747","5","10"
"d2-v5-expert-136","arrow:a3","arrow:a2","ORDER_DEPENDENCY","0.2747","5","10"
"d2-v5-expert-136","arrow:a3","arrow:a4","ROUTE_BLOCK","0.2747","5","10"
"d2-v5-expert-136","arrow:a3","arrow:a4","EXPOSURE","0.2747","5","10"
"d2-v5-expert-136","arrow:a3","arrow:a4","STATE_DEPENDENCY","0.2747","5","10"
"d2-v5-expert-136","arrow:a3","arrow:a4","REVEAL","0.2747","5","10"
"d2-v5-expert-136","arrow:a3","arrow:a4","ALTERNATIVE_PATH","0.2747","5","10"
"d2-v5-expert-136","arrow:a3","arrow:a5","ALTERNATIVE_PATH","0.2747","5","10"
"d2-v5-expert-136","arrow:a3","arrow:a6","ORDER_DEPENDENCY","0.2747","5","10"
"d2-v5-expert-136","arrow:a3","arrow:a6","ALTERNATIVE_PATH","0.2747","5","10"
"d2-v5-expert-136","arrow:a4","arrow:a1","EXPOSURE","0.2747","5","10"
"d2-v5-expert-136","arrow:a4","arrow:a1","STATE_DEPENDENCY","0.2747","5","10"
"d2-v5-expert-136","arrow:a4","arrow:a1","REVEAL","0.2747","5","10"
"d2-v5-expert-136","arrow:a4","arrow:a2","ORDER_DEPENDENCY","0.2747","5","10"
"d2-v5-expert-136","arrow:a4","arrow:a3","COLLISION","0.2747","5","10"
"d2-v5-expert-136","arrow:a4","arrow:a3","OCCLUSION","0.2747","5","10"
"d2-v5-expert-136","arrow:a4","arrow:a3","EXPOSURE","0.2747","5","10"
"d2-v5-expert-136","arrow:a4","arrow:a3","STATE_DEPENDENCY","0.2747","5","10"
"d2-v5-expert-136","arrow:a4","arrow:a3","REVEAL","0.2747","5","10"
"d2-v5-expert-136","arrow:a4","arrow:a5","ALTERNATIVE_PATH","0.2747","5","10"
"d2-v5-expert-136","arrow:a4","arrow:a6","ORDER_DEPENDENCY","0.2747","5","10"
"d2-v5-expert-136","arrow:a4","arrow:a6","ALTERNATIVE_PATH","0.2747","5","10"
"d2-v5-expert-136","arrow:a5","arrow:a2","ORDER_DEPENDENCY","0.2747","5","10"
"d2-v5-expert-136","arrow:a5","arrow:a3","OCCLUSION","0.2747","5","10"
"d2-v5-expert-136","arrow:a5","arrow:a3","EXPOSURE","0.2747","5","10"
"d2-v5-expert-136","arrow:a5","arrow:a3","STATE_DEPENDENCY","0.2747","5","10"
"d2-v5-expert-136","arrow:a5","arrow:a3","REVEAL","0.2747","5","10"
"d2-v5-expert-136","arrow:a5","arrow:a4","ORDER_DEPENDENCY","0.2747","5","10"
"d2-v5-expert-136","arrow:a5","arrow:a6","ORDER_DEPENDENCY","0.2747","5","10"
"d2-v5-expert-136","arrow:a5","arrow:a6","ALTERNATIVE_PATH","0.2747","5","10"
"d2-v5-expert-136","arrow:a6","arrow:a2","EXPOSURE","0.2747","5","10"
"d2-v5-expert-136","arrow:a6","arrow:a2","STATE_DEPENDENCY","0.2747","5","10"
"d2-v5-expert-136","arrow:a6","arrow:a2","REVEAL","0.2747","5","10"
"d2-v5-expert-136","magnet:m1","arrow:a1","MAGNET_CONTROL","0.2747","5","10"
"d2-v5-expert-136","magnet:m1","arrow:a1","POLARITY_DEPENDENCY","0.2747","5","10"
"d2-v5-expert-136","magnet:m1","arrow:a2","ROUTE_BLOCK","0.2747","5","10"
"d2-v5-expert-136","magnet:m1","arrow:a3","MAGNET_CONTROL","0.2747","5","10"
"d2-v5-expert-136","magnet:m1","arrow:a3","POLARITY_DEPENDENCY","0.2747","5","10"
"d2-v5-expert-136","magnet:m1","arrow:a4","MAGNET_CONTROL","0.2747","5","10"
"d2-v5-expert-136","magnet:m1","arrow:a4","POLARITY_DEPENDENCY","0.2747","5","10"
"d2-v5-expert-136","magnet:m1","magnet:m2","CANCELLATION","0.2747","5","10"
"d2-v5-expert-136","magnet:m2","arrow:a2","MAGNET_CONTROL","0.2747","5","10"
"d2-v5-expert-136","magnet:m2","arrow:a2","POLARITY_DEPENDENCY","0.2747","5","10"
"d2-v5-expert-136","magnet:m2","arrow:a6","MAGNET_CONTROL","0.2747","5","10"
"d2-v5-expert-136","magnet:m2","arrow:a6","POLARITY_DEPENDENCY","0.2747","5","10"
"d2-v5-expert-136","magnet:m3","arrow:a3","MAGNET_CONTROL","0.2747","5","10"
"d2-v5-expert-136","magnet:m3","arrow:a3","POLARITY_DEPENDENCY","0.2747","5","10"
"d2-v5-expert-136","magnet:m3","arrow:a5","MAGNET_CONTROL","0.2747","5","10"
"d2-v5-expert-136","wall:3,5","arrow:a1","ROUTE_BLOCK","0.2747","5","10"
"d2-v5-hard-137","arrow:a1","arrow:a2","COLLISION","0.6667","2","9"
"d2-v5-hard-137","arrow:a1","arrow:a2","OCCLUSION","0.6667","2","9"
"d2-v5-hard-137","arrow:a1","arrow:a2","ROUTE_BLOCK","0.6667","2","9"
"d2-v5-hard-137","arrow:a1","arrow:a2","EXPOSURE","0.6667","2","9"
"d2-v5-hard-137","arrow:a1","arrow:a2","STATE_DEPENDENCY","0.6667","2","9"
"d2-v5-hard-137","arrow:a1","arrow:a2","REVEAL","0.6667","2","9"
"d2-v5-hard-137","arrow:a1","arrow:a3","ORDER_DEPENDENCY","0.6667","2","9"
"d2-v5-hard-137","arrow:a1","arrow:a4","ROUTE_BLOCK","0.6667","2","9"
"d2-v5-hard-137","arrow:a1","arrow:a4","ORDER_DEPENDENCY","0.6667","2","9"
"d2-v5-hard-137","arrow:a1","arrow:a4","ALTERNATIVE_PATH","0.6667","2","9"
"d2-v5-hard-137","arrow:a1","arrow:a5","COLLISION","0.6667","2","9"
"d2-v5-hard-137","arrow:a1","arrow:a5","ROUTE_BLOCK","0.6667","2","9"
"d2-v5-hard-137","arrow:a1","arrow:a5","EXPOSURE","0.6667","2","9"
"d2-v5-hard-137","arrow:a1","arrow:a5","STATE_DEPENDENCY","0.6667","2","9"
"d2-v5-hard-137","arrow:a1","arrow:a5","REVEAL","0.6667","2","9"
"d2-v5-hard-137","arrow:a1","arrow:a5","ALTERNATIVE_PATH","0.6667","2","9"
"d2-v5-hard-137","arrow:a1","arrow:a6","COLLISION","0.6667","2","9"
"d2-v5-hard-137","arrow:a1","arrow:a6","OCCLUSION","0.6667","2","9"
"d2-v5-hard-137","arrow:a1","arrow:a6","EXPOSURE","0.6667","2","9"
"d2-v5-hard-137","arrow:a1","arrow:a6","STATE_DEPENDENCY","0.6667","2","9"
"d2-v5-hard-137","arrow:a1","arrow:a6","REVEAL","0.6667","2","9"
"d2-v5-hard-137","arrow:a1","arrow:a6","ALTERNATIVE_PATH","0.6667","2","9"
"d2-v5-hard-137","arrow:a1","arrow:a7","EXPOSURE","0.6667","2","9"
"d2-v5-hard-137","arrow:a1","arrow:a7","STATE_DEPENDENCY","0.6667","2","9"
"d2-v5-hard-137","arrow:a1","arrow:a7","REVEAL","0.6667","2","9"
"d2-v5-hard-137","arrow:a1","arrow:a7","ALTERNATIVE_PATH","0.6667","2","9"
"d2-v5-hard-137","arrow:a2","arrow:a1","COLLISION","0.6667","2","9"
"d2-v5-hard-137","arrow:a2","arrow:a1","ROUTE_BLOCK","0.6667","2","9"
"d2-v5-hard-137","arrow:a2","arrow:a3","EXPOSURE","0.6667","2","9"
"d2-v5-hard-137","arrow:a2","arrow:a3","STATE_DEPENDENCY","0.6667","2","9"
"d2-v5-hard-137","arrow:a2","arrow:a3","REVEAL","0.6667","2","9"
"d2-v5-hard-137","arrow:a2","arrow:a3","ALTERNATIVE_PATH","0.6667","2","9"
"d2-v5-hard-137","arrow:a2","arrow:a4","COLLISION","0.6667","2","9"
"d2-v5-hard-137","arrow:a2","arrow:a4","ROUTE_BLOCK","0.6667","2","9"
"d2-v5-hard-137","arrow:a2","arrow:a5","ALTERNATIVE_PATH","0.6667","2","9"
"d2-v5-hard-137","arrow:a2","arrow:a6","COLLISION","0.6667","2","9"
"d2-v5-hard-137","arrow:a2","arrow:a6","ROUTE_BLOCK","0.6667","2","9"
"d2-v5-hard-137","arrow:a2","arrow:a7","ALTERNATIVE_PATH","0.6667","2","9"
"d2-v5-hard-137","arrow:a3","arrow:a1","EXPOSURE","0.6667","2","9"
"d2-v5-hard-137","arrow:a3","arrow:a1","STATE_DEPENDENCY","0.6667","2","9"
"d2-v5-hard-137","arrow:a3","arrow:a1","REVEAL","0.6667","2","9"
"d2-v5-hard-137","arrow:a3","arrow:a2","EXPOSURE","0.6667","2","9"
"d2-v5-hard-137","arrow:a3","arrow:a2","STATE_DEPENDENCY","0.6667","2","9"
"d2-v5-hard-137","arrow:a3","arrow:a2","REVEAL","0.6667","2","9"
"d2-v5-hard-137","arrow:a3","arrow:a4","EXPOSURE","0.6667","2","9"
"d2-v5-hard-137","arrow:a3","arrow:a4","ORDER_DEPENDENCY","0.6667","2","9"
"d2-v5-hard-137","arrow:a3","arrow:a4","STATE_DEPENDENCY","0.6667","2","9"
"d2-v5-hard-137","arrow:a3","arrow:a4","REVEAL","0.6667","2","9"
"d2-v5-hard-137","arrow:a3","arrow:a4","ALTERNATIVE_PATH","0.6667","2","9"
"d2-v5-hard-137","arrow:a3","arrow:a5","EXPOSURE","0.6667","2","9"
"d2-v5-hard-137","arrow:a3","arrow:a5","STATE_DEPENDENCY","0.6667","2","9"
"d2-v5-hard-137","arrow:a3","arrow:a5","REVEAL","0.6667","2","9"
"d2-v5-hard-137","arrow:a3","arrow:a5","ALTERNATIVE_PATH","0.6667","2","9"
"d2-v5-hard-137","arrow:a3","arrow:a6","EXPOSURE","0.6667","2","9"
"d2-v5-hard-137","arrow:a3","arrow:a6","STATE_DEPENDENCY","0.6667","2","9"
"d2-v5-hard-137","arrow:a3","arrow:a6","REVEAL","0.6667","2","9"
"d2-v5-hard-137","arrow:a3","arrow:a6","ALTERNATIVE_PATH","0.6667","2","9"
"d2-v5-hard-137","arrow:a3","arrow:a7","ROUTE_BLOCK","0.6667","2","9"
"d2-v5-hard-137","arrow:a3","arrow:a7","EXPOSURE","0.6667","2","9"
"d2-v5-hard-137","arrow:a3","arrow:a7","ORDER_DEPENDENCY","0.6667","2","9"
"d2-v5-hard-137","arrow:a3","arrow:a7","STATE_DEPENDENCY","0.6667","2","9"
"d2-v5-hard-137","arrow:a3","arrow:a7","REVEAL","0.6667","2","9"
"d2-v5-hard-137","arrow:a3","arrow:a7","ALTERNATIVE_PATH","0.6667","2","9"
"d2-v5-hard-137","arrow:a4","arrow:a1","COLLISION","0.6667","2","9"
"d2-v5-hard-137","arrow:a4","arrow:a1","OCCLUSION","0.6667","2","9"
"d2-v5-hard-137","arrow:a4","arrow:a1","EXPOSURE","0.6667","2","9"
"d2-v5-hard-137","arrow:a4","arrow:a1","STATE_DEPENDENCY","0.6667","2","9"
"d2-v5-hard-137","arrow:a4","arrow:a1","REVEAL","0.6667","2","9"
"d2-v5-hard-137","arrow:a4","arrow:a2","COLLISION","0.6667","2","9"
"d2-v5-hard-137","arrow:a4","arrow:a2","OCCLUSION","0.6667","2","9"
"d2-v5-hard-137","arrow:a4","arrow:a2","ROUTE_BLOCK","0.6667","2","9"
"d2-v5-hard-137","arrow:a4","arrow:a2","EXPOSURE","0.6667","2","9"
"d2-v5-hard-137","arrow:a4","arrow:a2","STATE_DEPENDENCY","0.6667","2","9"
"d2-v5-hard-137","arrow:a4","arrow:a2","REVEAL","0.6667","2","9"
"d2-v5-hard-137","arrow:a4","arrow:a3","EXPOSURE","0.6667","2","9"
"d2-v5-hard-137","arrow:a4","arrow:a3","ORDER_DEPENDENCY","0.6667","2","9"
"d2-v5-hard-137","arrow:a4","arrow:a3","STATE_DEPENDENCY","0.6667","2","9"
"d2-v5-hard-137","arrow:a4","arrow:a3","REVEAL","0.6667","2","9"
"d2-v5-hard-137","arrow:a4","arrow:a5","ALTERNATIVE_PATH","0.6667","2","9"
"d2-v5-hard-137","arrow:a4","arrow:a6","COLLISION","0.6667","2","9"
"d2-v5-hard-137","arrow:a4","arrow:a6","OCCLUSION","0.6667","2","9"
"d2-v5-hard-137","arrow:a4","arrow:a6","EXPOSURE","0.6667","2","9"
"d2-v5-hard-137","arrow:a4","arrow:a6","STATE_DEPENDENCY","0.6667","2","9"
"d2-v5-hard-137","arrow:a4","arrow:a6","REVEAL","0.6667","2","9"
"d2-v5-hard-137","arrow:a4","arrow:a6","ALTERNATIVE_PATH","0.6667","2","9"
"d2-v5-hard-137","arrow:a4","arrow:a7","ALTERNATIVE_PATH","0.6667","2","9"
"d2-v5-hard-137","arrow:a5","arrow:a1","COLLISION","0.6667","2","9"
"d2-v5-hard-137","arrow:a5","arrow:a1","OCCLUSION","0.6667","2","9"
"d2-v5-hard-137","arrow:a5","arrow:a1","ROUTE_BLOCK","0.6667","2","9"
"d2-v5-hard-137","arrow:a5","arrow:a1","EXPOSURE","0.6667","2","9"
"d2-v5-hard-137","arrow:a5","arrow:a1","ORDER_DEPENDENCY","0.6667","2","9"
"d2-v5-hard-137","arrow:a5","arrow:a1","STATE_DEPENDENCY","0.6667","2","9"
"d2-v5-hard-137","arrow:a5","arrow:a1","REVEAL","0.6667","2","9"
"d2-v5-hard-137","arrow:a5","arrow:a3","ORDER_DEPENDENCY","0.6667","2","9"
"d2-v5-hard-137","arrow:a5","arrow:a4","ORDER_DEPENDENCY","0.6667","2","9"
"d2-v5-hard-137","arrow:a5","arrow:a6","ALTERNATIVE_PATH","0.6667","2","9"
"d2-v5-hard-137","arrow:a5","arrow:a7","EXPOSURE","0.6667","2","9"
"d2-v5-hard-137","arrow:a5","arrow:a7","ORDER_DEPENDENCY","0.6667","2","9"
"d2-v5-hard-137","arrow:a5","arrow:a7","STATE_DEPENDENCY","0.6667","2","9"
"d2-v5-hard-137","arrow:a5","arrow:a7","REVEAL","0.6667","2","9"
"d2-v5-hard-137","arrow:a5","arrow:a7","ALTERNATIVE_PATH","0.6667","2","9"
"d2-v5-hard-137","arrow:a6","arrow:a1","ROUTE_BLOCK","0.6667","2","9"
"d2-v5-hard-137","arrow:a6","arrow:a1","ORDER_DEPENDENCY","0.6667","2","9"
"d2-v5-hard-137","arrow:a6","arrow:a2","COLLISION","0.6667","2","9"
"d2-v5-hard-137","arrow:a6","arrow:a2","OCCLUSION","0.6667","2","9"
"d2-v5-hard-137","arrow:a6","arrow:a2","ROUTE_BLOCK","0.6667","2","9"
"d2-v5-hard-137","arrow:a6","arrow:a2","EXPOSURE","0.6667","2","9"
"d2-v5-hard-137","arrow:a6","arrow:a2","STATE_DEPENDENCY","0.6667","2","9"
"d2-v5-hard-137","arrow:a6","arrow:a2","REVEAL","0.6667","2","9"
"d2-v5-hard-137","arrow:a6","arrow:a3","ORDER_DEPENDENCY","0.6667","2","9"
"d2-v5-hard-137","arrow:a6","arrow:a4","ROUTE_BLOCK","0.6667","2","9"
"d2-v5-hard-137","arrow:a6","arrow:a4","ORDER_DEPENDENCY","0.6667","2","9"
"d2-v5-hard-137","arrow:a6","arrow:a7","ORDER_DEPENDENCY","0.6667","2","9"
"d2-v5-hard-137","arrow:a6","arrow:a7","ALTERNATIVE_PATH","0.6667","2","9"
"d2-v5-hard-137","arrow:a7","arrow:a1","EXPOSURE","0.6667","2","9"
"d2-v5-hard-137","arrow:a7","arrow:a1","ORDER_DEPENDENCY","0.6667","2","9"
"d2-v5-hard-137","arrow:a7","arrow:a1","STATE_DEPENDENCY","0.6667","2","9"
"d2-v5-hard-137","arrow:a7","arrow:a1","REVEAL","0.6667","2","9"
"d2-v5-hard-137","arrow:a7","arrow:a3","COLLISION","0.6667","2","9"
"d2-v5-hard-137","arrow:a7","arrow:a3","OCCLUSION","0.6667","2","9"
"d2-v5-hard-137","arrow:a7","arrow:a3","EXPOSURE","0.6667","2","9"
"d2-v5-hard-137","arrow:a7","arrow:a3","ORDER_DEPENDENCY","0.6667","2","9"
"d2-v5-hard-137","arrow:a7","arrow:a3","STATE_DEPENDENCY","0.6667","2","9"
"d2-v5-hard-137","arrow:a7","arrow:a3","REVEAL","0.6667","2","9"
"d2-v5-hard-137","arrow:a7","arrow:a5","EXPOSURE","0.6667","2","9"
"d2-v5-hard-137","arrow:a7","arrow:a5","STATE_DEPENDENCY","0.6667","2","9"
"d2-v5-hard-137","arrow:a7","arrow:a5","REVEAL","0.6667","2","9"
"d2-v5-hard-137","magnet:m1","arrow:a1","MAGNET_CONTROL","0.6667","2","9"
"d2-v5-hard-137","magnet:m1","arrow:a1","POLARITY_DEPENDENCY","0.6667","2","9"
"d2-v5-hard-137","magnet:m1","arrow:a3","MAGNET_CONTROL","0.6667","2","9"
"d2-v5-hard-137","magnet:m1","arrow:a3","POLARITY_DEPENDENCY","0.6667","2","9"
"d2-v5-hard-137","magnet:m1","arrow:a5","MAGNET_CONTROL","0.6667","2","9"
"d2-v5-hard-137","magnet:m1","arrow:a5","POLARITY_DEPENDENCY","0.6667","2","9"
"d2-v5-hard-137","magnet:m1","arrow:a7","MAGNET_CONTROL","0.6667","2","9"
"d2-v5-hard-137","magnet:m1","arrow:a7","POLARITY_DEPENDENCY","0.6667","2","9"
"d2-v5-hard-137","magnet:m2","arrow:a1","MAGNET_CONTROL","0.6667","2","9"
"d2-v5-hard-137","magnet:m2","arrow:a1","POLARITY_DEPENDENCY","0.6667","2","9"
"d2-v5-hard-137","magnet:m2","arrow:a2","MAGNET_CONTROL","0.6667","2","9"
"d2-v5-hard-137","magnet:m2","arrow:a2","POLARITY_DEPENDENCY","0.6667","2","9"
"d2-v5-hard-137","magnet:m2","arrow:a3","MAGNET_CONTROL","0.6667","2","9"
"d2-v5-hard-137","magnet:m2","arrow:a3","POLARITY_DEPENDENCY","0.6667","2","9"
"d2-v5-hard-137","magnet:m2","arrow:a4","MAGNET_CONTROL","0.6667","2","9"
"d2-v5-hard-137","magnet:m2","arrow:a4","POLARITY_DEPENDENCY","0.6667","2","9"
"d2-v5-hard-137","magnet:m2","arrow:a6","MAGNET_CONTROL","0.6667","2","9"
"d2-v5-hard-137","magnet:m2","arrow:a6","POLARITY_DEPENDENCY","0.6667","2","9"
"d2-v5-medium-138","arrow:a1","arrow:a2","ALTERNATIVE_PATH","0.3556","2","9"
"d2-v5-medium-138","arrow:a1","arrow:a3","ALTERNATIVE_PATH","0.3556","2","9"
"d2-v5-medium-138","arrow:a1","arrow:a4","EXPOSURE","0.3556","2","9"
"d2-v5-medium-138","arrow:a1","arrow:a4","STATE_DEPENDENCY","0.3556","2","9"
"d2-v5-medium-138","arrow:a1","arrow:a4","REVEAL","0.3556","2","9"
"d2-v5-medium-138","arrow:a1","arrow:a4","ALTERNATIVE_PATH","0.3556","2","9"
"d2-v5-medium-138","arrow:a1","arrow:a5","ORDER_DEPENDENCY","0.3556","2","9"
"d2-v5-medium-138","arrow:a1","arrow:a5","ALTERNATIVE_PATH","0.3556","2","9"
"d2-v5-medium-138","arrow:a2","arrow:a3","ALTERNATIVE_PATH","0.3556","2","9"
"d2-v5-medium-138","arrow:a2","arrow:a4","ALTERNATIVE_PATH","0.3556","2","9"
"d2-v5-medium-138","arrow:a2","arrow:a5","ORDER_DEPENDENCY","0.3556","2","9"
"d2-v5-medium-138","arrow:a2","arrow:a5","ALTERNATIVE_PATH","0.3556","2","9"
"d2-v5-medium-138","arrow:a3","arrow:a4","ALTERNATIVE_PATH","0.3556","2","9"
"d2-v5-medium-138","arrow:a3","arrow:a5","ORDER_DEPENDENCY","0.3556","2","9"
"d2-v5-medium-138","arrow:a3","magnet:m3","COLLISION","0.3556","2","9"
"d2-v5-medium-138","arrow:a4","arrow:a1","EXPOSURE","0.3556","2","9"
"d2-v5-medium-138","arrow:a4","arrow:a1","STATE_DEPENDENCY","0.3556","2","9"
"d2-v5-medium-138","arrow:a4","arrow:a1","REVEAL","0.3556","2","9"
"d2-v5-medium-138","arrow:a4","arrow:a5","COLLISION","0.3556","2","9"
"d2-v5-medium-138","arrow:a4","arrow:a5","ORDER_DEPENDENCY","0.3556","2","9"
"d2-v5-medium-138","arrow:a4","arrow:a5","ALTERNATIVE_PATH","0.3556","2","9"
"d2-v5-medium-138","arrow:a5","arrow:a3","OCCLUSION","0.3556","2","9"
"d2-v5-medium-138","arrow:a5","arrow:a3","EXPOSURE","0.3556","2","9"
"d2-v5-medium-138","arrow:a5","arrow:a3","STATE_DEPENDENCY","0.3556","2","9"
"d2-v5-medium-138","arrow:a5","arrow:a3","REVEAL","0.3556","2","9"
"d2-v5-medium-138","arrow:a5","arrow:a4","ROUTE_BLOCK","0.3556","2","9"
"d2-v5-medium-138","arrow:a5","arrow:a4","EXPOSURE","0.3556","2","9"
"d2-v5-medium-138","arrow:a5","arrow:a4","STATE_DEPENDENCY","0.3556","2","9"
"d2-v5-medium-138","arrow:a5","arrow:a4","REVEAL","0.3556","2","9"
"d2-v5-medium-138","magnet:m1","arrow:a5","MAGNET_CONTROL","0.3556","2","9"
"d2-v5-medium-138","magnet:m1","magnet:m3","CANCELLATION","0.3556","2","9"
"d2-v5-medium-138","magnet:m2","arrow:a2","MAGNET_CONTROL","0.3556","2","9"
"d2-v5-medium-138","magnet:m3","arrow:a3","MAGNET_CONTROL","0.3556","2","9"
"d2-v5-medium-138","magnet:m3","arrow:a3","ROUTE_BLOCK","0.3556","2","9"
"d2-v5-medium-138","magnet:m4","arrow:a1","MAGNET_CONTROL","0.3556","2","9"
"d2-v5-medium-138","magnet:m4","arrow:a1","POLARITY_DEPENDENCY","0.3556","2","9"
"d2-v5-medium-138","magnet:m4","arrow:a4","MAGNET_CONTROL","0.3556","2","9"
"d2-v5-medium-138","magnet:m4","arrow:a4","POLARITY_DEPENDENCY","0.3556","2","9"
"d2-v5-expert-139","arrow:a1","arrow:a2","ROUTE_BLOCK","0.2727","4","8"
"d2-v5-expert-139","arrow:a1","arrow:a4","COLLISION","0.2727","4","8"
"d2-v5-expert-139","arrow:a1","arrow:a4","ALTERNATIVE_PATH","0.2727","4","8"
"d2-v5-expert-139","arrow:a1","arrow:a5","ALTERNATIVE_PATH","0.2727","4","8"
"d2-v5-expert-139","arrow:a1","wall:4,1","COLLISION","0.2727","4","8"
"d2-v5-expert-139","arrow:a1","wall:5,3","COLLISION","0.2727","4","8"
"d2-v5-expert-139","arrow:a2","arrow:a1","COLLISION","0.2727","4","8"
"d2-v5-expert-139","arrow:a2","arrow:a1","OCCLUSION","0.2727","4","8"
"d2-v5-expert-139","arrow:a2","arrow:a1","EXPOSURE","0.2727","4","8"
"d2-v5-expert-139","arrow:a2","arrow:a1","STATE_DEPENDENCY","0.2727","4","8"
"d2-v5-expert-139","arrow:a2","arrow:a1","REVEAL","0.2727","4","8"
"d2-v5-expert-139","arrow:a2","arrow:a3","EXPOSURE","0.2727","4","8"
"d2-v5-expert-139","arrow:a2","arrow:a3","ORDER_DEPENDENCY","0.2727","4","8"
"d2-v5-expert-139","arrow:a2","arrow:a3","STATE_DEPENDENCY","0.2727","4","8"
"d2-v5-expert-139","arrow:a2","arrow:a3","REVEAL","0.2727","4","8"
"d2-v5-expert-139","arrow:a2","arrow:a4","ALTERNATIVE_PATH","0.2727","4","8"
"d2-v5-expert-139","arrow:a2","arrow:a5","ALTERNATIVE_PATH","0.2727","4","8"
"d2-v5-expert-139","arrow:a3","arrow:a1","EXPOSURE","0.2727","4","8"
"d2-v5-expert-139","arrow:a3","arrow:a1","STATE_DEPENDENCY","0.2727","4","8"
"d2-v5-expert-139","arrow:a3","arrow:a1","REVEAL","0.2727","4","8"
"d2-v5-expert-139","arrow:a3","arrow:a2","EXPOSURE","0.2727","4","8"
"d2-v5-expert-139","arrow:a3","arrow:a2","STATE_DEPENDENCY","0.2727","4","8"
"d2-v5-expert-139","arrow:a3","arrow:a2","REVEAL","0.2727","4","8"
"d2-v5-expert-139","arrow:a3","arrow:a4","ALTERNATIVE_PATH","0.2727","4","8"
"d2-v5-expert-139","arrow:a3","arrow:a5","ALTERNATIVE_PATH","0.2727","4","8"
"d2-v5-expert-139","arrow:a4","arrow:a1","ROUTE_BLOCK","0.2727","4","8"
"d2-v5-expert-139","arrow:a4","arrow:a3","ORDER_DEPENDENCY","0.2727","4","8"
"d2-v5-expert-139","arrow:a4","arrow:a5","ALTERNATIVE_PATH","0.2727","4","8"
"d2-v5-expert-139","arrow:a5","arrow:a3","ORDER_DEPENDENCY","0.2727","4","8"
"d2-v5-expert-139","magnet:m2","arrow:a1","MAGNET_CONTROL","0.2727","4","8"
"d2-v5-expert-139","magnet:m2","arrow:a1","POLARITY_DEPENDENCY","0.2727","4","8"
"d2-v5-expert-139","magnet:m2","arrow:a2","MAGNET_CONTROL","0.2727","4","8"
"d2-v5-expert-139","magnet:m2","arrow:a2","POLARITY_DEPENDENCY","0.2727","4","8"
"d2-v5-expert-139","magnet:m2","arrow:a3","MAGNET_CONTROL","0.2727","4","8"
"d2-v5-expert-139","magnet:m2","arrow:a3","POLARITY_DEPENDENCY","0.2727","4","8"
"d2-v5-expert-139","wall:4,1","arrow:a1","OCCLUSION","0.2727","4","8"
"d2-v5-expert-139","wall:4,1","arrow:a1","ROUTE_BLOCK","0.2727","4","8"
"d2-v5-expert-139","wall:5,3","arrow:a1","ROUTE_BLOCK","0.2727","4","8"
"d2-v5-easy-140","arrow:a1","arrow:a2","ALTERNATIVE_PATH","0.3056","3","7"
"d2-v5-easy-140","arrow:a1","arrow:a3","EXPOSURE","0.3056","3","7"
"d2-v5-easy-140","arrow:a1","arrow:a3","ORDER_DEPENDENCY","0.3056","3","7"
"d2-v5-easy-140","arrow:a1","arrow:a3","STATE_DEPENDENCY","0.3056","3","7"
"d2-v5-easy-140","arrow:a1","arrow:a3","REVEAL","0.3056","3","7"
"d2-v5-easy-140","arrow:a1","arrow:a4","ALTERNATIVE_PATH","0.3056","3","7"
"d2-v5-easy-140","arrow:a1","wall:8,4","COLLISION","0.3056","3","7"
"d2-v5-easy-140","arrow:a2","arrow:a3","ORDER_DEPENDENCY","0.3056","3","7"
"d2-v5-easy-140","arrow:a2","arrow:a3","ALTERNATIVE_PATH","0.3056","3","7"
"d2-v5-easy-140","arrow:a2","arrow:a4","EXPOSURE","0.3056","3","7"
"d2-v5-easy-140","arrow:a2","arrow:a4","STATE_DEPENDENCY","0.3056","3","7"
"d2-v5-easy-140","arrow:a2","arrow:a4","REVEAL","0.3056","3","7"
"d2-v5-easy-140","arrow:a2","arrow:a4","ALTERNATIVE_PATH","0.3056","3","7"
"d2-v5-easy-140","arrow:a3","arrow:a1","EXPOSURE","0.3056","3","7"
"d2-v5-easy-140","arrow:a3","arrow:a1","STATE_DEPENDENCY","0.3056","3","7"
"d2-v5-easy-140","arrow:a3","arrow:a1","REVEAL","0.3056","3","7"
"d2-v5-easy-140","arrow:a3","arrow:a4","ALTERNATIVE_PATH","0.3056","3","7"
"d2-v5-easy-140","arrow:a4","arrow:a2","EXPOSURE","0.3056","3","7"
"d2-v5-easy-140","arrow:a4","arrow:a2","STATE_DEPENDENCY","0.3056","3","7"
"d2-v5-easy-140","arrow:a4","arrow:a2","REVEAL","0.3056","3","7"
"d2-v5-easy-140","arrow:a4","arrow:a3","ORDER_DEPENDENCY","0.3056","3","7"
"d2-v5-easy-140","magnet:m1","arrow:a1","MAGNET_CONTROL","0.3056","3","7"
"d2-v5-easy-140","magnet:m1","arrow:a1","POLARITY_DEPENDENCY","0.3056","3","7"
"d2-v5-easy-140","magnet:m1","arrow:a3","MAGNET_CONTROL","0.3056","3","7"
"d2-v5-easy-140","magnet:m1","arrow:a3","POLARITY_DEPENDENCY","0.3056","3","7"
"d2-v5-easy-140","magnet:m2","arrow:a2","MAGNET_CONTROL","0.3056","3","7"
"d2-v5-easy-140","magnet:m2","arrow:a2","POLARITY_DEPENDENCY","0.3056","3","7"
"d2-v5-easy-140","magnet:m2","arrow:a4","MAGNET_CONTROL","0.3056","3","7"
"d2-v5-easy-140","magnet:m2","arrow:a4","POLARITY_DEPENDENCY","0.3056","3","7"
"d2-v5-easy-140","wall:8,4","arrow:a1","ROUTE_BLOCK","0.3056","3","7"
"d2-v5-hard-141","arrow:a1","arrow:a2","ALTERNATIVE_PATH","0.3333","2","9"
"d2-v5-hard-141","arrow:a1","arrow:a3","ROUTE_BLOCK","0.3333","2","9"
"d2-v5-hard-141","arrow:a1","arrow:a3","EXPOSURE","0.3333","2","9"
"d2-v5-hard-141","arrow:a1","arrow:a3","ORDER_DEPENDENCY","0.3333","2","9"
"d2-v5-hard-141","arrow:a1","arrow:a3","STATE_DEPENDENCY","0.3333","2","9"
"d2-v5-hard-141","arrow:a1","arrow:a3","REVEAL","0.3333","2","9"
"d2-v5-hard-141","arrow:a1","arrow:a4","ALTERNATIVE_PATH","0.3333","2","9"
"d2-v5-hard-141","arrow:a1","arrow:a5","ALTERNATIVE_PATH","0.3333","2","9"
"d2-v5-hard-141","arrow:a2","arrow:a3","ORDER_DEPENDENCY","0.3333","2","9"
"d2-v5-hard-141","arrow:a2","arrow:a3","ALTERNATIVE_PATH","0.3333","2","9"
"d2-v5-hard-141","arrow:a2","arrow:a4","ROUTE_BLOCK","0.3333","2","9"
"d2-v5-hard-141","arrow:a2","arrow:a4","EXPOSURE","0.3333","2","9"
"d2-v5-hard-141","arrow:a2","arrow:a4","STATE_DEPENDENCY","0.3333","2","9"
"d2-v5-hard-141","arrow:a2","arrow:a4","REVEAL","0.3333","2","9"
"d2-v5-hard-141","arrow:a2","arrow:a5","ALTERNATIVE_PATH","0.3333","2","9"
"d2-v5-hard-141","arrow:a3","arrow:a1","COLLISION","0.3333","2","9"
"d2-v5-hard-141","arrow:a3","arrow:a4","ALTERNATIVE_PATH","0.3333","2","9"
"d2-v5-hard-141","arrow:a3","arrow:a5","EXPOSURE","0.3333","2","9"
"d2-v5-hard-141","arrow:a3","arrow:a5","STATE_DEPENDENCY","0.3333","2","9"
"d2-v5-hard-141","arrow:a3","arrow:a5","REVEAL","0.3333","2","9"
"d2-v5-hard-141","arrow:a4","arrow:a2","COLLISION","0.3333","2","9"
"d2-v5-hard-141","arrow:a4","arrow:a3","ORDER_DEPENDENCY","0.3333","2","9"
"d2-v5-hard-141","arrow:a4","arrow:a5","ALTERNATIVE_PATH","0.3333","2","9"
"d2-v5-hard-141","arrow:a5","arrow:a3","EXPOSURE","0.3333","2","9"
"d2-v5-hard-141","arrow:a5","arrow:a3","ORDER_DEPENDENCY","0.3333","2","9"
"d2-v5-hard-141","arrow:a5","arrow:a3","STATE_DEPENDENCY","0.3333","2","9"
"d2-v5-hard-141","arrow:a5","arrow:a3","REVEAL","0.3333","2","9"
"d2-v5-hard-141","arrow:a5","wall:2,5","COLLISION","0.3333","2","9"
"d2-v5-hard-141","magnet:m1","arrow:a3","MAGNET_CONTROL","0.3333","2","9"
"d2-v5-hard-141","magnet:m1","arrow:a3","POLARITY_DEPENDENCY","0.3333","2","9"
"d2-v5-hard-141","magnet:m1","arrow:a5","MAGNET_CONTROL","0.3333","2","9"
"d2-v5-hard-141","magnet:m1","arrow:a5","POLARITY_DEPENDENCY","0.3333","2","9"
"d2-v5-hard-141","magnet:m3","arrow:a2","MAGNET_CONTROL","0.3333","2","9"
"d2-v5-hard-141","magnet:m4","arrow:a1","MAGNET_CONTROL","0.3333","2","9"
"d2-v5-hard-141","wall:2,5","arrow:a5","ROUTE_BLOCK","0.3333","2","9"
"d2-v5-easy-142","arrow:a1","arrow:a2","ALTERNATIVE_PATH","0.1667","5","8"
"d2-v5-easy-142","arrow:a1","arrow:a3","ALTERNATIVE_PATH","0.1667","5","8"
"d2-v5-easy-142","arrow:a1","arrow:a4","EXPOSURE","0.1667","5","8"
"d2-v5-easy-142","arrow:a1","arrow:a4","STATE_DEPENDENCY","0.1667","5","8"
"d2-v5-easy-142","arrow:a1","arrow:a4","REVEAL","0.1667","5","8"
"d2-v5-easy-142","arrow:a2","arrow:a1","ORDER_DEPENDENCY","0.1667","5","8"
"d2-v5-easy-142","arrow:a2","arrow:a3","ALTERNATIVE_PATH","0.1667","5","8"
"d2-v5-easy-142","arrow:a2","arrow:a4","ALTERNATIVE_PATH","0.1667","5","8"
"d2-v5-easy-142","arrow:a3","arrow:a1","ORDER_DEPENDENCY","0.1667","5","8"
"d2-v5-easy-142","arrow:a3","arrow:a4","ALTERNATIVE_PATH","0.1667","5","8"
"d2-v5-easy-142","arrow:a4","arrow:a1","EXPOSURE","0.1667","5","8"
"d2-v5-easy-142","arrow:a4","arrow:a1","ORDER_DEPENDENCY","0.1667","5","8"
"d2-v5-easy-142","arrow:a4","arrow:a1","STATE_DEPENDENCY","0.1667","5","8"
"d2-v5-easy-142","arrow:a4","arrow:a1","REVEAL","0.1667","5","8"
"d2-v5-easy-142","arrow:a4","wall:4,3","COLLISION","0.1667","5","8"
"d2-v5-easy-142","magnet:m1","arrow:a1","MAGNET_CONTROL","0.1667","5","8"
"d2-v5-easy-142","magnet:m1","arrow:a1","POLARITY_DEPENDENCY","0.1667","5","8"
"d2-v5-easy-142","magnet:m1","arrow:a4","MAGNET_CONTROL","0.1667","5","8"
"d2-v5-easy-142","magnet:m1","arrow:a4","POLARITY_DEPENDENCY","0.1667","5","8"
"d2-v5-easy-142","magnet:m2","arrow:a2","MAGNET_CONTROL","0.1667","5","8"
"d2-v5-easy-142","wall:4,3","arrow:a4","ROUTE_BLOCK","0.1667","5","8"
"d2-v5-easy-142","wall:4,7","arrow:a1","OCCLUSION","0.1667","5","8"
"d2-v5-medium-143","arrow:a1","arrow:a2","COLLISION","0.6786","1","8"
"d2-v5-medium-143","arrow:a1","arrow:a2","ROUTE_BLOCK","0.6786","1","8"
"d2-v5-medium-143","arrow:a1","arrow:a3","ALTERNATIVE_PATH","0.6786","1","8"
"d2-v5-medium-143","arrow:a1","arrow:a5","EXPOSURE","0.6786","1","8"
"d2-v5-medium-143","arrow:a1","arrow:a5","STATE_DEPENDENCY","0.6786","1","8"
"d2-v5-medium-143","arrow:a1","arrow:a5","REVEAL","0.6786","1","8"
"d2-v5-medium-143","arrow:a1","arrow:a6","ALTERNATIVE_PATH","0.6786","1","8"
"d2-v5-medium-143","arrow:a2","arrow:a1","COLLISION","0.6786","1","8"
"d2-v5-medium-143","arrow:a2","arrow:a1","OCCLUSION","0.6786","1","8"
"d2-v5-medium-143","arrow:a2","arrow:a1","ROUTE_BLOCK","0.6786","1","8"
"d2-v5-medium-143","arrow:a2","arrow:a1","EXPOSURE","0.6786","1","8"
"d2-v5-medium-143","arrow:a2","arrow:a1","STATE_DEPENDENCY","0.6786","1","8"
"d2-v5-medium-143","arrow:a2","arrow:a1","REVEAL","0.6786","1","8"
"d2-v5-medium-143","arrow:a2","arrow:a3","ALTERNATIVE_PATH","0.6786","1","8"
"d2-v5-medium-143","arrow:a2","arrow:a5","EXPOSURE","0.6786","1","8"
"d2-v5-medium-143","arrow:a2","arrow:a5","ORDER_DEPENDENCY","0.6786","1","8"
"d2-v5-medium-143","arrow:a2","arrow:a5","STATE_DEPENDENCY","0.6786","1","8"
"d2-v5-medium-143","arrow:a2","arrow:a5","REVEAL","0.6786","1","8"
"d2-v5-medium-143","arrow:a2","arrow:a6","ALTERNATIVE_PATH","0.6786","1","8"
"d2-v5-medium-143","arrow:a3","arrow:a4","ALTERNATIVE_PATH","0.6786","1","8"
"d2-v5-medium-143","arrow:a3","arrow:a5","ORDER_DEPENDENCY","0.6786","1","8"
"d2-v5-medium-143","arrow:a3","arrow:a5","ALTERNATIVE_PATH","0.6786","1","8"
"d2-v5-medium-143","arrow:a3","arrow:a6","ALTERNATIVE_PATH","0.6786","1","8"
"d2-v5-medium-143","arrow:a4","arrow:a2","EXPOSURE","0.6786","1","8"
"d2-v5-medium-143","arrow:a4","arrow:a2","STATE_DEPENDENCY","0.6786","1","8"
"d2-v5-medium-143","arrow:a4","arrow:a2","REVEAL","0.6786","1","8"
"d2-v5-medium-143","arrow:a4","arrow:a5","EXPOSURE","0.6786","1","8"
"d2-v5-medium-143","arrow:a4","arrow:a5","STATE_DEPENDENCY","0.6786","1","8"
"d2-v5-medium-143","arrow:a4","arrow:a5","REVEAL","0.6786","1","8"
"d2-v5-medium-143","arrow:a4","arrow:a6","ALTERNATIVE_PATH","0.6786","1","8"
"d2-v5-medium-143","arrow:a5","arrow:a2","EXPOSURE","0.6786","1","8"
"d2-v5-medium-143","arrow:a5","arrow:a2","STATE_DEPENDENCY","0.6786","1","8"
"d2-v5-medium-143","arrow:a5","arrow:a2","REVEAL","0.6786","1","8"
"d2-v5-medium-143","arrow:a5","arrow:a6","ALTERNATIVE_PATH","0.6786","1","8"
"d2-v5-medium-143","arrow:a5","wall:2,3","COLLISION","0.6786","1","8"
"d2-v5-medium-143","arrow:a6","arrow:a5","ORDER_DEPENDENCY","0.6786","1","8"
"d2-v5-medium-143","magnet:m1","arrow:a1","MAGNET_CONTROL","0.6786","1","8"
"d2-v5-medium-143","magnet:m1","arrow:a1","POLARITY_DEPENDENCY","0.6786","1","8"
"d2-v5-medium-143","magnet:m1","arrow:a2","MAGNET_CONTROL","0.6786","1","8"
"d2-v5-medium-143","magnet:m1","arrow:a2","POLARITY_DEPENDENCY","0.6786","1","8"
"d2-v5-medium-143","magnet:m1","arrow:a4","MAGNET_CONTROL","0.6786","1","8"
"d2-v5-medium-143","magnet:m1","arrow:a5","MAGNET_CONTROL","0.6786","1","8"
"d2-v5-medium-143","magnet:m1","arrow:a5","POLARITY_DEPENDENCY","0.6786","1","8"
"d2-v5-medium-143","wall:2,3","arrow:a5","ROUTE_BLOCK","0.6786","1","8"
"d2-v5-expert-144","arrow:a1","arrow:a2","COLLISION","0.2879","3","10"
"d2-v5-expert-144","arrow:a1","arrow:a2","ORDER_DEPENDENCY","0.2879","3","10"
"d2-v5-expert-144","arrow:a1","arrow:a4","ALTERNATIVE_PATH","0.2879","3","10"
"d2-v5-expert-144","arrow:a1","wall:6,5","COLLISION","0.2879","3","10"
"d2-v5-expert-144","arrow:a2","arrow:a1","OCCLUSION","0.2879","3","10"
"d2-v5-expert-144","arrow:a2","arrow:a1","ROUTE_BLOCK","0.2879","3","10"
"d2-v5-expert-144","arrow:a2","arrow:a1","EXPOSURE","0.2879","3","10"
"d2-v5-expert-144","arrow:a2","arrow:a1","STATE_DEPENDENCY","0.2879","3","10"
"d2-v5-expert-144","arrow:a2","arrow:a1","REVEAL","0.2879","3","10"
"d2-v5-expert-144","arrow:a2","arrow:a4","ALTERNATIVE_PATH","0.2879","3","10"
"d2-v5-expert-144","arrow:a3","arrow:a2","ORDER_DEPENDENCY","0.2879","3","10"
"d2-v5-expert-144","arrow:a3","arrow:a4","ALTERNATIVE_PATH","0.2879","3","10"
"d2-v5-expert-144","arrow:a3","arrow:a6","ROUTE_BLOCK","0.2879","3","10"
"d2-v5-expert-144","arrow:a3","arrow:a6","EXPOSURE","0.2879","3","10"
"d2-v5-expert-144","arrow:a3","arrow:a6","STATE_DEPENDENCY","0.2879","3","10"
"d2-v5-expert-144","arrow:a3","arrow:a6","REVEAL","0.2879","3","10"
"d2-v5-expert-144","arrow:a4","arrow:a2","ORDER_DEPENDENCY","0.2879","3","10"
"d2-v5-expert-144","arrow:a4","arrow:a5","ALTERNATIVE_PATH","0.2879","3","10"
"d2-v5-expert-144","arrow:a4","arrow:a6","ALTERNATIVE_PATH","0.2879","3","10"
"d2-v5-expert-144","arrow:a5","arrow:a1","EXPOSURE","0.2879","3","10"
"d2-v5-expert-144","arrow:a5","arrow:a1","STATE_DEPENDENCY","0.2879","3","10"
"d2-v5-expert-144","arrow:a5","arrow:a1","REVEAL","0.2879","3","10"
"d2-v5-expert-144","arrow:a5","arrow:a2","ORDER_DEPENDENCY","0.2879","3","10"
"d2-v5-expert-144","arrow:a5","arrow:a6","COLLISION","0.2879","3","10"
"d2-v5-expert-144","arrow:a5","arrow:a6","OCCLUSION","0.2879","3","10"
"d2-v5-expert-144","arrow:a6","arrow:a2","ORDER_DEPENDENCY","0.2879","3","10"
"d2-v5-expert-144","arrow:a6","arrow:a3","COLLISION","0.2879","3","10"
"d2-v5-expert-144","arrow:a6","arrow:a5","ROUTE_BLOCK","0.2879","3","10"
"d2-v5-expert-144","arrow:a6","arrow:a5","EXPOSURE","0.2879","3","10"
"d2-v5-expert-144","arrow:a6","arrow:a5","STATE_DEPENDENCY","0.2879","3","10"
"d2-v5-expert-144","arrow:a6","arrow:a5","REVEAL","0.2879","3","10"
"d2-v5-expert-144","magnet:m1","arrow:a1","MAGNET_CONTROL","0.2879","3","10"
"d2-v5-expert-144","magnet:m1","arrow:a1","POLARITY_DEPENDENCY","0.2879","3","10"
"d2-v5-expert-144","magnet:m1","arrow:a5","OCCLUSION","0.2879","3","10"
"d2-v5-expert-144","magnet:m1","arrow:a5","MAGNET_CONTROL","0.2879","3","10"
"d2-v5-expert-144","magnet:m1","magnet:m2","CANCELLATION","0.2879","3","10"
"d2-v5-expert-144","magnet:m2","arrow:a2","MAGNET_CONTROL","0.2879","3","10"
"d2-v5-expert-144","wall:5,1","arrow:a6","OCCLUSION","0.2879","3","10"
"d2-v5-expert-144","wall:6,5","arrow:a1","ROUTE_BLOCK","0.2879","3","10"
"d2-v5-expert-144","wall:6,5","arrow:a4","OCCLUSION","0.2879","3","10"
"d2-v5-hard-145","arrow:a1","arrow:a2","ALTERNATIVE_PATH","0.2444","3","8"
"d2-v5-hard-145","arrow:a1","arrow:a3","EXPOSURE","0.2444","3","8"
"d2-v5-hard-145","arrow:a1","arrow:a3","STATE_DEPENDENCY","0.2444","3","8"
"d2-v5-hard-145","arrow:a1","arrow:a3","REVEAL","0.2444","3","8"
"d2-v5-hard-145","arrow:a1","arrow:a4","ALTERNATIVE_PATH","0.2444","3","8"
"d2-v5-hard-145","arrow:a2","arrow:a1","ORDER_DEPENDENCY","0.2444","3","8"
"d2-v5-hard-145","arrow:a2","arrow:a3","ALTERNATIVE_PATH","0.2444","3","8"
"d2-v5-hard-145","arrow:a2","arrow:a4","ALTERNATIVE_PATH","0.2444","3","8"
"d2-v5-hard-145","arrow:a3","arrow:a1","EXPOSURE","0.2444","3","8"
"d2-v5-hard-145","arrow:a3","arrow:a1","ORDER_DEPENDENCY","0.2444","3","8"
"d2-v5-hard-145","arrow:a3","arrow:a1","STATE_DEPENDENCY","0.2444","3","8"
"d2-v5-hard-145","arrow:a3","arrow:a1","REVEAL","0.2444","3","8"
"d2-v5-hard-145","arrow:a3","arrow:a4","ALTERNATIVE_PATH","0.2444","3","8"
"d2-v5-hard-145","arrow:a3","magnet:m5","COLLISION","0.2444","3","8"
"d2-v5-hard-145","arrow:a4","arrow:a1","ORDER_DEPENDENCY","0.2444","3","8"
"d2-v5-hard-145","magnet:m1","arrow:a1","MAGNET_CONTROL","0.2444","3","8"
"d2-v5-hard-145","magnet:m1","arrow:a1","POLARITY_DEPENDENCY","0.2444","3","8"
"d2-v5-hard-145","magnet:m1","arrow:a3","OCCLUSION","0.2444","3","8"
"d2-v5-hard-145","magnet:m1","arrow:a3","MAGNET_CONTROL","0.2444","3","8"
"d2-v5-hard-145","magnet:m1","arrow:a3","POLARITY_DEPENDENCY","0.2444","3","8"
"d2-v5-hard-145","magnet:m4","arrow:a4","MAGNET_CONTROL","0.2444","3","8"
"d2-v5-hard-145","magnet:m5","arrow:a3","ROUTE_BLOCK","0.2444","3","8"
"d2-v5-hard-145","wall:2,2","arrow:a2","OCCLUSION","0.2444","3","8"
"d2-v5-medium-146","arrow:a1","arrow:a2","EXPOSURE","0.6389","1","9"
"d2-v5-medium-146","arrow:a1","arrow:a2","STATE_DEPENDENCY","0.6389","1","9"
"d2-v5-medium-146","arrow:a1","arrow:a2","REVEAL","0.6389","1","9"
"d2-v5-medium-146","arrow:a1","arrow:a2","ALTERNATIVE_PATH","0.6389","1","9"
"d2-v5-medium-146","arrow:a1","arrow:a3","COLLISION","0.6389","1","9"
"d2-v5-medium-146","arrow:a1","arrow:a3","OCCLUSION","0.6389","1","9"
"d2-v5-medium-146","arrow:a1","arrow:a3","EXPOSURE","0.6389","1","9"
"d2-v5-medium-146","arrow:a1","arrow:a3","STATE_DEPENDENCY","0.6389","1","9"
"d2-v5-medium-146","arrow:a1","arrow:a3","REVEAL","0.6389","1","9"
"d2-v5-medium-146","arrow:a1","arrow:a4","ALTERNATIVE_PATH","0.6389","1","9"
"d2-v5-medium-146","arrow:a1","arrow:a5","COLLISION","0.6389","1","9"
"d2-v5-medium-146","arrow:a1","arrow:a5","OCCLUSION","0.6389","1","9"
"d2-v5-medium-146","arrow:a1","arrow:a5","EXPOSURE","0.6389","1","9"
"d2-v5-medium-146","arrow:a1","arrow:a5","STATE_DEPENDENCY","0.6389","1","9"
"d2-v5-medium-146","arrow:a1","arrow:a5","REVEAL","0.6389","1","9"
"d2-v5-medium-146","arrow:a1","arrow:a5","ALTERNATIVE_PATH","0.6389","1","9"
"d2-v5-medium-146","arrow:a1","arrow:a6","ALTERNATIVE_PATH","0.6389","1","9"
"d2-v5-medium-146","arrow:a2","arrow:a1","EXPOSURE","0.6389","1","9"
"d2-v5-medium-146","arrow:a2","arrow:a1","STATE_DEPENDENCY","0.6389","1","9"
"d2-v5-medium-146","arrow:a2","arrow:a1","REVEAL","0.6389","1","9"
"d2-v5-medium-146","arrow:a2","arrow:a3","ALTERNATIVE_PATH","0.6389","1","9"
"d2-v5-medium-146","arrow:a2","arrow:a4","ORDER_DEPENDENCY","0.6389","1","9"
"d2-v5-medium-146","arrow:a2","arrow:a4","ALTERNATIVE_PATH","0.6389","1","9"
"d2-v5-medium-146","arrow:a2","arrow:a5","ALTERNATIVE_PATH","0.6389","1","9"
"d2-v5-medium-146","arrow:a2","arrow:a6","ORDER_DEPENDENCY","0.6389","1","9"
"d2-v5-medium-146","arrow:a2","arrow:a6","ALTERNATIVE_PATH","0.6389","1","9"
"d2-v5-medium-146","arrow:a3","arrow:a1","ROUTE_BLOCK","0.6389","1","9"
"d2-v5-medium-146","arrow:a3","arrow:a1","EXPOSURE","0.6389","1","9"
"d2-v5-medium-146","arrow:a3","arrow:a1","ORDER_DEPENDENCY","0.6389","1","9"
"d2-v5-medium-146","arrow:a3","arrow:a1","STATE_DEPENDENCY","0.6389","1","9"
"d2-v5-medium-146","arrow:a3","arrow:a1","REVEAL","0.6389","1","9"
"d2-v5-medium-146","arrow:a3","arrow:a4","EXPOSURE","0.6389","1","9"
"d2-v5-medium-146","arrow:a3","arrow:a4","ORDER_DEPENDENCY","0.6389","1","9"
"d2-v5-medium-146","arrow:a3","arrow:a4","STATE_DEPENDENCY","0.6389","1","9"
"d2-v5-medium-146","arrow:a3","arrow:a4","REVEAL","0.6389","1","9"
"d2-v5-medium-146","arrow:a3","arrow:a5","OCCLUSION","0.6389","1","9"
"d2-v5-medium-146","arrow:a3","arrow:a5","ALTERNATIVE_PATH","0.6389","1","9"
"d2-v5-medium-146","arrow:a3","arrow:a6","EXPOSURE","0.6389","1","9"
"d2-v5-medium-146","arrow:a3","arrow:a6","ORDER_DEPENDENCY","0.6389","1","9"
"d2-v5-medium-146","arrow:a3","arrow:a6","STATE_DEPENDENCY","0.6389","1","9"
"d2-v5-medium-146","arrow:a3","arrow:a6","REVEAL","0.6389","1","9"
"d2-v5-medium-146","arrow:a3","wall:5,4","COLLISION","0.6389","1","9"
"d2-v5-medium-146","arrow:a4","arrow:a1","ORDER_DEPENDENCY","0.6389","1","9"
"d2-v5-medium-146","arrow:a4","arrow:a3","EXPOSURE","0.6389","1","9"
"d2-v5-medium-146","arrow:a4","arrow:a3","STATE_DEPENDENCY","0.6389","1","9"
"d2-v5-medium-146","arrow:a4","arrow:a3","REVEAL","0.6389","1","9"
"d2-v5-medium-146","arrow:a4","arrow:a5","ALTERNATIVE_PATH","0.6389","1","9"
"d2-v5-medium-146","arrow:a4","arrow:a6","EXPOSURE","0.6389","1","9"
"d2-v5-medium-146","arrow:a4","arrow:a6","STATE_DEPENDENCY","0.6389","1","9"
"d2-v5-medium-146","arrow:a4","arrow:a6","REVEAL","0.6389","1","9"
"d2-v5-medium-146","arrow:a4","arrow:a6","ALTERNATIVE_PATH","0.6389","1","9"
"d2-v5-medium-146","arrow:a5","arrow:a1","ROUTE_BLOCK","0.6389","1","9"
"d2-v5-medium-146","arrow:a5","arrow:a1","EXPOSURE","0.6389","1","9"
"d2-v5-medium-146","arrow:a5","arrow:a1","ORDER_DEPENDENCY","0.6389","1","9"
"d2-v5-medium-146","arrow:a5","arrow:a1","STATE_DEPENDENCY","0.6389","1","9"
"d2-v5-medium-146","arrow:a5","arrow:a1","REVEAL","0.6389","1","9"
"d2-v5-medium-146","arrow:a5","arrow:a4","ORDER_DEPENDENCY","0.6389","1","9"
"d2-v5-medium-146","arrow:a5","arrow:a6","ORDER_DEPENDENCY","0.6389","1","9"
"d2-v5-medium-146","arrow:a5","arrow:a6","ALTERNATIVE_PATH","0.6389","1","9"
"d2-v5-medium-146","arrow:a6","arrow:a1","ORDER_DEPENDENCY","0.6389","1","9"
"d2-v5-medium-146","arrow:a6","arrow:a3","EXPOSURE","0.6389","1","9"
"d2-v5-medium-146","arrow:a6","arrow:a3","STATE_DEPENDENCY","0.6389","1","9"
"d2-v5-medium-146","arrow:a6","arrow:a3","REVEAL","0.6389","1","9"
"d2-v5-medium-146","arrow:a6","arrow:a4","EXPOSURE","0.6389","1","9"
"d2-v5-medium-146","arrow:a6","arrow:a4","STATE_DEPENDENCY","0.6389","1","9"
"d2-v5-medium-146","arrow:a6","arrow:a4","REVEAL","0.6389","1","9"
"d2-v5-medium-146","magnet:m1","arrow:a1","MAGNET_CONTROL","0.6389","1","9"
"d2-v5-medium-146","magnet:m1","arrow:a1","POLARITY_DEPENDENCY","0.6389","1","9"
"d2-v5-medium-146","magnet:m1","arrow:a2","MAGNET_CONTROL","0.6389","1","9"
"d2-v5-medium-146","magnet:m1","arrow:a2","POLARITY_DEPENDENCY","0.6389","1","9"
"d2-v5-medium-146","magnet:m1","arrow:a5","MAGNET_CONTROL","0.6389","1","9"
"d2-v5-medium-146","magnet:m1","arrow:a5","POLARITY_DEPENDENCY","0.6389","1","9"
"d2-v5-medium-146","magnet:m1","magnet:m2","CANCELLATION","0.6389","1","9"
"d2-v5-medium-146","magnet:m2","arrow:a3","MAGNET_CONTROL","0.6389","1","9"
"d2-v5-medium-146","magnet:m2","arrow:a3","POLARITY_DEPENDENCY","0.6389","1","9"
"d2-v5-medium-146","magnet:m2","arrow:a4","MAGNET_CONTROL","0.6389","1","9"
"d2-v5-medium-146","magnet:m2","arrow:a4","POLARITY_DEPENDENCY","0.6389","1","9"
"d2-v5-medium-146","magnet:m2","arrow:a6","MAGNET_CONTROL","0.6389","1","9"
"d2-v5-medium-146","magnet:m2","arrow:a6","POLARITY_DEPENDENCY","0.6389","1","9"
"d2-v5-medium-146","wall:5,4","arrow:a3","ROUTE_BLOCK","0.6389","1","9"
"d2-v5-expert-147","arrow:a1","arrow:a2","COLLISION","0.3182","4","9"
"d2-v5-expert-147","arrow:a1","arrow:a2","ROUTE_BLOCK","0.3182","4","9"
"d2-v5-expert-147","arrow:a1","arrow:a2","ORDER_DEPENDENCY","0.3182","4","9"
"d2-v5-expert-147","arrow:a1","arrow:a3","ORDER_DEPENDENCY","0.3182","4","9"
"d2-v5-expert-147","arrow:a1","arrow:a5","ALTERNATIVE_PATH","0.3182","4","9"
"d2-v5-expert-147","arrow:a1","magnet:m1","COLLISION","0.3182","4","9"
"d2-v5-expert-147","arrow:a2","arrow:a1","COLLISION","0.3182","4","9"
"d2-v5-expert-147","arrow:a2","arrow:a1","OCCLUSION","0.3182","4","9"
"d2-v5-expert-147","arrow:a2","arrow:a1","ROUTE_BLOCK","0.3182","4","9"
"d2-v5-expert-147","arrow:a2","arrow:a1","EXPOSURE","0.3182","4","9"
"d2-v5-expert-147","arrow:a2","arrow:a1","STATE_DEPENDENCY","0.3182","4","9"
"d2-v5-expert-147","arrow:a2","arrow:a1","REVEAL","0.3182","4","9"
"d2-v5-expert-147","arrow:a2","arrow:a3","EXPOSURE","0.3182","4","9"
"d2-v5-expert-147","arrow:a2","arrow:a3","ORDER_DEPENDENCY","0.3182","4","9"
"d2-v5-expert-147","arrow:a2","arrow:a3","STATE_DEPENDENCY","0.3182","4","9"
"d2-v5-expert-147","arrow:a2","arrow:a3","REVEAL","0.3182","4","9"
"d2-v5-expert-147","arrow:a2","arrow:a5","ALTERNATIVE_PATH","0.3182","4","9"
"d2-v5-expert-147","arrow:a2","magnet:m1","COLLISION","0.3182","4","9"
"d2-v5-expert-147","arrow:a3","arrow:a2","EXPOSURE","0.3182","4","9"
"d2-v5-expert-147","arrow:a3","arrow:a2","STATE_DEPENDENCY","0.3182","4","9"
"d2-v5-expert-147","arrow:a3","arrow:a2","REVEAL","0.3182","4","9"
"d2-v5-expert-147","arrow:a3","arrow:a5","ALTERNATIVE_PATH","0.3182","4","9"
"d2-v5-expert-147","arrow:a4","arrow:a2","ORDER_DEPENDENCY","0.3182","4","9"
"d2-v5-expert-147","arrow:a4","arrow:a3","ORDER_DEPENDENCY","0.3182","4","9"
"d2-v5-expert-147","arrow:a4","arrow:a5","ALTERNATIVE_PATH","0.3182","4","9"
"d2-v5-expert-147","arrow:a4","arrow:a6","ROUTE_BLOCK","0.3182","4","9"
"d2-v5-expert-147","arrow:a4","arrow:a6","EXPOSURE","0.3182","4","9"
"d2-v5-expert-147","arrow:a4","arrow:a6","STATE_DEPENDENCY","0.3182","4","9"
"d2-v5-expert-147","arrow:a4","arrow:a6","REVEAL","0.3182","4","9"
"d2-v5-expert-147","arrow:a5","arrow:a2","ORDER_DEPENDENCY","0.3182","4","9"
"d2-v5-expert-147","arrow:a5","arrow:a3","ORDER_DEPENDENCY","0.3182","4","9"
"d2-v5-expert-147","arrow:a5","arrow:a6","ALTERNATIVE_PATH","0.3182","4","9"
"d2-v5-expert-147","arrow:a6","arrow:a1","EXPOSURE","0.3182","4","9"
"d2-v5-expert-147","arrow:a6","arrow:a1","STATE_DEPENDENCY","0.3182","4","9"
"d2-v5-expert-147","arrow:a6","arrow:a1","REVEAL","0.3182","4","9"
"d2-v5-expert-147","arrow:a6","arrow:a2","ORDER_DEPENDENCY","0.3182","4","9"
"d2-v5-expert-147","arrow:a6","arrow:a3","ORDER_DEPENDENCY","0.3182","4","9"
"d2-v5-expert-147","arrow:a6","arrow:a4","COLLISION","0.3182","4","9"
"d2-v5-expert-147","arrow:a6","arrow:a4","OCCLUSION","0.3182","4","9"
"d2-v5-expert-147","magnet:m1","arrow:a1","MAGNET_CONTROL","0.3182","4","9"
"d2-v5-expert-147","magnet:m1","arrow:a1","POLARITY_DEPENDENCY","0.3182","4","9"
"d2-v5-expert-147","magnet:m1","arrow:a1","ROUTE_BLOCK","0.3182","4","9"
"d2-v5-expert-147","magnet:m1","arrow:a2","ROUTE_BLOCK","0.3182","4","9"
"d2-v5-expert-147","magnet:m1","arrow:a6","MAGNET_CONTROL","0.3182","4","9"
"d2-v5-expert-147","magnet:m1","magnet:m2","CANCELLATION","0.3182","4","9"
"d2-v5-expert-147","magnet:m2","arrow:a2","MAGNET_CONTROL","0.3182","4","9"
"d2-v5-expert-147","magnet:m2","arrow:a2","POLARITY_DEPENDENCY","0.3182","4","9"
"d2-v5-expert-147","magnet:m2","arrow:a3","OCCLUSION","0.3182","4","9"
"d2-v5-expert-147","magnet:m2","arrow:a3","MAGNET_CONTROL","0.3182","4","9"
"d2-v5-expert-147","magnet:m2","arrow:a3","POLARITY_DEPENDENCY","0.3182","4","9"
"d2-v5-expert-147","magnet:m4","arrow:a4","MAGNET_CONTROL","0.3182","4","9"
"d2-v5-easy-148","arrow:a1","arrow:a2","COLLISION","0.2444","5","6"
"d2-v5-easy-148","arrow:a1","arrow:a2","ROUTE_BLOCK","0.2444","5","6"
"d2-v5-easy-148","arrow:a1","arrow:a3","EXPOSURE","0.2444","5","6"
"d2-v5-easy-148","arrow:a1","arrow:a3","STATE_DEPENDENCY","0.2444","5","6"
"d2-v5-easy-148","arrow:a1","arrow:a3","REVEAL","0.2444","5","6"
"d2-v5-easy-148","arrow:a1","arrow:a4","ALTERNATIVE_PATH","0.2444","5","6"
"d2-v5-easy-148","arrow:a2","arrow:a1","COLLISION","0.2444","5","6"
"d2-v5-easy-148","arrow:a2","arrow:a1","OCCLUSION","0.2444","5","6"
"d2-v5-easy-148","arrow:a2","arrow:a1","ROUTE_BLOCK","0.2444","5","6"
"d2-v5-easy-148","arrow:a2","arrow:a1","EXPOSURE","0.2444","5","6"
"d2-v5-easy-148","arrow:a2","arrow:a1","STATE_DEPENDENCY","0.2444","5","6"
"d2-v5-easy-148","arrow:a2","arrow:a1","REVEAL","0.2444","5","6"
"d2-v5-easy-148","arrow:a2","arrow:a3","EXPOSURE","0.2444","5","6"
"d2-v5-easy-148","arrow:a2","arrow:a3","ORDER_DEPENDENCY","0.2444","5","6"
"d2-v5-easy-148","arrow:a2","arrow:a3","STATE_DEPENDENCY","0.2444","5","6"
"d2-v5-easy-148","arrow:a2","arrow:a3","REVEAL","0.2444","5","6"
"d2-v5-easy-148","arrow:a2","arrow:a4","ALTERNATIVE_PATH","0.2444","5","6"
"d2-v5-easy-148","arrow:a3","arrow:a2","EXPOSURE","0.2444","5","6"
"d2-v5-easy-148","arrow:a3","arrow:a2","STATE_DEPENDENCY","0.2444","5","6"
"d2-v5-easy-148","arrow:a3","arrow:a2","REVEAL","0.2444","5","6"
"d2-v5-easy-148","arrow:a3","arrow:a4","ALTERNATIVE_PATH","0.2444","5","6"
"d2-v5-easy-148","arrow:a3","wall:2,5","COLLISION","0.2444","5","6"
"d2-v5-easy-148","arrow:a4","arrow:a3","ORDER_DEPENDENCY","0.2444","5","6"
"d2-v5-easy-148","magnet:m1","arrow:a1","MAGNET_CONTROL","0.2444","5","6"
"d2-v5-easy-148","magnet:m1","arrow:a1","POLARITY_DEPENDENCY","0.2444","5","6"
"d2-v5-easy-148","magnet:m1","arrow:a2","MAGNET_CONTROL","0.2444","5","6"
"d2-v5-easy-148","magnet:m1","arrow:a2","POLARITY_DEPENDENCY","0.2444","5","6"
"d2-v5-easy-148","magnet:m1","arrow:a3","MAGNET_CONTROL","0.2444","5","6"
"d2-v5-easy-148","magnet:m1","arrow:a3","POLARITY_DEPENDENCY","0.2444","5","6"
"d2-v5-easy-148","wall:2,5","arrow:a3","ROUTE_BLOCK","0.2444","5","6"
"d2-v5-easy-148","wall:2,5","arrow:a4","OCCLUSION","0.2444","5","6"
"d2-v5-hard-149","arrow:a1","arrow:a2","ORDER_DEPENDENCY","0.3571","2","7"
"d2-v5-hard-149","arrow:a1","arrow:a2","ALTERNATIVE_PATH","0.3571","2","7"
"d2-v5-hard-149","arrow:a1","arrow:a4","ALTERNATIVE_PATH","0.3571","2","7"
"d2-v5-hard-149","arrow:a2","arrow:a3","ALTERNATIVE_PATH","0.3571","2","7"
"d2-v5-hard-149","arrow:a2","arrow:a4","EXPOSURE","0.3571","2","7"
"d2-v5-hard-149","arrow:a2","arrow:a4","STATE_DEPENDENCY","0.3571","2","7"
"d2-v5-hard-149","arrow:a2","arrow:a4","REVEAL","0.3571","2","7"
"d2-v5-hard-149","arrow:a3","arrow:a2","ORDER_DEPENDENCY","0.3571","2","7"
"d2-v5-hard-149","arrow:a3","arrow:a4","ALTERNATIVE_PATH","0.3571","2","7"
"d2-v5-hard-149","arrow:a4","arrow:a2","EXPOSURE","0.3571","2","7"
"d2-v5-hard-149","arrow:a4","arrow:a2","ORDER_DEPENDENCY","0.3571","2","7"
"d2-v5-hard-149","arrow:a4","arrow:a2","STATE_DEPENDENCY","0.3571","2","7"
"d2-v5-hard-149","arrow:a4","arrow:a2","REVEAL","0.3571","2","7"
"d2-v5-hard-149","arrow:a4","magnet:m1","COLLISION","0.3571","2","7"
"d2-v5-hard-149","magnet:m1","arrow:a4","ROUTE_BLOCK","0.3571","2","7"
"d2-v5-hard-149","magnet:m2","arrow:a1","OCCLUSION","0.3571","2","7"
"d2-v5-hard-149","magnet:m2","arrow:a2","MAGNET_CONTROL","0.3571","2","7"
"d2-v5-hard-149","magnet:m2","arrow:a2","POLARITY_DEPENDENCY","0.3571","2","7"
"d2-v5-hard-149","magnet:m2","arrow:a4","MAGNET_CONTROL","0.3571","2","7"
"d2-v5-hard-149","magnet:m2","arrow:a4","POLARITY_DEPENDENCY","0.3571","2","7"
"d2-v5-hard-149","magnet:m2","magnet:m3","CANCELLATION","0.3571","2","7"
"d2-v5-easy-150","arrow:a1","arrow:a2","ORDER_DEPENDENCY","0.2545","4","8"
"d2-v5-easy-150","arrow:a1","arrow:a2","ALTERNATIVE_PATH","0.2545","4","8"
"d2-v5-easy-150","arrow:a1","arrow:a3","ALTERNATIVE_PATH","0.2545","4","8"
"d2-v5-easy-150","arrow:a1","arrow:a4","ALTERNATIVE_PATH","0.2545","4","8"
"d2-v5-easy-150","arrow:a1","arrow:a5","ALTERNATIVE_PATH","0.2545","4","8"
"d2-v5-easy-150","arrow:a2","arrow:a3","ALTERNATIVE_PATH","0.2545","4","8"
"d2-v5-easy-150","arrow:a2","arrow:a4","EXPOSURE","0.2545","4","8"
"d2-v5-easy-150","arrow:a2","arrow:a4","STATE_DEPENDENCY","0.2545","4","8"
"d2-v5-easy-150","arrow:a2","arrow:a4","REVEAL","0.2545","4","8"
"d2-v5-easy-150","arrow:a2","arrow:a5","ALTERNATIVE_PATH","0.2545","4","8"
"d2-v5-easy-150","arrow:a3","arrow:a2","ORDER_DEPENDENCY","0.2545","4","8"
"d2-v5-easy-150","arrow:a3","arrow:a4","ALTERNATIVE_PATH","0.2545","4","8"
"d2-v5-easy-150","arrow:a3","arrow:a5","ROUTE_BLOCK","0.2545","4","8"
"d2-v5-easy-150","arrow:a3","arrow:a5","EXPOSURE","0.2545","4","8"
"d2-v5-easy-150","arrow:a3","arrow:a5","STATE_DEPENDENCY","0.2545","4","8"
"d2-v5-easy-150","arrow:a3","arrow:a5","REVEAL","0.2545","4","8"
"d2-v5-easy-150","arrow:a4","arrow:a2","EXPOSURE","0.2545","4","8"
"d2-v5-easy-150","arrow:a4","arrow:a2","ORDER_DEPENDENCY","0.2545","4","8"
"d2-v5-easy-150","arrow:a4","arrow:a2","STATE_DEPENDENCY","0.2545","4","8"
"d2-v5-easy-150","arrow:a4","arrow:a2","REVEAL","0.2545","4","8"
"d2-v5-easy-150","arrow:a4","arrow:a5","ALTERNATIVE_PATH","0.2545","4","8"
"d2-v5-easy-150","arrow:a4","wall:4,5","COLLISION","0.2545","4","8"
"d2-v5-easy-150","arrow:a5","arrow:a2","ORDER_DEPENDENCY","0.2545","4","8"
"d2-v5-easy-150","arrow:a5","arrow:a3","COLLISION","0.2545","4","8"
"d2-v5-easy-150","magnet:m1","arrow:a2","MAGNET_CONTROL","0.2545","4","8"
"d2-v5-easy-150","magnet:m1","arrow:a2","POLARITY_DEPENDENCY","0.2545","4","8"
"d2-v5-easy-150","magnet:m1","arrow:a4","MAGNET_CONTROL","0.2545","4","8"
"d2-v5-easy-150","magnet:m1","arrow:a4","POLARITY_DEPENDENCY","0.2545","4","8"
"d2-v5-easy-150","wall:4,5","arrow:a4","ROUTE_BLOCK","0.2545","4","8"
"d2-v5-easy-150","wall:6,4","arrow:a1","OCCLUSION","0.2545","4","8"
"d2-v5-medium-151","arrow:a1","arrow:a2","ALTERNATIVE_PATH","0.4167","1","9"
"d2-v5-medium-151","arrow:a1","arrow:a3","ALTERNATIVE_PATH","0.4167","1","9"
"d2-v5-medium-151","arrow:a1","arrow:a4","ORDER_DEPENDENCY","0.4167","1","9"
"d2-v5-medium-151","arrow:a1","arrow:a4","ALTERNATIVE_PATH","0.4167","1","9"
"d2-v5-medium-151","arrow:a1","arrow:a5","ALTERNATIVE_PATH","0.4167","1","9"
"d2-v5-medium-151","arrow:a2","arrow:a4","EXPOSURE","0.4167","1","9"
"d2-v5-medium-151","arrow:a2","arrow:a4","ORDER_DEPENDENCY","0.4167","1","9"
"d2-v5-medium-151","arrow:a2","arrow:a4","STATE_DEPENDENCY","0.4167","1","9"
"d2-v5-medium-151","arrow:a2","arrow:a4","REVEAL","0.4167","1","9"
"d2-v5-medium-151","arrow:a2","arrow:a5","ALTERNATIVE_PATH","0.4167","1","9"
"d2-v5-medium-151","arrow:a2","wall:4,3","COLLISION","0.4167","1","9"
"d2-v5-medium-151","arrow:a3","arrow:a4","COLLISION","0.4167","1","9"
"d2-v5-medium-151","arrow:a3","arrow:a5","ALTERNATIVE_PATH","0.4167","1","9"
"d2-v5-medium-151","arrow:a4","arrow:a2","EXPOSURE","0.4167","1","9"
"d2-v5-medium-151","arrow:a4","arrow:a2","STATE_DEPENDENCY","0.4167","1","9"
"d2-v5-medium-151","arrow:a4","arrow:a2","REVEAL","0.4167","1","9"
"d2-v5-medium-151","arrow:a4","arrow:a3","ROUTE_BLOCK","0.4167","1","9"
"d2-v5-medium-151","arrow:a4","arrow:a3","EXPOSURE","0.4167","1","9"
"d2-v5-medium-151","arrow:a4","arrow:a3","STATE_DEPENDENCY","0.4167","1","9"
"d2-v5-medium-151","arrow:a4","arrow:a3","REVEAL","0.4167","1","9"
"d2-v5-medium-151","arrow:a4","arrow:a5","ALTERNATIVE_PATH","0.4167","1","9"
"d2-v5-medium-151","arrow:a5","arrow:a4","ORDER_DEPENDENCY","0.4167","1","9"
"d2-v5-medium-151","magnet:m1","arrow:a2","MAGNET_CONTROL","0.4167","1","9"
"d2-v5-medium-151","magnet:m1","arrow:a2","POLARITY_DEPENDENCY","0.4167","1","9"
"d2-v5-medium-151","magnet:m1","arrow:a4","MAGNET_CONTROL","0.4167","1","9"
"d2-v5-medium-151","magnet:m1","arrow:a4","POLARITY_DEPENDENCY","0.4167","1","9"
"d2-v5-medium-151","magnet:m2","arrow:a5","MAGNET_CONTROL","0.4167","1","9"
"d2-v5-medium-151","magnet:m2","magnet:m3","CANCELLATION","0.4167","1","9"
"d2-v5-medium-151","magnet:m3","arrow:a3","MAGNET_CONTROL","0.4167","1","9"
"d2-v5-medium-151","wall:4,3","arrow:a2","ROUTE_BLOCK","0.4167","1","9"
"d2-v5-expert-152","arrow:a1","arrow:a2","ROUTE_BLOCK","0.3778","2","9"
"d2-v5-expert-152","arrow:a1","arrow:a2","ORDER_DEPENDENCY","0.3778","2","9"
"d2-v5-expert-152","arrow:a1","arrow:a3","ORDER_DEPENDENCY","0.3778","2","9"
"d2-v5-expert-152","arrow:a1","arrow:a4","ALTERNATIVE_PATH","0.3778","2","9"
"d2-v5-expert-152","arrow:a1","arrow:a5","ALTERNATIVE_PATH","0.3778","2","9"
"d2-v5-expert-152","arrow:a1","wall:4,4","COLLISION","0.3778","2","9"
"d2-v5-expert-152","arrow:a2","arrow:a1","COLLISION","0.3778","2","9"
"d2-v5-expert-152","arrow:a2","arrow:a1","OCCLUSION","0.3778","2","9"
"d2-v5-expert-152","arrow:a2","arrow:a1","EXPOSURE","0.3778","2","9"
"d2-v5-expert-152","arrow:a2","arrow:a1","STATE_DEPENDENCY","0.3778","2","9"
"d2-v5-expert-152","arrow:a2","arrow:a1","REVEAL","0.3778","2","9"
"d2-v5-expert-152","arrow:a2","arrow:a3","EXPOSURE","0.3778","2","9"
"d2-v5-expert-152","arrow:a2","arrow:a3","ORDER_DEPENDENCY","0.3778","2","9"
"d2-v5-expert-152","arrow:a2","arrow:a3","STATE_DEPENDENCY","0.3778","2","9"
"d2-v5-expert-152","arrow:a2","arrow:a3","REVEAL","0.3778","2","9"
"d2-v5-expert-152","arrow:a2","arrow:a4","ALTERNATIVE_PATH","0.3778","2","9"
"d2-v5-expert-152","arrow:a2","arrow:a5","ALTERNATIVE_PATH","0.3778","2","9"
"d2-v5-expert-152","arrow:a2","magnet:m1","COLLISION","0.3778","2","9"
"d2-v5-expert-152","arrow:a3","arrow:a2","EXPOSURE","0.3778","2","9"
"d2-v5-expert-152","arrow:a3","arrow:a2","STATE_DEPENDENCY","0.3778","2","9"
"d2-v5-expert-152","arrow:a3","arrow:a2","REVEAL","0.3778","2","9"
"d2-v5-expert-152","arrow:a3","arrow:a4","ALTERNATIVE_PATH","0.3778","2","9"
"d2-v5-expert-152","arrow:a3","arrow:a5","ALTERNATIVE_PATH","0.3778","2","9"
"d2-v5-expert-152","arrow:a4","arrow:a2","ORDER_DEPENDENCY","0.3778","2","9"
"d2-v5-expert-152","arrow:a4","arrow:a3","ORDER_DEPENDENCY","0.3778","2","9"
"d2-v5-expert-152","arrow:a4","arrow:a5","ALTERNATIVE_PATH","0.3778","2","9"
"d2-v5-expert-152","arrow:a5","arrow:a2","ORDER_DEPENDENCY","0.3778","2","9"
"d2-v5-expert-152","arrow:a5","arrow:a3","ORDER_DEPENDENCY","0.3778","2","9"
"d2-v5-expert-152","magnet:m1","arrow:a1","MAGNET_CONTROL","0.3778","2","9"
"d2-v5-expert-152","magnet:m1","arrow:a2","ROUTE_BLOCK","0.3778","2","9"
"d2-v5-expert-152","magnet:m1","magnet:m2","CANCELLATION","0.3778","2","9"
"d2-v5-expert-152","magnet:m2","arrow:a2","MAGNET_CONTROL","0.3778","2","9"
"d2-v5-expert-152","magnet:m2","arrow:a2","POLARITY_DEPENDENCY","0.3778","2","9"
"d2-v5-expert-152","magnet:m2","arrow:a3","OCCLUSION","0.3778","2","9"
"d2-v5-expert-152","magnet:m2","arrow:a3","MAGNET_CONTROL","0.3778","2","9"
"d2-v5-expert-152","magnet:m2","arrow:a3","POLARITY_DEPENDENCY","0.3778","2","9"
"d2-v5-expert-152","wall:2,2","arrow:a4","OCCLUSION","0.3778","2","9"
"d2-v5-expert-152","wall:4,4","arrow:a1","ROUTE_BLOCK","0.3778","2","9"
"d2-v5-hard-153","arrow:a1","arrow:a2","ORDER_DEPENDENCY","0.6071","2","7"
"d2-v5-hard-153","arrow:a1","arrow:a2","ALTERNATIVE_PATH","0.6071","2","7"
"d2-v5-hard-153","arrow:a1","arrow:a3","ROUTE_BLOCK","0.6071","2","7"
"d2-v5-hard-153","arrow:a1","arrow:a3","EXPOSURE","0.6071","2","7"
"d2-v5-hard-153","arrow:a1","arrow:a3","STATE_DEPENDENCY","0.6071","2","7"
"d2-v5-hard-153","arrow:a1","arrow:a3","REVEAL","0.6071","2","7"
"d2-v5-hard-153","arrow:a1","arrow:a3","ALTERNATIVE_PATH","0.6071","2","7"
"d2-v5-hard-153","arrow:a1","arrow:a4","EXPOSURE","0.6071","2","7"
"d2-v5-hard-153","arrow:a1","arrow:a4","STATE_DEPENDENCY","0.6071","2","7"
"d2-v5-hard-153","arrow:a1","arrow:a4","REVEAL","0.6071","2","7"
"d2-v5-hard-153","arrow:a1","arrow:a4","ALTERNATIVE_PATH","0.6071","2","7"
"d2-v5-hard-153","arrow:a1","arrow:a5","ALTERNATIVE_PATH","0.6071","2","7"
"d2-v5-hard-153","arrow:a2","arrow:a3","ALTERNATIVE_PATH","0.6071","2","7"
"d2-v5-hard-153","arrow:a2","arrow:a4","ALTERNATIVE_PATH","0.6071","2","7"
"d2-v5-hard-153","arrow:a2","arrow:a5","EXPOSURE","0.6071","2","7"
"d2-v5-hard-153","arrow:a2","arrow:a5","STATE_DEPENDENCY","0.6071","2","7"
"d2-v5-hard-153","arrow:a2","arrow:a5","REVEAL","0.6071","2","7"
"d2-v5-hard-153","arrow:a3","arrow:a1","COLLISION","0.6071","2","7"
"d2-v5-hard-153","arrow:a3","arrow:a1","OCCLUSION","0.6071","2","7"
"d2-v5-hard-153","arrow:a3","arrow:a1","EXPOSURE","0.6071","2","7"
"d2-v5-hard-153","arrow:a3","arrow:a1","STATE_DEPENDENCY","0.6071","2","7"
"d2-v5-hard-153","arrow:a3","arrow:a1","REVEAL","0.6071","2","7"
"d2-v5-hard-153","arrow:a3","arrow:a2","ORDER_DEPENDENCY","0.6071","2","7"
"d2-v5-hard-153","arrow:a3","arrow:a4","EXPOSURE","0.6071","2","7"
"d2-v5-hard-153","arrow:a3","arrow:a4","STATE_DEPENDENCY","0.6071","2","7"
"d2-v5-hard-153","arrow:a3","arrow:a4","REVEAL","0.6071","2","7"
"d2-v5-hard-153","arrow:a3","arrow:a4","ALTERNATIVE_PATH","0.6071","2","7"
"d2-v5-hard-153","arrow:a3","arrow:a5","ALTERNATIVE_PATH","0.6071","2","7"
"d2-v5-hard-153","arrow:a4","arrow:a2","ORDER_DEPENDENCY","0.6071","2","7"
"d2-v5-hard-153","arrow:a4","arrow:a3","EXPOSURE","0.6071","2","7"
"d2-v5-hard-153","arrow:a4","arrow:a3","STATE_DEPENDENCY","0.6071","2","7"
"d2-v5-hard-153","arrow:a4","arrow:a3","REVEAL","0.6071","2","7"
"d2-v5-hard-153","arrow:a4","arrow:a5","COLLISION","0.6071","2","7"
"d2-v5-hard-153","arrow:a4","arrow:a5","ROUTE_BLOCK","0.6071","2","7"
"d2-v5-hard-153","arrow:a4","arrow:a5","ALTERNATIVE_PATH","0.6071","2","7"
"d2-v5-hard-153","arrow:a5","arrow:a2","EXPOSURE","0.6071","2","7"
"d2-v5-hard-153","arrow:a5","arrow:a2","ORDER_DEPENDENCY","0.6071","2","7"
"d2-v5-hard-153","arrow:a5","arrow:a2","STATE_DEPENDENCY","0.6071","2","7"
"d2-v5-hard-153","arrow:a5","arrow:a2","REVEAL","0.6071","2","7"
"d2-v5-hard-153","arrow:a5","arrow:a4","COLLISION","0.6071","2","7"
"d2-v5-hard-153","arrow:a5","arrow:a4","OCCLUSION","0.6071","2","7"
"d2-v5-hard-153","arrow:a5","arrow:a4","ROUTE_BLOCK","0.6071","2","7"
"d2-v5-hard-153","arrow:a5","arrow:a4","EXPOSURE","0.6071","2","7"
"d2-v5-hard-153","arrow:a5","arrow:a4","STATE_DEPENDENCY","0.6071","2","7"
"d2-v5-hard-153","arrow:a5","arrow:a4","REVEAL","0.6071","2","7"
"d2-v5-hard-153","arrow:a5","magnet:m1","COLLISION","0.6071","2","7"
"d2-v5-hard-153","magnet:m1","arrow:a1","MAGNET_CONTROL","0.6071","2","7"
"d2-v5-hard-153","magnet:m1","arrow:a1","POLARITY_DEPENDENCY","0.6071","2","7"
"d2-v5-hard-153","magnet:m1","arrow:a3","MAGNET_CONTROL","0.6071","2","7"
"d2-v5-hard-153","magnet:m1","arrow:a3","POLARITY_DEPENDENCY","0.6071","2","7"
"d2-v5-hard-153","magnet:m1","arrow:a4","MAGNET_CONTROL","0.6071","2","7"
"d2-v5-hard-153","magnet:m1","arrow:a4","POLARITY_DEPENDENCY","0.6071","2","7"
"d2-v5-hard-153","magnet:m1","arrow:a5","ROUTE_BLOCK","0.6071","2","7"
"d2-v5-hard-153","magnet:m1","magnet:m2","CANCELLATION","0.6071","2","7"
"d2-v5-hard-153","magnet:m2","arrow:a2","MAGNET_CONTROL","0.6071","2","7"
"d2-v5-hard-153","magnet:m2","arrow:a2","POLARITY_DEPENDENCY","0.6071","2","7"
"d2-v5-hard-153","magnet:m2","arrow:a5","MAGNET_CONTROL","0.6071","2","7"
"d2-v5-hard-153","magnet:m2","arrow:a5","POLARITY_DEPENDENCY","0.6071","2","7"
"d2-v5-medium-154","arrow:a1","arrow:a2","EXPOSURE","0.4667","2","5"
"d2-v5-medium-154","arrow:a1","arrow:a2","ORDER_DEPENDENCY","0.4667","2","5"
"d2-v5-medium-154","arrow:a1","arrow:a2","STATE_DEPENDENCY","0.4667","2","5"
"d2-v5-medium-154","arrow:a1","arrow:a2","REVEAL","0.4667","2","5"
"d2-v5-medium-154","arrow:a1","arrow:a3","ALTERNATIVE_PATH","0.4667","2","5"
"d2-v5-medium-154","arrow:a1","wall:4,3","COLLISION","0.4667","2","5"
"d2-v5-medium-154","arrow:a2","arrow:a1","EXPOSURE","0.4667","2","5"
"d2-v5-medium-154","arrow:a2","arrow:a1","STATE_DEPENDENCY","0.4667","2","5"
"d2-v5-medium-154","arrow:a2","arrow:a1","REVEAL","0.4667","2","5"
"d2-v5-medium-154","arrow:a2","arrow:a3","ALTERNATIVE_PATH","0.4667","2","5"
"d2-v5-medium-154","arrow:a3","arrow:a2","ORDER_DEPENDENCY","0.4667","2","5"
"d2-v5-medium-154","magnet:m1","arrow:a1","MAGNET_CONTROL","0.4667","2","5"
"d2-v5-medium-154","magnet:m1","arrow:a1","POLARITY_DEPENDENCY","0.4667","2","5"
"d2-v5-medium-154","magnet:m1","arrow:a2","MAGNET_CONTROL","0.4667","2","5"
"d2-v5-medium-154","magnet:m1","arrow:a2","POLARITY_DEPENDENCY","0.4667","2","5"
"d2-v5-medium-154","wall:4,3","arrow:a1","ROUTE_BLOCK","0.4667","2","5"
"d2-v5-medium-154","wall:4,3","arrow:a3","OCCLUSION","0.4667","2","5"
"d2-v5-expert-155","arrow:a1","arrow:a2","COLLISION","0.2727","4","8"
"d2-v5-expert-155","arrow:a1","arrow:a2","ORDER_DEPENDENCY","0.2727","4","8"
"d2-v5-expert-155","arrow:a1","arrow:a4","ALTERNATIVE_PATH","0.2727","4","8"
"d2-v5-expert-155","arrow:a1","arrow:a5","ALTERNATIVE_PATH","0.2727","4","8"
"d2-v5-expert-155","arrow:a1","magnet:m1","COLLISION","0.2727","4","8"
"d2-v5-expert-155","arrow:a2","arrow:a1","OCCLUSION","0.2727","4","8"
"d2-v5-expert-155","arrow:a2","arrow:a1","ROUTE_BLOCK","0.2727","4","8"
"d2-v5-expert-155","arrow:a2","arrow:a1","EXPOSURE","0.2727","4","8"
"d2-v5-expert-155","arrow:a2","arrow:a1","STATE_DEPENDENCY","0.2727","4","8"
"d2-v5-expert-155","arrow:a2","arrow:a1","REVEAL","0.2727","4","8"
"d2-v5-expert-155","arrow:a2","arrow:a4","ALTERNATIVE_PATH","0.2727","4","8"
"d2-v5-expert-155","arrow:a2","arrow:a5","ALTERNATIVE_PATH","0.2727","4","8"
"d2-v5-expert-155","arrow:a3","arrow:a1","EXPOSURE","0.2727","4","8"
"d2-v5-expert-155","arrow:a3","arrow:a1","STATE_DEPENDENCY","0.2727","4","8"
"d2-v5-expert-155","arrow:a3","arrow:a1","REVEAL","0.2727","4","8"
"d2-v5-expert-155","arrow:a3","arrow:a2","ORDER_DEPENDENCY","0.2727","4","8"
"d2-v5-expert-155","arrow:a3","arrow:a4","ALTERNATIVE_PATH","0.2727","4","8"
"d2-v5-expert-155","arrow:a3","arrow:a5","ALTERNATIVE_PATH","0.2727","4","8"
"d2-v5-expert-155","arrow:a4","arrow:a2","ORDER_DEPENDENCY","0.2727","4","8"
"d2-v5-expert-155","arrow:a4","arrow:a5","ALTERNATIVE_PATH","0.2727","4","8"
"d2-v5-expert-155","arrow:a5","arrow:a2","ORDER_DEPENDENCY","0.2727","4","8"
"d2-v5-expert-155","magnet:m1","arrow:a1","MAGNET_CONTROL","0.2727","4","8"
"d2-v5-expert-155","magnet:m1","arrow:a1","POLARITY_DEPENDENCY","0.2727","4","8"
"d2-v5-expert-155","magnet:m1","arrow:a1","ROUTE_BLOCK","0.2727","4","8"
"d2-v5-expert-155","magnet:m1","arrow:a3","OCCLUSION","0.2727","4","8"
"d2-v5-expert-155","magnet:m1","arrow:a3","MAGNET_CONTROL","0.2727","4","8"
"d2-v5-expert-155","magnet:m1","magnet:m2","CANCELLATION","0.2727","4","8"
"d2-v5-expert-155","magnet:m2","arrow:a2","MAGNET_CONTROL","0.2727","4","8"
"d2-v5-expert-155","magnet:m4","arrow:a4","MAGNET_CONTROL","0.2727","4","8"
"d2-v5-hard-156","arrow:a1","arrow:a2","ALTERNATIVE_PATH","0.3333","2","8"
"d2-v5-hard-156","arrow:a1","arrow:a3","ORDER_DEPENDENCY","0.3333","2","8"
"d2-v5-hard-156","arrow:a1","arrow:a3","ALTERNATIVE_PATH","0.3333","2","8"
"d2-v5-hard-156","arrow:a1","arrow:a4","ALTERNATIVE_PATH","0.3333","2","8"
"d2-v5-hard-156","arrow:a2","arrow:a3","ORDER_DEPENDENCY","0.3333","2","8"
"d2-v5-hard-156","arrow:a2","arrow:a3","ALTERNATIVE_PATH","0.3333","2","8"
"d2-v5-hard-156","arrow:a2","arrow:a4","ALTERNATIVE_PATH","0.3333","2","8"
"d2-v5-hard-156","arrow:a3","arrow:a4","EXPOSURE","0.3333","2","8"
"d2-v5-hard-156","arrow:a3","arrow:a4","STATE_DEPENDENCY","0.3333","2","8"
"d2-v5-hard-156","arrow:a3","arrow:a4","REVEAL","0.3333","2","8"
"d2-v5-hard-156","arrow:a4","arrow:a3","EXPOSURE","0.3333","2","8"
"d2-v5-hard-156","arrow:a4","arrow:a3","ORDER_DEPENDENCY","0.3333","2","8"
"d2-v5-hard-156","arrow:a4","arrow:a3","STATE_DEPENDENCY","0.3333","2","8"
"d2-v5-hard-156","arrow:a4","arrow:a3","REVEAL","0.3333","2","8"
"d2-v5-hard-156","arrow:a4","wall:5,4","COLLISION","0.3333","2","8"
"d2-v5-hard-156","magnet:m2","arrow:a1","OCCLUSION","0.3333","2","8"
"d2-v5-hard-156","magnet:m2","arrow:a1","MAGNET_CONTROL","0.3333","2","8"
"d2-v5-hard-156","magnet:m2","arrow:a2","OCCLUSION","0.3333","2","8"
"d2-v5-hard-156","magnet:m2","magnet:m3","CANCELLATION","0.3333","2","8"
"d2-v5-hard-156","magnet:m4","arrow:a3","OCCLUSION","0.3333","2","8"
"d2-v5-hard-156","magnet:m4","arrow:a3","MAGNET_CONTROL","0.3333","2","8"
"d2-v5-hard-156","magnet:m4","arrow:a3","POLARITY_DEPENDENCY","0.3333","2","8"
"d2-v5-hard-156","magnet:m4","arrow:a4","MAGNET_CONTROL","0.3333","2","8"
"d2-v5-hard-156","magnet:m4","arrow:a4","POLARITY_DEPENDENCY","0.3333","2","8"
"d2-v5-hard-156","wall:5,4","arrow:a4","ROUTE_BLOCK","0.3333","2","8"
"d2-v5-hard-157","arrow:a1","arrow:a2","ORDER_DEPENDENCY","0.4444","2","8"
"d2-v5-hard-157","arrow:a1","arrow:a2","ALTERNATIVE_PATH","0.4444","2","8"
"d2-v5-hard-157","arrow:a1","arrow:a3","ALTERNATIVE_PATH","0.4444","2","8"
"d2-v5-hard-157","arrow:a1","arrow:a4","ROUTE_BLOCK","0.4444","2","8"
"d2-v5-hard-157","arrow:a1","arrow:a4","EXPOSURE","0.4444","2","8"
"d2-v5-hard-157","arrow:a1","arrow:a4","STATE_DEPENDENCY","0.4444","2","8"
"d2-v5-hard-157","arrow:a1","arrow:a4","REVEAL","0.4444","2","8"
"d2-v5-hard-157","arrow:a1","arrow:a4","ALTERNATIVE_PATH","0.4444","2","8"
"d2-v5-hard-157","arrow:a1","arrow:a5","ALTERNATIVE_PATH","0.4444","2","8"
"d2-v5-hard-157","arrow:a2","arrow:a3","ALTERNATIVE_PATH","0.4444","2","8"
"d2-v5-hard-157","arrow:a2","arrow:a4","ALTERNATIVE_PATH","0.4444","2","8"
"d2-v5-hard-157","arrow:a2","arrow:a5","EXPOSURE","0.4444","2","8"
"d2-v5-hard-157","arrow:a2","arrow:a5","STATE_DEPENDENCY","0.4444","2","8"
"d2-v5-hard-157","arrow:a2","arrow:a5","REVEAL","0.4444","2","8"
"d2-v5-hard-157","arrow:a3","arrow:a2","ORDER_DEPENDENCY","0.4444","2","8"
"d2-v5-hard-157","arrow:a3","arrow:a4","EXPOSURE","0.4444","2","8"
"d2-v5-hard-157","arrow:a3","arrow:a4","STATE_DEPENDENCY","0.4444","2","8"
"d2-v5-hard-157","arrow:a3","arrow:a4","REVEAL","0.4444","2","8"
"d2-v5-hard-157","arrow:a3","arrow:a4","ALTERNATIVE_PATH","0.4444","2","8"
"d2-v5-hard-157","arrow:a3","arrow:a5","ALTERNATIVE_PATH","0.4444","2","8"
"d2-v5-hard-157","arrow:a4","arrow:a1","COLLISION","0.4444","2","8"
"d2-v5-hard-157","arrow:a4","arrow:a1","OCCLUSION","0.4444","2","8"
"d2-v5-hard-157","arrow:a4","arrow:a1","EXPOSURE","0.4444","2","8"
"d2-v5-hard-157","arrow:a4","arrow:a1","STATE_DEPENDENCY","0.4444","2","8"
"d2-v5-hard-157","arrow:a4","arrow:a1","REVEAL","0.4444","2","8"
"d2-v5-hard-157","arrow:a4","arrow:a2","ORDER_DEPENDENCY","0.4444","2","8"
"d2-v5-hard-157","arrow:a4","arrow:a3","EXPOSURE","0.4444","2","8"
"d2-v5-hard-157","arrow:a4","arrow:a3","STATE_DEPENDENCY","0.4444","2","8"
"d2-v5-hard-157","arrow:a4","arrow:a3","REVEAL","0.4444","2","8"
"d2-v5-hard-157","arrow:a4","arrow:a5","ALTERNATIVE_PATH","0.4444","2","8"
"d2-v5-hard-157","arrow:a5","arrow:a2","EXPOSURE","0.4444","2","8"
"d2-v5-hard-157","arrow:a5","arrow:a2","ORDER_DEPENDENCY","0.4444","2","8"
"d2-v5-hard-157","arrow:a5","arrow:a2","STATE_DEPENDENCY","0.4444","2","8"
"d2-v5-hard-157","arrow:a5","arrow:a2","REVEAL","0.4444","2","8"
"d2-v5-hard-157","arrow:a5","magnet:m3","COLLISION","0.4444","2","8"
"d2-v5-hard-157","magnet:m1","arrow:a1","MAGNET_CONTROL","0.4444","2","8"
"d2-v5-hard-157","magnet:m1","arrow:a1","POLARITY_DEPENDENCY","0.4444","2","8"
"d2-v5-hard-157","magnet:m1","arrow:a3","OCCLUSION","0.4444","2","8"
"d2-v5-hard-157","magnet:m1","arrow:a3","MAGNET_CONTROL","0.4444","2","8"
"d2-v5-hard-157","magnet:m1","arrow:a3","POLARITY_DEPENDENCY","0.4444","2","8"
"d2-v5-hard-157","magnet:m1","arrow:a4","MAGNET_CONTROL","0.4444","2","8"
"d2-v5-hard-157","magnet:m1","arrow:a4","POLARITY_DEPENDENCY","0.4444","2","8"
"d2-v5-hard-157","magnet:m2","arrow:a2","MAGNET_CONTROL","0.4444","2","8"
"d2-v5-hard-157","magnet:m2","arrow:a2","POLARITY_DEPENDENCY","0.4444","2","8"
"d2-v5-hard-157","magnet:m2","arrow:a5","MAGNET_CONTROL","0.4444","2","8"
"d2-v5-hard-157","magnet:m2","arrow:a5","POLARITY_DEPENDENCY","0.4444","2","8"
"d2-v5-hard-157","magnet:m3","arrow:a5","ROUTE_BLOCK","0.4444","2","8"
"d2-v5-expert-158","arrow:a1","arrow:a2","ALTERNATIVE_PATH","0.2564","5","9"
"d2-v5-expert-158","arrow:a1","arrow:a3","ROUTE_BLOCK","0.2564","5","9"
"d2-v5-expert-158","arrow:a1","arrow:a3","EXPOSURE","0.2564","5","9"
"d2-v5-expert-158","arrow:a1","arrow:a3","STATE_DEPENDENCY","0.2564","5","9"
"d2-v5-expert-158","arrow:a1","arrow:a3","REVEAL","0.2564","5","9"
"d2-v5-expert-158","arrow:a1","arrow:a4","ORDER_DEPENDENCY","0.2564","5","9"
"d2-v5-expert-158","arrow:a1","arrow:a4","ALTERNATIVE_PATH","0.2564","5","9"
"d2-v5-expert-158","arrow:a1","arrow:a5","ORDER_DEPENDENCY","0.2564","5","9"
"d2-v5-expert-158","arrow:a1","arrow:a5","ALTERNATIVE_PATH","0.2564","5","9"
"d2-v5-expert-158","arrow:a1","arrow:a6","COLLISION","0.2564","5","9"
"d2-v5-expert-158","arrow:a2","arrow:a3","ALTERNATIVE_PATH","0.2564","5","9"
"d2-v5-expert-158","arrow:a2","arrow:a4","EXPOSURE","0.2564","5","9"
"d2-v5-expert-158","arrow:a2","arrow:a4","ORDER_DEPENDENCY","0.2564","5","9"
"d2-v5-expert-158","arrow:a2","arrow:a4","STATE_DEPENDENCY","0.2564","5","9"
"d2-v5-expert-158","arrow:a2","arrow:a4","REVEAL","0.2564","5","9"
"d2-v5-expert-158","arrow:a2","arrow:a4","ALTERNATIVE_PATH","0.2564","5","9"
"d2-v5-expert-158","arrow:a2","arrow:a5","EXPOSURE","0.2564","5","9"
"d2-v5-expert-158","arrow:a2","arrow:a5","ORDER_DEPENDENCY","0.2564","5","9"
"d2-v5-expert-158","arrow:a2","arrow:a5","STATE_DEPENDENCY","0.2564","5","9"
"d2-v5-expert-158","arrow:a2","arrow:a5","REVEAL","0.2564","5","9"
"d2-v5-expert-158","arrow:a2","arrow:a6","ALTERNATIVE_PATH","0.2564","5","9"
"d2-v5-expert-158","arrow:a2","wall:1,6","COLLISION","0.2564","5","9"
"d2-v5-expert-158","arrow:a3","arrow:a1","COLLISION","0.2564","5","9"
"d2-v5-expert-158","arrow:a3","arrow:a1","OCCLUSION","0.2564","5","9"
"d2-v5-expert-158","arrow:a3","arrow:a4","ORDER_DEPENDENCY","0.2564","5","9"
"d2-v5-expert-158","arrow:a3","arrow:a4","ALTERNATIVE_PATH","0.2564","5","9"
"d2-v5-expert-158","arrow:a3","arrow:a5","ORDER_DEPENDENCY","0.2564","5","9"
"d2-v5-expert-158","arrow:a3","arrow:a5","ALTERNATIVE_PATH","0.2564","5","9"
"d2-v5-expert-158","arrow:a4","arrow:a2","EXPOSURE","0.2564","5","9"
"d2-v5-expert-158","arrow:a4","arrow:a2","STATE_DEPENDENCY","0.2564","5","9"
"d2-v5-expert-158","arrow:a4","arrow:a2","REVEAL","0.2564","5","9"
"d2-v5-expert-158","arrow:a4","arrow:a5","EXPOSURE","0.2564","5","9"
"d2-v5-expert-158","arrow:a4","arrow:a5","STATE_DEPENDENCY","0.2564","5","9"
"d2-v5-expert-158","arrow:a4","arrow:a5","REVEAL","0.2564","5","9"
"d2-v5-expert-158","arrow:a4","arrow:a5","ALTERNATIVE_PATH","0.2564","5","9"
"d2-v5-expert-158","arrow:a4","arrow:a6","COLLISION","0.2564","5","9"
"d2-v5-expert-158","arrow:a4","arrow:a6","OCCLUSION","0.2564","5","9"
"d2-v5-expert-158","arrow:a4","arrow:a6","EXPOSURE","0.2564","5","9"
"d2-v5-expert-158","arrow:a4","arrow:a6","STATE_DEPENDENCY","0.2564","5","9"
"d2-v5-expert-158","arrow:a4","arrow:a6","REVEAL","0.2564","5","9"
"d2-v5-expert-158","arrow:a4","arrow:a6","ALTERNATIVE_PATH","0.2564","5","9"
"d2-v5-expert-158","arrow:a5","arrow:a2","EXPOSURE","0.2564","5","9"
"d2-v5-expert-158","arrow:a5","arrow:a2","STATE_DEPENDENCY","0.2564","5","9"
"d2-v5-expert-158","arrow:a5","arrow:a2","REVEAL","0.2564","5","9"
"d2-v5-expert-158","arrow:a5","arrow:a4","EXPOSURE","0.2564","5","9"
"d2-v5-expert-158","arrow:a5","arrow:a4","STATE_DEPENDENCY","0.2564","5","9"
"d2-v5-expert-158","arrow:a5","arrow:a4","REVEAL","0.2564","5","9"
"d2-v5-expert-158","arrow:a5","arrow:a6","ALTERNATIVE_PATH","0.2564","5","9"
"d2-v5-expert-158","arrow:a6","arrow:a1","ROUTE_BLOCK","0.2564","5","9"
"d2-v5-expert-158","arrow:a6","arrow:a1","EXPOSURE","0.2564","5","9"
"d2-v5-expert-158","arrow:a6","arrow:a1","STATE_DEPENDENCY","0.2564","5","9"
"d2-v5-expert-158","arrow:a6","arrow:a1","REVEAL","0.2564","5","9"
"d2-v5-expert-158","arrow:a6","arrow:a2","EXPOSURE","0.2564","5","9"
"d2-v5-expert-158","arrow:a6","arrow:a2","STATE_DEPENDENCY","0.2564","5","9"
"d2-v5-expert-158","arrow:a6","arrow:a2","REVEAL","0.2564","5","9"
"d2-v5-expert-158","arrow:a6","arrow:a4","ROUTE_BLOCK","0.2564","5","9"
"d2-v5-expert-158","arrow:a6","arrow:a4","EXPOSURE","0.2564","5","9"
"d2-v5-expert-158","arrow:a6","arrow:a4","STATE_DEPENDENCY","0.2564","5","9"
"d2-v5-expert-158","arrow:a6","arrow:a4","REVEAL","0.2564","5","9"
"d2-v5-expert-158","magnet:m2","arrow:a2","MAGNET_CONTROL","0.2564","5","9"
"d2-v5-expert-158","magnet:m2","arrow:a2","POLARITY_DEPENDENCY","0.2564","5","9"
"d2-v5-expert-158","magnet:m2","arrow:a4","MAGNET_CONTROL","0.2564","5","9"
"d2-v5-expert-158","magnet:m2","arrow:a4","POLARITY_DEPENDENCY","0.2564","5","9"
"d2-v5-expert-158","magnet:m2","arrow:a5","MAGNET_CONTROL","0.2564","5","9"
"d2-v5-expert-158","magnet:m2","arrow:a5","POLARITY_DEPENDENCY","0.2564","5","9"
"d2-v5-expert-158","magnet:m2","arrow:a6","MAGNET_CONTROL","0.2564","5","9"
"d2-v5-expert-158","magnet:m2","arrow:a6","POLARITY_DEPENDENCY","0.2564","5","9"
"d2-v5-expert-158","magnet:m4","arrow:a3","OCCLUSION","0.2564","5","9"
"d2-v5-expert-158","magnet:m4","arrow:a3","MAGNET_CONTROL","0.2564","5","9"
"d2-v5-expert-158","wall:1,6","arrow:a2","ROUTE_BLOCK","0.2564","5","9"
"d2-v5-medium-159","arrow:a1","arrow:a2","COLLISION","0.2051","6","8"
"d2-v5-medium-159","arrow:a1","arrow:a2","OCCLUSION","0.2051","6","8"
"d2-v5-medium-159","arrow:a1","arrow:a2","EXPOSURE","0.2051","6","8"
"d2-v5-medium-159","arrow:a1","arrow:a2","STATE_DEPENDENCY","0.2051","6","8"
"d2-v5-medium-159","arrow:a1","arrow:a2","REVEAL","0.2051","6","8"
"d2-v5-medium-159","arrow:a1","arrow:a3","ALTERNATIVE_PATH","0.2051","6","8"
"d2-v5-medium-159","arrow:a1","arrow:a4","ALTERNATIVE_PATH","0.2051","6","8"
"d2-v5-medium-159","arrow:a1","wall:3,3","COLLISION","0.2051","6","8"
"d2-v5-medium-159","arrow:a2","arrow:a1","ROUTE_BLOCK","0.2051","6","8"
"d2-v5-medium-159","arrow:a2","arrow:a1","ORDER_DEPENDENCY","0.2051","6","8"
"d2-v5-medium-159","arrow:a2","arrow:a3","ALTERNATIVE_PATH","0.2051","6","8"
"d2-v5-medium-159","arrow:a2","arrow:a4","ALTERNATIVE_PATH","0.2051","6","8"
"d2-v5-medium-159","arrow:a2","arrow:a5","ALTERNATIVE_PATH","0.2051","6","8"
"d2-v5-medium-159","arrow:a2","wall:3,3","COLLISION","0.2051","6","8"
"d2-v5-medium-159","arrow:a3","arrow:a1","ORDER_DEPENDENCY","0.2051","6","8"
"d2-v5-medium-159","arrow:a3","arrow:a4","ALTERNATIVE_PATH","0.2051","6","8"
"d2-v5-medium-159","arrow:a3","arrow:a5","ALTERNATIVE_PATH","0.2051","6","8"
"d2-v5-medium-159","arrow:a4","arrow:a1","ORDER_DEPENDENCY","0.2051","6","8"
"d2-v5-medium-159","arrow:a4","arrow:a5","ALTERNATIVE_PATH","0.2051","6","8"
"d2-v5-medium-159","arrow:a5","arrow:a1","EXPOSURE","0.2051","6","8"
"d2-v5-medium-159","arrow:a5","arrow:a1","STATE_DEPENDENCY","0.2051","6","8"
"d2-v5-medium-159","arrow:a5","arrow:a1","REVEAL","0.2051","6","8"
"d2-v5-medium-159","magnet:m1","arrow:a1","MAGNET_CONTROL","0.2051","6","8"
"d2-v5-medium-159","magnet:m1","arrow:a1","POLARITY_DEPENDENCY","0.2051","6","8"
"d2-v5-medium-159","magnet:m1","arrow:a2","MAGNET_CONTROL","0.2051","6","8"
"d2-v5-medium-159","magnet:m1","arrow:a2","POLARITY_DEPENDENCY","0.2051","6","8"
"d2-v5-medium-159","magnet:m1","arrow:a5","MAGNET_CONTROL","0.2051","6","8"
"d2-v5-medium-159","wall:3,3","arrow:a1","ROUTE_BLOCK","0.2051","6","8"
"d2-v5-medium-159","wall:3,3","arrow:a2","ROUTE_BLOCK","0.2051","6","8"
"d2-v5-medium-159","wall:7,3","arrow:a3","OCCLUSION","0.2051","6","8"
"d2-v5-expert-160","arrow:a1","arrow:a2","COLLISION","0.3091","3","9"
"d2-v5-expert-160","arrow:a1","arrow:a2","OCCLUSION","0.3091","3","9"
"d2-v5-expert-160","arrow:a1","arrow:a2","EXPOSURE","0.3091","3","9"
"d2-v5-expert-160","arrow:a1","arrow:a2","STATE_DEPENDENCY","0.3091","3","9"
"d2-v5-expert-160","arrow:a1","arrow:a2","REVEAL","0.3091","3","9"
"d2-v5-expert-160","arrow:a1","arrow:a3","EXPOSURE","0.3091","3","9"
"d2-v5-expert-160","arrow:a1","arrow:a3","ORDER_DEPENDENCY","0.3091","3","9"
"d2-v5-expert-160","arrow:a1","arrow:a3","STATE_DEPENDENCY","0.3091","3","9"
"d2-v5-expert-160","arrow:a1","arrow:a3","REVEAL","0.3091","3","9"
"d2-v5-expert-160","arrow:a1","arrow:a4","ALTERNATIVE_PATH","0.3091","3","9"
"d2-v5-expert-160","arrow:a1","arrow:a5","ALTERNATIVE_PATH","0.3091","3","9"
"d2-v5-expert-160","arrow:a2","arrow:a1","ROUTE_BLOCK","0.3091","3","9"
"d2-v5-expert-160","arrow:a2","arrow:a4","ALTERNATIVE_PATH","0.3091","3","9"
"d2-v5-expert-160","arrow:a2","arrow:a5","ALTERNATIVE_PATH","0.3091","3","9"
"d2-v5-expert-160","arrow:a2","wall:6,6","COLLISION","0.3091","3","9"
"d2-v5-expert-160","arrow:a3","arrow:a1","EXPOSURE","0.3091","3","9"
"d2-v5-expert-160","arrow:a3","arrow:a1","STATE_DEPENDENCY","0.3091","3","9"
"d2-v5-expert-160","arrow:a3","arrow:a1","REVEAL","0.3091","3","9"
"d2-v5-expert-160","arrow:a3","arrow:a2","EXPOSURE","0.3091","3","9"
"d2-v5-expert-160","arrow:a3","arrow:a2","STATE_DEPENDENCY","0.3091","3","9"
"d2-v5-expert-160","arrow:a3","arrow:a2","REVEAL","0.3091","3","9"
"d2-v5-expert-160","arrow:a3","arrow:a4","ALTERNATIVE_PATH","0.3091","3","9"
"d2-v5-expert-160","arrow:a3","arrow:a5","ALTERNATIVE_PATH","0.3091","3","9"
"d2-v5-expert-160","arrow:a4","arrow:a3","ORDER_DEPENDENCY","0.3091","3","9"
"d2-v5-expert-160","arrow:a4","arrow:a5","ALTERNATIVE_PATH","0.3091","3","9"
"d2-v5-expert-160","arrow:a5","arrow:a3","ORDER_DEPENDENCY","0.3091","3","9"
"d2-v5-expert-160","arrow:a5","arrow:a4","OCCLUSION","0.3091","3","9"
"d2-v5-expert-160","arrow:a5","arrow:a4","EXPOSURE","0.3091","3","9"
"d2-v5-expert-160","arrow:a5","arrow:a4","STATE_DEPENDENCY","0.3091","3","9"
"d2-v5-expert-160","arrow:a5","arrow:a4","REVEAL","0.3091","3","9"
"d2-v5-expert-160","magnet:m1","arrow:a1","MAGNET_CONTROL","0.3091","3","9"
"d2-v5-expert-160","magnet:m1","arrow:a1","POLARITY_DEPENDENCY","0.3091","3","9"
"d2-v5-expert-160","magnet:m1","arrow:a2","MAGNET_CONTROL","0.3091","3","9"
"d2-v5-expert-160","magnet:m1","arrow:a2","POLARITY_DEPENDENCY","0.3091","3","9"
"d2-v5-expert-160","magnet:m1","arrow:a3","OCCLUSION","0.3091","3","9"
"d2-v5-expert-160","magnet:m1","arrow:a3","MAGNET_CONTROL","0.3091","3","9"
"d2-v5-expert-160","magnet:m1","arrow:a3","POLARITY_DEPENDENCY","0.3091","3","9"
"d2-v5-expert-160","magnet:m2","arrow:a4","MAGNET_CONTROL","0.3091","3","9"
"d2-v5-expert-160","magnet:m2","arrow:a4","POLARITY_DEPENDENCY","0.3091","3","9"
"d2-v5-expert-160","magnet:m2","arrow:a5","MAGNET_CONTROL","0.3091","3","9"
"d2-v5-expert-160","magnet:m4","arrow:a4","OCCLUSION","0.3091","3","9"
"d2-v5-expert-160","magnet:m4","arrow:a4","MAGNET_CONTROL","0.3091","3","9"
"d2-v5-expert-160","wall:6,6","arrow:a2","OCCLUSION","0.3091","3","9"
"d2-v5-expert-160","wall:6,6","arrow:a2","ROUTE_BLOCK","0.3091","3","9"
"d2-v5-hard-161","arrow:a1","arrow:a2","ALTERNATIVE_PATH","0.2444","3","8"
"d2-v5-hard-161","arrow:a1","arrow:a3","ORDER_DEPENDENCY","0.2444","3","8"
"d2-v5-hard-161","arrow:a1","arrow:a3","ALTERNATIVE_PATH","0.2444","3","8"
"d2-v5-hard-161","arrow:a1","arrow:a4","ROUTE_BLOCK","0.2444","3","8"
"d2-v5-hard-161","arrow:a1","arrow:a4","ALTERNATIVE_PATH","0.2444","3","8"
"d2-v5-hard-161","arrow:a2","arrow:a3","ORDER_DEPENDENCY","0.2444","3","8"
"d2-v5-hard-161","arrow:a2","arrow:a3","ALTERNATIVE_PATH","0.2444","3","8"
"d2-v5-hard-161","arrow:a2","arrow:a4","ALTERNATIVE_PATH","0.2444","3","8"
"d2-v5-hard-161","arrow:a3","arrow:a4","EXPOSURE","0.2444","3","8"
"d2-v5-hard-161","arrow:a3","arrow:a4","STATE_DEPENDENCY","0.2444","3","8"
"d2-v5-hard-161","arrow:a3","arrow:a4","REVEAL","0.2444","3","8"
"d2-v5-hard-161","arrow:a4","arrow:a1","COLLISION","0.2444","3","8"
"d2-v5-hard-161","arrow:a4","arrow:a3","EXPOSURE","0.2444","3","8"
"d2-v5-hard-161","arrow:a4","arrow:a3","ORDER_DEPENDENCY","0.2444","3","8"
"d2-v5-hard-161","arrow:a4","arrow:a3","STATE_DEPENDENCY","0.2444","3","8"
"d2-v5-hard-161","arrow:a4","arrow:a3","REVEAL","0.2444","3","8"
"d2-v5-hard-161","arrow:a4","wall:4,4","COLLISION","0.2444","3","8"
"d2-v5-hard-161","magnet:m2","arrow:a1","MAGNET_CONTROL","0.2444","3","8"
"d2-v5-hard-161","magnet:m2","magnet:m5","CANCELLATION","0.2444","3","8"
"d2-v5-hard-161","magnet:m4","arrow:a3","MAGNET_CONTROL","0.2444","3","8"
"d2-v5-hard-161","magnet:m4","arrow:a3","POLARITY_DEPENDENCY","0.2444","3","8"
"d2-v5-hard-161","magnet:m4","arrow:a4","MAGNET_CONTROL","0.2444","3","8"
"d2-v5-hard-161","magnet:m4","arrow:a4","POLARITY_DEPENDENCY","0.2444","3","8"
"d2-v5-hard-161","wall:4,4","arrow:a4","ROUTE_BLOCK","0.2444","3","8"
"d2-v5-medium-162","arrow:a1","arrow:a2","ALTERNATIVE_PATH","0.2222","4","7"
"d2-v5-medium-162","arrow:a1","arrow:a3","EXPOSURE","0.2222","4","7"
"d2-v5-medium-162","arrow:a1","arrow:a3","STATE_DEPENDENCY","0.2222","4","7"
"d2-v5-medium-162","arrow:a1","arrow:a3","REVEAL","0.2222","4","7"
"d2-v5-medium-162","arrow:a1","arrow:a4","ALTERNATIVE_PATH","0.2222","4","7"
"d2-v5-medium-162","arrow:a2","arrow:a1","ORDER_DEPENDENCY","0.2222","4","7"
"d2-v5-medium-162","arrow:a2","arrow:a3","ALTERNATIVE_PATH","0.2222","4","7"
"d2-v5-medium-162","arrow:a2","arrow:a4","ALTERNATIVE_PATH","0.2222","4","7"
"d2-v5-medium-162","arrow:a3","arrow:a1","EXPOSURE","0.2222","4","7"
"d2-v5-medium-162","arrow:a3","arrow:a1","ORDER_DEPENDENCY","0.2222","4","7"
"d2-v5-medium-162","arrow:a3","arrow:a1","STATE_DEPENDENCY","0.2222","4","7"
"d2-v5-medium-162","arrow:a3","arrow:a1","REVEAL","0.2222","4","7"
"d2-v5-medium-162","arrow:a3","arrow:a4","ALTERNATIVE_PATH","0.2222","4","7"
"d2-v5-medium-162","arrow:a3","wall:4,5","COLLISION","0.2222","4","7"
"d2-v5-medium-162","arrow:a4","arrow:a1","ORDER_DEPENDENCY","0.2222","4","7"
"d2-v5-medium-162","magnet:m1","arrow:a1","MAGNET_CONTROL","0.2222","4","7"
"d2-v5-medium-162","magnet:m1","arrow:a1","POLARITY_DEPENDENCY","0.2222","4","7"
"d2-v5-medium-162","magnet:m1","arrow:a3","MAGNET_CONTROL","0.2222","4","7"
"d2-v5-medium-162","magnet:m1","arrow:a3","POLARITY_DEPENDENCY","0.2222","4","7"
"d2-v5-medium-162","magnet:m2","arrow:a2","MAGNET_CONTROL","0.2222","4","7"
"d2-v5-medium-162","wall:4,5","arrow:a3","ROUTE_BLOCK","0.2222","4","7"
"d2-v5-expert-163","arrow:a1","arrow:a2","ORDER_DEPENDENCY","0.3111","3","8"
"d2-v5-expert-163","arrow:a1","arrow:a3","COLLISION","0.3111","3","8"
"d2-v5-expert-163","arrow:a1","arrow:a4","ALTERNATIVE_PATH","0.3111","3","8"
"d2-v5-expert-163","arrow:a1","arrow:a5","ALTERNATIVE_PATH","0.3111","3","8"
"d2-v5-expert-163","arrow:a1","wall:5,4","COLLISION","0.3111","3","8"
"d2-v5-expert-163","arrow:a2","arrow:a1","OCCLUSION","0.3111","3","8"
"d2-v5-expert-163","arrow:a2","arrow:a1","EXPOSURE","0.3111","3","8"
"d2-v5-expert-163","arrow:a2","arrow:a1","STATE_DEPENDENCY","0.3111","3","8"
"d2-v5-expert-163","arrow:a2","arrow:a1","REVEAL","0.3111","3","8"
"d2-v5-expert-163","arrow:a2","arrow:a4","ALTERNATIVE_PATH","0.3111","3","8"
"d2-v5-expert-163","arrow:a2","arrow:a5","ALTERNATIVE_PATH","0.3111","3","8"
"d2-v5-expert-163","arrow:a3","arrow:a1","ROUTE_BLOCK","0.3111","3","8"
"d2-v5-expert-163","arrow:a3","arrow:a1","EXPOSURE","0.3111","3","8"
"d2-v5-expert-163","arrow:a3","arrow:a1","STATE_DEPENDENCY","0.3111","3","8"
"d2-v5-expert-163","arrow:a3","arrow:a1","REVEAL","0.3111","3","8"
"d2-v5-expert-163","arrow:a3","arrow:a2","ORDER_DEPENDENCY","0.3111","3","8"
"d2-v5-expert-163","arrow:a3","arrow:a4","ALTERNATIVE_PATH","0.3111","3","8"
"d2-v5-expert-163","arrow:a3","arrow:a5","ALTERNATIVE_PATH","0.3111","3","8"
"d2-v5-expert-163","arrow:a4","arrow:a2","ORDER_DEPENDENCY","0.3111","3","8"
"d2-v5-expert-163","arrow:a4","arrow:a5","ALTERNATIVE_PATH","0.3111","3","8"
"d2-v5-expert-163","arrow:a5","arrow:a2","ORDER_DEPENDENCY","0.3111","3","8"
"d2-v5-expert-163","magnet:m1","arrow:a4","MAGNET_CONTROL","0.3111","3","8"
"d2-v5-expert-163","magnet:m2","arrow:a1","MAGNET_CONTROL","0.3111","3","8"
"d2-v5-expert-163","magnet:m2","arrow:a1","POLARITY_DEPENDENCY","0.3111","3","8"
"d2-v5-expert-163","magnet:m2","arrow:a2","MAGNET_CONTROL","0.3111","3","8"
"d2-v5-expert-163","wall:5,4","arrow:a1","OCCLUSION","0.3111","3","8"
"d2-v5-expert-163","wall:5,4","arrow:a1","ROUTE_BLOCK","0.3111","3","8"
"d2-v5-hard-164","arrow:a1","arrow:a2","ALTERNATIVE_PATH","0.5278","1","9"
"d2-v5-hard-164","arrow:a1","arrow:a3","ALTERNATIVE_PATH","0.5278","1","9"
"d2-v5-hard-164","arrow:a1","arrow:a4","EXPOSURE","0.5278","1","9"
"d2-v5-hard-164","arrow:a1","arrow:a4","STATE_DEPENDENCY","0.5278","1","9"
"d2-v5-hard-164","arrow:a1","arrow:a4","REVEAL","0.5278","1","9"
"d2-v5-hard-164","arrow:a1","arrow:a5","ALTERNATIVE_PATH","0.5278","1","9"
"d2-v5-hard-164","arrow:a1","arrow:a6","ALTERNATIVE_PATH","0.5278","1","9"
"d2-v5-hard-164","arrow:a2","arrow:a5","ALTERNATIVE_PATH","0.5278","1","9"
"d2-v5-hard-164","arrow:a2","arrow:a6","EXPOSURE","0.5278","1","9"
"d2-v5-hard-164","arrow:a2","arrow:a6","STATE_DEPENDENCY","0.5278","1","9"
"d2-v5-hard-164","arrow:a2","arrow:a6","REVEAL","0.5278","1","9"
"d2-v5-hard-164","arrow:a3","arrow:a5","ALTERNATIVE_PATH","0.5278","1","9"
"d2-v5-hard-164","arrow:a3","arrow:a6","COLLISION","0.5278","1","9"
"d2-v5-hard-164","arrow:a3","arrow:a6","ROUTE_BLOCK","0.5278","1","9"
"d2-v5-hard-164","arrow:a4","arrow:a1","EXPOSURE","0.5278","1","9"
"d2-v5-hard-164","arrow:a4","arrow:a1","ORDER_DEPENDENCY","0.5278","1","9"
"d2-v5-hard-164","arrow:a4","arrow:a1","STATE_DEPENDENCY","0.5278","1","9"
"d2-v5-hard-164","arrow:a4","arrow:a1","REVEAL","0.5278","1","9"
"d2-v5-hard-164","arrow:a4","arrow:a2","OCCLUSION","0.5278","1","9"
"d2-v5-hard-164","arrow:a4","arrow:a2","EXPOSURE","0.5278","1","9"
"d2-v5-hard-164","arrow:a4","arrow:a2","ORDER_DEPENDENCY","0.5278","1","9"
"d2-v5-hard-164","arrow:a4","arrow:a2","STATE_DEPENDENCY","0.5278","1","9"
"d2-v5-hard-164","arrow:a4","arrow:a2","REVEAL","0.5278","1","9"
"d2-v5-hard-164","arrow:a4","arrow:a5","ALTERNATIVE_PATH","0.5278","1","9"
"d2-v5-hard-164","arrow:a4","wall:4,4","COLLISION","0.5278","1","9"
"d2-v5-hard-164","arrow:a5","arrow:a1","ORDER_DEPENDENCY","0.5278","1","9"
"d2-v5-hard-164","arrow:a5","arrow:a2","ORDER_DEPENDENCY","0.5278","1","9"
"d2-v5-hard-164","arrow:a5","arrow:a6","ALTERNATIVE_PATH","0.5278","1","9"
"d2-v5-hard-164","arrow:a6","arrow:a3","COLLISION","0.5278","1","9"
"d2-v5-hard-164","arrow:a6","arrow:a3","OCCLUSION","0.5278","1","9"
"d2-v5-hard-164","arrow:a6","arrow:a3","ROUTE_BLOCK","0.5278","1","9"
"d2-v5-hard-164","arrow:a6","arrow:a3","EXPOSURE","0.5278","1","9"
"d2-v5-hard-164","arrow:a6","arrow:a3","STATE_DEPENDENCY","0.5278","1","9"
"d2-v5-hard-164","arrow:a6","arrow:a3","REVEAL","0.5278","1","9"
"d2-v5-hard-164","magnet:m1","arrow:a1","MAGNET_CONTROL","0.5278","1","9"
"d2-v5-hard-164","magnet:m1","arrow:a1","POLARITY_DEPENDENCY","0.5278","1","9"
"d2-v5-hard-164","magnet:m1","arrow:a4","MAGNET_CONTROL","0.5278","1","9"
"d2-v5-hard-164","magnet:m1","arrow:a4","POLARITY_DEPENDENCY","0.5278","1","9"
"d2-v5-hard-164","magnet:m2","arrow:a2","MAGNET_CONTROL","0.5278","1","9"
"d2-v5-hard-164","magnet:m2","arrow:a3","MAGNET_CONTROL","0.5278","1","9"
"d2-v5-hard-164","magnet:m2","arrow:a3","POLARITY_DEPENDENCY","0.5278","1","9"
"d2-v5-hard-164","magnet:m2","arrow:a6","MAGNET_CONTROL","0.5278","1","9"
"d2-v5-hard-164","magnet:m2","arrow:a6","POLARITY_DEPENDENCY","0.5278","1","9"
"d2-v5-hard-164","wall:4,4","arrow:a4","ROUTE_BLOCK","0.5278","1","9"
"d2-v5-hard-164","wall:4,4","arrow:a5","OCCLUSION","0.5278","1","9"
"d2-v5-hard-165","arrow:a1","arrow:a2","ALTERNATIVE_PATH","0.3333","3","7"
"d2-v5-hard-165","arrow:a1","arrow:a3","ORDER_DEPENDENCY","0.3333","3","7"
"d2-v5-hard-165","arrow:a1","arrow:a3","ALTERNATIVE_PATH","0.3333","3","7"
"d2-v5-hard-165","arrow:a1","arrow:a4","EXPOSURE","0.3333","3","7"
"d2-v5-hard-165","arrow:a1","arrow:a4","STATE_DEPENDENCY","0.3333","3","7"
"d2-v5-hard-165","arrow:a1","arrow:a4","REVEAL","0.3333","3","7"
"d2-v5-hard-165","arrow:a1","arrow:a4","ALTERNATIVE_PATH","0.3333","3","7"
"d2-v5-hard-165","arrow:a2","arrow:a3","EXPOSURE","0.3333","3","7"
"d2-v5-hard-165","arrow:a2","arrow:a3","ORDER_DEPENDENCY","0.3333","3","7"
"d2-v5-hard-165","arrow:a2","arrow:a3","STATE_DEPENDENCY","0.3333","3","7"
"d2-v5-hard-165","arrow:a2","arrow:a3","REVEAL","0.3333","3","7"
"d2-v5-hard-165","arrow:a2","arrow:a4","ALTERNATIVE_PATH","0.3333","3","7"
"d2-v5-hard-165","arrow:a2","magnet:m4","COLLISION","0.3333","3","7"
"d2-v5-hard-165","arrow:a3","arrow:a2","EXPOSURE","0.3333","3","7"
"d2-v5-hard-165","arrow:a3","arrow:a2","STATE_DEPENDENCY","0.3333","3","7"
"d2-v5-hard-165","arrow:a3","arrow:a2","REVEAL","0.3333","3","7"
"d2-v5-hard-165","arrow:a3","arrow:a4","ALTERNATIVE_PATH","0.3333","3","7"
"d2-v5-hard-165","arrow:a4","arrow:a1","EXPOSURE","0.3333","3","7"
"d2-v5-hard-165","arrow:a4","arrow:a1","STATE_DEPENDENCY","0.3333","3","7"
"d2-v5-hard-165","arrow:a4","arrow:a1","REVEAL","0.3333","3","7"
"d2-v5-hard-165","arrow:a4","arrow:a3","ORDER_DEPENDENCY","0.3333","3","7"
"d2-v5-hard-165","magnet:m1","arrow:a2","MAGNET_CONTROL","0.3333","3","7"
"d2-v5-hard-165","magnet:m1","arrow:a2","POLARITY_DEPENDENCY","0.3333","3","7"
"d2-v5-hard-165","magnet:m1","arrow:a3","MAGNET_CONTROL","0.3333","3","7"
"d2-v5-hard-165","magnet:m1","arrow:a3","POLARITY_DEPENDENCY","0.3333","3","7"
"d2-v5-hard-165","magnet:m4","arrow:a1","OCCLUSION","0.3333","3","7"
"d2-v5-hard-165","magnet:m4","arrow:a1","MAGNET_CONTROL","0.3333","3","7"
"d2-v5-hard-165","magnet:m4","arrow:a1","POLARITY_DEPENDENCY","0.3333","3","7"
"d2-v5-hard-165","magnet:m4","arrow:a2","ROUTE_BLOCK","0.3333","3","7"
"d2-v5-hard-165","magnet:m4","arrow:a4","MAGNET_CONTROL","0.3333","3","7"
"d2-v5-hard-165","magnet:m4","arrow:a4","POLARITY_DEPENDENCY","0.3333","3","7"
"d2-v5-hard-165","wall:3,1","arrow:a4","OCCLUSION","0.3333","3","7"
"d2-v5-expert-166","arrow:a1","arrow:a2","COLLISION","0.2727","4","9"
"d2-v5-expert-166","arrow:a1","arrow:a2","ROUTE_BLOCK","0.2727","4","9"
"d2-v5-expert-166","arrow:a1","arrow:a2","ORDER_DEPENDENCY","0.2727","4","9"
"d2-v5-expert-166","arrow:a1","arrow:a3","COLLISION","0.2727","4","9"
"d2-v5-expert-166","arrow:a1","arrow:a4","ALTERNATIVE_PATH","0.2727","4","9"
"d2-v5-expert-166","arrow:a1","arrow:a5","ALTERNATIVE_PATH","0.2727","4","9"
"d2-v5-expert-166","arrow:a1","magnet:m2","COLLISION","0.2727","4","9"
"d2-v5-expert-166","arrow:a2","arrow:a1","COLLISION","0.2727","4","9"
"d2-v5-expert-166","arrow:a2","arrow:a1","OCCLUSION","0.2727","4","9"
"d2-v5-expert-166","arrow:a2","arrow:a1","ROUTE_BLOCK","0.2727","4","9"
"d2-v5-expert-166","arrow:a2","arrow:a1","EXPOSURE","0.2727","4","9"
"d2-v5-expert-166","arrow:a2","arrow:a1","STATE_DEPENDENCY","0.2727","4","9"
"d2-v5-expert-166","arrow:a2","arrow:a1","REVEAL","0.2727","4","9"
"d2-v5-expert-166","arrow:a2","arrow:a4","ALTERNATIVE_PATH","0.2727","4","9"
"d2-v5-expert-166","arrow:a2","magnet:m1","COLLISION","0.2727","4","9"
"d2-v5-expert-166","arrow:a3","arrow:a1","OCCLUSION","0.2727","4","9"
"d2-v5-expert-166","arrow:a3","arrow:a1","ROUTE_BLOCK","0.2727","4","9"
"d2-v5-expert-166","arrow:a3","arrow:a1","EXPOSURE","0.2727","4","9"
"d2-v5-expert-166","arrow:a3","arrow:a1","STATE_DEPENDENCY","0.2727","4","9"
"d2-v5-expert-166","arrow:a3","arrow:a1","REVEAL","0.2727","4","9"
"d2-v5-expert-166","arrow:a3","arrow:a2","ORDER_DEPENDENCY","0.2727","4","9"
"d2-v5-expert-166","arrow:a3","arrow:a4","ALTERNATIVE_PATH","0.2727","4","9"
"d2-v5-expert-166","arrow:a3","arrow:a5","ALTERNATIVE_PATH","0.2727","4","9"
"d2-v5-expert-166","arrow:a4","arrow:a2","ORDER_DEPENDENCY","0.2727","4","9"
"d2-v5-expert-166","arrow:a4","arrow:a5","ALTERNATIVE_PATH","0.2727","4","9"
"d2-v5-expert-166","arrow:a5","arrow:a2","EXPOSURE","0.2727","4","9"
"d2-v5-expert-166","arrow:a5","arrow:a2","STATE_DEPENDENCY","0.2727","4","9"
"d2-v5-expert-166","arrow:a5","arrow:a2","REVEAL","0.2727","4","9"
"d2-v5-expert-166","magnet:m1","arrow:a1","MAGNET_CONTROL","0.2727","4","9"
"d2-v5-expert-166","magnet:m1","arrow:a2","ROUTE_BLOCK","0.2727","4","9"
"d2-v5-expert-166","magnet:m1","magnet:m2","CANCELLATION","0.2727","4","9"
"d2-v5-expert-166","magnet:m2","arrow:a1","MAGNET_CONTROL","0.2727","4","9"
"d2-v5-expert-166","magnet:m2","arrow:a1","POLARITY_DEPENDENCY","0.2727","4","9"
"d2-v5-expert-166","magnet:m2","arrow:a1","ROUTE_BLOCK","0.2727","4","9"
"d2-v5-expert-166","magnet:m2","arrow:a2","MAGNET_CONTROL","0.2727","4","9"
"d2-v5-expert-166","magnet:m2","arrow:a2","POLARITY_DEPENDENCY","0.2727","4","9"
"d2-v5-expert-166","magnet:m2","arrow:a5","MAGNET_CONTROL","0.2727","4","9"
"d2-v5-expert-166","magnet:m3","arrow:a4","OCCLUSION","0.2727","4","9"
"d2-v5-expert-166","magnet:m3","arrow:a4","MAGNET_CONTROL","0.2727","4","9"
"d2-v5-expert-166","magnet:m5","arrow:a3","OCCLUSION","0.2727","4","9"
"d2-v5-expert-166","magnet:m5","arrow:a3","MAGNET_CONTROL","0.2727","4","9"
"d2-v5-medium-167","arrow:a1","arrow:a2","ALTERNATIVE_PATH","0.2121","6","7"
"d2-v5-medium-167","arrow:a1","arrow:a3","COLLISION","0.2121","6","7"
"d2-v5-medium-167","arrow:a1","arrow:a4","ORDER_DEPENDENCY","0.2121","6","7"
"d2-v5-medium-167","arrow:a1","arrow:a4","ALTERNATIVE_PATH","0.2121","6","7"
"d2-v5-medium-167","arrow:a1","arrow:a5","ALTERNATIVE_PATH","0.2121","6","7"
"d2-v5-medium-167","arrow:a2","arrow:a3","ALTERNATIVE_PATH","0.2121","6","7"
"d2-v5-medium-167","arrow:a2","arrow:a4","ORDER_DEPENDENCY","0.2121","6","7"
"d2-v5-medium-167","arrow:a2","arrow:a4","ALTERNATIVE_PATH","0.2121","6","7"
"d2-v5-medium-167","arrow:a2","arrow:a5","ALTERNATIVE_PATH","0.2121","6","7"
"d2-v5-medium-167","arrow:a3","arrow:a1","ROUTE_BLOCK","0.2121","6","7"
"d2-v5-medium-167","arrow:a3","arrow:a1","EXPOSURE","0.2121","6","7"
"d2-v5-medium-167","arrow:a3","arrow:a1","STATE_DEPENDENCY","0.2121","6","7"
"d2-v5-medium-167","arrow:a3","arrow:a1","REVEAL","0.2121","6","7"
"d2-v5-medium-167","arrow:a3","arrow:a4","ORDER_DEPENDENCY","0.2121","6","7"
"d2-v5-medium-167","arrow:a3","arrow:a4","ALTERNATIVE_PATH","0.2121","6","7"
"d2-v5-medium-167","arrow:a3","arrow:a5","ALTERNATIVE_PATH","0.2121","6","7"
"d2-v5-medium-167","arrow:a4","arrow:a5","EXPOSURE","0.2121","6","7"
"d2-v5-medium-167","arrow:a4","arrow:a5","STATE_DEPENDENCY","0.2121","6","7"
"d2-v5-medium-167","arrow:a4","arrow:a5","REVEAL","0.2121","6","7"
"d2-v5-medium-167","arrow:a5","arrow:a4","EXPOSURE","0.2121","6","7"
"d2-v5-medium-167","arrow:a5","arrow:a4","ORDER_DEPENDENCY","0.2121","6","7"
"d2-v5-medium-167","arrow:a5","arrow:a4","STATE_DEPENDENCY","0.2121","6","7"
"d2-v5-medium-167","arrow:a5","arrow:a4","REVEAL","0.2121","6","7"
"d2-v5-medium-167","arrow:a5","wall:2,2","COLLISION","0.2121","6","7"
"d2-v5-medium-167","magnet:m1","arrow:a4","MAGNET_CONTROL","0.2121","6","7"
"d2-v5-medium-167","magnet:m1","arrow:a4","POLARITY_DEPENDENCY","0.2121","6","7"
"d2-v5-medium-167","magnet:m1","arrow:a5","MAGNET_CONTROL","0.2121","6","7"
"d2-v5-medium-167","magnet:m1","arrow:a5","POLARITY_DEPENDENCY","0.2121","6","7"
"d2-v5-medium-167","wall:2,2","arrow:a1","OCCLUSION","0.2121","6","7"
"d2-v5-medium-167","wall:2,2","arrow:a5","ROUTE_BLOCK","0.2121","6","7"
"d2-v5-expert-168","arrow:a1","arrow:a2","OCCLUSION","0.2576","4","9"
"d2-v5-expert-168","arrow:a1","arrow:a2","ROUTE_BLOCK","0.2576","4","9"
"d2-v5-expert-168","arrow:a1","arrow:a2","EXPOSURE","0.2576","4","9"
"d2-v5-expert-168","arrow:a1","arrow:a2","STATE_DEPENDENCY","0.2576","4","9"
"d2-v5-expert-168","arrow:a1","arrow:a2","REVEAL","0.2576","4","9"
"d2-v5-expert-168","arrow:a1","arrow:a3","ALTERNATIVE_PATH","0.2576","4","9"
"d2-v5-expert-168","arrow:a1","arrow:a4","ALTERNATIVE_PATH","0.2576","4","9"
"d2-v5-expert-168","arrow:a1","arrow:a5","OCCLUSION","0.2576","4","9"
"d2-v5-expert-168","arrow:a1","arrow:a5","EXPOSURE","0.2576","4","9"
"d2-v5-expert-168","arrow:a1","arrow:a5","STATE_DEPENDENCY","0.2576","4","9"
"d2-v5-expert-168","arrow:a1","arrow:a5","REVEAL","0.2576","4","9"
"d2-v5-expert-168","arrow:a1","arrow:a5","ALTERNATIVE_PATH","0.2576","4","9"
"d2-v5-expert-168","arrow:a2","arrow:a1","COLLISION","0.2576","4","9"
"d2-v5-expert-168","arrow:a2","arrow:a1","ORDER_DEPENDENCY","0.2576","4","9"
"d2-v5-expert-168","arrow:a2","arrow:a3","EXPOSURE","0.2576","4","9"
"d2-v5-expert-168","arrow:a2","arrow:a3","ORDER_DEPENDENCY","0.2576","4","9"
"d2-v5-expert-168","arrow:a2","arrow:a3","STATE_DEPENDENCY","0.2576","4","9"
"d2-v5-expert-168","arrow:a2","arrow:a3","REVEAL","0.2576","4","9"
"d2-v5-expert-168","arrow:a2","arrow:a4","ALTERNATIVE_PATH","0.2576","4","9"
"d2-v5-expert-168","arrow:a2","arrow:a5","ALTERNATIVE_PATH","0.2576","4","9"
"d2-v5-expert-168","arrow:a2","magnet:m2","COLLISION","0.2576","4","9"
"d2-v5-expert-168","arrow:a3","arrow:a2","EXPOSURE","0.2576","4","9"
"d2-v5-expert-168","arrow:a3","arrow:a2","STATE_DEPENDENCY","0.2576","4","9"
"d2-v5-expert-168","arrow:a3","arrow:a2","REVEAL","0.2576","4","9"
"d2-v5-expert-168","arrow:a3","arrow:a4","ALTERNATIVE_PATH","0.2576","4","9"
"d2-v5-expert-168","arrow:a3","arrow:a5","ALTERNATIVE_PATH","0.2576","4","9"
"d2-v5-expert-168","arrow:a4","arrow:a1","ORDER_DEPENDENCY","0.2576","4","9"
"d2-v5-expert-168","arrow:a4","arrow:a3","ORDER_DEPENDENCY","0.2576","4","9"
"d2-v5-expert-168","arrow:a4","arrow:a5","ALTERNATIVE_PATH","0.2576","4","9"
"d2-v5-expert-168","arrow:a5","arrow:a1","ORDER_DEPENDENCY","0.2576","4","9"
"d2-v5-expert-168","arrow:a5","arrow:a3","ORDER_DEPENDENCY","0.2576","4","9"
"d2-v5-expert-168","magnet:m2","arrow:a2","MAGNET_CONTROL","0.2576","4","9"
"d2-v5-expert-168","magnet:m2","arrow:a2","POLARITY_DEPENDENCY","0.2576","4","9"
"d2-v5-expert-168","magnet:m2","arrow:a2","ROUTE_BLOCK","0.2576","4","9"
"d2-v5-expert-168","magnet:m2","arrow:a3","MAGNET_CONTROL","0.2576","4","9"
"d2-v5-expert-168","magnet:m2","arrow:a3","POLARITY_DEPENDENCY","0.2576","4","9"
"d2-v5-expert-168","magnet:m2","magnet:m4","CANCELLATION","0.2576","4","9"
"d2-v5-expert-168","magnet:m4","arrow:a1","OCCLUSION","0.2576","4","9"
"d2-v5-expert-168","magnet:m4","arrow:a1","MAGNET_CONTROL","0.2576","4","9"
"d2-v5-expert-168","magnet:m4","arrow:a2","OCCLUSION","0.2576","4","9"
"d2-v5-expert-168","magnet:m5","arrow:a5","MAGNET_CONTROL","0.2576","4","9"
"d2-v5-expert-168","wall:3,4","arrow:a4","OCCLUSION","0.2576","4","9"
"d2-v5-hard-169","arrow:a1","arrow:a3","ALTERNATIVE_PATH","0.2121","4","9"
"d2-v5-hard-169","arrow:a1","arrow:a4","EXPOSURE","0.2121","4","9"
"d2-v5-hard-169","arrow:a1","arrow:a4","STATE_DEPENDENCY","0.2121","4","9"
"d2-v5-hard-169","arrow:a1","arrow:a4","REVEAL","0.2121","4","9"
"d2-v5-hard-169","arrow:a1","arrow:a5","ROUTE_BLOCK","0.2121","4","9"
"d2-v5-hard-169","arrow:a1","arrow:a5","EXPOSURE","0.2121","4","9"
"d2-v5-hard-169","arrow:a1","arrow:a5","STATE_DEPENDENCY","0.2121","4","9"
"d2-v5-hard-169","arrow:a1","arrow:a5","REVEAL","0.2121","4","9"
"d2-v5-hard-169","arrow:a2","arrow:a3","ALTERNATIVE_PATH","0.2121","4","9"
"d2-v5-hard-169","arrow:a2","wall:5,2","COLLISION","0.2121","4","9"
"d2-v5-hard-169","arrow:a3","arrow:a1","ORDER_DEPENDENCY","0.2121","4","9"
"d2-v5-hard-169","arrow:a3","arrow:a4","ALTERNATIVE_PATH","0.2121","4","9"
"d2-v5-hard-169","arrow:a3","arrow:a5","ALTERNATIVE_PATH","0.2121","4","9"
"d2-v5-hard-169","arrow:a4","arrow:a1","EXPOSURE","0.2121","4","9"
"d2-v5-hard-169","arrow:a4","arrow:a1","ORDER_DEPENDENCY","0.2121","4","9"
"d2-v5-hard-169","arrow:a4","arrow:a1","STATE_DEPENDENCY","0.2121","4","9"
"d2-v5-hard-169","arrow:a4","arrow:a1","REVEAL","0.2121","4","9"
"d2-v5-hard-169","arrow:a4","wall:3,3","COLLISION","0.2121","4","9"
"d2-v5-hard-169","arrow:a5","arrow:a1","COLLISION","0.2121","4","9"
"d2-v5-hard-169","arrow:a5","arrow:a2","EXPOSURE","0.2121","4","9"
"d2-v5-hard-169","arrow:a5","arrow:a2","STATE_DEPENDENCY","0.2121","4","9"
"d2-v5-hard-169","arrow:a5","arrow:a2","REVEAL","0.2121","4","9"
"d2-v5-hard-169","magnet:m1","arrow:a2","MAGNET_CONTROL","0.2121","4","9"
"d2-v5-hard-169","magnet:m1","arrow:a2","POLARITY_DEPENDENCY","0.2121","4","9"
"d2-v5-hard-169","magnet:m1","arrow:a5","MAGNET_CONTROL","0.2121","4","9"
"d2-v5-hard-169","magnet:m2","arrow:a1","MAGNET_CONTROL","0.2121","4","9"
"d2-v5-hard-169","magnet:m2","arrow:a1","POLARITY_DEPENDENCY","0.2121","4","9"
"d2-v5-hard-169","magnet:m2","arrow:a4","MAGNET_CONTROL","0.2121","4","9"
"d2-v5-hard-169","magnet:m2","arrow:a4","POLARITY_DEPENDENCY","0.2121","4","9"
"d2-v5-hard-169","wall:3,3","arrow:a4","ROUTE_BLOCK","0.2121","4","9"
"d2-v5-hard-169","wall:5,2","arrow:a2","ROUTE_BLOCK","0.2121","4","9"
"d2-v5-hard-169","wall:5,2","arrow:a3","OCCLUSION","0.2121","4","9"
"d2-v5-medium-170","arrow:a1","arrow:a2","ROUTE_BLOCK","0.4167","2","8"
"d2-v5-medium-170","arrow:a1","arrow:a2","EXPOSURE","0.4167","2","8"
"d2-v5-medium-170","arrow:a1","arrow:a2","STATE_DEPENDENCY","0.4167","2","8"
"d2-v5-medium-170","arrow:a1","arrow:a2","REVEAL","0.4167","2","8"
"d2-v5-medium-170","arrow:a1","arrow:a3","ALTERNATIVE_PATH","0.4167","2","8"
"d2-v5-medium-170","arrow:a1","arrow:a4","ORDER_DEPENDENCY","0.4167","2","8"
"d2-v5-medium-170","arrow:a1","arrow:a4","ALTERNATIVE_PATH","0.4167","2","8"
"d2-v5-medium-170","arrow:a1","arrow:a5","ALTERNATIVE_PATH","0.4167","2","8"
"d2-v5-medium-170","arrow:a2","arrow:a1","COLLISION","0.4167","2","8"
"d2-v5-medium-170","arrow:a2","arrow:a1","OCCLUSION","0.4167","2","8"
"d2-v5-medium-170","arrow:a2","arrow:a3","ALTERNATIVE_PATH","0.4167","2","8"
"d2-v5-medium-170","arrow:a2","arrow:a4","ORDER_DEPENDENCY","0.4167","2","8"
"d2-v5-medium-170","arrow:a2","arrow:a4","ALTERNATIVE_PATH","0.4167","2","8"
"d2-v5-medium-170","arrow:a2","arrow:a5","ALTERNATIVE_PATH","0.4167","2","8"
"d2-v5-medium-170","arrow:a3","arrow:a4","ORDER_DEPENDENCY","0.4167","2","8"
"d2-v5-medium-170","arrow:a3","arrow:a4","ALTERNATIVE_PATH","0.4167","2","8"
"d2-v5-medium-170","arrow:a3","arrow:a5","ALTERNATIVE_PATH","0.4167","2","8"
"d2-v5-medium-170","arrow:a4","arrow:a5","EXPOSURE","0.4167","2","8"
"d2-v5-medium-170","arrow:a4","arrow:a5","STATE_DEPENDENCY","0.4167","2","8"
"d2-v5-medium-170","arrow:a4","arrow:a5","REVEAL","0.4167","2","8"
"d2-v5-medium-170","arrow:a5","arrow:a4","EXPOSURE","0.4167","2","8"
"d2-v5-medium-170","arrow:a5","arrow:a4","ORDER_DEPENDENCY","0.4167","2","8"
"d2-v5-medium-170","arrow:a5","arrow:a4","STATE_DEPENDENCY","0.4167","2","8"
"d2-v5-medium-170","arrow:a5","arrow:a4","REVEAL","0.4167","2","8"
"d2-v5-medium-170","arrow:a5","wall:4,3","COLLISION","0.4167","2","8"
"d2-v5-medium-170","magnet:m2","arrow:a2","OCCLUSION","0.4167","2","8"
"d2-v5-medium-170","magnet:m2","arrow:a2","MAGNET_CONTROL","0.4167","2","8"
"d2-v5-medium-170","magnet:m3","arrow:a4","OCCLUSION","0.4167","2","8"
"d2-v5-medium-170","magnet:m3","arrow:a4","MAGNET_CONTROL","0.4167","2","8"
"d2-v5-medium-170","magnet:m3","arrow:a4","POLARITY_DEPENDENCY","0.4167","2","8"
"d2-v5-medium-170","magnet:m3","arrow:a5","MAGNET_CONTROL","0.4167","2","8"
"d2-v5-medium-170","magnet:m3","arrow:a5","POLARITY_DEPENDENCY","0.4167","2","8"
"d2-v5-medium-170","wall:4,3","arrow:a3","OCCLUSION","0.4167","2","8"
"d2-v5-medium-170","wall:4,3","arrow:a5","ROUTE_BLOCK","0.4167","2","8"
"d2-v5-expert-171","arrow:a1","arrow:a2","OCCLUSION","0.2","5","11"
"d2-v5-expert-171","arrow:a1","arrow:a2","ROUTE_BLOCK","0.2","5","11"
"d2-v5-expert-171","arrow:a1","arrow:a2","EXPOSURE","0.2","5","11"
"d2-v5-expert-171","arrow:a1","arrow:a2","STATE_DEPENDENCY","0.2","5","11"
"d2-v5-expert-171","arrow:a1","arrow:a2","REVEAL","0.2","5","11"
"d2-v5-expert-171","arrow:a1","arrow:a3","ALTERNATIVE_PATH","0.2","5","11"
"d2-v5-expert-171","arrow:a1","arrow:a4","ALTERNATIVE_PATH","0.2","5","11"
"d2-v5-expert-171","arrow:a1","arrow:a5","ORDER_DEPENDENCY","0.2","5","11"
"d2-v5-expert-171","arrow:a1","wall:3,5","COLLISION","0.2","5","11"
"d2-v5-expert-171","arrow:a2","arrow:a1","COLLISION","0.2","5","11"
"d2-v5-expert-171","arrow:a2","arrow:a1","OCCLUSION","0.2","5","11"
"d2-v5-expert-171","arrow:a2","arrow:a1","ORDER_DEPENDENCY","0.2","5","11"
"d2-v5-expert-171","arrow:a2","arrow:a3","ALTERNATIVE_PATH","0.2","5","11"
"d2-v5-expert-171","arrow:a2","arrow:a4","ALTERNATIVE_PATH","0.2","5","11"
"d2-v5-expert-171","arrow:a2","arrow:a5","COLLISION","0.2","5","11"
"d2-v5-expert-171","arrow:a2","arrow:a5","ORDER_DEPENDENCY","0.2","5","11"
"d2-v5-expert-171","arrow:a2","magnet:m1","COLLISION","0.2","5","11"
"d2-v5-expert-171","arrow:a3","arrow:a1","ORDER_DEPENDENCY","0.2","5","11"
"d2-v5-expert-171","arrow:a3","arrow:a4","EXPOSURE","0.2","5","11"
"d2-v5-expert-171","arrow:a3","arrow:a4","STATE_DEPENDENCY","0.2","5","11"
"d2-v5-expert-171","arrow:a3","arrow:a4","REVEAL","0.2","5","11"
"d2-v5-expert-171","arrow:a3","arrow:a4","ALTERNATIVE_PATH","0.2","5","11"
"d2-v5-expert-171","arrow:a3","arrow:a5","ORDER_DEPENDENCY","0.2","5","11"
"d2-v5-expert-171","arrow:a3","arrow:a5","ALTERNATIVE_PATH","0.2","5","11"
"d2-v5-expert-171","arrow:a4","arrow:a1","ORDER_DEPENDENCY","0.2","5","11"
"d2-v5-expert-171","arrow:a4","arrow:a3","EXPOSURE","0.2","5","11"
"d2-v5-expert-171","arrow:a4","arrow:a3","STATE_DEPENDENCY","0.2","5","11"
"d2-v5-expert-171","arrow:a4","arrow:a3","REVEAL","0.2","5","11"
"d2-v5-expert-171","arrow:a4","arrow:a5","ORDER_DEPENDENCY","0.2","5","11"
"d2-v5-expert-171","arrow:a4","arrow:a5","ALTERNATIVE_PATH","0.2","5","11"
"d2-v5-expert-171","arrow:a5","arrow:a1","OCCLUSION","0.2","5","11"
"d2-v5-expert-171","arrow:a5","arrow:a1","EXPOSURE","0.2","5","11"
"d2-v5-expert-171","arrow:a5","arrow:a1","STATE_DEPENDENCY","0.2","5","11"
"d2-v5-expert-171","arrow:a5","arrow:a1","REVEAL","0.2","5","11"
"d2-v5-expert-171","arrow:a5","arrow:a2","OCCLUSION","0.2","5","11"
"d2-v5-expert-171","arrow:a5","arrow:a2","ROUTE_BLOCK","0.2","5","11"
"d2-v5-expert-171","arrow:a5","arrow:a2","EXPOSURE","0.2","5","11"
"d2-v5-expert-171","arrow:a5","arrow:a2","STATE_DEPENDENCY","0.2","5","11"
"d2-v5-expert-171","arrow:a5","arrow:a2","REVEAL","0.2","5","11"
"d2-v5-expert-171","magnet:m1","arrow:a1","MAGNET_CONTROL","0.2","5","11"
"d2-v5-expert-171","magnet:m1","arrow:a2","MAGNET_CONTROL","0.2","5","11"
"d2-v5-expert-171","magnet:m1","arrow:a2","POLARITY_DEPENDENCY","0.2","5","11"
"d2-v5-expert-171","magnet:m1","arrow:a2","ROUTE_BLOCK","0.2","5","11"
"d2-v5-expert-171","magnet:m1","magnet:m2","CANCELLATION","0.2","5","11"
"d2-v5-expert-171","magnet:m2","arrow:a2","MAGNET_CONTROL","0.2","5","11"
"d2-v5-expert-171","magnet:m2","arrow:a2","POLARITY_DEPENDENCY","0.2","5","11"
"d2-v5-expert-171","magnet:m2","arrow:a5","MAGNET_CONTROL","0.2","5","11"
"d2-v5-expert-171","magnet:m3","arrow:a3","MAGNET_CONTROL","0.2","5","11"
"d2-v5-expert-171","magnet:m3","arrow:a3","POLARITY_DEPENDENCY","0.2","5","11"
"d2-v5-expert-171","magnet:m3","arrow:a4","MAGNET_CONTROL","0.2","5","11"
"d2-v5-expert-171","magnet:m3","arrow:a4","POLARITY_DEPENDENCY","0.2","5","11"
"d2-v5-expert-171","magnet:m6","arrow:a2","MAGNET_CONTROL","0.2","5","11"
"d2-v5-expert-171","wall:3,5","arrow:a1","ROUTE_BLOCK","0.2","5","11"
"d2-v5-expert-171","wall:3,5","arrow:a4","OCCLUSION","0.2","5","11"
"d2-v5-expert-171","wall:6,8","arrow:a3","OCCLUSION","0.2","5","11"
"d2-v5-hard-172","arrow:a1","arrow:a2","ALTERNATIVE_PATH","0.2909","2","10"
"d2-v5-hard-172","arrow:a1","arrow:a3","EXPOSURE","0.2909","2","10"
"d2-v5-hard-172","arrow:a1","arrow:a3","STATE_DEPENDENCY","0.2909","2","10"
"d2-v5-hard-172","arrow:a1","arrow:a3","REVEAL","0.2909","2","10"
"d2-v5-hard-172","arrow:a1","arrow:a4","ALTERNATIVE_PATH","0.2909","2","10"
"d2-v5-hard-172","arrow:a1","arrow:a5","OCCLUSION","0.2909","2","10"
"d2-v5-hard-172","arrow:a1","arrow:a5","ROUTE_BLOCK","0.2909","2","10"
"d2-v5-hard-172","arrow:a1","arrow:a5","EXPOSURE","0.2909","2","10"
"d2-v5-hard-172","arrow:a1","arrow:a5","STATE_DEPENDENCY","0.2909","2","10"
"d2-v5-hard-172","arrow:a1","arrow:a5","REVEAL","0.2909","2","10"
"d2-v5-hard-172","arrow:a2","arrow:a1","ORDER_DEPENDENCY","0.2909","2","10"
"d2-v5-hard-172","arrow:a2","arrow:a3","ALTERNATIVE_PATH","0.2909","2","10"
"d2-v5-hard-172","arrow:a2","arrow:a4","ALTERNATIVE_PATH","0.2909","2","10"
"d2-v5-hard-172","arrow:a2","arrow:a5","ALTERNATIVE_PATH","0.2909","2","10"
"d2-v5-hard-172","arrow:a3","arrow:a1","EXPOSURE","0.2909","2","10"
"d2-v5-hard-172","arrow:a3","arrow:a1","ORDER_DEPENDENCY","0.2909","2","10"
"d2-v5-hard-172","arrow:a3","arrow:a1","STATE_DEPENDENCY","0.2909","2","10"
"d2-v5-hard-172","arrow:a3","arrow:a1","REVEAL","0.2909","2","10"
"d2-v5-hard-172","arrow:a3","arrow:a4","ALTERNATIVE_PATH","0.2909","2","10"
"d2-v5-hard-172","arrow:a3","wall:4,5","COLLISION","0.2909","2","10"
"d2-v5-hard-172","arrow:a4","arrow:a1","ORDER_DEPENDENCY","0.2909","2","10"
"d2-v5-hard-172","arrow:a4","arrow:a5","ALTERNATIVE_PATH","0.2909","2","10"
"d2-v5-hard-172","arrow:a5","arrow:a1","COLLISION","0.2909","2","10"
"d2-v5-hard-172","magnet:m1","arrow:a4","MAGNET_CONTROL","0.2909","2","10"
"d2-v5-hard-172","magnet:m2","arrow:a2","OCCLUSION","0.2909","2","10"
"d2-v5-hard-172","magnet:m2","arrow:a2","MAGNET_CONTROL","0.2909","2","10"
"d2-v5-hard-172","magnet:m3","arrow:a1","OCCLUSION","0.2909","2","10"
"d2-v5-hard-172","magnet:m3","arrow:a1","MAGNET_CONTROL","0.2909","2","10"
"d2-v5-hard-172","magnet:m3","arrow:a1","POLARITY_DEPENDENCY","0.2909","2","10"
"d2-v5-hard-172","magnet:m3","arrow:a3","MAGNET_CONTROL","0.2909","2","10"
"d2-v5-hard-172","magnet:m3","arrow:a3","POLARITY_DEPENDENCY","0.2909","2","10"
"d2-v5-hard-172","magnet:m4","arrow:a5","MAGNET_CONTROL","0.2909","2","10"
"d2-v5-hard-172","wall:4,5","arrow:a3","ROUTE_BLOCK","0.2909","2","10"
"d2-v5-hard-172","wall:4,5","arrow:a5","OCCLUSION","0.2909","2","10"
"d2-v5-hard-173","arrow:a1","arrow:a2","ALTERNATIVE_PATH","0.6429","2","7"
"d2-v5-hard-173","arrow:a1","arrow:a3","EXPOSURE","0.6429","2","7"
"d2-v5-hard-173","arrow:a1","arrow:a3","STATE_DEPENDENCY","0.6429","2","7"
"d2-v5-hard-173","arrow:a1","arrow:a3","REVEAL","0.6429","2","7"
"d2-v5-hard-173","arrow:a1","arrow:a4","EXPOSURE","0.6429","2","7"
"d2-v5-hard-173","arrow:a1","arrow:a4","STATE_DEPENDENCY","0.6429","2","7"
"d2-v5-hard-173","arrow:a1","arrow:a4","REVEAL","0.6429","2","7"
"d2-v5-hard-173","arrow:a1","arrow:a5","ORDER_DEPENDENCY","0.6429","2","7"
"d2-v5-hard-173","arrow:a2","arrow:a1","ORDER_DEPENDENCY","0.6429","2","7"
"d2-v5-hard-173","arrow:a2","arrow:a3","ALTERNATIVE_PATH","0.6429","2","7"
"d2-v5-hard-173","arrow:a2","arrow:a4","ALTERNATIVE_PATH","0.6429","2","7"
"d2-v5-hard-173","arrow:a2","arrow:a5","EXPOSURE","0.6429","2","7"
"d2-v5-hard-173","arrow:a2","arrow:a5","STATE_DEPENDENCY","0.6429","2","7"
"d2-v5-hard-173","arrow:a2","arrow:a5","REVEAL","0.6429","2","7"
"d2-v5-hard-173","arrow:a3","arrow:a4","COLLISION","0.6429","2","7"
"d2-v5-hard-173","arrow:a3","arrow:a4","ROUTE_BLOCK","0.6429","2","7"
"d2-v5-hard-173","arrow:a3","arrow:a5","COLLISION","0.6429","2","7"
"d2-v5-hard-173","arrow:a3","arrow:a5","ROUTE_BLOCK","0.6429","2","7"
"d2-v5-hard-173","arrow:a3","arrow:a5","ORDER_DEPENDENCY","0.6429","2","7"
"d2-v5-hard-173","arrow:a3","magnet:m2","COLLISION","0.6429","2","7"
"d2-v5-hard-173","arrow:a4","arrow:a1","EXPOSURE","0.6429","2","7"
"d2-v5-hard-173","arrow:a4","arrow:a1","ORDER_DEPENDENCY","0.6429","2","7"
"d2-v5-hard-173","arrow:a4","arrow:a1","STATE_DEPENDENCY","0.6429","2","7"
"d2-v5-hard-173","arrow:a4","arrow:a1","REVEAL","0.6429","2","7"
"d2-v5-hard-173","arrow:a4","arrow:a3","COLLISION","0.6429","2","7"
"d2-v5-hard-173","arrow:a4","arrow:a3","OCCLUSION","0.6429","2","7"
"d2-v5-hard-173","arrow:a4","arrow:a3","ROUTE_BLOCK","0.6429","2","7"
"d2-v5-hard-173","arrow:a4","arrow:a3","EXPOSURE","0.6429","2","7"
"d2-v5-hard-173","arrow:a4","arrow:a3","STATE_DEPENDENCY","0.6429","2","7"
"d2-v5-hard-173","arrow:a4","arrow:a3","REVEAL","0.6429","2","7"
"d2-v5-hard-173","arrow:a4","arrow:a5","ORDER_DEPENDENCY","0.6429","2","7"
"d2-v5-hard-173","arrow:a5","arrow:a3","COLLISION","0.6429","2","7"
"d2-v5-hard-173","arrow:a5","arrow:a3","OCCLUSION","0.6429","2","7"
"d2-v5-hard-173","arrow:a5","arrow:a3","ROUTE_BLOCK","0.6429","2","7"
"d2-v5-hard-173","arrow:a5","arrow:a3","EXPOSURE","0.6429","2","7"
"d2-v5-hard-173","arrow:a5","arrow:a3","STATE_DEPENDENCY","0.6429","2","7"
"d2-v5-hard-173","arrow:a5","arrow:a3","REVEAL","0.6429","2","7"
"d2-v5-hard-173","arrow:a5","magnet:m2","COLLISION","0.6429","2","7"
"d2-v5-hard-173","magnet:m1","arrow:a2","OCCLUSION","0.6429","2","7"
"d2-v5-hard-173","magnet:m1","arrow:a2","MAGNET_CONTROL","0.6429","2","7"
"d2-v5-hard-173","magnet:m1","arrow:a3","MAGNET_CONTROL","0.6429","2","7"
"d2-v5-hard-173","magnet:m1","arrow:a3","POLARITY_DEPENDENCY","0.6429","2","7"
"d2-v5-hard-173","magnet:m1","arrow:a5","MAGNET_CONTROL","0.6429","2","7"
"d2-v5-hard-173","magnet:m1","arrow:a5","POLARITY_DEPENDENCY","0.6429","2","7"
"d2-v5-hard-173","magnet:m1","magnet:m2","CANCELLATION","0.6429","2","7"
"d2-v5-hard-173","magnet:m2","arrow:a1","OCCLUSION","0.6429","2","7"
"d2-v5-hard-173","magnet:m2","arrow:a1","MAGNET_CONTROL","0.6429","2","7"
"d2-v5-hard-173","magnet:m2","arrow:a1","POLARITY_DEPENDENCY","0.6429","2","7"
"d2-v5-hard-173","magnet:m2","arrow:a3","MAGNET_CONTROL","0.6429","2","7"
"d2-v5-hard-173","magnet:m2","arrow:a3","POLARITY_DEPENDENCY","0.6429","2","7"
"d2-v5-hard-173","magnet:m2","arrow:a3","ROUTE_BLOCK","0.6429","2","7"
"d2-v5-hard-173","magnet:m2","arrow:a4","MAGNET_CONTROL","0.6429","2","7"
"d2-v5-hard-173","magnet:m2","arrow:a4","POLARITY_DEPENDENCY","0.6429","2","7"
"d2-v5-hard-173","magnet:m2","arrow:a5","ROUTE_BLOCK","0.6429","2","7"
"d2-v5-expert-174","arrow:a1","arrow:a2","ORDER_DEPENDENCY","0.2576","4","9"
"d2-v5-expert-174","arrow:a1","arrow:a3","ALTERNATIVE_PATH","0.2576","4","9"
"d2-v5-expert-174","arrow:a1","arrow:a4","ORDER_DEPENDENCY","0.2576","4","9"
"d2-v5-expert-174","arrow:a1","arrow:a4","ALTERNATIVE_PATH","0.2576","4","9"
"d2-v5-expert-174","arrow:a1","arrow:a5","ALTERNATIVE_PATH","0.2576","4","9"
"d2-v5-expert-174","arrow:a1","wall:3,4","COLLISION","0.2576","4","9"
"d2-v5-expert-174","arrow:a2","arrow:a1","OCCLUSION","0.2576","4","9"
"d2-v5-expert-174","arrow:a2","arrow:a1","EXPOSURE","0.2576","4","9"
"d2-v5-expert-174","arrow:a2","arrow:a1","STATE_DEPENDENCY","0.2576","4","9"
"d2-v5-expert-174","arrow:a2","arrow:a1","REVEAL","0.2576","4","9"
"d2-v5-expert-174","arrow:a2","arrow:a3","ALTERNATIVE_PATH","0.2576","4","9"
"d2-v5-expert-174","arrow:a2","arrow:a4","ORDER_DEPENDENCY","0.2576","4","9"
"d2-v5-expert-174","arrow:a2","arrow:a4","ALTERNATIVE_PATH","0.2576","4","9"
"d2-v5-expert-174","arrow:a2","arrow:a5","ALTERNATIVE_PATH","0.2576","4","9"
"d2-v5-expert-174","arrow:a3","arrow:a2","ORDER_DEPENDENCY","0.2576","4","9"
"d2-v5-expert-174","arrow:a3","arrow:a4","ROUTE_BLOCK","0.2576","4","9"
"d2-v5-expert-174","arrow:a3","arrow:a4","EXPOSURE","0.2576","4","9"
"d2-v5-expert-174","arrow:a3","arrow:a4","STATE_DEPENDENCY","0.2576","4","9"
"d2-v5-expert-174","arrow:a3","arrow:a4","REVEAL","0.2576","4","9"
"d2-v5-expert-174","arrow:a3","arrow:a4","ALTERNATIVE_PATH","0.2576","4","9"
"d2-v5-expert-174","arrow:a3","arrow:a5","EXPOSURE","0.2576","4","9"
"d2-v5-expert-174","arrow:a3","arrow:a5","STATE_DEPENDENCY","0.2576","4","9"
"d2-v5-expert-174","arrow:a3","arrow:a5","REVEAL","0.2576","4","9"
"d2-v5-expert-174","arrow:a3","arrow:a5","ALTERNATIVE_PATH","0.2576","4","9"
"d2-v5-expert-174","arrow:a4","arrow:a2","ORDER_DEPENDENCY","0.2576","4","9"
"d2-v5-expert-174","arrow:a4","arrow:a3","COLLISION","0.2576","4","9"
"d2-v5-expert-174","arrow:a4","arrow:a3","OCCLUSION","0.2576","4","9"
"d2-v5-expert-174","arrow:a4","arrow:a3","EXPOSURE","0.2576","4","9"
"d2-v5-expert-174","arrow:a4","arrow:a3","STATE_DEPENDENCY","0.2576","4","9"
"d2-v5-expert-174","arrow:a4","arrow:a3","REVEAL","0.2576","4","9"
"d2-v5-expert-174","arrow:a4","arrow:a5","EXPOSURE","0.2576","4","9"
"d2-v5-expert-174","arrow:a4","arrow:a5","STATE_DEPENDENCY","0.2576","4","9"
"d2-v5-expert-174","arrow:a4","arrow:a5","REVEAL","0.2576","4","9"
"d2-v5-expert-174","arrow:a4","arrow:a5","ALTERNATIVE_PATH","0.2576","4","9"
"d2-v5-expert-174","arrow:a5","arrow:a2","ORDER_DEPENDENCY","0.2576","4","9"
"d2-v5-expert-174","arrow:a5","arrow:a4","EXPOSURE","0.2576","4","9"
"d2-v5-expert-174","arrow:a5","arrow:a4","ORDER_DEPENDENCY","0.2576","4","9"
"d2-v5-expert-174","arrow:a5","arrow:a4","STATE_DEPENDENCY","0.2576","4","9"
"d2-v5-expert-174","arrow:a5","arrow:a4","REVEAL","0.2576","4","9"
"d2-v5-expert-174","arrow:a5","wall:1,3","COLLISION","0.2576","4","9"
"d2-v5-expert-174","magnet:m2","arrow:a1","MAGNET_CONTROL","0.2576","4","9"
"d2-v5-expert-174","magnet:m2","arrow:a1","POLARITY_DEPENDENCY","0.2576","4","9"
"d2-v5-expert-174","magnet:m2","arrow:a2","MAGNET_CONTROL","0.2576","4","9"
"d2-v5-expert-174","magnet:m3","arrow:a3","MAGNET_CONTROL","0.2576","4","9"
"d2-v5-expert-174","magnet:m3","arrow:a3","POLARITY_DEPENDENCY","0.2576","4","9"
"d2-v5-expert-174","magnet:m3","arrow:a4","MAGNET_CONTROL","0.2576","4","9"
"d2-v5-expert-174","magnet:m3","arrow:a4","POLARITY_DEPENDENCY","0.2576","4","9"
"d2-v5-expert-174","magnet:m3","arrow:a5","MAGNET_CONTROL","0.2576","4","9"
"d2-v5-expert-174","magnet:m3","arrow:a5","POLARITY_DEPENDENCY","0.2576","4","9"
"d2-v5-expert-174","wall:1,3","arrow:a5","ROUTE_BLOCK","0.2576","4","9"
"d2-v5-expert-174","wall:3,4","arrow:a1","OCCLUSION","0.2576","4","9"
"d2-v5-expert-174","wall:3,4","arrow:a1","ROUTE_BLOCK","0.2576","4","9"
"d2-v5-medium-175","arrow:a1","arrow:a2","ALTERNATIVE_PATH","0.1364","6","7"
"d2-v5-medium-175","arrow:a1","arrow:a3","OCCLUSION","0.1364","6","7"
"d2-v5-medium-175","arrow:a1","arrow:a3","EXPOSURE","0.1364","6","7"
"d2-v5-medium-175","arrow:a1","arrow:a3","STATE_DEPENDENCY","0.1364","6","7"
"d2-v5-medium-175","arrow:a1","arrow:a3","REVEAL","0.1364","6","7"
"d2-v5-medium-175","arrow:a1","arrow:a4","ALTERNATIVE_PATH","0.1364","6","7"
"d2-v5-medium-175","arrow:a2","arrow:a1","ORDER_DEPENDENCY","0.1364","6","7"
"d2-v5-medium-175","arrow:a2","arrow:a3","ALTERNATIVE_PATH","0.1364","6","7"
"d2-v5-medium-175","arrow:a2","arrow:a4","ALTERNATIVE_PATH","0.1364","6","7"
"d2-v5-medium-175","arrow:a3","arrow:a1","ORDER_DEPENDENCY","0.1364","6","7"
"d2-v5-medium-175","arrow:a3","wall:3,6","COLLISION","0.1364","6","7"
"d2-v5-medium-175","arrow:a4","arrow:a1","ORDER_DEPENDENCY","0.1364","6","7"
"d2-v5-medium-175","magnet:m1","arrow:a1","MAGNET_CONTROL","0.1364","6","7"
"d2-v5-medium-175","magnet:m1","arrow:a3","MAGNET_CONTROL","0.1364","6","7"
"d2-v5-medium-175","magnet:m1","arrow:a3","POLARITY_DEPENDENCY","0.1364","6","7"
"d2-v5-medium-175","wall:3,6","arrow:a3","ROUTE_BLOCK","0.1364","6","7"
"d2-v5-medium-175","wall:6,5","arrow:a2","OCCLUSION","0.1364","6","7"
"d2-v5-expert-176","arrow:a1","arrow:a2","ALTERNATIVE_PATH","0.2179","5","9"
"d2-v5-expert-176","arrow:a1","arrow:a3","ALTERNATIVE_PATH","0.2179","5","9"
"d2-v5-expert-176","arrow:a1","arrow:a4","ROUTE_BLOCK","0.2179","5","9"
"d2-v5-expert-176","arrow:a1","arrow:a4","ALTERNATIVE_PATH","0.2179","5","9"
"d2-v5-expert-176","arrow:a1","arrow:a5","ORDER_DEPENDENCY","0.2179","5","9"
"d2-v5-expert-176","arrow:a1","wall:2,1","COLLISION","0.2179","5","9"
"d2-v5-expert-176","arrow:a2","arrow:a3","ALTERNATIVE_PATH","0.2179","5","9"
"d2-v5-expert-176","arrow:a2","arrow:a4","ALTERNATIVE_PATH","0.2179","5","9"
"d2-v5-expert-176","arrow:a2","arrow:a5","ORDER_DEPENDENCY","0.2179","5","9"
"d2-v5-expert-176","arrow:a2","arrow:a5","ALTERNATIVE_PATH","0.2179","5","9"
"d2-v5-expert-176","arrow:a3","arrow:a4","ALTERNATIVE_PATH","0.2179","5","9"
"d2-v5-expert-176","arrow:a3","arrow:a5","ORDER_DEPENDENCY","0.2179","5","9"
"d2-v5-expert-176","arrow:a3","arrow:a5","ALTERNATIVE_PATH","0.2179","5","9"
"d2-v5-expert-176","arrow:a4","arrow:a1","COLLISION","0.2179","5","9"
"d2-v5-expert-176","arrow:a4","arrow:a1","OCCLUSION","0.2179","5","9"
"d2-v5-expert-176","arrow:a4","arrow:a1","EXPOSURE","0.2179","5","9"
"d2-v5-expert-176","arrow:a4","arrow:a1","STATE_DEPENDENCY","0.2179","5","9"
"d2-v5-expert-176","arrow:a4","arrow:a1","REVEAL","0.2179","5","9"
"d2-v5-expert-176","arrow:a4","arrow:a5","EXPOSURE","0.2179","5","9"
"d2-v5-expert-176","arrow:a4","arrow:a5","ORDER_DEPENDENCY","0.2179","5","9"
"d2-v5-expert-176","arrow:a4","arrow:a5","STATE_DEPENDENCY","0.2179","5","9"
"d2-v5-expert-176","arrow:a4","arrow:a5","REVEAL","0.2179","5","9"
"d2-v5-expert-176","arrow:a4","wall:2,1","COLLISION","0.2179","5","9"
"d2-v5-expert-176","arrow:a5","arrow:a1","EXPOSURE","0.2179","5","9"
"d2-v5-expert-176","arrow:a5","arrow:a1","STATE_DEPENDENCY","0.2179","5","9"
"d2-v5-expert-176","arrow:a5","arrow:a1","REVEAL","0.2179","5","9"
"d2-v5-expert-176","arrow:a5","arrow:a4","EXPOSURE","0.2179","5","9"
"d2-v5-expert-176","arrow:a5","arrow:a4","STATE_DEPENDENCY","0.2179","5","9"
"d2-v5-expert-176","arrow:a5","arrow:a4","REVEAL","0.2179","5","9"
"d2-v5-expert-176","magnet:m1","arrow:a1","MAGNET_CONTROL","0.2179","5","9"
"d2-v5-expert-176","magnet:m1","arrow:a1","POLARITY_DEPENDENCY","0.2179","5","9"
"d2-v5-expert-176","magnet:m1","arrow:a4","MAGNET_CONTROL","0.2179","5","9"
"d2-v5-expert-176","magnet:m1","arrow:a4","POLARITY_DEPENDENCY","0.2179","5","9"
"d2-v5-expert-176","magnet:m1","arrow:a5","OCCLUSION","0.2179","5","9"
"d2-v5-expert-176","magnet:m1","arrow:a5","MAGNET_CONTROL","0.2179","5","9"
"d2-v5-expert-176","magnet:m1","arrow:a5","POLARITY_DEPENDENCY","0.2179","5","9"
"d2-v5-expert-176","magnet:m2","arrow:a3","MAGNET_CONTROL","0.2179","5","9"
"d2-v5-expert-176","magnet:m5","arrow:a2","OCCLUSION","0.2179","5","9"
"d2-v5-expert-176","magnet:m5","arrow:a2","MAGNET_CONTROL","0.2179","5","9"
"d2-v5-expert-176","wall:2,1","arrow:a1","ROUTE_BLOCK","0.2179","5","9"
"d2-v5-expert-176","wall:2,1","arrow:a4","ROUTE_BLOCK","0.2179","5","9"
"d2-v5-hard-177","arrow:a1","arrow:a2","EXPOSURE","0.4762","2","6"
"d2-v5-hard-177","arrow:a1","arrow:a2","STATE_DEPENDENCY","0.4762","2","6"
"d2-v5-hard-177","arrow:a1","arrow:a2","REVEAL","0.4762","2","6"
"d2-v5-hard-177","arrow:a1","arrow:a2","ALTERNATIVE_PATH","0.4762","2","6"
"d2-v5-hard-177","arrow:a1","arrow:a3","COLLISION","0.4762","2","6"
"d2-v5-hard-177","arrow:a1","arrow:a3","ROUTE_BLOCK","0.4762","2","6"
"d2-v5-hard-177","arrow:a1","arrow:a4","ALTERNATIVE_PATH","0.4762","2","6"
"d2-v5-hard-177","arrow:a2","arrow:a1","EXPOSURE","0.4762","2","6"
"d2-v5-hard-177","arrow:a2","arrow:a1","STATE_DEPENDENCY","0.4762","2","6"
"d2-v5-hard-177","arrow:a2","arrow:a1","REVEAL","0.4762","2","6"
"d2-v5-hard-177","arrow:a2","arrow:a3","EXPOSURE","0.4762","2","6"
"d2-v5-hard-177","arrow:a2","arrow:a3","STATE_DEPENDENCY","0.4762","2","6"
"d2-v5-hard-177","arrow:a2","arrow:a3","REVEAL","0.4762","2","6"
"d2-v5-hard-177","arrow:a2","arrow:a4","ALTERNATIVE_PATH","0.4762","2","6"
"d2-v5-hard-177","arrow:a3","arrow:a1","COLLISION","0.4762","2","6"
"d2-v5-hard-177","arrow:a3","arrow:a1","OCCLUSION","0.4762","2","6"
"d2-v5-hard-177","arrow:a3","arrow:a1","ROUTE_BLOCK","0.4762","2","6"
"d2-v5-hard-177","arrow:a3","arrow:a1","EXPOSURE","0.4762","2","6"
"d2-v5-hard-177","arrow:a3","arrow:a1","STATE_DEPENDENCY","0.4762","2","6"
"d2-v5-hard-177","arrow:a3","arrow:a1","REVEAL","0.4762","2","6"
"d2-v5-hard-177","arrow:a3","arrow:a2","EXPOSURE","0.4762","2","6"
"d2-v5-hard-177","arrow:a3","arrow:a2","ORDER_DEPENDENCY","0.4762","2","6"
"d2-v5-hard-177","arrow:a3","arrow:a2","STATE_DEPENDENCY","0.4762","2","6"
"d2-v5-hard-177","arrow:a3","arrow:a2","REVEAL","0.4762","2","6"
"d2-v5-hard-177","arrow:a3","arrow:a4","ALTERNATIVE_PATH","0.4762","2","6"
"d2-v5-hard-177","arrow:a4","arrow:a2","ORDER_DEPENDENCY","0.4762","2","6"
"d2-v5-hard-177","magnet:m1","arrow:a1","MAGNET_CONTROL","0.4762","2","6"
"d2-v5-hard-177","magnet:m1","arrow:a1","POLARITY_DEPENDENCY","0.4762","2","6"
"d2-v5-hard-177","magnet:m1","arrow:a2","MAGNET_CONTROL","0.4762","2","6"
"d2-v5-hard-177","magnet:m1","arrow:a2","POLARITY_DEPENDENCY","0.4762","2","6"
"d2-v5-hard-177","magnet:m1","arrow:a3","MAGNET_CONTROL","0.4762","2","6"
"d2-v5-hard-177","magnet:m1","arrow:a3","POLARITY_DEPENDENCY","0.4762","2","6"
"d2-v5-hard-177","magnet:m2","arrow:a4","MAGNET_CONTROL","0.4762","2","6"
"d2-v5-medium-178","arrow:a1","arrow:a2","ORDER_DEPENDENCY","0.5","2","8"
"d2-v5-medium-178","arrow:a1","arrow:a3","ALTERNATIVE_PATH","0.5","2","8"
"d2-v5-medium-178","arrow:a1","arrow:a4","EXPOSURE","0.5","2","8"
"d2-v5-medium-178","arrow:a1","arrow:a4","STATE_DEPENDENCY","0.5","2","8"
"d2-v5-medium-178","arrow:a1","arrow:a4","REVEAL","0.5","2","8"
"d2-v5-medium-178","arrow:a1","arrow:a4","ALTERNATIVE_PATH","0.5","2","8"
"d2-v5-medium-178","arrow:a1","arrow:a5","ALTERNATIVE_PATH","0.5","2","8"
"d2-v5-medium-178","arrow:a1","magnet:m2","COLLISION","0.5","2","8"
"d2-v5-medium-178","arrow:a2","arrow:a1","OCCLUSION","0.5","2","8"
"d2-v5-medium-178","arrow:a2","arrow:a1","EXPOSURE","0.5","2","8"
"d2-v5-medium-178","arrow:a2","arrow:a1","STATE_DEPENDENCY","0.5","2","8"
"d2-v5-medium-178","arrow:a2","arrow:a1","REVEAL","0.5","2","8"
"d2-v5-medium-178","arrow:a2","arrow:a3","ALTERNATIVE_PATH","0.5","2","8"
"d2-v5-medium-178","arrow:a2","arrow:a4","ALTERNATIVE_PATH","0.5","2","8"
"d2-v5-medium-178","arrow:a2","arrow:a5","ALTERNATIVE_PATH","0.5","2","8"
"d2-v5-medium-178","arrow:a3","arrow:a2","ORDER_DEPENDENCY","0.5","2","8"
"d2-v5-medium-178","arrow:a3","arrow:a4","ROUTE_BLOCK","0.5","2","8"
"d2-v5-medium-178","arrow:a3","arrow:a4","EXPOSURE","0.5","2","8"
"d2-v5-medium-178","arrow:a3","arrow:a4","STATE_DEPENDENCY","0.5","2","8"
"d2-v5-medium-178","arrow:a3","arrow:a4","REVEAL","0.5","2","8"
"d2-v5-medium-178","arrow:a3","arrow:a4","ALTERNATIVE_PATH","0.5","2","8"
"d2-v5-medium-178","arrow:a3","arrow:a5","ROUTE_BLOCK","0.5","2","8"
"d2-v5-medium-178","arrow:a3","arrow:a5","EXPOSURE","0.5","2","8"
"d2-v5-medium-178","arrow:a3","arrow:a5","STATE_DEPENDENCY","0.5","2","8"
"d2-v5-medium-178","arrow:a3","arrow:a5","REVEAL","0.5","2","8"
"d2-v5-medium-178","arrow:a4","arrow:a1","EXPOSURE","0.5","2","8"
"d2-v5-medium-178","arrow:a4","arrow:a1","STATE_DEPENDENCY","0.5","2","8"
"d2-v5-medium-178","arrow:a4","arrow:a1","REVEAL","0.5","2","8"
"d2-v5-medium-178","arrow:a4","arrow:a2","ORDER_DEPENDENCY","0.5","2","8"
"d2-v5-medium-178","arrow:a4","arrow:a3","COLLISION","0.5","2","8"
"d2-v5-medium-178","arrow:a4","arrow:a3","OCCLUSION","0.5","2","8"
"d2-v5-medium-178","arrow:a4","arrow:a3","EXPOSURE","0.5","2","8"
"d2-v5-medium-178","arrow:a4","arrow:a3","STATE_DEPENDENCY","0.5","2","8"
"d2-v5-medium-178","arrow:a4","arrow:a3","REVEAL","0.5","2","8"
"d2-v5-medium-178","arrow:a4","arrow:a5","COLLISION","0.5","2","8"
"d2-v5-medium-178","arrow:a4","arrow:a5","OCCLUSION","0.5","2","8"
"d2-v5-medium-178","arrow:a4","arrow:a5","EXPOSURE","0.5","2","8"
"d2-v5-medium-178","arrow:a4","arrow:a5","STATE_DEPENDENCY","0.5","2","8"
"d2-v5-medium-178","arrow:a4","arrow:a5","REVEAL","0.5","2","8"
"d2-v5-medium-178","arrow:a4","arrow:a5","ALTERNATIVE_PATH","0.5","2","8"
"d2-v5-medium-178","arrow:a5","arrow:a2","ORDER_DEPENDENCY","0.5","2","8"
"d2-v5-medium-178","arrow:a5","arrow:a3","COLLISION","0.5","2","8"
"d2-v5-medium-178","arrow:a5","arrow:a3","OCCLUSION","0.5","2","8"
"d2-v5-medium-178","arrow:a5","arrow:a4","ROUTE_BLOCK","0.5","2","8"
"d2-v5-medium-178","arrow:a5","arrow:a4","EXPOSURE","0.5","2","8"
"d2-v5-medium-178","arrow:a5","arrow:a4","STATE_DEPENDENCY","0.5","2","8"
"d2-v5-medium-178","arrow:a5","arrow:a4","REVEAL","0.5","2","8"
"d2-v5-medium-178","magnet:m1","arrow:a1","MAGNET_CONTROL","0.5","2","8"
"d2-v5-medium-178","magnet:m1","arrow:a1","POLARITY_DEPENDENCY","0.5","2","8"
"d2-v5-medium-178","magnet:m1","arrow:a3","OCCLUSION","0.5","2","8"
"d2-v5-medium-178","magnet:m1","arrow:a3","MAGNET_CONTROL","0.5","2","8"
"d2-v5-medium-178","magnet:m1","arrow:a3","POLARITY_DEPENDENCY","0.5","2","8"
"d2-v5-medium-178","magnet:m1","arrow:a4","OCCLUSION","0.5","2","8"
"d2-v5-medium-178","magnet:m1","arrow:a4","MAGNET_CONTROL","0.5","2","8"
"d2-v5-medium-178","magnet:m1","arrow:a4","POLARITY_DEPENDENCY","0.5","2","8"
"d2-v5-medium-178","magnet:m1","arrow:a5","OCCLUSION","0.5","2","8"
"d2-v5-medium-178","magnet:m1","arrow:a5","MAGNET_CONTROL","0.5","2","8"
"d2-v5-medium-178","magnet:m1","arrow:a5","POLARITY_DEPENDENCY","0.5","2","8"
"d2-v5-medium-178","magnet:m1","magnet:m2","CANCELLATION","0.5","2","8"
"d2-v5-medium-178","magnet:m2","arrow:a1","ROUTE_BLOCK","0.5","2","8"
"d2-v5-medium-178","magnet:m2","arrow:a2","MAGNET_CONTROL","0.5","2","8"
"d2-v5-medium-178","wall:4,2","arrow:a5","OCCLUSION","0.5","2","8"
"d2-v5-expert-179","arrow:a1","arrow:a2","ALTERNATIVE_PATH","0.2576","4","9"
"d2-v5-expert-179","arrow:a1","arrow:a3","ROUTE_BLOCK","0.2576","4","9"
"d2-v5-expert-179","arrow:a1","arrow:a3","EXPOSURE","0.2576","4","9"
"d2-v5-expert-179","arrow:a1","arrow:a3","STATE_DEPENDENCY","0.2576","4","9"
"d2-v5-expert-179","arrow:a1","arrow:a3","REVEAL","0.2576","4","9"
"d2-v5-expert-179","arrow:a1","arrow:a3","ALTERNATIVE_PATH","0.2576","4","9"
"d2-v5-expert-179","arrow:a1","arrow:a4","ORDER_DEPENDENCY","0.2576","4","9"
"d2-v5-expert-179","arrow:a1","arrow:a4","ALTERNATIVE_PATH","0.2576","4","9"
"d2-v5-expert-179","arrow:a1","arrow:a5","ALTERNATIVE_PATH","0.2576","4","9"
"d2-v5-expert-179","arrow:a2","arrow:a3","EXPOSURE","0.2576","4","9"
"d2-v5-expert-179","arrow:a2","arrow:a3","STATE_DEPENDENCY","0.2576","4","9"
"d2-v5-expert-179","arrow:a2","arrow:a3","REVEAL","0.2576","4","9"
"d2-v5-expert-179","arrow:a2","arrow:a3","ALTERNATIVE_PATH","0.2576","4","9"
"d2-v5-expert-179","arrow:a2","arrow:a4","ORDER_DEPENDENCY","0.2576","4","9"
"d2-v5-expert-179","arrow:a2","arrow:a5","EXPOSURE","0.2576","4","9"
"d2-v5-expert-179","arrow:a2","arrow:a5","STATE_DEPENDENCY","0.2576","4","9"
"d2-v5-expert-179","arrow:a2","arrow:a5","REVEAL","0.2576","4","9"
"d2-v5-expert-179","arrow:a2","arrow:a5","ALTERNATIVE_PATH","0.2576","4","9"
"d2-v5-expert-179","arrow:a2","wall:5,7","COLLISION","0.2576","4","9"
"d2-v5-expert-179","arrow:a3","arrow:a1","COLLISION","0.2576","4","9"
"d2-v5-expert-179","arrow:a3","arrow:a2","EXPOSURE","0.2576","4","9"
"d2-v5-expert-179","arrow:a3","arrow:a2","STATE_DEPENDENCY","0.2576","4","9"
"d2-v5-expert-179","arrow:a3","arrow:a2","REVEAL","0.2576","4","9"
"d2-v5-expert-179","arrow:a3","arrow:a4","ORDER_DEPENDENCY","0.2576","4","9"
"d2-v5-expert-179","arrow:a3","arrow:a4","ALTERNATIVE_PATH","0.2576","4","9"
"d2-v5-expert-179","arrow:a3","arrow:a5","ROUTE_BLOCK","0.2576","4","9"
"d2-v5-expert-179","arrow:a3","arrow:a5","EXPOSURE","0.2576","4","9"
"d2-v5-expert-179","arrow:a3","arrow:a5","STATE_DEPENDENCY","0.2576","4","9"
"d2-v5-expert-179","arrow:a3","arrow:a5","REVEAL","0.2576","4","9"
"d2-v5-expert-179","arrow:a3","arrow:a5","ALTERNATIVE_PATH","0.2576","4","9"
"d2-v5-expert-179","arrow:a4","arrow:a2","OCCLUSION","0.2576","4","9"
"d2-v5-expert-179","arrow:a4","arrow:a2","EXPOSURE","0.2576","4","9"
"d2-v5-expert-179","arrow:a4","arrow:a2","STATE_DEPENDENCY","0.2576","4","9"
"d2-v5-expert-179","arrow:a4","arrow:a2","REVEAL","0.2576","4","9"
"d2-v5-expert-179","arrow:a4","arrow:a5","ALTERNATIVE_PATH","0.2576","4","9"
"d2-v5-expert-179","arrow:a5","arrow:a2","EXPOSURE","0.2576","4","9"
"d2-v5-expert-179","arrow:a5","arrow:a2","STATE_DEPENDENCY","0.2576","4","9"
"d2-v5-expert-179","arrow:a5","arrow:a2","REVEAL","0.2576","4","9"
"d2-v5-expert-179","arrow:a5","arrow:a3","COLLISION","0.2576","4","9"
"d2-v5-expert-179","arrow:a5","arrow:a3","OCCLUSION","0.2576","4","9"
"d2-v5-expert-179","arrow:a5","arrow:a3","EXPOSURE","0.2576","4","9"
"d2-v5-expert-179","arrow:a5","arrow:a3","STATE_DEPENDENCY","0.2576","4","9"
"d2-v5-expert-179","arrow:a5","arrow:a3","REVEAL","0.2576","4","9"
"d2-v5-expert-179","arrow:a5","arrow:a4","ORDER_DEPENDENCY","0.2576","4","9"
"d2-v5-expert-179","magnet:m1","arrow:a2","MAGNET_CONTROL","0.2576","4","9"
"d2-v5-expert-179","magnet:m1","arrow:a2","POLARITY_DEPENDENCY","0.2576","4","9"
"d2-v5-expert-179","magnet:m1","arrow:a4","MAGNET_CONTROL","0.2576","4","9"
"d2-v5-expert-179","magnet:m3","arrow:a2","OCCLUSION","0.2576","4","9"
"d2-v5-expert-179","magnet:m3","arrow:a2","MAGNET_CONTROL","0.2576","4","9"
"d2-v5-expert-179","magnet:m3","arrow:a2","POLARITY_DEPENDENCY","0.2576","4","9"
"d2-v5-expert-179","magnet:m3","arrow:a3","MAGNET_CONTROL","0.2576","4","9"
"d2-v5-expert-179","magnet:m3","arrow:a3","POLARITY_DEPENDENCY","0.2576","4","9"
"d2-v5-expert-179","magnet:m3","arrow:a5","MAGNET_CONTROL","0.2576","4","9"
"d2-v5-expert-179","magnet:m3","arrow:a5","POLARITY_DEPENDENCY","0.2576","4","9"
"d2-v5-expert-179","magnet:m5","arrow:a1","OCCLUSION","0.2576","4","9"
"d2-v5-expert-179","magnet:m5","arrow:a1","MAGNET_CONTROL","0.2576","4","9"
"d2-v5-expert-179","wall:5,7","arrow:a2","OCCLUSION","0.2576","4","9"
"d2-v5-expert-179","wall:5,7","arrow:a2","ROUTE_BLOCK","0.2576","4","9"
"d2-v5-hard-180","arrow:a1","arrow:a2","EXPOSURE","0.1818","5","7"
"d2-v5-hard-180","arrow:a1","arrow:a2","STATE_DEPENDENCY","0.1818","5","7"
"d2-v5-hard-180","arrow:a1","arrow:a2","REVEAL","0.1818","5","7"
"d2-v5-hard-180","arrow:a1","arrow:a3","ALTERNATIVE_PATH","0.1818","5","7"
"d2-v5-hard-180","arrow:a1","arrow:a4","ALTERNATIVE_PATH","0.1818","5","7"
"d2-v5-hard-180","arrow:a2","arrow:a1","EXPOSURE","0.1818","5","7"
"d2-v5-hard-180","arrow:a2","arrow:a1","ORDER_DEPENDENCY","0.1818","5","7"
"d2-v5-hard-180","arrow:a2","arrow:a1","STATE_DEPENDENCY","0.1818","5","7"
"d2-v5-hard-180","arrow:a2","arrow:a1","REVEAL","0.1818","5","7"
"d2-v5-hard-180","arrow:a2","arrow:a3","ALTERNATIVE_PATH","0.1818","5","7"
"d2-v5-hard-180","arrow:a2","arrow:a4","ALTERNATIVE_PATH","0.1818","5","7"
"d2-v5-hard-180","arrow:a2","wall:2,5","COLLISION","0.1818","5","7"
"d2-v5-hard-180","arrow:a3","arrow:a1","ORDER_DEPENDENCY","0.1818","5","7"
"d2-v5-hard-180","arrow:a3","arrow:a4","ALTERNATIVE_PATH","0.1818","5","7"
"d2-v5-hard-180","arrow:a4","arrow:a1","ORDER_DEPENDENCY","0.1818","5","7"
"d2-v5-hard-180","magnet:m1","arrow:a1","MAGNET_CONTROL","0.1818","5","7"
"d2-v5-hard-180","magnet:m1","arrow:a1","POLARITY_DEPENDENCY","0.1818","5","7"
"d2-v5-hard-180","magnet:m1","arrow:a2","MAGNET_CONTROL","0.1818","5","7"
"d2-v5-hard-180","magnet:m1","arrow:a2","POLARITY_DEPENDENCY","0.1818","5","7"
"d2-v5-hard-180","wall:2,5","arrow:a2","ROUTE_BLOCK","0.1818","5","7"
"d2-v5-hard-180","wall:4,4","arrow:a4","OCCLUSION","0.1818","5","7"
"d2-v5-hard-181","arrow:a1","arrow:a2","EXPOSURE","0.1691","8","10"
"d2-v5-hard-181","arrow:a1","arrow:a2","STATE_DEPENDENCY","0.1691","8","10"
"d2-v5-hard-181","arrow:a1","arrow:a2","REVEAL","0.1691","8","10"
"d2-v5-hard-181","arrow:a1","arrow:a2","ALTERNATIVE_PATH","0.1691","8","10"
"d2-v5-hard-181","arrow:a1","arrow:a3","EXPOSURE","0.1691","8","10"
"d2-v5-hard-181","arrow:a1","arrow:a3","STATE_DEPENDENCY","0.1691","8","10"
"d2-v5-hard-181","arrow:a1","arrow:a3","REVEAL","0.1691","8","10"
"d2-v5-hard-181","arrow:a1","arrow:a4","ALTERNATIVE_PATH","0.1691","8","10"
"d2-v5-hard-181","arrow:a1","arrow:a5","ALTERNATIVE_PATH","0.1691","8","10"
"d2-v5-hard-181","arrow:a1","arrow:a6","ORDER_DEPENDENCY","0.1691","8","10"
"d2-v5-hard-181","arrow:a1","arrow:a6","ALTERNATIVE_PATH","0.1691","8","10"
"d2-v5-hard-181","arrow:a2","arrow:a1","EXPOSURE","0.1691","8","10"
"d2-v5-hard-181","arrow:a2","arrow:a1","STATE_DEPENDENCY","0.1691","8","10"
"d2-v5-hard-181","arrow:a2","arrow:a1","REVEAL","0.1691","8","10"
"d2-v5-hard-181","arrow:a2","arrow:a3","EXPOSURE","0.1691","8","10"
"d2-v5-hard-181","arrow:a2","arrow:a3","STATE_DEPENDENCY","0.1691","8","10"
"d2-v5-hard-181","arrow:a2","arrow:a3","REVEAL","0.1691","8","10"
"d2-v5-hard-181","arrow:a2","arrow:a3","ALTERNATIVE_PATH","0.1691","8","10"
"d2-v5-hard-181","arrow:a2","arrow:a4","ALTERNATIVE_PATH","0.1691","8","10"
"d2-v5-hard-181","arrow:a2","arrow:a5","COLLISION","0.1691","8","10"
"d2-v5-hard-181","arrow:a2","arrow:a5","OCCLUSION","0.1691","8","10"
"d2-v5-hard-181","arrow:a2","arrow:a5","EXPOSURE","0.1691","8","10"
"d2-v5-hard-181","arrow:a2","arrow:a5","STATE_DEPENDENCY","0.1691","8","10"
"d2-v5-hard-181","arrow:a2","arrow:a5","REVEAL","0.1691","8","10"
"d2-v5-hard-181","arrow:a2","arrow:a5","ALTERNATIVE_PATH","0.1691","8","10"
"d2-v5-hard-181","arrow:a2","arrow:a6","ORDER_DEPENDENCY","0.1691","8","10"
"d2-v5-hard-181","arrow:a2","arrow:a6","ALTERNATIVE_PATH","0.1691","8","10"
"d2-v5-hard-181","arrow:a3","arrow:a1","EXPOSURE","0.1691","8","10"
"d2-v5-hard-181","arrow:a3","arrow:a1","ORDER_DEPENDENCY","0.1691","8","10"
"d2-v5-hard-181","arrow:a3","arrow:a1","STATE_DEPENDENCY","0.1691","8","10"
"d2-v5-hard-181","arrow:a3","arrow:a1","REVEAL","0.1691","8","10"
"d2-v5-hard-181","arrow:a3","arrow:a2","EXPOSURE","0.1691","8","10"
"d2-v5-hard-181","arrow:a3","arrow:a2","ORDER_DEPENDENCY","0.1691","8","10"
"d2-v5-hard-181","arrow:a3","arrow:a2","STATE_DEPENDENCY","0.1691","8","10"
"d2-v5-hard-181","arrow:a3","arrow:a2","REVEAL","0.1691","8","10"
"d2-v5-hard-181","arrow:a3","arrow:a4","ALTERNATIVE_PATH","0.1691","8","10"
"d2-v5-hard-181","arrow:a3","arrow:a5","ALTERNATIVE_PATH","0.1691","8","10"
"d2-v5-hard-181","arrow:a3","arrow:a6","ORDER_DEPENDENCY","0.1691","8","10"
"d2-v5-hard-181","arrow:a3","arrow:a6","ALTERNATIVE_PATH","0.1691","8","10"
"d2-v5-hard-181","arrow:a3","wall:5,1","COLLISION","0.1691","8","10"
"d2-v5-hard-181","arrow:a4","arrow:a1","ORDER_DEPENDENCY","0.1691","8","10"
"d2-v5-hard-181","arrow:a4","arrow:a2","ORDER_DEPENDENCY","0.1691","8","10"
"d2-v5-hard-181","arrow:a4","arrow:a5","ALTERNATIVE_PATH","0.1691","8","10"
"d2-v5-hard-181","arrow:a4","arrow:a6","ORDER_DEPENDENCY","0.1691","8","10"
"d2-v5-hard-181","arrow:a4","wall:4,3","COLLISION","0.1691","8","10"
"d2-v5-hard-181","arrow:a5","arrow:a2","ROUTE_BLOCK","0.1691","8","10"
"d2-v5-hard-181","arrow:a5","arrow:a2","EXPOSURE","0.1691","8","10"
"d2-v5-hard-181","arrow:a5","arrow:a2","STATE_DEPENDENCY","0.1691","8","10"
"d2-v5-hard-181","arrow:a5","arrow:a2","REVEAL","0.1691","8","10"
"d2-v5-hard-181","arrow:a5","arrow:a3","EXPOSURE","0.1691","8","10"
"d2-v5-hard-181","arrow:a5","arrow:a3","STATE_DEPENDENCY","0.1691","8","10"
"d2-v5-hard-181","arrow:a5","arrow:a3","REVEAL","0.1691","8","10"
"d2-v5-hard-181","arrow:a5","arrow:a6","ORDER_DEPENDENCY","0.1691","8","10"
"d2-v5-hard-181","arrow:a5","arrow:a6","ALTERNATIVE_PATH","0.1691","8","10"
"d2-v5-hard-181","arrow:a6","arrow:a1","ORDER_DEPENDENCY","0.1691","8","10"
"d2-v5-hard-181","arrow:a6","arrow:a2","ORDER_DEPENDENCY","0.1691","8","10"
"d2-v5-hard-181","arrow:a6","arrow:a4","OCCLUSION","0.1691","8","10"
"d2-v5-hard-181","arrow:a6","arrow:a4","EXPOSURE","0.1691","8","10"
"d2-v5-hard-181","arrow:a6","arrow:a4","STATE_DEPENDENCY","0.1691","8","10"
"d2-v5-hard-181","arrow:a6","arrow:a4","REVEAL","0.1691","8","10"
"d2-v5-hard-181","magnet:m1","arrow:a1","OCCLUSION","0.1691","8","10"
"d2-v5-hard-181","magnet:m1","arrow:a1","MAGNET_CONTROL","0.1691","8","10"
"d2-v5-hard-181","magnet:m1","arrow:a1","POLARITY_DEPENDENCY","0.1691","8","10"
"d2-v5-hard-181","magnet:m1","arrow:a2","MAGNET_CONTROL","0.1691","8","10"
"d2-v5-hard-181","magnet:m1","arrow:a2","POLARITY_DEPENDENCY","0.1691","8","10"
"d2-v5-hard-181","magnet:m1","arrow:a3","MAGNET_CONTROL","0.1691","8","10"
"d2-v5-hard-181","magnet:m1","arrow:a3","POLARITY_DEPENDENCY","0.1691","8","10"
"d2-v5-hard-181","magnet:m1","arrow:a5","MAGNET_CONTROL","0.1691","8","10"
"d2-v5-hard-181","magnet:m1","arrow:a5","POLARITY_DEPENDENCY","0.1691","8","10"
"d2-v5-hard-181","magnet:m2","arrow:a4","MAGNET_CONTROL","0.1691","8","10"
"d2-v5-hard-181","magnet:m2","arrow:a4","POLARITY_DEPENDENCY","0.1691","8","10"
"d2-v5-hard-181","magnet:m2","arrow:a6","MAGNET_CONTROL","0.1691","8","10"
"d2-v5-hard-181","wall:4,3","arrow:a4","OCCLUSION","0.1691","8","10"
"d2-v5-hard-181","wall:4,3","arrow:a4","ROUTE_BLOCK","0.1691","8","10"
"d2-v5-hard-181","wall:5,1","arrow:a3","ROUTE_BLOCK","0.1691","8","10"
"d2-v5-expert-182","arrow:a1","arrow:a2","ALTERNATIVE_PATH","0.3182","2","11"
"d2-v5-expert-182","arrow:a1","arrow:a3","ROUTE_BLOCK","0.3182","2","11"
"d2-v5-expert-182","arrow:a1","arrow:a3","EXPOSURE","0.3182","2","11"
"d2-v5-expert-182","arrow:a1","arrow:a3","STATE_DEPENDENCY","0.3182","2","11"
"d2-v5-expert-182","arrow:a1","arrow:a3","REVEAL","0.3182","2","11"
"d2-v5-expert-182","arrow:a1","arrow:a4","ORDER_DEPENDENCY","0.3182","2","11"
"d2-v5-expert-182","arrow:a1","arrow:a4","ALTERNATIVE_PATH","0.3182","2","11"
"d2-v5-expert-182","arrow:a1","arrow:a5","ALTERNATIVE_PATH","0.3182","2","11"
"d2-v5-expert-182","arrow:a1","arrow:a6","ALTERNATIVE_PATH","0.3182","2","11"
"d2-v5-expert-182","arrow:a2","arrow:a3","ALTERNATIVE_PATH","0.3182","2","11"
"d2-v5-expert-182","arrow:a2","arrow:a6","ROUTE_BLOCK","0.3182","2","11"
"d2-v5-expert-182","arrow:a2","wall:7,1","COLLISION","0.3182","2","11"
"d2-v5-expert-182","arrow:a3","arrow:a1","COLLISION","0.3182","2","11"
"d2-v5-expert-182","arrow:a3","arrow:a1","OCCLUSION","0.3182","2","11"
"d2-v5-expert-182","arrow:a3","arrow:a4","ORDER_DEPENDENCY","0.3182","2","11"
"d2-v5-expert-182","arrow:a3","arrow:a4","ALTERNATIVE_PATH","0.3182","2","11"
"d2-v5-expert-182","arrow:a3","arrow:a5","ALTERNATIVE_PATH","0.3182","2","11"
"d2-v5-expert-182","arrow:a3","arrow:a6","ALTERNATIVE_PATH","0.3182","2","11"
"d2-v5-expert-182","arrow:a4","arrow:a2","OCCLUSION","0.3182","2","11"
"d2-v5-expert-182","arrow:a4","arrow:a2","EXPOSURE","0.3182","2","11"
"d2-v5-expert-182","arrow:a4","arrow:a2","STATE_DEPENDENCY","0.3182","2","11"
"d2-v5-expert-182","arrow:a4","arrow:a2","REVEAL","0.3182","2","11"
"d2-v5-expert-182","arrow:a4","arrow:a6","OCCLUSION","0.3182","2","11"
"d2-v5-expert-182","arrow:a4","arrow:a6","EXPOSURE","0.3182","2","11"
"d2-v5-expert-182","arrow:a4","arrow:a6","STATE_DEPENDENCY","0.3182","2","11"
"d2-v5-expert-182","arrow:a4","arrow:a6","REVEAL","0.3182","2","11"
"d2-v5-expert-182","arrow:a5","arrow:a4","ORDER_DEPENDENCY","0.3182","2","11"
"d2-v5-expert-182","arrow:a5","arrow:a6","ROUTE_BLOCK","0.3182","2","11"
"d2-v5-expert-182","arrow:a5","arrow:a6","EXPOSURE","0.3182","2","11"
"d2-v5-expert-182","arrow:a5","arrow:a6","STATE_DEPENDENCY","0.3182","2","11"
"d2-v5-expert-182","arrow:a5","arrow:a6","REVEAL","0.3182","2","11"
"d2-v5-expert-182","arrow:a6","arrow:a2","COLLISION","0.3182","2","11"
"d2-v5-expert-182","arrow:a6","arrow:a2","OCCLUSION","0.3182","2","11"
"d2-v5-expert-182","arrow:a6","arrow:a4","ORDER_DEPENDENCY","0.3182","2","11"
"d2-v5-expert-182","arrow:a6","arrow:a5","COLLISION","0.3182","2","11"
"d2-v5-expert-182","magnet:m1","arrow:a3","MAGNET_CONTROL","0.3182","2","11"
"d2-v5-expert-182","magnet:m2","arrow:a2","MAGNET_CONTROL","0.3182","2","11"
"d2-v5-expert-182","magnet:m2","arrow:a2","POLARITY_DEPENDENCY","0.3182","2","11"
"d2-v5-expert-182","magnet:m2","arrow:a4","MAGNET_CONTROL","0.3182","2","11"
"d2-v5-expert-182","magnet:m2","arrow:a6","MAGNET_CONTROL","0.3182","2","11"
"d2-v5-expert-182","magnet:m2","arrow:a6","POLARITY_DEPENDENCY","0.3182","2","11"
"d2-v5-expert-182","wall:4,3","arrow:a6","OCCLUSION","0.3182","2","11"
"d2-v5-expert-182","wall:6,8","arrow:a1","OCCLUSION","0.3182","2","11"
"d2-v5-expert-182","wall:7,1","arrow:a2","ROUTE_BLOCK","0.3182","2","11"
"d2-v5-medium-183","arrow:a1","arrow:a2","ALTERNATIVE_PATH","0.1636","6","6"
"d2-v5-medium-183","arrow:a1","arrow:a3","ORDER_DEPENDENCY","0.1636","6","6"
"d2-v5-medium-183","arrow:a1","arrow:a4","ALTERNATIVE_PATH","0.1636","6","6"
"d2-v5-medium-183","arrow:a1","wall:5,1","COLLISION","0.1636","6","6"
"d2-v5-medium-183","arrow:a2","arrow:a3","ORDER_DEPENDENCY","0.1636","6","6"
"d2-v5-medium-183","arrow:a2","arrow:a3","ALTERNATIVE_PATH","0.1636","6","6"
"d2-v5-medium-183","arrow:a2","arrow:a4","ALTERNATIVE_PATH","0.1636","6","6"
"d2-v5-medium-183","arrow:a3","arrow:a1","OCCLUSION","0.1636","6","6"
"d2-v5-medium-183","arrow:a3","arrow:a1","EXPOSURE","0.1636","6","6"
"d2-v5-medium-183","arrow:a3","arrow:a1","STATE_DEPENDENCY","0.1636","6","6"
"d2-v5-medium-183","arrow:a3","arrow:a1","REVEAL","0.1636","6","6"
"d2-v5-medium-183","arrow:a3","arrow:a4","ALTERNATIVE_PATH","0.1636","6","6"
"d2-v5-medium-183","arrow:a4","arrow:a3","ORDER_DEPENDENCY","0.1636","6","6"
"d2-v5-medium-183","magnet:m1","arrow:a1","MAGNET_CONTROL","0.1636","6","6"
"d2-v5-medium-183","magnet:m1","arrow:a1","POLARITY_DEPENDENCY","0.1636","6","6"
"d2-v5-medium-183","magnet:m1","arrow:a3","MAGNET_CONTROL","0.1636","6","6"
"d2-v5-medium-183","wall:5,1","arrow:a1","ROUTE_BLOCK","0.1636","6","6"
"d2-v5-expert-184","arrow:a1","arrow:a2","COLLISION","0.2286","6","10"
"d2-v5-expert-184","arrow:a1","arrow:a2","OCCLUSION","0.2286","6","10"
"d2-v5-expert-184","arrow:a1","arrow:a2","EXPOSURE","0.2286","6","10"
"d2-v5-expert-184","arrow:a1","arrow:a2","STATE_DEPENDENCY","0.2286","6","10"
"d2-v5-expert-184","arrow:a1","arrow:a2","REVEAL","0.2286","6","10"
"d2-v5-expert-184","arrow:a1","arrow:a2","ALTERNATIVE_PATH","0.2286","6","10"
"d2-v5-expert-184","arrow:a1","arrow:a3","ALTERNATIVE_PATH","0.2286","6","10"
"d2-v5-expert-184","arrow:a1","arrow:a4","EXPOSURE","0.2286","6","10"
"d2-v5-expert-184","arrow:a1","arrow:a4","ORDER_DEPENDENCY","0.2286","6","10"
"d2-v5-expert-184","arrow:a1","arrow:a4","STATE_DEPENDENCY","0.2286","6","10"
"d2-v5-expert-184","arrow:a1","arrow:a4","REVEAL","0.2286","6","10"
"d2-v5-expert-184","arrow:a1","arrow:a5","ORDER_DEPENDENCY","0.2286","6","10"
"d2-v5-expert-184","arrow:a1","arrow:a5","ALTERNATIVE_PATH","0.2286","6","10"
"d2-v5-expert-184","arrow:a1","arrow:a6","ALTERNATIVE_PATH","0.2286","6","10"
"d2-v5-expert-184","arrow:a1","magnet:m4","COLLISION","0.2286","6","10"
"d2-v5-expert-184","arrow:a2","arrow:a1","ROUTE_BLOCK","0.2286","6","10"
"d2-v5-expert-184","arrow:a2","arrow:a3","ALTERNATIVE_PATH","0.2286","6","10"
"d2-v5-expert-184","arrow:a2","arrow:a4","ORDER_DEPENDENCY","0.2286","6","10"
"d2-v5-expert-184","arrow:a2","arrow:a5","ORDER_DEPENDENCY","0.2286","6","10"
"d2-v5-expert-184","arrow:a2","arrow:a5","ALTERNATIVE_PATH","0.2286","6","10"
"d2-v5-expert-184","arrow:a2","arrow:a6","ALTERNATIVE_PATH","0.2286","6","10"
"d2-v5-expert-184","arrow:a2","magnet:m4","COLLISION","0.2286","6","10"
"d2-v5-expert-184","arrow:a3","arrow:a4","ORDER_DEPENDENCY","0.2286","6","10"
"d2-v5-expert-184","arrow:a3","arrow:a4","ALTERNATIVE_PATH","0.2286","6","10"
"d2-v5-expert-184","arrow:a3","arrow:a5","EXPOSURE","0.2286","6","10"
"d2-v5-expert-184","arrow:a3","arrow:a5","STATE_DEPENDENCY","0.2286","6","10"
"d2-v5-expert-184","arrow:a3","arrow:a5","REVEAL","0.2286","6","10"
"d2-v5-expert-184","arrow:a3","arrow:a6","COLLISION","0.2286","6","10"
"d2-v5-expert-184","arrow:a3","arrow:a6","ROUTE_BLOCK","0.2286","6","10"
"d2-v5-expert-184","arrow:a4","arrow:a1","EXPOSURE","0.2286","6","10"
"d2-v5-expert-184","arrow:a4","arrow:a1","STATE_DEPENDENCY","0.2286","6","10"
"d2-v5-expert-184","arrow:a4","arrow:a1","REVEAL","0.2286","6","10"
"d2-v5-expert-184","arrow:a4","arrow:a2","EXPOSURE","0.2286","6","10"
"d2-v5-expert-184","arrow:a4","arrow:a2","STATE_DEPENDENCY","0.2286","6","10"
"d2-v5-expert-184","arrow:a4","arrow:a2","REVEAL","0.2286","6","10"
"d2-v5-expert-184","arrow:a4","arrow:a5","ORDER_DEPENDENCY","0.2286","6","10"
"d2-v5-expert-184","arrow:a4","arrow:a5","ALTERNATIVE_PATH","0.2286","6","10"
"d2-v5-expert-184","arrow:a4","arrow:a6","ALTERNATIVE_PATH","0.2286","6","10"
"d2-v5-expert-184","arrow:a5","arrow:a4","ORDER_DEPENDENCY","0.2286","6","10"
"d2-v5-expert-184","arrow:a5","arrow:a6","EXPOSURE","0.2286","6","10"
"d2-v5-expert-184","arrow:a5","arrow:a6","STATE_DEPENDENCY","0.2286","6","10"
"d2-v5-expert-184","arrow:a5","arrow:a6","REVEAL","0.2286","6","10"
"d2-v5-expert-184","arrow:a5","magnet:m5","COLLISION","0.2286","6","10"
"d2-v5-expert-184","arrow:a6","arrow:a3","COLLISION","0.2286","6","10"
"d2-v5-expert-184","arrow:a6","arrow:a3","OCCLUSION","0.2286","6","10"
"d2-v5-expert-184","arrow:a6","arrow:a3","ROUTE_BLOCK","0.2286","6","10"
"d2-v5-expert-184","arrow:a6","arrow:a3","EXPOSURE","0.2286","6","10"
"d2-v5-expert-184","arrow:a6","arrow:a3","STATE_DEPENDENCY","0.2286","6","10"
"d2-v5-expert-184","arrow:a6","arrow:a3","REVEAL","0.2286","6","10"
"d2-v5-expert-184","arrow:a6","arrow:a4","ORDER_DEPENDENCY","0.2286","6","10"
"d2-v5-expert-184","arrow:a6","arrow:a5","EXPOSURE","0.2286","6","10"
"d2-v5-expert-184","arrow:a6","arrow:a5","ORDER_DEPENDENCY","0.2286","6","10"
"d2-v5-expert-184","arrow:a6","arrow:a5","STATE_DEPENDENCY","0.2286","6","10"
"d2-v5-expert-184","arrow:a6","arrow:a5","REVEAL","0.2286","6","10"
"d2-v5-expert-184","magnet:m3","arrow:a3","MAGNET_CONTROL","0.2286","6","10"
"d2-v5-expert-184","magnet:m3","arrow:a3","POLARITY_DEPENDENCY","0.2286","6","10"
"d2-v5-expert-184","magnet:m3","arrow:a5","MAGNET_CONTROL","0.2286","6","10"
"d2-v5-expert-184","magnet:m3","arrow:a5","POLARITY_DEPENDENCY","0.2286","6","10"
"d2-v5-expert-184","magnet:m3","arrow:a6","MAGNET_CONTROL","0.2286","6","10"
"d2-v5-expert-184","magnet:m3","arrow:a6","POLARITY_DEPENDENCY","0.2286","6","10"
"d2-v5-expert-184","magnet:m4","arrow:a1","ROUTE_BLOCK","0.2286","6","10"
"d2-v5-expert-184","magnet:m4","arrow:a2","MAGNET_CONTROL","0.2286","6","10"
"d2-v5-expert-184","magnet:m4","arrow:a2","ROUTE_BLOCK","0.2286","6","10"
"d2-v5-expert-184","magnet:m5","arrow:a5","ROUTE_BLOCK","0.2286","6","10"
"d2-v5-expert-184","magnet:m6","arrow:a1","MAGNET_CONTROL","0.2286","6","10"
"d2-v5-expert-184","magnet:m6","arrow:a1","POLARITY_DEPENDENCY","0.2286","6","10"
"d2-v5-expert-184","magnet:m6","arrow:a2","MAGNET_CONTROL","0.2286","6","10"
"d2-v5-expert-184","magnet:m6","arrow:a2","POLARITY_DEPENDENCY","0.2286","6","10"
"d2-v5-expert-184","magnet:m6","arrow:a4","OCCLUSION","0.2286","6","10"
"d2-v5-expert-184","magnet:m6","arrow:a4","MAGNET_CONTROL","0.2286","6","10"
"d2-v5-expert-184","magnet:m6","arrow:a4","POLARITY_DEPENDENCY","0.2286","6","10"
"d2-v5-hard-185","arrow:a1","arrow:a2","ORDER_DEPENDENCY","0.2273","6","7"
"d2-v5-hard-185","arrow:a1","arrow:a3","COLLISION","0.2273","6","7"
"d2-v5-hard-185","arrow:a1","arrow:a3","OCCLUSION","0.2273","6","7"
"d2-v5-hard-185","arrow:a1","arrow:a3","ROUTE_BLOCK","0.2273","6","7"
"d2-v5-hard-185","arrow:a1","arrow:a4","ALTERNATIVE_PATH","0.2273","6","7"
"d2-v5-hard-185","arrow:a1","arrow:a5","ALTERNATIVE_PATH","0.2273","6","7"
"d2-v5-hard-185","arrow:a2","arrow:a1","OCCLUSION","0.2273","6","7"
"d2-v5-hard-185","arrow:a2","arrow:a1","EXPOSURE","0.2273","6","7"
"d2-v5-hard-185","arrow:a2","arrow:a1","STATE_DEPENDENCY","0.2273","6","7"
"d2-v5-hard-185","arrow:a2","arrow:a1","REVEAL","0.2273","6","7"
"d2-v5-hard-185","arrow:a2","arrow:a3","OCCLUSION","0.2273","6","7"
"d2-v5-hard-185","arrow:a2","arrow:a3","ROUTE_BLOCK","0.2273","6","7"
"d2-v5-hard-185","arrow:a2","arrow:a3","EXPOSURE","0.2273","6","7"
"d2-v5-hard-185","arrow:a2","arrow:a3","STATE_DEPENDENCY","0.2273","6","7"
"d2-v5-hard-185","arrow:a2","arrow:a3","REVEAL","0.2273","6","7"
"d2-v5-hard-185","arrow:a2","arrow:a4","ALTERNATIVE_PATH","0.2273","6","7"
"d2-v5-hard-185","arrow:a2","arrow:a5","ALTERNATIVE_PATH","0.2273","6","7"
"d2-v5-hard-185","arrow:a3","arrow:a1","COLLISION","0.2273","6","7"
"d2-v5-hard-185","arrow:a3","arrow:a1","ROUTE_BLOCK","0.2273","6","7"
"d2-v5-hard-185","arrow:a3","arrow:a2","COLLISION","0.2273","6","7"
"d2-v5-hard-185","arrow:a3","arrow:a4","ALTERNATIVE_PATH","0.2273","6","7"
"d2-v5-hard-185","arrow:a3","arrow:a5","ALTERNATIVE_PATH","0.2273","6","7"
"d2-v5-hard-185","arrow:a4","arrow:a2","ORDER_DEPENDENCY","0.2273","6","7"
"d2-v5-hard-185","arrow:a4","arrow:a5","ROUTE_BLOCK","0.2273","6","7"
"d2-v5-hard-185","arrow:a4","arrow:a5","EXPOSURE","0.2273","6","7"
"d2-v5-hard-185","arrow:a4","arrow:a5","STATE_DEPENDENCY","0.2273","6","7"
"d2-v5-hard-185","arrow:a4","arrow:a5","REVEAL","0.2273","6","7"
"d2-v5-hard-185","arrow:a5","arrow:a2","ORDER_DEPENDENCY","0.2273","6","7"
"d2-v5-hard-185","arrow:a5","arrow:a4","COLLISION","0.2273","6","7"
"d2-v5-hard-185","magnet:m3","arrow:a1","MAGNET_CONTROL","0.2273","6","7"
"d2-v5-hard-185","magnet:m3","arrow:a1","POLARITY_DEPENDENCY","0.2273","6","7"
"d2-v5-hard-185","magnet:m3","arrow:a2","MAGNET_CONTROL","0.2273","6","7"
"d2-v5-hard-185","magnet:m3","arrow:a3","MAGNET_CONTROL","0.2273","6","7"
"d2-v5-hard-185","magnet:m3","arrow:a3","POLARITY_DEPENDENCY","0.2273","6","7"
"d2-v5-hard-185","wall:3,3","arrow:a1","OCCLUSION","0.2273","6","7"
"d2-v5-hard-185","wall:3,3","arrow:a5","OCCLUSION","0.2273","6","7"
"d2-v5-medium-186","arrow:a1","arrow:a2","ORDER_DEPENDENCY","0.1333","6","5"
"d2-v5-medium-186","arrow:a1","arrow:a2","ALTERNATIVE_PATH","0.1333","6","5"
"d2-v5-medium-186","arrow:a1","arrow:a3","ALTERNATIVE_PATH","0.1333","6","5"
"d2-v5-medium-186","arrow:a2","arrow:a3","EXPOSURE","0.1333","6","5"
"d2-v5-medium-186","arrow:a2","arrow:a3","STATE_DEPENDENCY","0.1333","6","5"
"d2-v5-medium-186","arrow:a2","arrow:a3","REVEAL","0.1333","6","5"
"d2-v5-medium-186","arrow:a3","arrow:a2","EXPOSURE","0.1333","6","5"
"d2-v5-medium-186","arrow:a3","arrow:a2","ORDER_DEPENDENCY","0.1333","6","5"
"d2-v5-medium-186","arrow:a3","arrow:a2","STATE_DEPENDENCY","0.1333","6","5"
"d2-v5-medium-186","arrow:a3","arrow:a2","REVEAL","0.1333","6","5"
"d2-v5-medium-186","arrow:a3","wall:3,2","COLLISION","0.1333","6","5"
"d2-v5-medium-186","magnet:m1","arrow:a2","OCCLUSION","0.1333","6","5"
"d2-v5-medium-186","magnet:m1","arrow:a2","MAGNET_CONTROL","0.1333","6","5"
"d2-v5-medium-186","magnet:m1","arrow:a2","POLARITY_DEPENDENCY","0.1333","6","5"
"d2-v5-medium-186","magnet:m1","arrow:a3","MAGNET_CONTROL","0.1333","6","5"
"d2-v5-medium-186","magnet:m1","arrow:a3","POLARITY_DEPENDENCY","0.1333","6","5"
"d2-v5-medium-186","wall:3,2","arrow:a3","ROUTE_BLOCK","0.1333","6","5"
"d2-v5-expert-187","arrow:a1","arrow:a2","COLLISION","0.2889","4","7"
"d2-v5-expert-187","arrow:a1","arrow:a2","ORDER_DEPENDENCY","0.2889","4","7"
"d2-v5-expert-187","arrow:a1","arrow:a4","COLLISION","0.2889","4","7"
"d2-v5-expert-187","arrow:a1","arrow:a4","ROUTE_BLOCK","0.2889","4","7"
"d2-v5-expert-187","arrow:a1","arrow:a4","EXPOSURE","0.2889","4","7"
"d2-v5-expert-187","arrow:a1","arrow:a4","STATE_DEPENDENCY","0.2889","4","7"
"d2-v5-expert-187","arrow:a1","arrow:a4","REVEAL","0.2889","4","7"
"d2-v5-expert-187","arrow:a1","arrow:a5","ALTERNATIVE_PATH","0.2889","4","7"
"d2-v5-expert-187","arrow:a2","arrow:a1","OCCLUSION","0.2889","4","7"
"d2-v5-expert-187","arrow:a2","arrow:a1","ROUTE_BLOCK","0.2889","4","7"
"d2-v5-expert-187","arrow:a2","arrow:a1","EXPOSURE","0.2889","4","7"
"d2-v5-expert-187","arrow:a2","arrow:a1","STATE_DEPENDENCY","0.2889","4","7"
"d2-v5-expert-187","arrow:a2","arrow:a1","REVEAL","0.2889","4","7"
"d2-v5-expert-187","arrow:a2","arrow:a4","ALTERNATIVE_PATH","0.2889","4","7"
"d2-v5-expert-187","arrow:a2","arrow:a5","ALTERNATIVE_PATH","0.2889","4","7"
"d2-v5-expert-187","arrow:a3","arrow:a1","EXPOSURE","0.2889","4","7"
"d2-v5-expert-187","arrow:a3","arrow:a1","STATE_DEPENDENCY","0.2889","4","7"
"d2-v5-expert-187","arrow:a3","arrow:a1","REVEAL","0.2889","4","7"
"d2-v5-expert-187","arrow:a3","arrow:a2","ORDER_DEPENDENCY","0.2889","4","7"
"d2-v5-expert-187","arrow:a3","arrow:a5","ALTERNATIVE_PATH","0.2889","4","7"
"d2-v5-expert-187","arrow:a4","arrow:a1","COLLISION","0.2889","4","7"
"d2-v5-expert-187","arrow:a4","arrow:a1","ROUTE_BLOCK","0.2889","4","7"
"d2-v5-expert-187","arrow:a4","arrow:a5","ALTERNATIVE_PATH","0.2889","4","7"
"d2-v5-expert-187","arrow:a5","arrow:a2","ORDER_DEPENDENCY","0.2889","4","7"
"d2-v5-expert-187","magnet:m1","arrow:a1","MAGNET_CONTROL","0.2889","4","7"
"d2-v5-expert-187","magnet:m1","arrow:a1","POLARITY_DEPENDENCY","0.2889","4","7"
"d2-v5-expert-187","magnet:m1","arrow:a3","MAGNET_CONTROL","0.2889","4","7"
"d2-v5-expert-187","magnet:m1","magnet:m2","CANCELLATION","0.2889","4","7"
"d2-v5-expert-187","magnet:m2","arrow:a2","MAGNET_CONTROL","0.2889","4","7"
"d2-v5-hard-188","arrow:a1","arrow:a2","COLLISION","0.2527","3","12"
"d2-v5-hard-188","arrow:a1","arrow:a2","ALTERNATIVE_PATH","0.2527","3","12"
"d2-v5-hard-188","arrow:a1","arrow:a4","EXPOSURE","0.2527","3","12"
"d2-v5-hard-188","arrow:a1","arrow:a4","STATE_DEPENDENCY","0.2527","3","12"
"d2-v5-hard-188","arrow:a1","arrow:a4","REVEAL","0.2527","3","12"
"d2-v5-hard-188","arrow:a1","arrow:a5","ROUTE_BLOCK","0.2527","3","12"
"d2-v5-hard-188","arrow:a1","arrow:a6","COLLISION","0.2527","3","12"
"d2-v5-hard-188","arrow:a1","wall:4,3","COLLISION","0.2527","3","12"
"d2-v5-hard-188","arrow:a2","arrow:a1","ROUTE_BLOCK","0.2527","3","12"
"d2-v5-hard-188","arrow:a2","arrow:a3","ALTERNATIVE_PATH","0.2527","3","12"
"d2-v5-hard-188","arrow:a2","arrow:a4","ORDER_DEPENDENCY","0.2527","3","12"
"d2-v5-hard-188","arrow:a2","arrow:a4","ALTERNATIVE_PATH","0.2527","3","12"
"d2-v5-hard-188","arrow:a2","arrow:a5","ALTERNATIVE_PATH","0.2527","3","12"
"d2-v5-hard-188","arrow:a2","arrow:a6","ORDER_DEPENDENCY","0.2527","3","12"
"d2-v5-hard-188","arrow:a2","arrow:a6","ALTERNATIVE_PATH","0.2527","3","12"
"d2-v5-hard-188","arrow:a3","arrow:a4","ORDER_DEPENDENCY","0.2527","3","12"
"d2-v5-hard-188","arrow:a3","arrow:a5","ALTERNATIVE_PATH","0.2527","3","12"
"d2-v5-hard-188","arrow:a3","arrow:a6","EXPOSURE","0.2527","3","12"
"d2-v5-hard-188","arrow:a3","arrow:a6","ORDER_DEPENDENCY","0.2527","3","12"
"d2-v5-hard-188","arrow:a3","arrow:a6","STATE_DEPENDENCY","0.2527","3","12"
"d2-v5-hard-188","arrow:a3","arrow:a6","REVEAL","0.2527","3","12"
"d2-v5-hard-188","arrow:a3","wall:5,5","COLLISION","0.2527","3","12"
"d2-v5-hard-188","arrow:a4","arrow:a5","EXPOSURE","0.2527","3","12"
"d2-v5-hard-188","arrow:a4","arrow:a5","STATE_DEPENDENCY","0.2527","3","12"
"d2-v5-hard-188","arrow:a4","arrow:a5","REVEAL","0.2527","3","12"
"d2-v5-hard-188","arrow:a4","magnet:m3","COLLISION","0.2527","3","12"
"d2-v5-hard-188","arrow:a5","arrow:a1","COLLISION","0.2527","3","12"
"d2-v5-hard-188","arrow:a5","arrow:a1","OCCLUSION","0.2527","3","12"
"d2-v5-hard-188","arrow:a5","arrow:a1","EXPOSURE","0.2527","3","12"
"d2-v5-hard-188","arrow:a5","arrow:a1","STATE_DEPENDENCY","0.2527","3","12"
"d2-v5-hard-188","arrow:a5","arrow:a1","REVEAL","0.2527","3","12"
"d2-v5-hard-188","arrow:a5","arrow:a4","EXPOSURE","0.2527","3","12"
"d2-v5-hard-188","arrow:a5","arrow:a4","ORDER_DEPENDENCY","0.2527","3","12"
"d2-v5-hard-188","arrow:a5","arrow:a4","STATE_DEPENDENCY","0.2527","3","12"
"d2-v5-hard-188","arrow:a5","arrow:a4","REVEAL","0.2527","3","12"
"d2-v5-hard-188","arrow:a5","arrow:a6","ORDER_DEPENDENCY","0.2527","3","12"
"d2-v5-hard-188","arrow:a5","arrow:a6","ALTERNATIVE_PATH","0.2527","3","12"
"d2-v5-hard-188","arrow:a6","arrow:a1","ROUTE_BLOCK","0.2527","3","12"
"d2-v5-hard-188","arrow:a6","arrow:a1","EXPOSURE","0.2527","3","12"
"d2-v5-hard-188","arrow:a6","arrow:a1","STATE_DEPENDENCY","0.2527","3","12"
"d2-v5-hard-188","arrow:a6","arrow:a1","REVEAL","0.2527","3","12"
"d2-v5-hard-188","arrow:a6","arrow:a3","EXPOSURE","0.2527","3","12"
"d2-v5-hard-188","arrow:a6","arrow:a3","STATE_DEPENDENCY","0.2527","3","12"
"d2-v5-hard-188","arrow:a6","arrow:a3","REVEAL","0.2527","3","12"
"d2-v5-hard-188","arrow:a6","arrow:a4","ORDER_DEPENDENCY","0.2527","3","12"
"d2-v5-hard-188","magnet:m1","arrow:a1","MAGNET_CONTROL","0.2527","3","12"
"d2-v5-hard-188","magnet:m1","arrow:a1","POLARITY_DEPENDENCY","0.2527","3","12"
"d2-v5-hard-188","magnet:m1","arrow:a4","MAGNET_CONTROL","0.2527","3","12"
"d2-v5-hard-188","magnet:m1","arrow:a4","POLARITY_DEPENDENCY","0.2527","3","12"
"d2-v5-hard-188","magnet:m1","arrow:a5","MAGNET_CONTROL","0.2527","3","12"
"d2-v5-hard-188","magnet:m1","arrow:a5","POLARITY_DEPENDENCY","0.2527","3","12"
"d2-v5-hard-188","magnet:m3","arrow:a4","ROUTE_BLOCK","0.2527","3","12"
"d2-v5-hard-188","magnet:m4","arrow:a3","MAGNET_CONTROL","0.2527","3","12"
"d2-v5-hard-188","magnet:m4","arrow:a3","POLARITY_DEPENDENCY","0.2527","3","12"
"d2-v5-hard-188","magnet:m4","arrow:a6","MAGNET_CONTROL","0.2527","3","12"
"d2-v5-hard-188","magnet:m4","arrow:a6","POLARITY_DEPENDENCY","0.2527","3","12"
"d2-v5-hard-188","magnet:m5","arrow:a2","OCCLUSION","0.2527","3","12"
"d2-v5-hard-188","magnet:m5","arrow:a2","MAGNET_CONTROL","0.2527","3","12"
"d2-v5-hard-188","wall:4,3","arrow:a1","OCCLUSION","0.2527","3","12"
"d2-v5-hard-188","wall:4,3","arrow:a1","ROUTE_BLOCK","0.2527","3","12"
"d2-v5-hard-188","wall:5,5","arrow:a3","ROUTE_BLOCK","0.2527","3","12"
"d2-v5-hard-189","arrow:a1","arrow:a2","ORDER_DEPENDENCY","0.2182","5","7"
"d2-v5-hard-189","arrow:a1","arrow:a2","ALTERNATIVE_PATH","0.2182","5","7"
"d2-v5-hard-189","arrow:a1","arrow:a3","ALTERNATIVE_PATH","0.2182","5","7"
"d2-v5-hard-189","arrow:a1","arrow:a4","EXPOSURE","0.2182","5","7"
"d2-v5-hard-189","arrow:a1","arrow:a4","STATE_DEPENDENCY","0.2182","5","7"
"d2-v5-hard-189","arrow:a1","arrow:a4","REVEAL","0.2182","5","7"
"d2-v5-hard-189","arrow:a2","arrow:a3","EXPOSURE","0.2182","5","7"
"d2-v5-hard-189","arrow:a2","arrow:a3","STATE_DEPENDENCY","0.2182","5","7"
"d2-v5-hard-189","arrow:a2","arrow:a3","REVEAL","0.2182","5","7"
"d2-v5-hard-189","arrow:a2","arrow:a4","ALTERNATIVE_PATH","0.2182","5","7"
"d2-v5-hard-189","arrow:a3","arrow:a2","EXPOSURE","0.2182","5","7"
"d2-v5-hard-189","arrow:a3","arrow:a2","ORDER_DEPENDENCY","0.2182","5","7"
"d2-v5-hard-189","arrow:a3","arrow:a2","STATE_DEPENDENCY","0.2182","5","7"
"d2-v5-hard-189","arrow:a3","arrow:a2","REVEAL","0.2182","5","7"
"d2-v5-hard-189","arrow:a3","arrow:a4","ALTERNATIVE_PATH","0.2182","5","7"
"d2-v5-hard-189","arrow:a3","wall:5,2","COLLISION","0.2182","5","7"
"d2-v5-hard-189","arrow:a4","arrow:a2","ORDER_DEPENDENCY","0.2182","5","7"
"d2-v5-hard-189","arrow:a4","wall:5,2","COLLISION","0.2182","5","7"
"d2-v5-hard-189","magnet:m1","arrow:a1","MAGNET_CONTROL","0.2182","5","7"
"d2-v5-hard-189","magnet:m1","arrow:a4","MAGNET_CONTROL","0.2182","5","7"
"d2-v5-hard-189","magnet:m1","arrow:a4","POLARITY_DEPENDENCY","0.2182","5","7"
"d2-v5-hard-189","magnet:m5","arrow:a2","OCCLUSION","0.2182","5","7"
"d2-v5-hard-189","magnet:m5","arrow:a2","MAGNET_CONTROL","0.2182","5","7"
"d2-v5-hard-189","magnet:m5","arrow:a2","POLARITY_DEPENDENCY","0.2182","5","7"
"d2-v5-hard-189","magnet:m5","arrow:a3","OCCLUSION","0.2182","5","7"
"d2-v5-hard-189","magnet:m5","arrow:a3","MAGNET_CONTROL","0.2182","5","7"
"d2-v5-hard-189","magnet:m5","arrow:a3","POLARITY_DEPENDENCY","0.2182","5","7"
"d2-v5-hard-189","wall:5,2","arrow:a3","ROUTE_BLOCK","0.2182","5","7"
"d2-v5-hard-189","wall:5,2","arrow:a4","ROUTE_BLOCK","0.2182","5","7"
"d2-v5-expert-190","arrow:a1","arrow:a2","ALTERNATIVE_PATH","0.3556","3","8"
"d2-v5-expert-190","arrow:a1","arrow:a3","ALTERNATIVE_PATH","0.3556","3","8"
"d2-v5-expert-190","arrow:a1","arrow:a4","EXPOSURE","0.3556","3","8"
"d2-v5-expert-190","arrow:a1","arrow:a4","STATE_DEPENDENCY","0.3556","3","8"
"d2-v5-expert-190","arrow:a1","arrow:a4","REVEAL","0.3556","3","8"
"d2-v5-expert-190","arrow:a1","arrow:a5","ALTERNATIVE_PATH","0.3556","3","8"
"d2-v5-expert-190","arrow:a2","arrow:a1","ORDER_DEPENDENCY","0.3556","3","8"
"d2-v5-expert-190","arrow:a2","arrow:a3","COLLISION","0.3556","3","8"
"d2-v5-expert-190","arrow:a2","arrow:a3","ALTERNATIVE_PATH","0.3556","3","8"
"d2-v5-expert-190","arrow:a2","arrow:a4","ALTERNATIVE_PATH","0.3556","3","8"
"d2-v5-expert-190","arrow:a2","arrow:a5","ALTERNATIVE_PATH","0.3556","3","8"
"d2-v5-expert-190","arrow:a3","arrow:a1","ORDER_DEPENDENCY","0.3556","3","8"
"d2-v5-expert-190","arrow:a3","arrow:a2","ROUTE_BLOCK","0.3556","3","8"
"d2-v5-expert-190","arrow:a3","arrow:a2","EXPOSURE","0.3556","3","8"
"d2-v5-expert-190","arrow:a3","arrow:a2","STATE_DEPENDENCY","0.3556","3","8"
"d2-v5-expert-190","arrow:a3","arrow:a2","REVEAL","0.3556","3","8"
"d2-v5-expert-190","arrow:a3","arrow:a4","ALTERNATIVE_PATH","0.3556","3","8"
"d2-v5-expert-190","arrow:a3","arrow:a5","ALTERNATIVE_PATH","0.3556","3","8"
"d2-v5-expert-190","arrow:a4","arrow:a1","EXPOSURE","0.3556","3","8"
"d2-v5-expert-190","arrow:a4","arrow:a1","ORDER_DEPENDENCY","0.3556","3","8"
"d2-v5-expert-190","arrow:a4","arrow:a1","STATE_DEPENDENCY","0.3556","3","8"
"d2-v5-expert-190","arrow:a4","arrow:a1","REVEAL","0.3556","3","8"
"d2-v5-expert-190","arrow:a4","arrow:a5","ALTERNATIVE_PATH","0.3556","3","8"
"d2-v5-expert-190","arrow:a4","wall:5,7","COLLISION","0.3556","3","8"
"d2-v5-expert-190","arrow:a5","arrow:a1","ORDER_DEPENDENCY","0.3556","3","8"
"d2-v5-expert-190","arrow:a5","arrow:a2","OCCLUSION","0.3556","3","8"
"d2-v5-expert-190","arrow:a5","arrow:a2","EXPOSURE","0.3556","3","8"
"d2-v5-expert-190","arrow:a5","arrow:a2","STATE_DEPENDENCY","0.3556","3","8"
"d2-v5-expert-190","arrow:a5","arrow:a2","REVEAL","0.3556","3","8"
"d2-v5-expert-190","magnet:m1","arrow:a1","MAGNET_CONTROL","0.3556","3","8"
"d2-v5-expert-190","magnet:m1","arrow:a1","POLARITY_DEPENDENCY","0.3556","3","8"
"d2-v5-expert-190","magnet:m1","arrow:a4","MAGNET_CONTROL","0.3556","3","8"
"d2-v5-expert-190","magnet:m1","arrow:a4","POLARITY_DEPENDENCY","0.3556","3","8"
"d2-v5-expert-190","magnet:m2","arrow:a2","MAGNET_CONTROL","0.3556","3","8"
"d2-v5-expert-190","magnet:m2","arrow:a2","POLARITY_DEPENDENCY","0.3556","3","8"
"d2-v5-expert-190","magnet:m2","arrow:a5","MAGNET_CONTROL","0.3556","3","8"
"d2-v5-expert-190","wall:5,7","arrow:a3","OCCLUSION","0.3556","3","8"
"d2-v5-expert-190","wall:5,7","arrow:a4","ROUTE_BLOCK","0.3556","3","8"
"d2-v5-medium-191","arrow:a1","arrow:a2","COLLISION","0.4722","2","8"
"d2-v5-medium-191","arrow:a1","arrow:a2","ROUTE_BLOCK","0.4722","2","8"
"d2-v5-medium-191","arrow:a1","arrow:a2","ALTERNATIVE_PATH","0.4722","2","8"
"d2-v5-medium-191","arrow:a1","arrow:a4","ORDER_DEPENDENCY","0.4722","2","8"
"d2-v5-medium-191","arrow:a1","arrow:a4","ALTERNATIVE_PATH","0.4722","2","8"
"d2-v5-medium-191","arrow:a1","arrow:a5","ALTERNATIVE_PATH","0.4722","2","8"
"d2-v5-medium-191","arrow:a1","magnet:m1","COLLISION","0.4722","2","8"
"d2-v5-medium-191","arrow:a2","arrow:a1","COLLISION","0.4722","2","8"
"d2-v5-medium-191","arrow:a2","arrow:a1","ROUTE_BLOCK","0.4722","2","8"
"d2-v5-medium-191","arrow:a2","arrow:a3","ALTERNATIVE_PATH","0.4722","2","8"
"d2-v5-medium-191","arrow:a2","arrow:a4","EXPOSURE","0.4722","2","8"
"d2-v5-medium-191","arrow:a2","arrow:a4","ORDER_DEPENDENCY","0.4722","2","8"
"d2-v5-medium-191","arrow:a2","arrow:a4","STATE_DEPENDENCY","0.4722","2","8"
"d2-v5-medium-191","arrow:a2","arrow:a4","REVEAL","0.4722","2","8"
"d2-v5-medium-191","arrow:a2","arrow:a5","ALTERNATIVE_PATH","0.4722","2","8"
"d2-v5-medium-191","arrow:a2","magnet:m3","COLLISION","0.4722","2","8"
"d2-v5-medium-191","arrow:a3","arrow:a1","EXPOSURE","0.4722","2","8"
"d2-v5-medium-191","arrow:a3","arrow:a1","STATE_DEPENDENCY","0.4722","2","8"
"d2-v5-medium-191","arrow:a3","arrow:a1","REVEAL","0.4722","2","8"
"d2-v5-medium-191","arrow:a3","arrow:a4","ORDER_DEPENDENCY","0.4722","2","8"
"d2-v5-medium-191","arrow:a3","arrow:a4","ALTERNATIVE_PATH","0.4722","2","8"
"d2-v5-medium-191","arrow:a3","arrow:a5","ALTERNATIVE_PATH","0.4722","2","8"
"d2-v5-medium-191","arrow:a4","arrow:a2","EXPOSURE","0.4722","2","8"
"d2-v5-medium-191","arrow:a4","arrow:a2","STATE_DEPENDENCY","0.4722","2","8"
"d2-v5-medium-191","arrow:a4","arrow:a2","REVEAL","0.4722","2","8"
"d2-v5-medium-191","arrow:a4","arrow:a5","ALTERNATIVE_PATH","0.4722","2","8"
"d2-v5-medium-191","arrow:a5","arrow:a4","ORDER_DEPENDENCY","0.4722","2","8"
"d2-v5-medium-191","magnet:m1","arrow:a1","ROUTE_BLOCK","0.4722","2","8"
"d2-v5-medium-191","magnet:m1","arrow:a2","MAGNET_CONTROL","0.4722","2","8"
"d2-v5-medium-191","magnet:m1","arrow:a2","POLARITY_DEPENDENCY","0.4722","2","8"
"d2-v5-medium-191","magnet:m1","arrow:a4","MAGNET_CONTROL","0.4722","2","8"
"d2-v5-medium-191","magnet:m1","arrow:a4","POLARITY_DEPENDENCY","0.4722","2","8"
"d2-v5-medium-191","magnet:m2","arrow:a5","MAGNET_CONTROL","0.4722","2","8"
"d2-v5-medium-191","magnet:m3","arrow:a1","MAGNET_CONTROL","0.4722","2","8"
"d2-v5-medium-191","magnet:m3","arrow:a1","POLARITY_DEPENDENCY","0.4722","2","8"
"d2-v5-medium-191","magnet:m3","arrow:a2","ROUTE_BLOCK","0.4722","2","8"
"d2-v5-medium-191","magnet:m3","arrow:a3","OCCLUSION","0.4722","2","8"
"d2-v5-medium-191","magnet:m3","arrow:a3","MAGNET_CONTROL","0.4722","2","8"
"d2-v5-expert-192","arrow:a1","arrow:a2","COLLISION","0.2308","5","9"
"d2-v5-expert-192","arrow:a1","arrow:a2","ROUTE_BLOCK","0.2308","5","9"
"d2-v5-expert-192","arrow:a1","arrow:a2","ORDER_DEPENDENCY","0.2308","5","9"
"d2-v5-expert-192","arrow:a1","arrow:a3","ALTERNATIVE_PATH","0.2308","5","9"
"d2-v5-expert-192","arrow:a1","arrow:a4","ORDER_DEPENDENCY","0.2308","5","9"
"d2-v5-expert-192","arrow:a1","magnet:m1","COLLISION","0.2308","5","9"
"d2-v5-expert-192","arrow:a2","arrow:a1","COLLISION","0.2308","5","9"
"d2-v5-expert-192","arrow:a2","arrow:a1","OCCLUSION","0.2308","5","9"
"d2-v5-expert-192","arrow:a2","arrow:a1","ROUTE_BLOCK","0.2308","5","9"
"d2-v5-expert-192","arrow:a2","arrow:a1","EXPOSURE","0.2308","5","9"
"d2-v5-expert-192","arrow:a2","arrow:a1","STATE_DEPENDENCY","0.2308","5","9"
"d2-v5-expert-192","arrow:a2","arrow:a1","REVEAL","0.2308","5","9"
"d2-v5-expert-192","arrow:a2","arrow:a3","ALTERNATIVE_PATH","0.2308","5","9"
"d2-v5-expert-192","arrow:a2","arrow:a4","EXPOSURE","0.2308","5","9"
"d2-v5-expert-192","arrow:a2","arrow:a4","ORDER_DEPENDENCY","0.2308","5","9"
"d2-v5-expert-192","arrow:a2","arrow:a4","STATE_DEPENDENCY","0.2308","5","9"
"d2-v5-expert-192","arrow:a2","arrow:a4","REVEAL","0.2308","5","9"
"d2-v5-expert-192","arrow:a2","magnet:m1","COLLISION","0.2308","5","9"
"d2-v5-expert-192","arrow:a3","arrow:a2","ORDER_DEPENDENCY","0.2308","5","9"
"d2-v5-expert-192","arrow:a3","arrow:a4","ORDER_DEPENDENCY","0.2308","5","9"
"d2-v5-expert-192","arrow:a3","arrow:a4","ALTERNATIVE_PATH","0.2308","5","9"
"d2-v5-expert-192","arrow:a3","arrow:a5","ALTERNATIVE_PATH","0.2308","5","9"
"d2-v5-expert-192","arrow:a4","arrow:a2","EXPOSURE","0.2308","5","9"
"d2-v5-expert-192","arrow:a4","arrow:a2","STATE_DEPENDENCY","0.2308","5","9"
"d2-v5-expert-192","arrow:a4","arrow:a2","REVEAL","0.2308","5","9"
"d2-v5-expert-192","arrow:a5","arrow:a1","EXPOSURE","0.2308","5","9"
"d2-v5-expert-192","arrow:a5","arrow:a1","STATE_DEPENDENCY","0.2308","5","9"
"d2-v5-expert-192","arrow:a5","arrow:a1","REVEAL","0.2308","5","9"
"d2-v5-expert-192","arrow:a5","arrow:a2","ORDER_DEPENDENCY","0.2308","5","9"
"d2-v5-expert-192","arrow:a5","arrow:a4","ORDER_DEPENDENCY","0.2308","5","9"
"d2-v5-expert-192","magnet:m1","arrow:a1","MAGNET_CONTROL","0.2308","5","9"
"d2-v5-expert-192","magnet:m1","arrow:a1","POLARITY_DEPENDENCY","0.2308","5","9"
"d2-v5-expert-192","magnet:m1","arrow:a1","ROUTE_BLOCK","0.2308","5","9"
"d2-v5-expert-192","magnet:m1","arrow:a2","ROUTE_BLOCK","0.2308","5","9"
"d2-v5-expert-192","magnet:m1","arrow:a5","OCCLUSION","0.2308","5","9"
"d2-v5-expert-192","magnet:m1","arrow:a5","MAGNET_CONTROL","0.2308","5","9"
"d2-v5-expert-192","magnet:m1","magnet:m2","CANCELLATION","0.2308","5","9"
"d2-v5-expert-192","magnet:m2","arrow:a2","MAGNET_CONTROL","0.2308","5","9"
"d2-v5-expert-192","magnet:m2","arrow:a2","POLARITY_DEPENDENCY","0.2308","5","9"
"d2-v5-expert-192","magnet:m2","arrow:a4","MAGNET_CONTROL","0.2308","5","9"
"d2-v5-expert-192","magnet:m2","arrow:a4","POLARITY_DEPENDENCY","0.2308","5","9"
"d2-v5-expert-192","wall:1,4","arrow:a3","OCCLUSION","0.2308","5","9"
"d2-v5-expert-192","wall:2,3","arrow:a3","OCCLUSION","0.2308","5","9"
"d2-v5-hard-193","arrow:a1","arrow:a2","ALTERNATIVE_PATH","0.2667","3","8"
"d2-v5-hard-193","arrow:a1","arrow:a3","ALTERNATIVE_PATH","0.2667","3","8"
"d2-v5-hard-193","arrow:a1","arrow:a4","ORDER_DEPENDENCY","0.2667","3","8"
"d2-v5-hard-193","arrow:a1","arrow:a4","ALTERNATIVE_PATH","0.2667","3","8"
"d2-v5-hard-193","arrow:a2","arrow:a3","COLLISION","0.2667","3","8"
"d2-v5-hard-193","arrow:a2","arrow:a3","ROUTE_BLOCK","0.2667","3","8"
"d2-v5-hard-193","arrow:a2","arrow:a4","EXPOSURE","0.2667","3","8"
"d2-v5-hard-193","arrow:a2","arrow:a4","STATE_DEPENDENCY","0.2667","3","8"
"d2-v5-hard-193","arrow:a2","arrow:a4","REVEAL","0.2667","3","8"
"d2-v5-hard-193","arrow:a2","arrow:a4","ALTERNATIVE_PATH","0.2667","3","8"
"d2-v5-hard-193","arrow:a3","arrow:a2","COLLISION","0.2667","3","8"
"d2-v5-hard-193","arrow:a3","arrow:a2","OCCLUSION","0.2667","3","8"
"d2-v5-hard-193","arrow:a3","arrow:a2","ROUTE_BLOCK","0.2667","3","8"
"d2-v5-hard-193","arrow:a3","arrow:a2","EXPOSURE","0.2667","3","8"
"d2-v5-hard-193","arrow:a3","arrow:a2","STATE_DEPENDENCY","0.2667","3","8"
"d2-v5-hard-193","arrow:a3","arrow:a2","REVEAL","0.2667","3","8"
"d2-v5-hard-193","arrow:a3","arrow:a4","EXPOSURE","0.2667","3","8"
"d2-v5-hard-193","arrow:a3","arrow:a4","ORDER_DEPENDENCY","0.2667","3","8"
"d2-v5-hard-193","arrow:a3","arrow:a4","STATE_DEPENDENCY","0.2667","3","8"
"d2-v5-hard-193","arrow:a3","arrow:a4","REVEAL","0.2667","3","8"
"d2-v5-hard-193","arrow:a4","arrow:a2","EXPOSURE","0.2667","3","8"
"d2-v5-hard-193","arrow:a4","arrow:a2","STATE_DEPENDENCY","0.2667","3","8"
"d2-v5-hard-193","arrow:a4","arrow:a2","REVEAL","0.2667","3","8"
"d2-v5-hard-193","arrow:a4","arrow:a3","EXPOSURE","0.2667","3","8"
"d2-v5-hard-193","arrow:a4","arrow:a3","STATE_DEPENDENCY","0.2667","3","8"
"d2-v5-hard-193","arrow:a4","arrow:a3","REVEAL","0.2667","3","8"
"d2-v5-hard-193","magnet:m1","arrow:a1","MAGNET_CONTROL","0.2667","3","8"
"d2-v5-hard-193","magnet:m4","arrow:a2","MAGNET_CONTROL","0.2667","3","8"
"d2-v5-hard-193","magnet:m4","arrow:a2","POLARITY_DEPENDENCY","0.2667","3","8"
"d2-v5-hard-193","magnet:m4","arrow:a3","MAGNET_CONTROL","0.2667","3","8"
"d2-v5-hard-193","magnet:m4","arrow:a3","POLARITY_DEPENDENCY","0.2667","3","8"
"d2-v5-hard-193","magnet:m4","arrow:a4","MAGNET_CONTROL","0.2667","3","8"
"d2-v5-hard-193","magnet:m4","arrow:a4","POLARITY_DEPENDENCY","0.2667","3","8"
"d2-v5-hard-193","wall:2,5","arrow:a2","OCCLUSION","0.2667","3","8"
"d2-v5-hard-193","wall:6,4","arrow:a4","OCCLUSION","0.2667","3","8"
"d2-v5-expert-194","arrow:a1","arrow:a2","ROUTE_BLOCK","0.3273","3","9"
"d2-v5-expert-194","arrow:a1","arrow:a2","ORDER_DEPENDENCY","0.3273","3","9"
"d2-v5-expert-194","arrow:a1","arrow:a3","ALTERNATIVE_PATH","0.3273","3","9"
"d2-v5-expert-194","arrow:a1","arrow:a4","ORDER_DEPENDENCY","0.3273","3","9"
"d2-v5-expert-194","arrow:a1","arrow:a5","ALTERNATIVE_PATH","0.3273","3","9"
"d2-v5-expert-194","arrow:a1","magnet:m2","COLLISION","0.3273","3","9"
"d2-v5-expert-194","arrow:a2","arrow:a1","COLLISION","0.3273","3","9"
"d2-v5-expert-194","arrow:a2","arrow:a1","OCCLUSION","0.3273","3","9"
"d2-v5-expert-194","arrow:a2","arrow:a1","EXPOSURE","0.3273","3","9"
"d2-v5-expert-194","arrow:a2","arrow:a1","STATE_DEPENDENCY","0.3273","3","9"
"d2-v5-expert-194","arrow:a2","arrow:a1","REVEAL","0.3273","3","9"
"d2-v5-expert-194","arrow:a2","arrow:a3","ALTERNATIVE_PATH","0.3273","3","9"
"d2-v5-expert-194","arrow:a2","arrow:a4","EXPOSURE","0.3273","3","9"
"d2-v5-expert-194","arrow:a2","arrow:a4","ORDER_DEPENDENCY","0.3273","3","9"
"d2-v5-expert-194","arrow:a2","arrow:a4","STATE_DEPENDENCY","0.3273","3","9"
"d2-v5-expert-194","arrow:a2","arrow:a4","REVEAL","0.3273","3","9"
"d2-v5-expert-194","arrow:a2","arrow:a5","ALTERNATIVE_PATH","0.3273","3","9"
"d2-v5-expert-194","arrow:a2","magnet:m1","COLLISION","0.3273","3","9"
"d2-v5-expert-194","arrow:a3","arrow:a2","ORDER_DEPENDENCY","0.3273","3","9"
"d2-v5-expert-194","arrow:a3","arrow:a4","ORDER_DEPENDENCY","0.3273","3","9"
"d2-v5-expert-194","arrow:a3","arrow:a4","ALTERNATIVE_PATH","0.3273","3","9"
"d2-v5-expert-194","arrow:a3","arrow:a5","ALTERNATIVE_PATH","0.3273","3","9"
"d2-v5-expert-194","arrow:a4","arrow:a2","EXPOSURE","0.3273","3","9"
"d2-v5-expert-194","arrow:a4","arrow:a2","STATE_DEPENDENCY","0.3273","3","9"
"d2-v5-expert-194","arrow:a4","arrow:a2","REVEAL","0.3273","3","9"
"d2-v5-expert-194","arrow:a4","arrow:a5","ALTERNATIVE_PATH","0.3273","3","9"
"d2-v5-expert-194","arrow:a5","arrow:a2","ORDER_DEPENDENCY","0.3273","3","9"
"d2-v5-expert-194","arrow:a5","arrow:a4","ORDER_DEPENDENCY","0.3273","3","9"
"d2-v5-expert-194","magnet:m1","arrow:a1","MAGNET_CONTROL","0.3273","3","9"
"d2-v5-expert-194","magnet:m1","arrow:a2","ROUTE_BLOCK","0.3273","3","9"
"d2-v5-expert-194","magnet:m1","magnet:m2","CANCELLATION","0.3273","3","9"
"d2-v5-expert-194","magnet:m2","arrow:a1","ROUTE_BLOCK","0.3273","3","9"
"d2-v5-expert-194","magnet:m2","arrow:a2","MAGNET_CONTROL","0.3273","3","9"
"d2-v5-expert-194","magnet:m2","arrow:a2","POLARITY_DEPENDENCY","0.3273","3","9"
"d2-v5-expert-194","magnet:m2","arrow:a4","MAGNET_CONTROL","0.3273","3","9"
"d2-v5-expert-194","magnet:m2","arrow:a4","POLARITY_DEPENDENCY","0.3273","3","9"
"d2-v5-expert-194","magnet:m3","arrow:a3","MAGNET_CONTROL","0.3273","3","9"
"d2-v5-expert-194","wall:3,6","arrow:a5","OCCLUSION","0.3273","3","9"
"d2-v5-hard-195","arrow:a1","arrow:a2","ALTERNATIVE_PATH","0.4444","2","9"
"d2-v5-hard-195","arrow:a1","arrow:a3","EXPOSURE","0.4444","2","9"
"d2-v5-hard-195","arrow:a1","arrow:a3","STATE_DEPENDENCY","0.4444","2","9"
"d2-v5-hard-195","arrow:a1","arrow:a3","REVEAL","0.4444","2","9"
"d2-v5-hard-195","arrow:a1","arrow:a3","ALTERNATIVE_PATH","0.4444","2","9"
"d2-v5-hard-195","arrow:a1","arrow:a4","ALTERNATIVE_PATH","0.4444","2","9"
"d2-v5-hard-195","arrow:a1","arrow:a5","ALTERNATIVE_PATH","0.4444","2","9"
"d2-v5-hard-195","arrow:a1","arrow:a6","EXPOSURE","0.4444","2","9"
"d2-v5-hard-195","arrow:a1","arrow:a6","STATE_DEPENDENCY","0.4444","2","9"
"d2-v5-hard-195","arrow:a1","arrow:a6","REVEAL","0.4444","2","9"
"d2-v5-hard-195","arrow:a2","arrow:a1","ORDER_DEPENDENCY","0.4444","2","9"
"d2-v5-hard-195","arrow:a2","arrow:a3","ORDER_DEPENDENCY","0.4444","2","9"
"d2-v5-hard-195","arrow:a2","arrow:a3","ALTERNATIVE_PATH","0.4444","2","9"
"d2-v5-hard-195","arrow:a2","arrow:a4","COLLISION","0.4444","2","9"
"d2-v5-hard-195","arrow:a2","arrow:a4","OCCLUSION","0.4444","2","9"
"d2-v5-hard-195","arrow:a2","arrow:a5","ROUTE_BLOCK","0.4444","2","9"
"d2-v5-hard-195","arrow:a2","arrow:a5","EXPOSURE","0.4444","2","9"
"d2-v5-hard-195","arrow:a2","arrow:a5","STATE_DEPENDENCY","0.4444","2","9"
"d2-v5-hard-195","arrow:a2","arrow:a5","REVEAL","0.4444","2","9"
"d2-v5-hard-195","arrow:a2","arrow:a6","ALTERNATIVE_PATH","0.4444","2","9"
"d2-v5-hard-195","arrow:a3","arrow:a1","EXPOSURE","0.4444","2","9"
"d2-v5-hard-195","arrow:a3","arrow:a1","STATE_DEPENDENCY","0.4444","2","9"
"d2-v5-hard-195","arrow:a3","arrow:a1","REVEAL","0.4444","2","9"
"d2-v5-hard-195","arrow:a3","arrow:a4","ALTERNATIVE_PATH","0.4444","2","9"
"d2-v5-hard-195","arrow:a3","arrow:a5","ALTERNATIVE_PATH","0.4444","2","9"
"d2-v5-hard-195","arrow:a3","arrow:a6","EXPOSURE","0.4444","2","9"
"d2-v5-hard-195","arrow:a3","arrow:a6","STATE_DEPENDENCY","0.4444","2","9"
"d2-v5-hard-195","arrow:a3","arrow:a6","REVEAL","0.4444","2","9"
"d2-v5-hard-195","arrow:a4","arrow:a1","ORDER_DEPENDENCY","0.4444","2","9"
"d2-v5-hard-195","arrow:a4","arrow:a2","ROUTE_BLOCK","0.4444","2","9"
"d2-v5-hard-195","arrow:a4","arrow:a2","EXPOSURE","0.4444","2","9"
"d2-v5-hard-195","arrow:a4","arrow:a2","STATE_DEPENDENCY","0.4444","2","9"
"d2-v5-hard-195","arrow:a4","arrow:a2","REVEAL","0.4444","2","9"
"d2-v5-hard-195","arrow:a4","arrow:a3","ORDER_DEPENDENCY","0.4444","2","9"
"d2-v5-hard-195","arrow:a4","arrow:a6","ALTERNATIVE_PATH","0.4444","2","9"
"d2-v5-hard-195","arrow:a5","arrow:a1","ORDER_DEPENDENCY","0.4444","2","9"
"d2-v5-hard-195","arrow:a5","arrow:a2","COLLISION","0.4444","2","9"
"d2-v5-hard-195","arrow:a5","arrow:a3","ORDER_DEPENDENCY","0.4444","2","9"
"d2-v5-hard-195","arrow:a5","arrow:a6","ALTERNATIVE_PATH","0.4444","2","9"
"d2-v5-hard-195","arrow:a6","arrow:a1","EXPOSURE","0.4444","2","9"
"d2-v5-hard-195","arrow:a6","arrow:a1","ORDER_DEPENDENCY","0.4444","2","9"
"d2-v5-hard-195","arrow:a6","arrow:a1","STATE_DEPENDENCY","0.4444","2","9"
"d2-v5-hard-195","arrow:a6","arrow:a1","REVEAL","0.4444","2","9"
"d2-v5-hard-195","arrow:a6","arrow:a3","EXPOSURE","0.4444","2","9"
"d2-v5-hard-195","arrow:a6","arrow:a3","ORDER_DEPENDENCY","0.4444","2","9"
"d2-v5-hard-195","arrow:a6","arrow:a3","STATE_DEPENDENCY","0.4444","2","9"
"d2-v5-hard-195","arrow:a6","arrow:a3","REVEAL","0.4444","2","9"
"d2-v5-hard-195","arrow:a6","magnet:m1","COLLISION","0.4444","2","9"
"d2-v5-hard-195","magnet:m1","arrow:a2","MAGNET_CONTROL","0.4444","2","9"
"d2-v5-hard-195","magnet:m1","arrow:a6","ROUTE_BLOCK","0.4444","2","9"
"d2-v5-hard-195","magnet:m2","arrow:a5","MAGNET_CONTROL","0.4444","2","9"
"d2-v5-hard-195","magnet:m3","arrow:a1","OCCLUSION","0.4444","2","9"
"d2-v5-hard-195","magnet:m3","arrow:a1","MAGNET_CONTROL","0.4444","2","9"
"d2-v5-hard-195","magnet:m3","arrow:a1","POLARITY_DEPENDENCY","0.4444","2","9"
"d2-v5-hard-195","magnet:m3","arrow:a3","MAGNET_CONTROL","0.4444","2","9"
"d2-v5-hard-195","magnet:m3","arrow:a3","POLARITY_DEPENDENCY","0.4444","2","9"
"d2-v5-hard-195","magnet:m3","arrow:a6","MAGNET_CONTROL","0.4444","2","9"
"d2-v5-hard-195","magnet:m3","arrow:a6","POLARITY_DEPENDENCY","0.4444","2","9"
"d2-v5-expert-196","arrow:a1","arrow:a2","ORDER_DEPENDENCY","0.2889","4","7"
"d2-v5-expert-196","arrow:a1","arrow:a3","ALTERNATIVE_PATH","0.2889","4","7"
"d2-v5-expert-196","arrow:a1","arrow:a4","COLLISION","0.2889","4","7"
"d2-v5-expert-196","arrow:a1","arrow:a5","ALTERNATIVE_PATH","0.2889","4","7"
"d2-v5-expert-196","arrow:a1","wall:2,2","COLLISION","0.2889","4","7"
"d2-v5-expert-196","arrow:a2","arrow:a1","OCCLUSION","0.2889","4","7"
"d2-v5-expert-196","arrow:a2","arrow:a1","EXPOSURE","0.2889","4","7"
"d2-v5-expert-196","arrow:a2","arrow:a1","STATE_DEPENDENCY","0.2889","4","7"
"d2-v5-expert-196","arrow:a2","arrow:a1","REVEAL","0.2889","4","7"
"d2-v5-expert-196","arrow:a2","arrow:a3","ALTERNATIVE_PATH","0.2889","4","7"
"d2-v5-expert-196","arrow:a2","arrow:a5","ALTERNATIVE_PATH","0.2889","4","7"
"d2-v5-expert-196","arrow:a3","arrow:a2","ORDER_DEPENDENCY","0.2889","4","7"
"d2-v5-expert-196","arrow:a3","arrow:a4","ALTERNATIVE_PATH","0.2889","4","7"
"d2-v5-expert-196","arrow:a3","arrow:a5","ROUTE_BLOCK","0.2889","4","7"
"d2-v5-expert-196","arrow:a3","arrow:a5","EXPOSURE","0.2889","4","7"
"d2-v5-expert-196","arrow:a3","arrow:a5","STATE_DEPENDENCY","0.2889","4","7"
"d2-v5-expert-196","arrow:a3","arrow:a5","REVEAL","0.2889","4","7"
"d2-v5-expert-196","arrow:a4","arrow:a1","ROUTE_BLOCK","0.2889","4","7"
"d2-v5-expert-196","arrow:a4","arrow:a1","EXPOSURE","0.2889","4","7"
"d2-v5-expert-196","arrow:a4","arrow:a1","STATE_DEPENDENCY","0.2889","4","7"
"d2-v5-expert-196","arrow:a4","arrow:a1","REVEAL","0.2889","4","7"
"d2-v5-expert-196","arrow:a4","arrow:a2","ORDER_DEPENDENCY","0.2889","4","7"
"d2-v5-expert-196","arrow:a4","arrow:a5","ALTERNATIVE_PATH","0.2889","4","7"
"d2-v5-expert-196","arrow:a5","arrow:a2","ORDER_DEPENDENCY","0.2889","4","7"
"d2-v5-expert-196","arrow:a5","arrow:a3","COLLISION","0.2889","4","7"
"d2-v5-expert-196","magnet:m2","arrow:a1","MAGNET_CONTROL","0.2889","4","7"
"d2-v5-expert-196","magnet:m2","arrow:a1","POLARITY_DEPENDENCY","0.2889","4","7"
"d2-v5-expert-196","magnet:m2","arrow:a2","MAGNET_CONTROL","0.2889","4","7"
"d2-v5-expert-196","wall:2,2","arrow:a1","OCCLUSION","0.2889","4","7"
"d2-v5-expert-196","wall:2,2","arrow:a1","ROUTE_BLOCK","0.2889","4","7"
"d2-v5-hard-197","arrow:a1","arrow:a2","OCCLUSION","0.2","4","8"
"d2-v5-hard-197","arrow:a1","arrow:a2","EXPOSURE","0.2","4","8"
"d2-v5-hard-197","arrow:a1","arrow:a2","STATE_DEPENDENCY","0.2","4","8"
"d2-v5-hard-197","arrow:a1","arrow:a2","REVEAL","0.2","4","8"
"d2-v5-hard-197","arrow:a1","arrow:a3","ALTERNATIVE_PATH","0.2","4","8"
"d2-v5-hard-197","arrow:a1","arrow:a4","ALTERNATIVE_PATH","0.2","4","8"
"d2-v5-hard-197","arrow:a2","arrow:a1","ORDER_DEPENDENCY","0.2","4","8"
"d2-v5-hard-197","arrow:a2","arrow:a3","ALTERNATIVE_PATH","0.2","4","8"
"d2-v5-hard-197","arrow:a2","arrow:a4","ALTERNATIVE_PATH","0.2","4","8"
"d2-v5-hard-197","arrow:a2","wall:2,2","COLLISION","0.2","4","8"
"d2-v5-hard-197","arrow:a3","arrow:a1","ORDER_DEPENDENCY","0.2","4","8"
"d2-v5-hard-197","arrow:a3","arrow:a4","ALTERNATIVE_PATH","0.2","4","8"
"d2-v5-hard-197","arrow:a4","arrow:a1","ORDER_DEPENDENCY","0.2","4","8"
"d2-v5-hard-197","magnet:m1","arrow:a4","MAGNET_CONTROL","0.2","4","8"
"d2-v5-hard-197","magnet:m2","arrow:a1","MAGNET_CONTROL","0.2","4","8"
"d2-v5-hard-197","magnet:m2","arrow:a2","MAGNET_CONTROL","0.2","4","8"
"d2-v5-hard-197","magnet:m2","arrow:a2","POLARITY_DEPENDENCY","0.2","4","8"
"d2-v5-hard-197","wall:2,2","arrow:a2","OCCLUSION","0.2","4","8"
"d2-v5-hard-197","wall:2,2","arrow:a2","ROUTE_BLOCK","0.2","4","8"
"d2-v5-hard-197","wall:4,5","arrow:a3","OCCLUSION","0.2","4","8"
"d2-v5-expert-198","arrow:a1","arrow:a2","ORDER_DEPENDENCY","0.2727","3","9"
"d2-v5-expert-198","arrow:a1","arrow:a3","ALTERNATIVE_PATH","0.2727","3","9"
"d2-v5-expert-198","arrow:a1","arrow:a4","COLLISION","0.2727","3","9"
"d2-v5-expert-198","arrow:a1","arrow:a5","ALTERNATIVE_PATH","0.2727","3","9"
"d2-v5-expert-198","arrow:a1","wall:3,6","COLLISION","0.2727","3","9"
"d2-v5-expert-198","arrow:a2","arrow:a1","OCCLUSION","0.2727","3","9"
"d2-v5-expert-198","arrow:a2","arrow:a1","EXPOSURE","0.2727","3","9"
"d2-v5-expert-198","arrow:a2","arrow:a1","STATE_DEPENDENCY","0.2727","3","9"
"d2-v5-expert-198","arrow:a2","arrow:a1","REVEAL","0.2727","3","9"
"d2-v5-expert-198","arrow:a2","arrow:a3","ALTERNATIVE_PATH","0.2727","3","9"
"d2-v5-expert-198","arrow:a2","arrow:a5","ALTERNATIVE_PATH","0.2727","3","9"
"d2-v5-expert-198","arrow:a3","arrow:a2","ORDER_DEPENDENCY","0.2727","3","9"
"d2-v5-expert-198","arrow:a3","arrow:a4","ALTERNATIVE_PATH","0.2727","3","9"
"d2-v5-expert-198","arrow:a3","arrow:a5","ALTERNATIVE_PATH","0.2727","3","9"
"d2-v5-expert-198","arrow:a4","arrow:a1","ROUTE_BLOCK","0.2727","3","9"
"d2-v5-expert-198","arrow:a4","arrow:a1","EXPOSURE","0.2727","3","9"
"d2-v5-expert-198","arrow:a4","arrow:a1","STATE_DEPENDENCY","0.2727","3","9"
"d2-v5-expert-198","arrow:a4","arrow:a1","REVEAL","0.2727","3","9"
"d2-v5-expert-198","arrow:a4","arrow:a2","ORDER_DEPENDENCY","0.2727","3","9"
"d2-v5-expert-198","arrow:a4","arrow:a5","ALTERNATIVE_PATH","0.2727","3","9"
"d2-v5-expert-198","arrow:a5","arrow:a2","ORDER_DEPENDENCY","0.2727","3","9"
"d2-v5-expert-198","magnet:m1","arrow:a3","MAGNET_CONTROL","0.2727","3","9"
"d2-v5-expert-198","magnet:m2","arrow:a1","MAGNET_CONTROL","0.2727","3","9"
"d2-v5-expert-198","magnet:m2","arrow:a1","POLARITY_DEPENDENCY","0.2727","3","9"
"d2-v5-expert-198","magnet:m2","arrow:a2","MAGNET_CONTROL","0.2727","3","9"
"d2-v5-expert-198","wall:3,6","arrow:a1","OCCLUSION","0.2727","3","9"
"d2-v5-expert-198","wall:3,6","arrow:a1","ROUTE_BLOCK","0.2727","3","9"
"d2-v5-expert-198","wall:5,7","arrow:a4","OCCLUSION","0.2727","3","9"
"d2-v5-hard-199","arrow:a1","arrow:a2","ROUTE_BLOCK","0.1868","4","11"
"d2-v5-hard-199","arrow:a1","arrow:a2","EXPOSURE","0.1868","4","11"
"d2-v5-hard-199","arrow:a1","arrow:a2","STATE_DEPENDENCY","0.1868","4","11"
"d2-v5-hard-199","arrow:a1","arrow:a2","REVEAL","0.1868","4","11"
"d2-v5-hard-199","arrow:a1","arrow:a4","EXPOSURE","0.1868","4","11"
"d2-v5-hard-199","arrow:a1","arrow:a4","STATE_DEPENDENCY","0.1868","4","11"
"d2-v5-hard-199","arrow:a1","arrow:a4","REVEAL","0.1868","4","11"
"d2-v5-hard-199","arrow:a1","arrow:a5","ORDER_DEPENDENCY","0.1868","4","11"
"d2-v5-hard-199","arrow:a1","arrow:a5","ALTERNATIVE_PATH","0.1868","4","11"
"d2-v5-hard-199","arrow:a1","arrow:a6","ALTERNATIVE_PATH","0.1868","4","11"
"d2-v5-hard-199","arrow:a2","arrow:a1","COLLISION","0.1868","4","11"
"d2-v5-hard-199","arrow:a2","arrow:a3","ROUTE_BLOCK","0.1868","4","11"
"d2-v5-hard-199","arrow:a2","arrow:a3","EXPOSURE","0.1868","4","11"
"d2-v5-hard-199","arrow:a2","arrow:a3","STATE_DEPENDENCY","0.1868","4","11"
"d2-v5-hard-199","arrow:a2","arrow:a3","REVEAL","0.1868","4","11"
"d2-v5-hard-199","arrow:a2","arrow:a5","COLLISION","0.1868","4","11"
"d2-v5-hard-199","arrow:a3","arrow:a2","COLLISION","0.1868","4","11"
"d2-v5-hard-199","arrow:a4","arrow:a1","EXPOSURE","0.1868","4","11"
"d2-v5-hard-199","arrow:a4","arrow:a1","ORDER_DEPENDENCY","0.1868","4","11"
"d2-v5-hard-199","arrow:a4","arrow:a1","STATE_DEPENDENCY","0.1868","4","11"
"d2-v5-hard-199","arrow:a4","arrow:a1","REVEAL","0.1868","4","11"
"d2-v5-hard-199","arrow:a4","arrow:a5","ORDER_DEPENDENCY","0.1868","4","11"
"d2-v5-hard-199","arrow:a4","arrow:a5","ALTERNATIVE_PATH","0.1868","4","11"
"d2-v5-hard-199","arrow:a4","arrow:a6","ALTERNATIVE_PATH","0.1868","4","11"
"d2-v5-hard-199","arrow:a4","wall:2,4","COLLISION","0.1868","4","11"
"d2-v5-hard-199","arrow:a5","arrow:a1","ORDER_DEPENDENCY","0.1868","4","11"
"d2-v5-hard-199","arrow:a5","arrow:a2","ROUTE_BLOCK","0.1868","4","11"
"d2-v5-hard-199","arrow:a5","arrow:a2","EXPOSURE","0.1868","4","11"
"d2-v5-hard-199","arrow:a5","arrow:a2","STATE_DEPENDENCY","0.1868","4","11"
"d2-v5-hard-199","arrow:a5","arrow:a2","REVEAL","0.1868","4","11"
"d2-v5-hard-199","arrow:a5","arrow:a6","EXPOSURE","0.1868","4","11"
"d2-v5-hard-199","arrow:a5","arrow:a6","STATE_DEPENDENCY","0.1868","4","11"
"d2-v5-hard-199","arrow:a5","arrow:a6","REVEAL","0.1868","4","11"
"d2-v5-hard-199","arrow:a6","arrow:a1","ORDER_DEPENDENCY","0.1868","4","11"
"d2-v5-hard-199","arrow:a6","arrow:a5","EXPOSURE","0.1868","4","11"
"d2-v5-hard-199","arrow:a6","arrow:a5","ORDER_DEPENDENCY","0.1868","4","11"
"d2-v5-hard-199","arrow:a6","arrow:a5","STATE_DEPENDENCY","0.1868","4","11"
"d2-v5-hard-199","arrow:a6","arrow:a5","REVEAL","0.1868","4","11"
"d2-v5-hard-199","arrow:a6","wall:3,4","COLLISION","0.1868","4","11"
"d2-v5-hard-199","magnet:m3","arrow:a5","OCCLUSION","0.1868","4","11"
"d2-v5-hard-199","magnet:m3","arrow:a5","MAGNET_CONTROL","0.1868","4","11"
"d2-v5-hard-199","magnet:m3","arrow:a5","POLARITY_DEPENDENCY","0.1868","4","11"
"d2-v5-hard-199","magnet:m3","arrow:a6","MAGNET_CONTROL","0.1868","4","11"
"d2-v5-hard-199","magnet:m3","arrow:a6","POLARITY_DEPENDENCY","0.1868","4","11"
"d2-v5-hard-199","magnet:m4","arrow:a1","OCCLUSION","0.1868","4","11"
"d2-v5-hard-199","magnet:m4","arrow:a1","MAGNET_CONTROL","0.1868","4","11"
"d2-v5-hard-199","magnet:m4","arrow:a1","POLARITY_DEPENDENCY","0.1868","4","11"
"d2-v5-hard-199","magnet:m4","arrow:a4","MAGNET_CONTROL","0.1868","4","11"
"d2-v5-hard-199","magnet:m4","arrow:a4","POLARITY_DEPENDENCY","0.1868","4","11"
"d2-v5-hard-199","wall:2,4","arrow:a4","ROUTE_BLOCK","0.1868","4","11"
"d2-v5-hard-199","wall:2,5","arrow:a3","OCCLUSION","0.1868","4","11"
"d2-v5-hard-199","wall:3,4","arrow:a3","OCCLUSION","0.1868","4","11"
"d2-v5-hard-199","wall:3,4","arrow:a6","ROUTE_BLOCK","0.1868","4","11"
"d2-v5-expert-200","arrow:a1","arrow:a2","ORDER_DEPENDENCY","0.2576","5","8"
"d2-v5-expert-200","arrow:a1","arrow:a3","ALTERNATIVE_PATH","0.2576","5","8"
"d2-v5-expert-200","arrow:a1","arrow:a4","COLLISION","0.2576","5","8"
"d2-v5-expert-200","arrow:a1","arrow:a4","ROUTE_BLOCK","0.2576","5","8"
"d2-v5-expert-200","arrow:a1","arrow:a4","ORDER_DEPENDENCY","0.2576","5","8"
"d2-v5-expert-200","arrow:a1","arrow:a5","EXPOSURE","0.2576","5","8"
"d2-v5-expert-200","arrow:a1","arrow:a5","ORDER_DEPENDENCY","0.2576","5","8"
"d2-v5-expert-200","arrow:a1","arrow:a5","STATE_DEPENDENCY","0.2576","5","8"
"d2-v5-expert-200","arrow:a1","arrow:a5","REVEAL","0.2576","5","8"
"d2-v5-expert-200","arrow:a1","wall:6,2","COLLISION","0.2576","5","8"
"d2-v5-expert-200","arrow:a2","arrow:a3","ALTERNATIVE_PATH","0.2576","5","8"
"d2-v5-expert-200","arrow:a2","arrow:a4","EXPOSURE","0.2576","5","8"
"d2-v5-expert-200","arrow:a2","arrow:a4","STATE_DEPENDENCY","0.2576","5","8"
"d2-v5-expert-200","arrow:a2","arrow:a4","REVEAL","0.2576","5","8"
"d2-v5-expert-200","arrow:a2","arrow:a5","ALTERNATIVE_PATH","0.2576","5","8"
"d2-v5-expert-200","arrow:a3","arrow:a2","ORDER_DEPENDENCY","0.2576","5","8"
"d2-v5-expert-200","arrow:a3","arrow:a4","ORDER_DEPENDENCY","0.2576","5","8"
"d2-v5-expert-200","arrow:a3","arrow:a4","ALTERNATIVE_PATH","0.2576","5","8"
"d2-v5-expert-200","arrow:a3","arrow:a5","ORDER_DEPENDENCY","0.2576","5","8"
"d2-v5-expert-200","arrow:a3","arrow:a5","ALTERNATIVE_PATH","0.2576","5","8"
"d2-v5-expert-200","arrow:a4","arrow:a1","COLLISION","0.2576","5","8"
"d2-v5-expert-200","arrow:a4","arrow:a1","OCCLUSION","0.2576","5","8"
"d2-v5-expert-200","arrow:a4","arrow:a1","ROUTE_BLOCK","0.2576","5","8"
"d2-v5-expert-200","arrow:a4","arrow:a1","EXPOSURE","0.2576","5","8"
"d2-v5-expert-200","arrow:a4","arrow:a1","STATE_DEPENDENCY","0.2576","5","8"
"d2-v5-expert-200","arrow:a4","arrow:a1","REVEAL","0.2576","5","8"
"d2-v5-expert-200","arrow:a4","arrow:a2","EXPOSURE","0.2576","5","8"
"d2-v5-expert-200","arrow:a4","arrow:a2","ORDER_DEPENDENCY","0.2576","5","8"
"d2-v5-expert-200","arrow:a4","arrow:a2","STATE_DEPENDENCY","0.2576","5","8"
"d2-v5-expert-200","arrow:a4","arrow:a2","REVEAL","0.2576","5","8"
"d2-v5-expert-200","arrow:a4","arrow:a5","ALTERNATIVE_PATH","0.2576","5","8"
"d2-v5-expert-200","arrow:a4","magnet:m1","COLLISION","0.2576","5","8"
"d2-v5-expert-200","arrow:a5","arrow:a1","EXPOSURE","0.2576","5","8"
"d2-v5-expert-200","arrow:a5","arrow:a1","STATE_DEPENDENCY","0.2576","5","8"
"d2-v5-expert-200","arrow:a5","arrow:a1","REVEAL","0.2576","5","8"
"d2-v5-expert-200","arrow:a5","arrow:a2","ORDER_DEPENDENCY","0.2576","5","8"
"d2-v5-expert-200","magnet:m1","arrow:a1","MAGNET_CONTROL","0.2576","5","8"
"d2-v5-expert-200","magnet:m1","arrow:a1","POLARITY_DEPENDENCY","0.2576","5","8"
"d2-v5-expert-200","magnet:m1","arrow:a4","ROUTE_BLOCK","0.2576","5","8"
"d2-v5-expert-200","magnet:m1","arrow:a5","MAGNET_CONTROL","0.2576","5","8"
"d2-v5-expert-200","magnet:m1","arrow:a5","POLARITY_DEPENDENCY","0.2576","5","8"
"d2-v5-expert-200","magnet:m1","magnet:m2","CANCELLATION","0.2576","5","8"
"d2-v5-expert-200","magnet:m2","arrow:a2","MAGNET_CONTROL","0.2576","5","8"
"d2-v5-expert-200","magnet:m2","arrow:a2","POLARITY_DEPENDENCY","0.2576","5","8"
"d2-v5-expert-200","magnet:m2","arrow:a4","MAGNET_CONTROL","0.2576","5","8"
"d2-v5-expert-200","magnet:m2","arrow:a4","POLARITY_DEPENDENCY","0.2576","5","8"
"d2-v5-expert-200","wall:6,2","arrow:a1","ROUTE_BLOCK","0.2576","5","8"
