level_id,difficulty_band,grid_size,rows,columns,arrow_count,magnet_count,wall_count,object_density,interaction_density,magnetic_relationship_count,average_magnetic_distance,max_magnetic_distance,line_of_sight_interactions,arrow_vs_arrow_interactions,magnet_cancellation_count,polarity_dependent_decisions,polarity_impact_depth,dependency_edges,dependency_depth,ordering_constraints,meaningful_ordering_rate,safe_choice_ratio,meaningful_failure_rate,harmful_decision_density,recovery_pressure,consequence_depth,consequence_breadth,exposure_reveal_count,controller_changes,object_relevance_score,irrelevant_object_count,greedy_solve_rate,random_success_rate,canonical_strategies,commutation_quotient,permutation_redundancy,v4_score,v4_confidence,quality_score,solver_state_count,truncation_status,pacing_status,exact_fingerprint,symmetry_fingerprint,interaction_fingerprint,dependency_fingerprint
"d2-v5-tutorial-001","TUTORIAL","4x4","4","4","3","1","2","0.375","0.3333","4","1.5","2","3","8","0","2","2","5","2","1","0.3333","1.0","0.0","0.0","0.0","1","1","2","2","0.1937","2","1.0","1.0","1","1","0.6667","0","1.0","84","6","COMPLETE","PASS_STRUCTURAL","sha256:58bb2b5a0dbe153abab1d9fbca5cb1deccaf20e987238f39a85bbf3fc38a3720","sha256:569e3ebab41463e4177ceec87a37247fd067700914d120be17d68a127e6340d9","e375cb1e6e3308f18056c257b1d215b8a4ee4f06347bb0a971d8d238171398af","d12a19752f03c04b7a54010d65ace5c14599e7e0576f16ade9a58aa36c8de827"
"d2-v5-tutorial-002","TUTORIAL","4x4","4","4","1","1","2","0.25","0.1667","0","0.0","0","1","0","0","0","0","0","0","0","0.0","1.0","0.0","0.0","0.0","0","0","0","0","0.095","1","1.0","1.0","1","1","0.0","0","1.0","67","2","COMPLETE","PASS_STRUCTURAL","sha256:52cbaca8c41eade39c3e7a019f6349a3ebfb703527a2380fc86b4ff24ed898f9","sha256:b6c702b8b3c9437dfa6fd95881bce6cebaa643222d77b67d25e2fe3620b9ebad","7da75e9b0a783b035daa1da8ff8dbc9fc3ad3e1a130c16846fb869d428db8255","e3b0c44298fc1c149afbf4c8996fb92427ae41e4649b934ca495991b7852b855"
"d2-v5-tutorial-003","TUTORIAL","3x3","3","3","1","1","1","0.3333","0.3333","0","0.0","0","1","0","0","0","0","0","0","0","0.0","1.0","0.0","0.0","0.0","0","0","0","0","0.1267","0","1.0","1.0","1","1","0.0","0","1.0","71","2","COMPLETE","PASS_STRUCTURAL","sha256:7faeb69938cdaed9374ff9648a80dcf554477d87b7923a8d077961a2e2a8ce72","sha256:663904b573259469be14120ef845624bab8d1c566a43c9759502f1272c4d2522","7da75e9b0a783b035daa1da8ff8dbc9fc3ad3e1a130c16846fb869d428db8255","e3b0c44298fc1c149afbf4c8996fb92427ae41e4649b934ca495991b7852b855"
"d2-v5-tutorial-004","TUTORIAL","4x4","4","4","3","1","2","0.375","0.4","8","1.0","1","3","9","0","4","2","8","3","0","0.0","1.0","0.0","0.0","0.0","3","1","4","0","0.3347","1","1.0","1.0","1","1","0.8333","0","1.0","89","8","COMPLETE","PASS_STRUCTURAL","sha256:ab674af044c508798e4a147973857ea77b9d895f24cfd2adbeb13826a2989be6","sha256:4a47b0386fcdffbe642edab0248839a96c4144a6c4a7b8e2a5904a75505e020b","c208322bc9b03dd52fe89e1a390dc00c260f34a76bac1c0f424ba72f9ce53302","e7f6a4869a2d250104e21f01b1ba30d76e03592289cfc349d20ccfbdb0df574a"
"d2-v5-tutorial-005","TUTORIAL","3x3","3","3","1","2","0","0.3333","0.3333","0","0.0","0","0","0","1","0","0","0","0","0","0.0","1.0","0.0","0.0","0.0","0","0","0","0","0.22","0","1.0","1.0","1","1","0.0","0","1.0","78","2","COMPLETE","PASS_STRUCTURAL","sha256:d1f99eb56ec858c6e1a1cf907ce6d5c8ebbf1900e1b5456f388e82be9c255f25","sha256:a7cfa992dca81bd2ff5fb743a79a5c2bbf29c9561c07b159f940d507c89d6236","0e50931dfa97569e2e5d730b1fdb9d6e532fbf755c17189fc0a0437f14bed462","e3b0c44298fc1c149afbf4c8996fb92427ae41e4649b934ca495991b7852b855"
"d2-v5-tutorial-006","TUTORIAL","4x4","4","4","3","1","2","0.375","0.4","4","1.25","2","4","9","0","2","1","10","3","3","1.0","1.0","0.0","0.0","0.0","3","1","4","1","0.473","1","1.0","1.0","1","1","0.0","0","1.0","76","4","COMPLETE","PASS_STRUCTURAL","sha256:a210d388ff7ddc8bc2fee16ca312c824108405f4da121dc66cd200c75c65a0bf","sha256:da536d752b7bd20ad6dbce6f6b16542dcaf6fc59cde4311d8c5e5371fab31dd4","38381ec51ffe336f858daabf42e0b46dee2beb64cf6cae670a85a67af048866d","a1431d80f50a69c7aa75c6a0672480bd2a0c06484d85a712e7ea6cd7cb2a6af4"
"d2-v5-tutorial-007","TUTORIAL","4x4","4","4","2","1","2","0.3125","0.3","4","1.0","1","2","7","0","2","1","8","3","0","0.0","1.0","0.0","0.0","0.0","3","1","4","0","0.3024","2","1.0","1.0","1","1","0.5","0","1.0","81","4","COMPLETE","PASS_STRUCTURAL","sha256:024877a498da91c599ea7e0c20341683546c6f19273f83a7f7e112f4e60c4366","sha256:e099a7cd28665f6f7ccdaced45235da5b45567f7f50c21d0ab35ef1fb1fb30bf","2a52364380e3cbe9a2181212aed793438e2e638e08dc74581a2d852cc7f1c6ff","e7f6a4869a2d250104e21f01b1ba30d76e03592289cfc349d20ccfbdb0df574a"
"d2-v5-tutorial-008","TUTORIAL","4x4","4","4","3","1","2","0.375","0.3333","8","1.0","1","2","9","0","4","2","8","3","0","0.0","1.0","0.0","0.0","0.0","3","1","4","0","0.2261","2","1.0","1.0","1","1","0.8333","0","1.0","86","8","COMPLETE","PASS_STRUCTURAL","sha256:067ff00efbea60bb30c31030ea420de9593fba741b16d54cdf86a2122a75a444","sha256:24cc74bbfc7d549f1456acdb1ed953e6b83951dfee69f7a82b8c277d3b3f4abd","c749f467bc9cd98db50145d330fa59e7ec37caa5fe418c8307f83d2878fbe275","e7f6a4869a2d250104e21f01b1ba30d76e03592289cfc349d20ccfbdb0df574a"
"d2-v5-tutorial-009","TUTORIAL","4x4","4","4","3","1","2","0.375","0.4","4","1.25","2","4","9","0","2","1","10","3","3","1.0","1.0","0.0","0.0","0.0","3","1","4","1","0.473","1","1.0","1.0","1","1","0.0","0","1.0","79","4","COMPLETE","PASS_STRUCTURAL","sha256:d50e03eb712b3fda5ce234d387f8649c55c5b6438d7d3f96e9bb0053a1133c2d","sha256:f8232f605b4ad7169fff655f79129fb4ff70bde0209485f1f511cf0aaae3e285","836c3ce4721055880dc9953786af6cd6a633b9a6434ab481fcab4a19b885f5ea","fb32c825f9c1228d0171b612596e6eac4331491526119ccbac666870304f2833"
"d2-v5-tutorial-010","TUTORIAL","4x4","4","4","2","0","2","0.25","0.1667","0","0.0","0","0","5","0","0","0","4","2","1","1.0","1.0","0.0","0.0","0.0","1","1","2","0","0.115","2","1.0","1.0","1","1","0.0","0","1.0","72","3","COMPLETE","PASS_STRUCTURAL","sha256:2b5359d5ba97b0ab1ff9b18d94a14fa8825e37879425486ee899194ad83d54af","sha256:8d26e08c0d427366c89f67aba1f4e3f55fe606956c76ecd2e1f80342304bdb21","119d45499289db1945c64df10965402d8984fa7d8f4dbe7268ccdbc8e9659cab","7e75fac008bd89aa81b1bbcd7ae4ff9d85055e8ff42f6dc95619d79c22d9a023"
"d2-v5-tutorial-011","TUTORIAL","4x4","4","4","2","2","2","0.375","0.1333","0","0.0","0","1","6","1","0","0","4","2","1","1.0","1.0","0.0","0.0","0.0","1","1","2","0","0.2364","2","1.0","1.0","1","1","0.0","0","1.0","72","3","COMPLETE","PASS_STRUCTURAL","sha256:5ddb4adf8983135eb31e44e9b757f0bde8823c7c0d87d774624f8c486d17efa2","sha256:53e18db2b90a5a8beeff798c0335ac10455533291849081e53f680aa3f9bf405","334e8f6121de5c557896778b1a65b5ca0e4334e6a657305f98d6493b7019ea3c","7e75fac008bd89aa81b1bbcd7ae4ff9d85055e8ff42f6dc95619d79c22d9a023"
"d2-v5-tutorial-012","TUTORIAL","4x4","4","4","3","0","0","0.1875","0.3333","0","0.0","0","0","5","0","0","0","4","2","1","0.3333","1.0","0.0","0.0","0.0","1","1","2","0","0.1467","0","1.0","1.0","1","1","0.6667","0","1.0","87","6","COMPLETE","PASS_STRUCTURAL","sha256:816300590884963eeac685abf2b66d06d73bd64758afe708f8289750fcf8995a","sha256:78c2478cac49d24ef19f35e880d82c99321fa2d426fa3116f68bc56775abcec3","2b019fd9f30b6d05cf726b86176a7fec08b9e6bc16d6134b985f85eaae2d21b3","57ce29fef3f26de79ba90e3fe68505b4d210927e2df011bbf5812a640c855491"
"d2-v5-hard-013","HARD","5x5","5","5","4","5","1","0.4","0.2222","16","1.0","1","5","13","0","8","3","12","3","3","0.1667","0.8333","0.1667","1.0","0.2778","3","1","4","0","0.2391","3","0.0","0.625","1","1","0.9167","40","1.0","86","16","COMPLETE","REVIEW_ISOLATED_OBJECTS","sha256:037fed53a70f58d66d1b5213b46e87939fdfe31adb2c990e39ab8dd0937c1b71","sha256:c0fc7aec96274ad20e9f5a1df737a04b7f7d3677edddc1641b4929f113cf4ca2","1639fca6add9a859c2d59bb0df59f7aea54bcd1206c9b9cbbd13d2b2d4d5da30","c2056e3763e6888926251a65ff35def443f31d36e01153a074a02db2ec4f37cc"
"d2-v5-easy-014","EASY","4x4","4","4","3","1","3","0.4375","0.381","10","1.2","2","4","18","0","6","2","20","4","2","0.3333","0.75","0.25","1.0","0.375","4","2","8","1","0.3005","2","0.0","0.5","2","2","0.0","63","1.0","86","9","COMPLETE","PASS_STRUCTURAL","sha256:b04628050184770b2df52c521f5db69929498d1558fd4ba99a1f03bae4629fce","sha256:f2d2c9e5cc378de8f49955d35c21d3525bfba15dd10b4385b57d2ae60855d30b","a13ec3f6e8a0767b78da0b4d93871c823eeeeedec8b098d784744dbef6e1d3ae","5dce647306b8bb85ee3c307e1ef2f338b31cb2a4b0da3032008398efa753c346"
"d2-v5-medium-015","MEDIUM","8x8","8","8","4","2","4","0.1562","0.2222","16","1.0","1","3","14","0","8","3","12","3","3","0.1667","0.8333","0.1667","1.0","0.2778","3","1","4","0","0.3361","2","0.0","0.5938","1","1","0.9167","40","1.0","78","16","COMPLETE","PASS_STRUCTURAL","sha256:35ce9b98e5ed86b631b25ac8448c9f58edc1e035448e37bd37e9abff1ed3bff6","sha256:08f6b96da1300c05a189aab97b6efce57fe16162c5616138fc3cf7f78ba5dbaf","897c098b1982bd4a91e030f880f6e7b48994e5a34ca627d8fb17be673e6cc4bb","9a42915c9e29e22b2d9e01d709e58d83c6160bcbd1b5b3d72f8a4feb4bbc03d3"
"d2-v5-expert-016","EXPERT","7x7","7","7","5","6","2","0.2653","0.2308","72","1.8888888888888888","3","7","26","1","16","4","21","4","7","0.3","0.7","0.3","1.0","0.5667","4","2","6","4","0.2577","4","0.6667","0.1875","1","1","0.95","45","1.0","83","32","COMPLETE","REVIEW_ISOLATED_OBJECTS","sha256:8cbafdb630d335ee389681f11fbbcf93b27bc95d089bb2be8c5b0d74cda32216","sha256:9ff0d9c48b7aea9f2c38a3bdd4beef12b3596a7f8d8098d4d7c260c2bc70094b","bc3563ac3b5f0e1231bae50e4649ca8e77d9d608e6101115995279b1e25d8857","d389b49e1cfc0507817532d1dccf093298357c1fa62c8f0101e16b4d62ef0951"
"d2-v5-hard-017","HARD","6x6","6","6","5","2","4","0.3056","0.2909","36","1.1666666666666667","2","8","49","0","34","4","45","5","5","0.1","0.8286","0.1714","0.6667","0.2571","5","3","22","4","0.2778","3","0.0","0.5625","3","3","0.8","40","1.0","83","22","COMPLETE","REVIEW_ISOLATED_OBJECTS","sha256:ce934892974b0864e52b7ef3b19598a379d639561ac18ae7a1e0b26f0e5dd6b9","sha256:e96a94022ecc4bfaeb45dff371d8fe0d053f4bb641a7b471b3d55a16915a0bc2","c884dbb483e46eeebf15f5dc0de3c8f06690d60f3ef5e5039a1158a86c99bc2c","1a0cc71c72373fa3804725ca753f89a7df98f734f0138f9faec1f9f788d2f1bb"
"d2-v5-medium-018","MEDIUM","5x5","5","5","6","2","1","0.36","0.6111","80","1.3","2","8","41","0","32","5","30","6","5","0.2","0.7838","0.2162","1.0","0.4144","6","2","12","20","0.4594","0","0.3333","0.0312","2","2","0.9583","49","1.0","92","48","COMPLETE","PASS_STRUCTURAL","sha256:a1586a03237f82768909a1a7a23d194b799476403f816bac520491a8437dca11","sha256:29b48130ee40bd1fef3d26d26b1d36cbe49e8fcd37f8335031f5329fd5966c2a","17f4b844cd448f990c6755da1d61ff394f137da6443e56e2886756c18b73204e","0f60a632527beb46555c645d6f0719034ef94c492b49469e9649f2a73d96e14c"
"d2-v5-master-019","MASTER","8x8","8","8","5","3","3","0.1719","0.3273","44","1.7272727272727273","4","9","33","1","16","3","29","5","6","0.6","0.619","0.381","1.0","0.6667","5","2","10","12","0.422","3","0.0","0.0625","1","1","0.8","62","1.0","81","20","COMPLETE","REVIEW_ISOLATED_OBJECTS","sha256:d52cbd07439e07e80ea687d8c1254b8a6dc4b69302b62f363dc9eef155dd803c","sha256:4d60566725062f0d127738ed90fb4a88fd8e2d6a3bee84b2290608985d09819f","2f3a5da6266c82106aaba4a89866a4895f2134ec218e0496e64087254c4d9cfd","115fba0a464f483c49f050abd724fe5c09c85faa4cd7832d4cc83ca1378db46a"
"d2-v5-easy-020","EASY","5x5","5","5","4","3","3","0.4","0.3111","16","1.4375","2","7","18","1","5","3","17","3","4","0.6667","0.8","0.2","0.5","0.3","3","1","6","2","0.6671","2","0.3333","0.5312","1","1","0.6667","38","1.0","85","9","COMPLETE","PASS_STRUCTURAL","sha256:656626cec0c5ab8cbaf158b5b0fe7e130748b25b48cf6cef5b93ebb72ae441f2","sha256:b8d0f857eeecdc09f1d8c394fb489d82047731e191f160262e16dfe55921c013","078f3c83bc77b94fa79bab9448712d0c8a33488e27dcbbfdcc8f94dfaafaabcc","97dd808d37a3a99648d43f3aee70f6918c04d6569abaf39d20df4be95076f7e5"
"d2-v5-hard-021","HARD","5x5","5","5","4","3","4","0.44","0.1818","24","1.0","1","4","16","0","8","3","13","3","3","0.1667","0.8333","0.1667","1.0","0.2778","3","1","4","0","0.2831","4","0.0","0.5938","1","1","0.9167","36","1.0","84","16","COMPLETE","REVIEW_ISOLATED_OBJECTS","sha256:68a52e00416b70c3e9ea26bab219e61a0d3ffc5c4dfc52500f201b7c247077ec","sha256:e0c351702a6e71bfe8a8ba46ae194b3c658ef2f564da2df2f4b2def197059f20","3e9cd26d561d90cca61cc9c1fcdef0a8b496c5cda4a7f4ef28b7b3a314ac17a1","5551e78b17aef7c8b11d49b70c0b3f206f6eb0eb97c579c9d691f4c75b35e660"
"d2-v5-easy-022","EASY","8x8","8","8","5","2","5","0.1875","0.2727","66","3.1515151515151514","6","8","42","0","32","4","34","5","5","0.0","0.9016","0.0984","0.375","0.1585","5","2","14","10","0.2077","3","0.3333","0.75","3","3","0.925","9","1.0","84","36","COMPLETE","PASS_STRUCTURAL","sha256:ce04d4804921da149bdacf4621283a6cc452414ced0a8f10aad30eabe255906c","sha256:98f1582672c66f805035da36ac7aa97c18b0e3dc0b7d2f193f30e890fa5d1f14","010b7266a7514fb3bd39ec618c47a8ff51e83a9bcc9dd9b87b1f9de180ba3daa","564a40f84b485041c294120a2b38d3c545bdd4aae08e1498674bd707185c67ea"
"d2-v5-medium-023","MEDIUM","6x6","6","6","4","2","7","0.3611","0.141","24","1.0","1","4","14","0","8","3","12","3","3","0.1667","0.8333","0.1667","1.0","0.2778","3","1","4","0","0.2048","5","0.0","0.5938","1","1","0.9167","38","1.0","84","16","COMPLETE","PASS_STRUCTURAL","sha256:b5fa28d3bb66aa1a5596f3b90b25853980049429a2375e777c2843b30f3173f1","sha256:c428904a082884d7c4ad6379a04c9ad9a4109eeb20543ce1d11adade8b012ea4","838cfc98c1881bedb53878893e95b610072f218cd64de967b365aa40343f01c8","9715939b60b798e8450d367f6c18c0cc21593d9487e46fa6f8675ebc7fd959d8"
"d2-v5-expert-024","EXPERT","8x8","8","8","5","4","4","0.2031","0.2179","52","2.3846153846153846","6","6","20","1","4","3","13","3","4","0.3","0.7778","0.2222","1.0","0.4074","4","1","4","8","0.3365","4","0.0","0.3438","1","1","0.95","49","1.0","86","24","COMPLETE","REVIEW_ISOLATED_OBJECTS","sha256:4837c8bb6fa1cd40814c39ce971977162152df68de6bd41d1f35ad75e0ce09fd","sha256:ddb6d2fc1d12a8d5ea1028cac778cb9f67976872c9a0e38bef5debd10f520f7a","013f6633386a3ac45ef6c721a45c195a62972ebc6ac5327467ec906ec5791ce0","456a46739cce87a8c04b90d4b7cd0c3aa2f9ac133ae4d809037936c3960a47a6"
"d2-v5-hard-025","HARD","5x5","5","5","4","4","1","0.36","0.3056","20","1.6","4","5","19","0","6","3","16","4","3","0.3333","0.8","0.2","0.75","0.3333","4","1","6","4","0.3231","1","0.0","0.5","1","1","0.8333","45","1.0","90","12","COMPLETE","REVIEW_ISOLATED_OBJECTS","sha256:782286ba821aeab5f757bf12171d2e142653c0bf8d93714cead6ff33c087bc84","sha256:fa22dade1332220f1f6afd888f8cb950774f6d80537915fcdacde88a0d34f4ff","68815f75bb0d7d1155e907bb10a38b8531538c55ed308a77752bb4aeb7890759","d9dfeeff5d8b229402739f4fc45f4032d1c9a722c34873995365119f2b3216fa"
"d2-v5-medium-026","MEDIUM","6x6","6","6","6","3","1","0.2778","0.4667","44","2.727272727272727","4","9","40","1","12","4","22","5","4","0.2","0.9118","0.0882","0.5455","0.1617","5","2","8","20","0.2886","1","0.3333","0.5","2","2","0.9744","24","1.0","95","42","COMPLETE","PASS_STRUCTURAL","sha256:22d3dc61e7f88c5b831afeb2ef2854d3889be12b5d80fa6153a539f8dd9390d7","sha256:23ce6794c63135589bef4a0bc046c1b3fd93342b991d2c65215e0288ce265078","e4893d173018099c12d7d9a31f8964bbc1d793df1a5a98671791dc49894097fb","775719634581f0cbeed3b8f465b4b30e3280e2739619844bd3aa17c1ab8edb78"
"d2-v5-master-027","MASTER","8x8","8","8","6","3","2","0.1719","0.3818","62","2.096774193548387","4","8","55","0","42","5","54","7","8","0.5333","0.7083","0.2917","0.8571","0.4862","7","2","24","6","0.3375","2","0.3333","0.4062","2","2","0.7143","60","1.0","83","24","COMPLETE","REVIEW_ISOLATED_OBJECTS","sha256:4bf81cab4c9c02db24181888259ca195543ce00703e6379890c1a6347c8f8678","sha256:bf30ea7e47c5c4d25c595e85982e99b7d5cb57f8fd523a8521887904014e91c8","471167f6cc3828c536840524fab7ec2d311db2ff5690ea64ae614bc9c926b228","2bc5c17d4377de93176c17d6d70080f3b696f72dc1ad88abf1272f7edf494ca8"
"d2-v5-easy-028","EASY","5x5","5","5","5","1","5","0.44","0.2909","60","1.1333333333333333","2","5","52","0","56","4","46","5","6","0.0","0.9189","0.0811","0.3529","0.1216","5","3","22","4","0.2129","4","1.0","0.625","4","4","0.92","7","1.0","87","38","COMPLETE","PASS_STRUCTURAL","sha256:d52aa3f1f56f194b29243994645126bc144fdd5c61478fc7992364cf0f30b4dc","sha256:6715005542dbc08a8f66ce098f9d11e62225bd327d6862bdc6f670ac5b71ef76","99067b1fc9aec40f42a283a47fd586b78a67f25e446020e54d75bb78281682c7","6a979a693e200a1000d2e4b921a8b9dcb07e7b1795068990af0db5270e4d2d07"
"d2-v5-hard-029","HARD","5x5","5","5","6","3","1","0.4","0.4889","88","1.5","3","8","43","0","38","4","38","5","8","0.2","0.8148","0.1852","0.5455","0.3519","5","2","16","4","0.5036","0","0.0","0.1875","2","2","0.9444","53","1.0","97","40","COMPLETE","PASS_STRUCTURAL","sha256:470ecd00a2a6030a54e04d2629c42885bb615cbed111bc1e095b5d07774bc887","sha256:438a2aa020203cb6dd40d7ef815c466e89c998275c135e99d0c7d1648a9baf90","61b7b17843d29d79b43c541266d642070c13c2062dd029bf0a7fc28374374e0e","9a25bd9b039dbbf0b824c9fe7817cc62cbb04544907419dad3f95ee9d1f0775e"
"d2-v5-easy-030","EASY","4x4","4","4","4","2","1","0.4375","0.4762","20","1.5","2","5","26","0","10","3","22","4","2","0.3333","0.8824","0.1176","1.0","0.1764","4","2","10","2","0.3193","1","0.3333","0.4688","1","1","0.875","35","1.0","93","12","COMPLETE","PASS_STRUCTURAL","sha256:a3a812b96ab11705ea26f6d129f6367cc4b709bd60b65e308d25cb8f26551c41","sha256:6aa5f1076751909a730f11ae295506ba719d575b74d7e71a5330bcaaa257839a","37764794b305dca91b47b9293a2bcdf53c1fee06f377bf6a0854128e6d621440","f0add28b04fa900e82bfb407f5d3af965a7a97f60e2d2e364dca7e5402403ac7"
"d2-v5-medium-031","MEDIUM","6x6","6","6","5","3","1","0.25","0.4722","58","2.0689655172413794","4","7","27","1","24","4","22","4","4","0.1","0.8667","0.1333","0.7273","0.2444","4","2","8","4","0.2226","1","0.0","0.4375","2","2","0.95","40","1.0","91","36","COMPLETE","PASS_STRUCTURAL","sha256:8992bea8df18306b359b5765284837831ee7e0c59b4a962bec558dc895c4c610","sha256:b8ef7e2290936188bde65e1998e1630d06b327f49eec7fd1acc2007b6f726567","da7d173cde9ffaf4256ea6ddb393a74fcf99ab6f3c38ce2763c05a560b137126","70ecd7be9f349e45a1ed1b52107d10c26ed1bb72fb530312c4db2b4d48b95b6a"
"d2-v5-expert-032","EXPERT","7x7","7","7","5","3","2","0.2041","0.3778","44","1.4090909090909092","2","8","33","1","16","3","29","5","6","0.6","0.619","0.381","1.0","0.6667","5","2","10","12","0.2987","3","0.3333","0.0312","1","1","0.8","56","1.0","81","20","COMPLETE","REVIEW_ISOLATED_OBJECTS","sha256:cc2713c9730e4bbf3f22bd27863ba4ed28124bcac81aa35a7265ee5bec4c4273","sha256:3f86ec3dac5ea0574cc21b419e7e7a56b1f074a9700115aa78d78f9a0130e4be","98117e91db0826b7837dfc75dae9bf277f9c07aaf979acc69e43756352032955","de60e3b6776cdfbbe4dbc741f7a0c3270f06d11abd54563b998f3d65247b3c84"
"d2-v5-hard-033","HARD","7x7","7","7","4","5","1","0.2041","0.2444","32","2.25","3","6","14","0","8","3","12","3","3","0.1667","0.8333","0.1667","1.0","0.2778","3","1","4","0","0.2528","3","0.6667","0.5","1","1","0.9167","25","1.0","83","16","COMPLETE","REVIEW_ISOLATED_OBJECTS","sha256:ff769711a4af842c09368010020d1742da2c79788ac08f6d1bc670023b9cae13","sha256:43120a3ef61ffd841619b28d5cac2a94acdd8a5e9b84cbd7b7497898a2aa2a71","a2daf44fbf97e58a03d6af9ef1d3c2c1ac19c7dcc0dcfb563d6279d42a45297e","d4c2cfbf060ad32773aee735f00f41e434d1ff1b23f38887b260fed576346413"
"d2-v5-medium-034","MEDIUM","6x6","6","6","3","1","4","0.2222","0.2143","8","1.0","1","2","10","0","4","2","11","3","2","0.3333","0.7778","0.2222","1.0","0.3333","3","1","4","0","0.2716","3","1.0","0.5","1","1","0.6667","39","1.0","78","8","COMPLETE","PASS_STRUCTURAL","sha256:5b9559673874874af649d6ffb2449ea65e61685a41b024503d3235d530793765","sha256:429680092d99d82e18ef93a170b725a1c986555fa77dbcc2e4309e86e1708a42","993c9211283694be03298c4b8120d4dddd92e250e6f1b7128767e522ead2bac3","31e61d2130985b9ff4e082d5fefe84781c7a54666013c5fcde4360b5b7bda5a7"
"d2-v5-master-035","MASTER","8x8","8","8","5","4","2","0.1719","0.2909","40","1.8","3","5","23","1","16","4","20","4","7","0.3","0.7","0.3","1.0","0.5667","4","2","6","4","0.3621","2","0.3333","0.1562","1","1","0.95","49","1.0","86","32","COMPLETE","REVIEW_ISOLATED_OBJECTS","sha256:cefd94e083f8ed29f2ecac40998bcbf6ae8f5be4913158478c26d2d0c5aa8cbe","sha256:7343ea5550d52ccb8aaba9e4fc7d0a99fd663ca2c8eb22d5f6cbbc63a4bf920c","e4fcbe91c82c22ac6dd97ec35c79d3f5d2326bd9f7c2b2701a9107b69f490105","7fb9fd0d503a7d3e6559b470718022fa847d4ab167207f856a9afdd9c7131217"
"d2-v5-easy-036","EASY","4x4","4","4","3","2","2","0.4375","0.3333","8","1.0","1","3","10","0","4","2","11","3","2","0.3333","0.7778","0.2222","1.0","0.3333","3","1","4","0","0.431","2","1.0","0.5312","1","1","0.6667","38","1.0","86","8","COMPLETE","PASS_STRUCTURAL","sha256:e5a77fcd333649015ecfe4861fc36b54db95cff95793e57d8e2edf253f6eee16","sha256:a22a40931c8b6035c967b6ca42ce817ffda93ff83b41c80fa3702db8b05b94e6","fd610f9ca444d1a7c4564380dc9cb67833c62fa4fad91e1f8e491217d7c208de","e3dd078581b631fe77cfbbd8226e9703386630718b373b771f22ab2f3738a071"
"d2-v5-hard-037","HARD","5x5","5","5","5","5","1","0.44","0.3091","54","1.1666666666666667","2","7","25","0","19","4","22","4","4","0.3","0.8065","0.1935","0.75","0.3548","4","1","8","0","0.307","1","0.0","0.5312","1","1","0.95","50","1.0","97","21","COMPLETE","REVIEW_ISOLATED_OBJECTS","sha256:29d08f87d4fc055fec7d5fc862072a527af0edfbfecac813986bf5dcd5d2f671","sha256:ee20380d0532734b54dd5a2ab5a4569efb904569d4cb98265b798dcdcffc4cc9","2da441a97531b99df4a91267d1d33c48970bf9052b01023ac115cc0cfac967ce","636eb4197fda7e3caf35f7231e1971c69e4d914b9a2a492faab4dee462d93f6a"
"d2-v5-easy-038","EASY","5x5","5","5","5","2","3","0.4","0.3556","40","1.6","3","6","31","0","24","4","23","4","3","0.0","0.9412","0.0588","0.2857","0.098","4","2","10","4","0.2629","2","1.0","0.7188","2","2","0.9667","3","1.0","89","36","COMPLETE","PASS_STRUCTURAL","sha256:efc87441c0a15c5581569c736bf1e3f139c65e5b5eb8672c5658feb8e2d5aa93","sha256:0409b1057e0545e0b506953aa61b7d596a77882b4dec95f22873100728fadd89","203b04b840fa88818bd962401933a8fc1afcca74ea4b091554f117c85055ebdf","3d9133f80ea16e78a89f47be11c37081066ca05da53a9a035002149993418425"
"d2-v5-medium-039","MEDIUM","8x8","8","8","4","2","7","0.2031","0.141","24","1.0","1","5","14","0","8","3","12","3","3","0.1667","0.8333","0.1667","1.0","0.2778","3","1","4","0","0.1795","6","1.0","0.5","1","1","0.9167","26","1.0","77","16","COMPLETE","PASS_STRUCTURAL","sha256:0112dc04f71f485aa104748e2c6630c6a11fc0aca5f369f81e4a8e27efe7f02d","sha256:d4efb1a82484b59bf756b42d0786a842d63bed0be9ccd8ac73eca2a61a44e91d","bfa165a96aa80f4786a7ea1760ba91b83e68625d81d710aa6c1a6fb0fc464518","3db49f6cc1c1348ab2595cef6a46a64ef90b28bb66c899ef0939e6d0892acda9"
"d2-v5-expert-040","EXPERT","7x7","7","7","6","6","2","0.2857","0.2747","115","1.434782608695652","4","13","50","1","46","4","42","7","8","0.4","0.6981","0.3019","0.8571","0.5786","7","2","16","36","0.2886","4","0.0","0.0312","2","2","0.9333","65","1.0","86","50","COMPLETE","REVIEW_ISOLATED_OBJECTS","sha256:5afb1faedfaa46f11b583083f8fd0488d94221a84df58753dc11d83a17360aa4","sha256:9d3a76bc883c437a14f66dc4b3817578117f89da4e8c344b82faa8b9c399f630","aac85b6db2ee51c9c59f6be12bc8d66d75884cc4b982a6c7bc72b5dfc6b7fab8","167d849541c86a3290b098eab7c14c60b9b2d01c65f5db47c4ebce4c23f99172"
"d2-v5-hard-041","HARD","5x5","5","5","5","5","1","0.44","0.2364","37","1.162162162162162","2","8","27","0","6","4","24","4","8","0.8","0.75","0.25","1.0","0.5","4","2","10","0","0.264","2","0.3333","0.5","1","1","0.6667","61","1.0","93","14","COMPLETE","REVIEW_ISOLATED_OBJECTS","sha256:b556ab1ac6963c2bfb7748f2b3926a6a54ec1233a893a2597c4afb1444ca3a31","sha256:69c9ae91ff3794a31ff027090b772df55ab2efe9d1527e3bc35a1a8a0df5862a","1bb9118d4ae5e68ffcf57d9d6487e75d9b8889c7d7b7a1724345c1b325be22c1","210ea9a6f56483d14566efe72d7ebb24a8e21668df672c2b26241ca72fea9ef1"
"d2-v5-medium-042","MEDIUM","5x5","5","5","5","2","2","0.36","0.4444","48","1.0","1","5","25","0","20","4","20","4","4","0.2","0.8462","0.1538","0.6667","0.282","4","1","6","0","0.3041","2","1.0","0.5","1","1","0.9667","32","1.0","86","24","COMPLETE","PASS_STRUCTURAL","sha256:eed0171f5da901822fd65e26cf2a51483c59d2159f4a763f7f37dda7806a4b02","sha256:663f43d1fc1aecbdc15a10fb6e58d0b940d282c71dd5fb84105f8737739b92da","eb4585c68dd30c2837b9f292d9be34a6632f5caad09636d8a55c89013391411e","63bbdc81c1c5570bb35042c6c1d0dc97489fa0cc889c6e259f47708aa3e370e7"
"d2-v5-master-043","MASTER","8x8","8","8","5","3","2","0.1562","0.3111","28","1.2857142857142858","2","6","19","0","8","4","13","3","4","0.3","0.7778","0.2222","1.0","0.4074","4","1","4","8","0.3705","1","0.0","0.3438","1","1","0.95","56","1.0","85","24","COMPLETE","REVIEW_ISOLATED_OBJECTS","sha256:62034e04442cc453e6e9b769e54dbe774d7aaf7bf31f93d11cd1de98404ecc4f","sha256:ec77099afd6f79fd09315279ca36a33e2ea63570751111ea4e762937b6dae83e","fdd741b5c6a8715dcaf7ad08881bb0cfdd7e8719678726ff06769dbb39994e9b","5866948c1a1f08799b4d95f68ea9a3dfb18d3cd404d3cfcfa0bbdd9cd19ffbd6"
"d2-v5-easy-044","EASY","8x8","8","8","5","3","2","0.1562","0.3778","40","2.5","4","8","24","0","12","4","17","4","4","0.2","0.8462","0.1538","0.6667","0.282","4","1","6","0","0.2336","1","0.6667","0.5","1","1","0.9667","31","1.0","86","24","COMPLETE","PASS_STRUCTURAL","sha256:9ae7537de32d10f8a256579e7d4a61b5cebe8ac03a63ee21b0ca867c484d523c","sha256:d3e8cf6888e57afa216e08007e4773e0846c80c53599b0f1766032993f3f8582","32a84aec535f91317255e6daaf5b55273b3b551c7d4cca9bee35b8628b6e861d","e7cd9cc0210b3c97e48681994e8008d08f527141c93984c3d8b8ad3a11d50649"
"d2-v5-hard-045","HARD","6x6","6","6","5","2","1","0.2222","0.5714","34","1.2352941176470589","2","7","27","0","16","4","21","4","3","0.3","0.875","0.125","0.5714","0.2083","4","2","8","4","0.38","0","0.0","0.5938","1","1","0.95","42","1.0","85","20","COMPLETE","PASS_STRUCTURAL","sha256:eb9a203fa10a0efbdd87815ed165c1c3b5be3f762cbdc9aedfc900a6785b74d6","sha256:dc81921a9f96cf3e86fb34ada28601170f7136b8b6beb6ec42fbdcb185466d54","6b3c97021244cac66a50a12d463610844e8945b7d24782e278f0d1e040343fe0","9215fa44239d476bc981d29fa4dfad4f6de62dc85adf7112ade60ab108e013b9"
"d2-v5-easy-046","EASY","8x8","8","8","5","3","4","0.1875","0.2727","79","1.7848101265822784","3","8","52","0","56","4","46","5","6","0.0","0.9189","0.0811","0.3529","0.1216","5","3","22","4","0.244","4","0.6667","0.6875","4","4","0.92","4","1.0","80","38","COMPLETE","PASS_STRUCTURAL","sha256:da9d9a91aec3238d57190ef1591d3b2df4140fa8ebd2daa12481ee314711de44","sha256:390844ce3ce8ef2c2be8d5f9853b30221e6e625ba248738abe66e39083eee2ea","2d6e04a80b16b49c9f09efc0cb91c73d2072f0fb415e984559d20b600fc5f4bb","9d634175ef78099b9f1ec16e60eb932dfc2ca82c2d58210432f9635a69dad81d"
"d2-v5-medium-047","MEDIUM","5x5","5","5","3","3","5","0.44","0.1273","10","1.2","2","5","8","0","2","2","7","3","2","0.3333","0.7778","0.2222","1.0","0.3333","3","1","2","2","0.2554","6","0.0","0.4688","1","1","0.6667","46","1.0","80","8","COMPLETE","PASS_STRUCTURAL","sha256:9e793973b1853adc47460324509c429a3d30744226f72557a199e35ba090458c","sha256:738cfb6d03b7762ea2c6b524f61e0efd5f97424fa9747fbf8915853e4a10cbd4","dc7c1524bb4c4e638283fc67aa9b14ac3526c41d8c6b67fa65fd6f4caab25253","310fe8ccf570453526199ab7bf5f969f22743dd9343e45f457926ede1dabb086"
"d2-v5-expert-048","EXPERT","7x7","7","7","5","3","4","0.2449","0.2273","30","1.6","2","4","30","1","6","4","23","5","6","0.3","0.8065","0.1935","0.5","0.387","5","1","8","6","0.263","4","0.6667","0.2812","1","1","0.95","33","1.0","83","24","COMPLETE","REVIEW_ISOLATED_OBJECTS","sha256:42bf96f6458c238e16a068e03a25ab7d931ce474e20111a80a0eeb4a63d97bd2","sha256:61b73d77d2b1e981ecb69ee0f63fe2417255b7c48ae4acc3fb98f1713d931354","fd76b07a8093a47bddcf95755da7652ec1d871484e6d0aad8ad1de3fab5f341a","91aed3da5214fb951475274464cdd893a23402899e3b7082e977a15c42639379"
"d2-v5-hard-049","HARD","6x6","6","6","5","2","1","0.2222","0.5357","35","2.4285714285714284","5","9","46","0","14","4","34","6","3","0.3","0.8529","0.1471","0.5556","0.2354","6","2","16","12","0.4107","1","0.6667","0.5","2","2","0.8824","25","1.0","85","25","COMPLETE","REVIEW_ISOLATED_OBJECTS","sha256:e2903607ba31902b761d4b99c4b47e8a4a3d3db4c8c02848c138d07b6174f101","sha256:5ab195cf1f3056bfe19069d89a655f0be2da5bdaf9b67baa3360d6dfe9755e03","4800662b2aac56dfd702f75c68fad41c12733565fd968888ebff8275ccbdf56d","99ab5fb67b095d97c510e21b01e129c116aa2f812ca2179c92706286bc318b24"
"d2-v5-medium-050","MEDIUM","6x6","6","6","3","4","1","0.2222","0.25","12","1.6666666666666667","3","3","10","0","4","2","11","3","2","0.3333","0.7778","0.2222","1.0","0.3333","3","1","4","0","0.3047","3","1.0","0.5","1","1","0.6667","38","1.0","86","8","COMPLETE","PASS_STRUCTURAL","sha256:59d9dc3770d0186a2cd8ff995bf66992f61825ab603f05510a7e889786f90ead","sha256:ebfc95c20a305326113084e5fe43d4d2ddd6903bfaccf0a121916d280d039947","2a01c17731bc8067aab725ed6b38ad2eae99ad4d8b9813f81c91050c02569a13","cc43f0896c66a5657141a04ccdcb845f5e608e0134058d2e8877629dd3398342"
"d2-v5-master-051","MASTER","8x8","8","8","5","4","2","0.1719","0.2727","40","3.9","5","7","19","0","8","4","13","3","4","0.3","0.7778","0.2222","1.0","0.4074","4","1","4","8","0.4363","2","0.0","0.1875","1","1","0.95","55","1.0","87","24","COMPLETE","REVIEW_ISOLATED_OBJECTS","sha256:10fa5b1fb5657a360432c56b5c17cb93123b4c87af4035d88f0fe1d4752a93da","sha256:ae9ea8f71b412a87566a8902270a125fe45ac25f8e79e250f781a589e28a8c30","2f4f027f970b34fd8b5f40327e94b360e9167e9286df07ecd0f018878a966a4f","671921a2ed284783b4de3738b8c34ca55e8b8393089785ce9f2d8e1c1e4874d0"
"d2-v5-easy-052","EASY","4x4","4","4","3","1","2","0.375","0.4","8","1.5","2","2","10","0","4","2","11","3","2","0.3333","0.7778","0.2222","1.0","0.3333","3","1","4","0","0.4482","1","0.6667","0.5625","1","1","0.6667","40","1.0","89","8","COMPLETE","PASS_STRUCTURAL","sha256:ac7cd648724df829d995d9ad4a669cf3dec5dac2341fc0fb9dc6b80fa2fb18cf","sha256:e224fcd976e14261e2e4a83db0a2486fa64a547631df13e5bffb642d57b20797","622918d9dfa9d5be8261df8fc805a93f9567f9eca72e91b82d46068391a0f428","0458dd405bf5af05494abe4464d836761b9509602efcb0e7f36a9ff67545a2ac"
"d2-v5-hard-053","HARD","5x5","5","5","4","4","3","0.44","0.2727","21","2.1904761904761907","4","7","24","1","8","3","25","5","3","0.5","0.7692","0.2308","1.0","0.3334","5","2","10","1","0.501","2","0.3333","0.4688","1","1","0.8","55","1.0","96","11","COMPLETE","REVIEW_ISOLATED_OBJECTS","sha256:4439da1e03355488cf9a1db87ea1673caa68ac3ff2ce8b5a3df1b2b1a6b05835","sha256:57342802346bc18bd1fc414dab831e2b3cc7746f41241522e98228a8b8bc5faf","6675c0fe55c299bac1f54784ebabb018c09494799c7e95255acb01ff2bc0e8c0","47723bb87d8e815c2cc2eb26e23efadea9a472fd05d0c38cb63490e9087d1df0"
"d2-v5-easy-054","EASY","8x8","8","8","5","2","5","0.1875","0.2273","64","1.8125","3","5","23","0","28","4","17","4","4","0.1","0.8551","0.1449","0.7143","0.256","4","1","6","8","0.1911","4","0.3333","0.4062","2","2","0.9667","35","1.0","81","40","COMPLETE","PASS_STRUCTURAL","sha256:5d1fb6fcb409259407fe2978488d11374bb22ac2a468c8b5464a4f750ea36c3e","sha256:a1e158e60c3716785123ac81c9678dee2350deba4200efa30a7a3b476b6f9a93","a1794de27e4861ed35c4e48f4b0fc629e0a120c766f45fbe5a0847f000219281","7d199051cb889d32f214d566cabbaab904ede6a6125e4db211f0c149b1ee5e8e"
"d2-v5-medium-055","MEDIUM","6x6","6","6","6","2","1","0.25","0.6389","104","1.3173076923076923","4","9","55","0","66","5","46","7","8","0.2","0.8235","0.1765","0.6111","0.2991","7","2","18","14","0.3285","0","1.0","0.4062","2","2","0.9667","40","1.0","88","45","COMPLETE","PASS_STRUCTURAL","sha256:d1bdee02ae9a083a3ad10a69f84529095323798d3ac0e0cd96a9d670e8091f36","sha256:1b888a7f4703fb91e497009e4371dad7ea066145eab22a95df704b66a79a5ec3","f0ca3c052b1fccb99317f3618e22494985ed7b4816b112db8c76d1ba3b55fbea","5641334f29e276640955f7c917c3a148d4f56cb73702ce2fa9cbe5c9de78b697"
"d2-v5-expert-056","EXPERT","8x8","8","8","5","5","2","0.1875","0.2273","43","1.6511627906976745","4","7","24","0","16","4","17","4","4","0.3","0.7561","0.2439","0.8333","0.4309","4","1","6","16","0.2094","4","0.0","0.25","2","2","0.9","53","1.0","81","30","COMPLETE","REVIEW_ISOLATED_OBJECTS","sha256:c257347394ecaddaa9c480dce4c4ddca96bfa45b9c216b8703c502951935f20f","sha256:e7340d2dbb0d24a74750dbf45b8215edd497e49ff864144bccd5f8ca1fd31489","e23d92d4b6ffeb6ee6e526e500d7952344f4965fc357e39f5db17a2463805973","61149a4ad6b2f8e5ce27e334afc2df2baa6d1e823a7d50e76925f1f3a9f8ad87"
"d2-v5-hard-057","HARD","6x6","6","6","5","2","1","0.2222","0.6071","52","2.3846153846153846","5","10","31","0","18","4","21","4","4","0.1","0.871","0.129","0.6667","0.215","4","1","8","18","0.3025","0","0.6667","0.5312","3","3","0.9455","28","1.0","89","36","COMPLETE","PASS_STRUCTURAL","sha256:159aab60ba59e6708b1276645a0b4e5cfd2096cdcf3a5ec1b2896e61627610c8","sha256:97681717273cae652742a49a257dfe315d59617746e9fbc88e3619ccf1747e04","e4a23982ee89ca054e4798872722740a170f94048b2f3c47668ddc32af7fa17f","d3dc637fb27eb681dbafed1425969be0e72c6c80c4145c64059800f085dd1332"
"d2-v5-medium-058","MEDIUM","5x5","5","5","4","3","1","0.32","0.3929","32","2.5","4","4","14","0","8","3","12","3","3","0.1667","0.8333","0.1667","1.0","0.2778","3","1","4","0","0.2756","2","0.6667","0.4062","1","1","0.9167","28","1.0","94","16","COMPLETE","PASS_STRUCTURAL","sha256:4c820d51c0aba0ba5edde30440ce3471e092c51f9b5d9c113eb2bb0437c40a4d","sha256:03605802b1f5cf1ff9e942a136066b5786f0965f7b80048f3bec55c272eba4be","92252f3a5ce939c17b1d4d0b382e648a99785b04eff228ba5d98527d8f317458","f366a135fe7cec8177bb1e02946650af1b026d1d2b71bc8bbfd693686bfbbf96"
"d2-v5-master-059","MASTER","8x8","8","8","5","4","3","0.1875","0.2879","58","1.9655172413793103","4","11","41","1","26","4","37","6","7","0.3","0.7105","0.2895","0.8","0.5264","6","2","14","7","0.3425","4","0.3333","0.0938","2","2","0.875","48","1.0","80","32","COMPLETE","REVIEW_ISOLATED_OBJECTS","sha256:529258226d8c6007f32adebfebf91541ad85182b6d1373c10ad2b56262da04c3","sha256:052c0aee433993c303dea43885ec67415c5e09c34e9e52251ae1d3ea6daea09d","9670adffa4b304f73be9f5f513490d26107acf671eefc41fe6e2d6998d3e97f5","a73c7a80c6865dbbb3cc3ce49f23e1760d4c6fa3c4b57bba6a53f93bb17a15fd"
"d2-v5-easy-060","EASY","5x5","5","5","4","2","2","0.32","0.3929","24","1.0","1","5","14","0","8","3","12","3","3","0.1667","0.8333","0.1667","1.0","0.2778","3","1","4","0","0.3438","1","0.0","0.5312","1","1","0.9167","37","1.0","90","16","COMPLETE","PASS_STRUCTURAL","sha256:19c34ad315f123676b13b1034da120b1dfff15b49787a964d53a6ef264bf0031","sha256:06c11205e46bcfe448151d981920c51676e43dc3a3a3904ee07d663ddd596c34","9a8f6d9cab18d8f0af67158695c11098eabd7e23b61ad64527afeadbb26faa95","dea6c89d44a59991a8f9d75a8f5efe786716a01f8cc07afb61431aeb4f80cad9"
"d2-v5-hard-061","HARD","5x5","5","5","4","4","1","0.36","0.3056","32","1.5","3","5","14","0","8","3","12","3","3","0.1667","0.8333","0.1667","1.0","0.2778","3","1","4","0","0.2635","2","0.3333","0.5","1","1","0.9167","36","1.0","88","16","COMPLETE","REVIEW_ISOLATED_OBJECTS","sha256:b0c8d85ad944bb229871f4c74f11fc01eea10868fc6b2864a425baa3acfcc08c","sha256:d523fbaa90063334b28e9d351e49381a540c991b4557c86a479182c25e5277e3","72a4d76a4acf84b5e2695cb21f5d9b914058ec7e0ab4ff9a837e51f24f89a62b","8de5f4cc606511d17e5958fd2889401da9817a44a113328fd8bbebd11a50c3f5"
"d2-v5-easy-062","EASY","5x5","5","5","5","3","0","0.32","0.5357","52","2.1538461538461537","4","8","31","0","20","4","23","4","3","0.2","0.9091","0.0909","1.0","0.1515","4","2","10","4","0.3086","0","0.3333","0.625","1","1","0.975","29","1.0","91","24","COMPLETE","PASS_STRUCTURAL","sha256:702870da36efd86d312f39d42dd4bc21400c7abac6c0252ea53fab8137e6d3c2","sha256:379f3be9f1d2fc26319b9b2ee7c2b3ca9fae3f307515386c36f410660b3fe7a3","181b4bd665c27c5979b41d75ebdecffdc20cf9c517e4adf052c886e33beaca00","21b1145895c9348f82323f9c2c1c42b0d5415eec7ed4f981544e94d12719131c"
"d2-v5-medium-063","MEDIUM","5x5","5","5","3","4","1","0.32","0.25","8","1.0","1","4","10","0","4","2","11","3","2","0.3333","0.7778","0.2222","1.0","0.3333","3","1","4","0","0.3206","3","0.0","0.4375","1","1","0.6667","50","1.0","85","8","COMPLETE","PASS_STRUCTURAL","sha256:aac7741f91a4bbca3c2efd866982eeb5d28104a24b67b66295847ed71dcfe7d0","sha256:56f618e5be9473d4013ee92c03ad47569b0a9affd185219232573d3607a65205","5e1dc15e61ae33250dd6b1a7dca11713d9f9e696f5672c1480392a23bf1b459d","94627074a95652317364cdce920ed0e0527c12c9d6a3f1b404e6dabc0a1897d9"
"d2-v5-expert-064","EXPERT","7x7","7","7","5","2","3","0.2041","0.2444","20","2.4","3","4","18","0","8","4","13","3","4","0.3","0.7778","0.2222","1.0","0.4074","4","1","4","8","0.296","2","0.3333","0.3438","1","1","0.95","55","1.0","81","24","COMPLETE","REVIEW_ISOLATED_OBJECTS","sha256:6ecbf6ec963f9749c017c3baaffe450fe2ae5b7fcfa377d01bae467ff3faebc8","sha256:d5f4d2c0a296134fa5ed4fbfd8beaa18c10bbe66cab77b6d107a93170704a53b","26410591d32a654fb32267fd2446b44dfc395088fec9c0b506cfd56629983f31","7eafa3bf3634cfb3ac9c2d8b9fbe770f1a8423b4cb683b5e9bee596ecf45317b"
"d2-v5-hard-065","HARD","6x6","6","6","4","4","1","0.25","0.3056","32","2.0","3","5","14","0","8","3","12","3","3","0.1667","0.8333","0.1667","1.0","0.2778","3","1","4","0","0.2635","2","0.3333","0.5312","1","1","0.9167","36","1.0","85","16","COMPLETE","REVIEW_ISOLATED_OBJECTS","sha256:d18948524af6e93ee0ad142bc348865303b40a4e6ffe2a714e8040aeedaafb40","sha256:4b8a01ad665bd3d97c656c47a12311f25394177ae155a4a309352e97a117dd06","af1175cdfede3356be9744d11c6f94cf0f836a469b37ae59570ed9744a53bbde","4837abfae78ba2ae34f82d3cc47f0c1a4f87db9995c7bbefa5f9358b2d95c3a3"
"d2-v5-medium-066","MEDIUM","5x5","5","5","6","1","2","0.36","0.5278","24","1.625","4","10","47","0","18","3","40","6","8","0.5333","0.8889","0.1111","0.4","0.1481","6","2","18","7","0.4121","1","0.3333","0.7188","2","2","0.6667","25","1.0","89","15","COMPLETE","PASS_STRUCTURAL","sha256:413e59eff3ded2621c5de727d0486a3c239713d4d91f87619a067157b8b35a80","sha256:5052dfc331462b084bb632c275e8df551541ea392752006d3e17ddfecd67dc91","ed18fe3a6d26e50a936d7f6ef3756cd1ce8ac138333edc67206ce6c310342ab5","501430d000228bec4d2f77a9411458140f9db5c66b00ce9ebe58f739601f74e6"
"d2-v5-master-067","MASTER","8x8","8","8","5","2","2","0.1406","0.3333","20","1.4","2","4","19","0","8","4","13","3","4","0.3","0.7778","0.2222","1.0","0.4074","4","1","4","8","0.3286","1","0.0","0.3438","1","1","0.95","56","1.0","81","24","COMPLETE","REVIEW_ISOLATED_OBJECTS","sha256:c2b558371d451e5d2bf2ec5978fdad0229061533735df1c0d78d2400569514de","sha256:689e2f9340c78bb6ebd25feea2b99112a4bb87a3903f0b1e4c89a7bb92ddc558","f2f24b3a8ca2bfd493d1a6ec86a4aa3b4ac72187bde68a5670c490ecf83d07bf","f038c9b53d1c33c5f6a6a3daa03e575e652507977261d2e48ea0e678063a06e3"
"d2-v5-easy-068","EASY","8x8","8","8","3","3","3","0.1406","0.1667","8","2.5","4","3","10","0","4","2","11","3","2","0.3333","0.7778","0.2222","1.0","0.3333","3","1","4","0","0.3506","3","0.6667","0.5625","1","1","0.6667","39","1.0","80","8","COMPLETE","PASS_STRUCTURAL","sha256:efec326bbe38cf2831fea9d89612188b52f89eb5978aef0bbec68b15feaded92","sha256:ef048e5ecf253962aa3df679777abf8576e94ef7987b0c3b923406bfd280691b","9bf4fec6c66079351b08ca015b1bbbcf5d9b1d58b1cb84acf5e5ab3291707ccd","23ecd18a3ffa1628859c637fd34d1af31df2040ac0a696ba1d4031dac0f485d5"
"d2-v5-hard-069","HARD","5x5","5","5","6","5","1","0.48","0.3333","51","1.2352941176470589","2","8","51","2","29","5","39","6","5","0.2","0.9","0.1","0.4167","0.2","6","2","18","4","0.2519","2","0.6667","0.5625","3","3","0.9318","24","1.0","94","32","COMPLETE","REVIEW_ISOLATED_OBJECTS","sha256:b51947bbfcdb53b6e1f0a0df71a843bed128c2f8b2f13f0d276c37b4e308dcae","sha256:70842965a33e202c135803d6399484c57cf432a00c6473c3f95e08ce1ee6a98b","46ef0cc4e045bf1af624f15b8cda343a41d8655a589352ab89ef53ef4ca9346a","6d6abf5f5bd65f78c470aff8aea9fa0327bdbad2ebde09cb08199c072d472419"
"d2-v5-easy-070","EASY","5x5","5","5","5","1","4","0.4","0.3556","38","1.105263157894737","3","6","43","0","28","4","37","5","4","0.0","0.9091","0.0909","0.3636","0.1364","5","2","18","2","0.284","2","1.0","0.75","3","3","0.88","8","1.0","89","26","COMPLETE","PASS_STRUCTURAL","sha256:0bfb9785956593bf785cdc3110db9e20e38ba00383ddb6ddccd9508a665cb78b","sha256:001a31e6a68761328d39d60629b33903a0dc56f9d22779341db9e1e79fdd6d26","6b850c1033b0f2a11aa72b22520978d57e84b1c40e9c11a1c06b929f3b937e8b","a12531e3a38ca0d20b1829fc9236e535ae81e31b15a4ad91c8335c535d1f8b8d"
"d2-v5-medium-071","MEDIUM","6x6","6","6","5","2","2","0.25","0.4444","45","1.3333333333333333","2","9","29","0","25","4","24","5","3","0.3","0.8611","0.1389","0.5","0.2222","5","2","10","10","0.3838","1","1.0","0.375","2","2","0.9","34","1.0","86","25","COMPLETE","PASS_STRUCTURAL","sha256:50e6b007ba03c5530df3e571bd816d1695079d48d2eb4f66a7007146294bd20b","sha256:44fd8d6a961d26325ccc8687b771b42181d7fb814a80710d1c33eb9724228eca","f0da0a4510c9d2bce8790efe3814e32c716313390560e7dc889af83df34f573a","41875f2bafb56bbc9f79c9b3ba92ad4a68c2a415da6d565196d64dcd50a24a5e"
"d2-v5-expert-072","EXPERT","7x7","7","7","6","4","3","0.2653","0.2692","70","3.3142857142857145","6","12","43","1","16","5","30","5","9","0.6","0.6774","0.3226","1.0","0.699","5","2","10","18","0.2166","3","0.0","0.0312","1","1","0.9167","66","1.0","90","36","COMPLETE","REVIEW_ISOLATED_OBJECTS","sha256:2e366f1ebb0f3378bfc36abd93a9373a302ff0abf380ae2f237a0806b445aabd","sha256:c1673a3800d8d6cdaf06ce4441477262bf90cf38e71a8ec4b9db0945620ca362","b044e30a24a385c7812acd20b04bba21a134b9f01a30741032949bad6a406838","5ba5515cfda06482a2150f60b0636f58657fe2c96ac0a5aa0e963b50b8914ef5"
"d2-v5-hard-073","HARD","6x6","6","6","6","4","1","0.3056","0.3636","56","1.8571428571428572","5","7","44","0","12","5","36","5","8","0.5333","0.8","0.2","0.625","0.4133","5","2","14","4","0.3688","2","0.6667","0.375","1","1","0.9375","47","1.0","95","28","COMPLETE","REVIEW_ISOLATED_OBJECTS","sha256:f861b55b204dec7c2b8411b2a180d9f1dd6fe28dd153a0827bac592efe5244bd","sha256:b08ad9d9d5943a9c74f1ebea150f4e2f4860d0059719128b23813af8ae7da2f5","cedd8e5241a046354fd0039b1527d554fc3d5bcc501d3477d2afaebce55349c2","3e032e87be7564b108518c9d1fabf437501256fc585125c6ee613727957934b7"
"d2-v5-medium-074","MEDIUM","5x5","5","5","5","3","4","0.48","0.2424","84","1.0952380952380953","2","6","40","0","48","4","35","6","4","0.1","0.8485","0.1515","0.7692","0.2676","6","2","16","4","0.1806","5","1.0","0.7188","2","2","0.96","22","1.0","86","40","COMPLETE","PASS_STRUCTURAL","sha256:7c14d51cc073ceafd5c01cdb0671ebe9d32f9c7af5f0ea7f1d388a74934cad09","sha256:f6ecdeee82632198ec8d97c52561b0eff786cee2c79970a234c7afdb859c4a92","521c22c395559b9dfdfdb25d210be1d99e806ee972d09a859444dbfa7c6d6761","cc9d004558445278e54b341b76ae037c84bea3c1a995c8afab03645c61bb5be4"
"d2-v5-master-075","MASTER","8x8","8","8","5","4","2","0.1719","0.3091","32","2.0","5","6","23","1","10","4","18","3","4","0.4","0.8519","0.1481","0.4444","0.2468","3","1","6","4","0.3897","3","0.3333","0.5312","1","1","0.9333","41","1.0","82","18","COMPLETE","REVIEW_ISOLATED_OBJECTS","sha256:e9e8bd20cf02e68c75b871d270f03fa6154138f37a88863b1252e493c9f7b23d","sha256:127c1d8e0ea12c11d99f3acc20c7c2dce1669a447b980f7ccc6196e00e3e0516","4d9ef3759d7c0372ec36521a520f85642848bb742f3be32b6d33999a1397733a","bc35ec42e9f5d892ca1ac9dd0f23f2bd00250cadaed3a64e44b5876ac7b62b14"
"d2-v5-easy-076","EASY","8x8","8","8","5","2","5","0.1875","0.2424","30","1.2666666666666666","3","9","27","0","14","4","21","4","3","0.3","0.8537","0.1463","0.4615","0.2357","4","1","6","6","0.2485","4","0.0","0.5938","1","1","0.9667","37","1.0","80","24","COMPLETE","PASS_STRUCTURAL","sha256:c39aba7a5465cbd474bc69c1bdb8cb3829011dcb028e502c6243b1862b894fb5","sha256:5f409117f052d3eb8158e4013412410590997fe2c7aafaf38cc613d7fb1ff466","2351fd04ede19d028b75e140fddd1d304b7c0dda254dcdc50eaad7b00d3d1a51","b4c43001c1335c12e680d862a8468d689154161380618b0ec56465ac2e55aad8"
"d2-v5-hard-077","HARD","5x5","5","5","6","4","1","0.44","0.4364","104","2.6153846153846154","4","11","54","1","42","5","40","6","4","0.2","0.8987","0.1013","0.4706","0.1773","6","2","18","16","0.239","2","0.6667","0.4688","4","4","0.9556","21","1.0","97","48","COMPLETE","REVIEW_ISOLATED_OBJECTS","sha256:e8bd2f14178b82cd924a12dbdae6e159eca825e89723e1c6de5738edbc6d9405","sha256:d0ca8517ab5c7b1c51c972077ede24bcb3d4ae5881412c7a91bd32a6de41247b","a4c8b11eae92e25bf5b1dd1a8ec4c373a748b6df8cdaad6491e94d2479f44a32","7c60742aaf1e9bc77e9bde9ed35abb521a86d0ce2717ea3d3b40f06ad7c0621e"
"d2-v5-easy-078","EASY","5x5","5","5","5","2","1","0.32","0.5714","53","1.4150943396226414","2","5","41","0","32","4","39","6","5","0.1","0.8378","0.1622","0.6","0.2613","6","2","18","0","0.3344","0","0.3333","0.5625","2","2","0.9","41","1.0","94","22","COMPLETE","PASS_STRUCTURAL","sha256:cf6c66985ac0ba3a277939b76a4137189637a4c53ac1bdef53622b4bf7154e48","sha256:ae03d440eb5cd1bf650278eb7aa16dcbb2ff403faa2d13b7f6236d9f19e94618","a3bea3aba6bf48b24cc1e6e1ffbc2f88193acbbc8698a01e07818b87c790070c","a8f9444f532fa6e189c8eaf5764e00c806ba34a5791457b74966be37ed149825"
"d2-v5-medium-079","MEDIUM","5x5","5","5","6","3","4","0.52","0.3077","170","1.1764705882352942","2","12","41","0","70","5","31","5","5","0.1333","0.845","0.155","0.6061","0.2997","5","2","12","25","0.2307","2","1.0","0.4688","4","4","0.9733","35","1.0","92","75","COMPLETE","PASS_STRUCTURAL","sha256:c49c67984a6b15dd056bf918b187ec6b6adba664b511dbb2e58ebc1b73f2f19d","sha256:b86557f2d85f96ccee868481764478af696cba6c0c775660be3adc2d0b391323","e0a5204b6cd5b5cb9f4e25a9ac87236718ff348250f75623451d89c342cd1637","4d32d6cef5e09d5d51f9437e3c02901d082d45dbfd671e22786116dbbfe8425a"
"d2-v5-expert-080","EXPERT","7x7","7","7","5","5","2","0.2449","0.2576","55","2.6363636363636362","5","12","30","0","12","4","20","5","4","0.1","0.85","0.15","0.5625","0.2667","5","1","8","21","0.3098","3","0.3333","0.4375","3","3","0.94","35","1.0","84","36","COMPLETE","REVIEW_ISOLATED_OBJECTS","sha256:57409dc516f62bc9574382f96a2ecab644c3338b81ba4ed013d9d53f1c1266f8","sha256:6118ff3b0e2441c14aa4499142085c3ee0f17da52c0b32044a6a4dcdf4165d4f","dd6993d0edb961a4e7b208e6e1fd8296267f876416c8712a4056aad6e34e0c48","433d3f598330902bdecd17e5a798e7b6369f6e332c4164f8827dfe50f082ae34"
"d2-v5-hard-081","HARD","5x5","5","5","6","4","1","0.44","0.3455","39","1.6153846153846154","4","12","35","0","14","4","25","5","10","0.6667","0.7273","0.2727","0.8571","0.5","5","1","8","10","0.3565","2","0.6667","0.0938","1","1","0.8333","55","1.0","91","18","COMPLETE","REVIEW_ISOLATED_OBJECTS","sha256:bdef50551915f98afe83ab592a2d5333e0acbd2d91b013079f7615efbf7676a0","sha256:e5ff530c2c730e58d56653b24b23acf81a0d8baaed99dcfc7c46bef31275c55c","60f87763b2986bd2020f2c091e8a72a73d678ce4405a9692dd1bf378adbd37c7","c51a04a94f9f80a4e98a73dbcf34532b0f8eb406c679db0c16773b9e521e2230"
"d2-v5-medium-082","MEDIUM","5x5","5","5","5","4","1","0.4","0.3556","84","1.380952380952381","3","7","23","0","28","4","17","4","4","0.1","0.8551","0.1449","0.7143","0.256","4","1","6","8","0.3033","2","0.0","0.4688","2","2","0.9667","35","1.0","97","40","COMPLETE","PASS_STRUCTURAL","sha256:a08ad16186d4b36aea8df400be6d4ddc9589e73617fe1b3bc8a5b53c0023a2cd","sha256:5e0c406643b791717a185e2e18056c6484b273c4376f5236f6a1218292b11507","24abfd2be62bf79b6b192a8d61ce129ab5eae8ac730ce48a037e26032c91ec53","fd0c369f5eeab6a5f28256386c3282ec548c3fcfb117c1560626e19f00dcc812"
"d2-v5-master-083","MASTER","8x8","8","8","7","2","2","0.1719","0.4182","38","2.0789473684210527","4","12","60","0","20","5","45","7","15","0.7143","0.7308","0.2692","0.7","0.4743","7","2","16","8","0.2853","1","0.0","0.2188","1","1","0.9","61","1.0","90","21","COMPLETE","REVIEW_ISOLATED_OBJECTS","sha256:e544b015a5dec7d312ed7f52fae4e0bf4fd54be358fce760de643df365e07d26","sha256:83d2754c868eaefeeb2f1684c82346f1fdfc1111a899ad7159b43e277ae356bd","42c0d122a5b9ede7a061390977a5c699264024c468221818b56a7d53b63aab2f","99a1638d0214b9cdcb590b57fc12afedf7922e2dc8fc2a2b7245dffe79b45a30"
"d2-v5-easy-084","EASY","8x8","8","8","4","3","3","0.1562","0.2444","32","2.0625","7","5","18","0","10","3","15","4","3","0.1667","0.8148","0.1852","0.7143","0.2963","4","1","6","4","0.2266","2","0.6667","0.4688","2","2","0.8333","31","1.0","82","20","COMPLETE","PASS_STRUCTURAL","sha256:4d31bda87ab34c63b77d527274597e4c9f86a9bef63cdc94cd8e737328b41794","sha256:28da94bca1eb08117c50d5c7473ce00bdc1352818e6033a93445a81830e880d1","b87721f2af51b1507db9b9df5da0ba1b080decea7d7b0b85b22c86490bbf4595","02c4cc2fa0396ce8250d434f28c72e4f637ae2d09b428275113949727df11613"
"d2-v5-hard-085","HARD","5x5","5","5","4","5","3","0.48","0.1667","32","2.0","3","4","14","0","8","3","12","3","3","0.1667","0.8333","0.1667","1.0","0.2778","3","1","4","0","0.26","5","0.6667","0.375","1","1","0.9167","29","1.0","91","16","COMPLETE","REVIEW_ISOLATED_OBJECTS","sha256:3f9239834c1294e7c6102faf1de7fae3f80576987cef164e762febf7c8583054","sha256:7da1f6fec16c3870f6ca770f69cfe7d3def1ccc4ef7545ba3f68850616ef334a","9b4eeffbfaeedaa7ca5ac7f2c28c429505dabcaf4da01be8d1e938278af14fef","4c005d642ae8c2e6ac2e9b070240b2957fc681cf61298b5183b3bb80787c9b4e"
"d2-v5-easy-086","EASY","4x4","4","4","4","3","0","0.4375","0.5238","23","1.7391304347826086","3","5","29","0","7","3","25","4","1","0.1667","0.9333","0.0667","0.3333","0.1112","4","3","12","1","0.3388","0","1.0","0.8125","2","2","0.6","20","1.0","97","14","COMPLETE","PASS_STRUCTURAL","sha256:af7b8ec9e7b2bd4d81f1366d60b00c58db1daaac88a1ac472bf1fdcb35c08a54","sha256:12843766ac53b637fdcfde3c9b052c0417ccf04c420e984b9cdcc7c2edc75ea1","36f1579ad7d3c9a950e222bc46f313184aa9b705052d06c6b19b559b38ee9761","d9b5ef2e71831423ccdb3919d1169634be7b3acbf6a1480bf665c0b6f64a4f50"
"d2-v5-medium-087","MEDIUM","5x5","5","5","6","1","4","0.44","0.3636","46","1.065217391304348","2","6","57","0","33","5","45","6","4","0.1333","0.9216","0.0784","0.3333","0.1176","6","2","22","3","0.2428","3","0.6667","0.8438","3","3","0.9302","11","1.0","89","30","COMPLETE","PASS_STRUCTURAL","sha256:bb73b7ab2ce90b5a908a80345bb0756a8365fd773dc898c092ba2c1d36aeccfe","sha256:43aa70a28538ebbe40b4b2d12b2ca3c5dcf080a8add9e42bdca079c72efd7dc4","0949d14bf56a83c8e519fdcc93ca04284f2fd101c7e698904d9984d7d8f8deaa","7840997b5bf94bf3e4c50a4b2106895402b62c6d89d422ec51a786439a40b609"
"d2-v5-expert-088","EXPERT","7x7","7","7","6","3","2","0.2245","0.4545","104","1.8461538461538463","4","11","49","0","66","5","45","7","9","0.2667","0.75","0.25","0.8125","0.4389","7","2","16","14","0.3406","1","0.3333","0.375","2","2","0.95","57","1.0","87","45","COMPLETE","REVIEW_ISOLATED_OBJECTS","sha256:8f906e875128e76afefef171acb5d69b2b3e3d2c3f38402f145c025ffbf453f5","sha256:fc89fbdedebf1452671ee4881695e0b612646702b78a310ea43476ec4cacac41","fef2587110e4ba7bdb5d2992e5f1026ed5049ec561165cef19ffc8014160067a","ae752a940828a9a98b38d72da9ba2fac4ecb8ca4f25791de3fbdadbe195b642e"
"d2-v5-hard-089","HARD","7x7","7","7","5","2","2","0.1837","0.4167","38","3.1052631578947367","6","8","37","0","20","4","32","5","5","0.5","0.8182","0.1818","0.6667","0.3333","5","2","14","8","0.3158","1","0.3333","0.5938","1","1","0.9","51","1.0","87","20","COMPLETE","REVIEW_ISOLATED_OBJECTS","sha256:ad226cab99dc2c351035a0ad13893bc843c53dc5cf48238989f2344f5047617d","sha256:9f4194acd9e53fac270efa3c57781d18085bcf17835b9d3f63c3a13e94974cf0","b12093c924bd529a9351cbfeb34349953d8264165397c11ea7f223641f1bd828","fa8060ac054e3bbccae0b7ce923276d3009cba613ac3f2da9190437b8051742b"
"d2-v5-medium-090","MEDIUM","5x5","5","5","5","1","1","0.28","0.619","17","1.6470588235294117","3","5","50","0","14","3","45","6","3","0.3","0.8889","0.1111","0.5","0.1481","6","2","24","2","0.3653","2","1.0","0.4375","2","2","0.6667","25","1.0","89","13","COMPLETE","PASS_STRUCTURAL","sha256:c167bf3c544977eb618ce4e5eb4a6caf6dd2d09f3949d86200cdfdee78e06d27","sha256:bfdf105ea4682887ada8e461a2fc84e6c288d8f0f30bccb6366a39fcff9c846b","f8920c83b715f65e1d58f97d3c8c6a618b7e03273de57d2f6befed2d3f62839d","376f42b038500bffbc8675d1e1688e76eed1eba2883577916ee503afb3a4b54a"
"d2-v5-master-091","MASTER","8x8","8","8","5","3","2","0.1562","0.3333","40","1.8","3","4","26","1","16","4","21","4","7","0.3","0.7","0.3","1.0","0.5667","4","2","6","4","0.2989","3","0.6667","0.1562","1","1","0.95","48","1.0","81","32","COMPLETE","REVIEW_ISOLATED_OBJECTS","sha256:64be84657add5ae75c61c2332cfcb023d02d743049839073e49dfc1988525692","sha256:1b557911c7893c253134070d5060838b525583f7ca1a9b53be2b5270fb2246ca","da621c44ca5e23a47589e7386e37a965fb5f71ce6a05d842e1ef337ffb5e4655","e1ccb8091568810247972b3808a9c80a004549bcc098cefc1c9cb25fb4b46bc5"
"d2-v5-easy-092","EASY","5x5","5","5","4","2","1","0.28","0.5238","32","1.25","2","4","20","0","16","3","20","5","3","0.1667","0.8333","0.1667","1.0","0.2778","5","1","8","0","0.2588","0","1.0","0.4062","1","1","0.9167","31","1.0","89","16","COMPLETE","PASS_STRUCTURAL","sha256:68c13fa12584245ece493b45d522eeac0f1b169fc3fd5efc3b7b20b52eef5674","sha256:57c466702cff8610aef216465bb1800dae79ca437512c89dc9a5e040a07dbb1a","beee212710273dd387cd73ae5c6b9893f7e4b252497862109297aeec3f8f806c","56f8260934fcdba0894fd78dd99bf2cf62077381e3d8a1ce04f2640ad96ffb3c"
"d2-v5-hard-093","HARD","6x6","6","6","5","2","4","0.3056","0.2545","14","2.7142857142857144","5","8","27","0","10","3","24","5","6","0.6","0.8667","0.1333","0.5","0.2","5","2","10","4","0.3169","3","0.3333","0.5","1","1","0.8","39","1.0","79","12","COMPLETE","REVIEW_ISOLATED_OBJECTS","sha256:6597fc237cdcfdcfcc7c46f71755b311c8e2179e4a44e6588ccbaf40159a0bf9","sha256:86aa8844bd37638e00ca0f347f6afaad4ff24b394abec713fc9bf9792a4bbe25","d244a3170a965235eaed10909c5f4e0b0314343ca503620332534283cae2c064","66b334336c07fc01fa464a6d6926933fed79a92aa7142c4ae80166407d698362"
"d2-v5-easy-094","EASY","8x8","8","8","4","2","3","0.1406","0.2778","20","1.3","2","4","19","0","6","3","16","4","3","0.3333","0.8","0.2","0.75","0.3333","4","1","6","0","0.1967","3","0.6667","0.5312","1","1","0.8333","37","1.0","82","12","COMPLETE","PASS_STRUCTURAL","sha256:07f77959f577730b3603dfa34e70bc647156a885eb44c46494b5458593cc5f10","sha256:a168f737adcdb72976dd073b769946a08237921449a3c0bc689fe1930c268fb7","0a62141a13a67707c721cde6e0fec010519d68afcf611a512da252b39bee6947","9fd2b1ab7cca2e1c1af11dcc284345f9acd0859c9fdfff8bfe23a6370215758d"
"d2-v5-medium-095","MEDIUM","5x5","5","5","4","2","3","0.36","0.3333","17","1.1176470588235294","2","7","20","0","8","3","20","4","3","0.5","0.8333","0.1667","0.6667","0.25","4","2","8","2","0.3858","1","0.0","0.4375","1","1","0.75","54","1.0","87","10","COMPLETE","PASS_STRUCTURAL","sha256:b498bc404ac1711ac12e015bcf3bfc1761c8635530b53cd7fd1c11b2581c8cdd","sha256:99152fb9f4324cc035722fbccb1a05a25c83edd1ea3ff34872754f020d9b3a4e","95341d742ec31e9b72cff535f852c89e04a4ba7f8fb65d1c80a2e5f36f55c8e0","994b11ecc3a4f516ffddcf6034341d858f485cb5aa5cd528060219d2fd10f8c6"
"d2-v5-expert-096","EXPERT","8x8","8","8","6","3","2","0.1719","0.3818","40","2.4","4","5","40","1","16","5","31","6","9","0.4","0.6667","0.3333","0.8","0.6851","6","2","10","4","0.2819","2","0.3333","0.2188","1","1","0.95","53","1.0","83","32","COMPLETE","REVIEW_ISOLATED_OBJECTS","sha256:67704350bfceecbcbe8026287f08088f9c9528f2e770328ce6b40073a209a9bb","sha256:60f9e3a66d1e1ee128d916ec8c2cd37fe7e0c4f46c7f2a818a3b8c9ef0da2f65","fce16c80227afa90bc85d445807d6d6b24e1b887869bd88732152e782a877dbe","50663d14c449ac54726f5578d8ef9d4b2aab0edd682007f134768aa8e57ee352"
"d2-v5-hard-097","HARD","6x6","6","6","4","5","1","0.2778","0.2444","32","1.75","4","5","14","0","8","3","12","3","3","0.1667","0.8333","0.1667","1.0","0.2778","3","1","4","0","0.2637","2","0.0","0.5938","1","1","0.9167","35","1.0","85","16","COMPLETE","REVIEW_ISOLATED_OBJECTS","sha256:2f24f52994a757b038aa2c977ee44b0eedf699cb1999a5f6672a477844efe08a","sha256:2e3e39b0b692ccab6369c932990a3211328d38f9ee03ce00584678aee8ec9cb2","f5d5ec3d3968bea0819e6a5f0f2f83b96b4dc2fbc55efc7c6044f4c47f099d5c","27ce7ae5ededb18c169408e9bf7c4db18a37d7b42f92a576e4540e516eb950ff"
"d2-v5-medium-098","MEDIUM","5x5","5","5","4","1","3","0.32","0.3571","12","2.0","3","3","18","0","6","3","16","4","3","0.3333","0.8","0.2","0.75","0.3333","4","1","6","0","0.3189","2","0.3333","0.5","1","1","0.8333","47","1.0","88","12","COMPLETE","PASS_STRUCTURAL","sha256:b9283c8746ac796d54175da922b7c456acdf9167212e75ba24fc3a99da054508","sha256:ff9975bb6e879b8e6784061f79d03ca1c238ded75f0544110b8498faeadd0eb0","97ebb1d35a674771d5a4789d86af968529dd04d3f60c457bd2eee5add8ca2ceb","9ad528d689422f1f73893dc5ad9dab71389987e3f6e88de47e5402506eb4b6f6"
"d2-v5-master-099","MASTER","8x8","8","8","5","4","3","0.1875","0.2576","40","2.5","4","7","20","1","4","3","13","3","4","0.3","0.7778","0.2222","1.0","0.4074","4","1","4","8","0.336","4","0.0","0.25","1","1","0.95","47","1.0","80","24","COMPLETE","REVIEW_ISOLATED_OBJECTS","sha256:ac4f00a486a257f1c97a4cbed757bff7dba225ce7df189f8b0d7b3e5a8321579","sha256:1328f4c8d231b5d5c19f24f3b24d15c74928fd605ddbeff0e0af06e1ce5f530d","833dfc6a611f2cb11f007c4f1df548ece8658d733ae2707c07d1b25523e593ba","d5e36811048927586d7e6155f657cc59eefd1e180de123b1eb4aef6ab253072b"
"d2-v5-easy-100","EASY","5x5","5","5","5","2","0","0.28","0.4762","8","1.875","3","10","27","0","4","2","21","5","9","0.9","0.875","0.125","0.5","0.1667","5","1","8","2","0.4043","0","0.0","0.8125","1","1","0.5","38","1.0","84","8","COMPLETE","PASS_STRUCTURAL","sha256:e74d2464612f381beda40816f75159b7d7fb864fb3a783332797e88b20085b2c","sha256:9cbaf0825df9634edaa0b301156028c06b9806698ad95be40a2cb6a69505d0ad","240abf46167d3c62060952de94e1e5ee32ebc2657520718877c8a4bc18a20bcd","874dc7c2e7469d6baedc27cb6424b0031f78c35f5a93aa3e9ec70102baf3b693"
"d2-v5-hard-101","HARD","5x5","5","5","5","3","5","0.52","0.1923","26","2.0","4","9","24","0","8","3","14","4","3","0.3","0.875","0.125","0.5714","0.2083","4","1","4","8","0.1903","5","0.0","0.5","1","1","0.95","34","1.0","87","20","COMPLETE","REVIEW_ISOLATED_OBJECTS","sha256:bb1e17a943ce045f9e7cd2bb72c4b33de1cf8abfcaf1ac08fa68e578c05bf32b","sha256:f339641a170c1490c3a9a09ba0952e14c4122f8d62c68044b0ce9648ef164783","020dd6f0a9121b7ab3acbbe5a5633d07442f17f797aeab2d43d676c786bfb64b","597c2bbb13063ad5251e7864955a0c13ade6cc55776d51f453e14c8789ac63be"
"d2-v5-easy-102","EASY","5x5","5","5","4","1","5","0.4","0.2444","12","1.3333333333333333","2","5","12","0","4","3","8","3","3","0.1667","0.8333","0.1667","1.0","0.2778","3","1","2","4","0.3069","3","0.3333","0.5938","1","1","0.9167","44","1.0","86","16","COMPLETE","PASS_STRUCTURAL","sha256:ed07976ca3667a022a7ffbb347bfbc495d2dc3fc7f1080fa091172831a4cf62e","sha256:a33613884ece13fecf91af572f351dc7b70333a599a37a85b92b3ec8f53fa634","ec71170ef30307c30cd51e5ac9c5adeded7a5f6d2cf1345019de2d8afe081983","0364afaeb2f3f0892610b0f7a505adca46813760571645ee196a12a173b6f67c"
"d2-v5-medium-103","MEDIUM","6x6","6","6","3","1","4","0.2222","0.25","6","1.1666666666666667","2","4","18","0","4","2","19","4","3","1.0","0.75","0.25","1.0","0.3333","4","2","8","1","0.2234","3","1.0","0.4062","1","1","0.0","49","1.0","70","5","COMPLETE","PASS_STRUCTURAL","sha256:011fcbb18b25e8e81ed39acd3877b9a3091775234795c28bcaf9eee5d33b8ff3","sha256:c9e5fccadc8c2e0b4e812aaa8f4077c9f02c39493868b28eb631a4f977973340","adfdef17f8490387f1c7a1564f6fb7398765c5a6120ed1cfe18f014844543114","045225420ffc212b28425b60eacb7bb18a971761e6eeb1b9daaf9507c51c5f7b"
"d2-v5-expert-104","EXPERT","7x7","7","7","5","4","2","0.2245","0.2909","58","2.896551724137931","4","9","27","0","24","4","22","4","4","0.1","0.8667","0.1333","0.7273","0.2444","4","2","8","4","0.2103","4","0.6667","0.3125","2","2","0.95","30","1.0","86","36","COMPLETE","REVIEW_ISOLATED_OBJECTS","sha256:9a90aaaf956a2ac348befb57add1ba8a9b3211894b51607b147ce1bc0cdb6237","sha256:4b6b77d0a7059709c77f321a4ca006bd329e84cdc47e6ea30d5e5934387dea0f","111a6f398c284f30d29201e658011ad709b70a84e23f354b49ecc7596a750233","bb330f32d49aaa5e38b1d4016f0ac2f03d68047180e319521847a0d4adaebd69"
"d2-v5-hard-105","HARD","8x8","8","8","4","4","3","0.1719","0.2","16","2.25","3","6","14","0","2","3","11","3","3","0.5","0.8333","0.1667","0.6667","0.3056","3","2","4","2","0.3207","3","0.6667","0.5312","1","1","0.75","37","1.0","80","12","COMPLETE","REVIEW_ISOLATED_OBJECTS","sha256:d60023d053c8054af0a8de840f679bebd591bc14a4f1770d584b95e7b776fcf4","sha256:db2a2ab0fe84f0964af957e989b673b7e0efd6c09edd282af636eda535a5c912","c0b5012c437c68ae7e4140f4d37da366048367b8b43c4ad74a996ec468d386c0","038fc6da00efedd06824180e8866cdbb594bacf20921e072b915d3aeddb4595f"
"d2-v5-medium-106","MEDIUM","5x5","5","5","3","1","2","0.24","0.4667","8","1.0","1","3","10","0","4","2","11","3","2","0.3333","0.7778","0.2222","1.0","0.3333","3","1","4","0","0.455","1","1.0","0.5312","1","1","0.6667","39","1.0","82","8","COMPLETE","PASS_STRUCTURAL","sha256:3dda7b857f63256c53c5639bde50fd88d23dff8465332d6a16998916f90706c7","sha256:5a280320e9e2c263b68c94a7c90fbd65335d11c99cf31a90b1b846c7c412a5dc","a1bdf504e43036ce0a1e1adc008d3298673ccb7c92d02b22ba9dfed3a0b2a9b0","1297acfcca3627e22f479bcb1b710cf8328457564705fcec98a88966c02ef65c"
"d2-v5-master-107","MASTER","8x8","8","8","5","3","2","0.1562","0.3556","28","3.607142857142857","5","7","30","0","17","4","25","5","4","0.4","0.85","0.15","0.6","0.25","5","2","10","8","0.3355","2","0.6667","0.5312","1","1","0.9","38","1.0","83","15","COMPLETE","REVIEW_ISOLATED_OBJECTS","sha256:3e1f1554148d618a86556727887764b21ac3df53e289ac56ba3bad9d37b7b9b5","sha256:b6a344cec7eb638ee81de6ac33be945c6e46be5bf82456e0ebedb5267a25a9d5","564220c3a73336467f464d7760c50ddfc1d58e750327368f7d4b11705cf5edbf","e21fa36ae091300754586a4a6b9e0acd46ab101394dad62f69a33c6915c0c59b"
"d2-v5-easy-108","EASY","5x5","5","5","4","1","3","0.32","0.3571","14","1.3571428571428572","2","6","32","0","10","3","31","5","5","0.8333","0.75","0.25","1.0","0.4167","5","2","14","4","0.2461","2","1.0","0.5312","1","1","0.5","48","1.0","81","10","COMPLETE","PASS_STRUCTURAL","sha256:df8b00c68aa93e1d5e5faa5081f70a6dedc6812cdcac97aae036b6bb468106d0","sha256:44cca2862cb8a6a2bcf3b7efc3fa87f37bbc4c8b1f453ac85c2c161931714cec","248716ead3b27291a63cf9ffd47e52c8cb2eadd04e21d3f99d44f9151c20be29","60c37996479ed876e2c2bd804e4f15ac437ba69fd6fd01eb7b8df1d434c77d92"
"d2-v5-hard-109","HARD","5x5","5","5","5","5","1","0.44","0.3091","41","1.853658536585366","4","7","23","1","10","4","18","3","4","0.4","0.8519","0.1481","0.4444","0.2468","3","1","6","4","0.3813","4","0.6667","0.4062","1","1","0.9333","29","1.0","90","18","COMPLETE","REVIEW_ISOLATED_OBJECTS","sha256:a0e56844ec1eea711e9c909eda9fd4ee285055a44220fa2cbe007959da4e200c","sha256:f4605f95e670be004e3fbc358c06def656934f459c6c94bdd21db2c1011e3f0f","abd02ad3284f31164f252c2fb5ed3c5bbb0dacec01fdb417fa30823b5ca4ac37","5a27ff648fb09146056161e699128dcd6e4530b0879fff064b12b75a577fe542"
"d2-v5-easy-110","EASY","5x5","5","5","4","3","0","0.28","0.5238","24","1.1666666666666667","2","6","19","0","6","3","16","4","3","0.3333","0.8","0.2","0.75","0.3333","4","1","6","0","0.4102","0","0.0","0.5","1","1","0.8333","47","1.0","90","12","COMPLETE","PASS_STRUCTURAL","sha256:46ab305f088c4d210300772f284c5221e578abdea254e659781f9bdda5d82282","sha256:4cd4decb267e103c858dc9bf8cecebf62b6283a2428a709bc3e3293e0c3416e0","abd1dbc8d9320b8d4fb1bbeb013f39c0efc0dd89afe7eb07419f4af5564676a3","b8653a7a43fc5e6e01a444f6a9f0636e57c34454c6d78ad6925223749573897f"
"d2-v5-medium-111","MEDIUM","5x5","5","5","4","1","3","0.32","0.3571","16","1.0","1","3","14","0","8","3","12","3","3","0.1667","0.8333","0.1667","1.0","0.2778","3","1","4","0","0.4043","1","1.0","0.5","1","1","0.9167","31","1.0","89","16","COMPLETE","PASS_STRUCTURAL","sha256:607db945a8af95e3d5afe8771ed64a4ca6355bfb4b1324e8f296696aed8cd7af","sha256:84ce73cd1a0a60e57bffc92bed1345f9534a356ebbab655e88ff906681e62bde","406b1da2dd59ea1edf4a81588750bb9daa0a8f5e741016ca880e3576e27a7512","d40e9b537da59c488fc943941a0ff7081f207d5d33fdf7c4ab53024ecc184075"
"d2-v5-expert-112","EXPERT","7x7","7","7","5","4","2","0.2245","0.2909","34","1.7058823529411764","3","7","33","1","16","3","29","5","6","0.6","0.619","0.381","1.0","0.6667","5","2","10","12","0.2742","4","0.0","0.1562","1","1","0.8","67","1.0","81","20","COMPLETE","REVIEW_ISOLATED_OBJECTS","sha256:62054285e630deed01e91a996befb26dce6987455543a7481b503d01e7254489","sha256:106c01119eaa5839edde3f12d6ca651b905b62941f4c3cd9650db674c3425c77","6c19a7d57433d944de255b23f0c145ee6215743b18d5a877adb3612ff8053445","b21fa1dfbab58a37a9a03cea0954de118e39c2d2a610ae9bfd630aa22c6e805c"
"d2-v5-hard-113","HARD","5x5","5","5","6","4","3","0.52","0.2436","30","2.0","4","12","35","0","14","4","25","5","10","0.6667","0.7273","0.2727","0.8571","0.5","5","1","8","10","0.2495","4","0.3333","0.0625","1","1","0.8333","50","1.0","86","18","COMPLETE","REVIEW_ISOLATED_OBJECTS","sha256:8debe41d5d3c0159ba1d4d1e84746c787d617f325d7b0da26f9f93ef0cc7f04a","sha256:ff693f80023f69d540d3dd073bfcac1a440820a11790fe274f2099805f5c7cb8","fc6451c009c499fc4c36d275b6669b77d5a8d824576415310c120a571aa3557a","22f2e2f4f799bd2d2546080462f6de6ca2ea3cbfd7d5e8a3e16b11ae56e7f661"
"d2-v5-medium-114","MEDIUM","8x8","8","8","4","3","7","0.2188","0.1429","16","1.0","1","6","14","0","8","3","12","3","3","0.1667","0.8333","0.1667","1.0","0.2778","3","1","4","0","0.2719","6","0.0","0.5312","1","1","0.9167","38","1.0","83","16","COMPLETE","PASS_STRUCTURAL","sha256:1faa47b123ccc957860ad22eb6727bb92ffd0e3be7f343cb5d4385ee29bbc151","sha256:243f5e77d3f8bebc89ea242880719b1962d69108d36e87b07eb3bc20aa9052e4","5ea91b812fab244eb574886e326388d9d6a7dfde4feed99dc7b85f62d802dde8","272175582e25f902c25e5bd0375c6308c687cbad6d44abab588ffe7e0c5bfb1b"
"d2-v5-master-115","MASTER","8x8","8","8","5","3","2","0.1562","0.3556","40","1.8","3","4","26","1","16","4","21","4","7","0.3","0.7","0.3","1.0","0.5667","4","2","6","4","0.2895","3","0.6667","0.1875","1","1","0.95","47","1.0","80","32","COMPLETE","REVIEW_ISOLATED_OBJECTS","sha256:248df9cf7206762fce4bb6433da480d349699bbe8efb917bbdb41d0138384fac","sha256:3f4b8bab4daca13965030be772a851f4651f76bbca327ee78a63a5424a1eb74a","84e8173fc8c457abfa07691cfd66530864d934654dc9df652fc55c2d543561b9","d389b49e1cfc0507817532d1dccf093298357c1fa62c8f0101e16b4d62ef0951"
"d2-v5-easy-116","EASY","8x8","8","8","5","2","5","0.1875","0.2273","18","1.0","1","4","26","0","8","4","20","3","3","0.3","0.875","0.125","0.5714","0.2083","3","2","8","0","0.2336","4","1.0","0.4688","1","1","0.96","28","1.0","80","20","COMPLETE","PASS_STRUCTURAL","sha256:f8eace641b1c3e51cedf2b4672077f229e53453da11f85707974b58750826758","sha256:6654ce490aafd6dfcbb06ccac46e48301b4c0cd09030f8f12594088565213c86","31f6f4f712fdc750516db995708f5e603bae2df44b2916d5408998de2f1edf93","17877e013e7c2a2aacce749235ca18224fb443374ccff83a84f8318675048d48"
"d2-v5-hard-117","HARD","6x6","6","6","4","3","4","0.3056","0.2","24","2.0","4","4","14","0","8","3","12","3","3","0.1667","0.8333","0.1667","1.0","0.2778","3","1","4","0","0.371","4","0.0","0.5312","1","1","0.9167","37","1.0","87","16","COMPLETE","REVIEW_ISOLATED_OBJECTS","sha256:322d17cbe1efd82f8bb30a8dcc0db7f7423ba7b1c379fedbbf4c87caa1436b02","sha256:bc88819f986761886777af74ad23c1b79b966c70e66d2f2011908be02982316e","50daddf1e02feb6548fba21c093bfb49a4fd78e84a569a7ff83a97593c9f2e77","d41921bb0d0413bba9f2cfd08de5a0ee4cdfc5d6172199ffc3f1ba15194a4911"
"d2-v5-easy-118","EASY","5x5","5","5","5","3","0","0.32","0.5714","52","1.2307692307692308","3","6","38","1","19","4","31","5","3","0.1","0.9268","0.0732","0.4286","0.122","5","2","14","3","0.3734","0","0.6667","0.75","1","1","0.9714","12","1.0","95","24","COMPLETE","PASS_STRUCTURAL","sha256:43af0131f3dfbdd98d70e9d1ce75f1deb58309b136b64f7d398efb6e4b3dffb8","sha256:b28dcc89884ffd2377e5277edabf6347e0232239985aa585ed9e4b952904f59d","db7d925be865225aabb94c16320f02a93e135c5c94df704b6e6444c2b58b2f8b","a460ffe40ba0aaf7f99a20354c6f52aba19c9289e785d62995d4596d6c1f90a9"
"d2-v5-medium-119","MEDIUM","5x5","5","5","4","2","1","0.28","0.5238","32","1.0","1","5","20","0","16","3","20","5","3","0.1667","0.8333","0.1667","1.0","0.2778","5","1","8","0","0.2531","1","1.0","0.4688","1","1","0.9167","28","1.0","87","16","COMPLETE","PASS_STRUCTURAL","sha256:b1dded7a1ca50eacd6b85f01b9489d1f4485212e1487efd75173ff85fd4a58bb","sha256:4833e8ed8e1c4a80ea948fee15ab7268f116b80492895798d2540ac111e77838","9ec5406ae4153aa479137799fc2465acd7d22da878d4b8ad8aae0fa784d78f2a","90c61e4b2555a682e30575c86a3f947d4e4255930ca432b14c7a45c3513e6fdc"
"d2-v5-expert-120","EXPERT","8x8","8","8","5","6","2","0.2031","0.2179","44","2.727272727272727","6","9","27","0","16","4","21","4","3","0.3","0.875","0.125","0.5714","0.2083","4","2","8","4","0.184","5","0.3333","0.5938","1","1","0.95","40","1.0","81","20","COMPLETE","REVIEW_ISOLATED_OBJECTS","sha256:bcf83f2c970ec474094b9ed142719dcf001538b6440990a0eac660759d11a90b","sha256:0e5e40f7990467ff102f8c1f1548a48fef465299df72aabeea32dc6b1ef351d4","7536b4e46e77482fe63fc95c1a5db190db1046e42385a48624d077769078f8b2","f893a517688cc5dd4bfd699e42dbe17dd8d7556a0ba7cd2dbe4ffc039c618396"
"d2-v5-hard-121","HARD","5x5","5","5","4","4","1","0.36","0.3056","20","2.9","4","6","26","0","10","3","22","4","2","0.3333","0.8824","0.1176","1.0","0.1764","4","2","10","2","0.3394","3","0.0","0.5","1","1","0.875","35","1.0","92","12","COMPLETE","REVIEW_ISOLATED_OBJECTS","sha256:d888eebc48b4640ccf8eaccab35e52877e431625daf301081aed141dd4b5cc9e","sha256:a400c112ba36ed354b274d0b021f1877156a6a5f6e5eb734569b5a1777c9a5b5","ba193ba2744d76212085a9227f251761c67ce8e8b5a409623316553193ec62a9","2ad8d9da226444cfe46e1fd451f84de02c7ebcdb7ba18d9cd5cba50dfe5793a5"
"d2-v5-medium-122","MEDIUM","5x5","5","5","4","3","1","0.32","0.3929","24","1.3333333333333333","2","4","14","0","8","3","12","3","3","0.1667","0.8333","0.1667","1.0","0.2778","3","1","4","0","0.3498","0","0.6667","0.4062","1","1","0.9167","32","1.0","90","16","COMPLETE","PASS_STRUCTURAL","sha256:118ede0f30cb068f463b0af972a6a48712b838cc544c99642cf2ec0bb2bb927c","sha256:7a42a647917dc80ced88fe818bdade25e078ac93b9452c7fb64ccab1e19e5724","cb6082e985b3f4b1654de16e6825b8e6b5c5aac679b1b66d7a18ebecb6d406f9","69fd92d24aa37a01ceb85f25da07aeeca968b46a29679f71500096618210755a"
"d2-v5-hard-123","HARD","7x7","7","7","4","4","3","0.2245","0.2","24","1.0","1","6","14","0","8","3","12","3","3","0.1667","0.8333","0.1667","1.0","0.2778","3","1","4","0","0.2435","4","0.0","0.5938","1","1","0.9167","36","1.0","82","16","COMPLETE","REVIEW_ISOLATED_OBJECTS","sha256:d6ba6f3d56206b5e26b7e5271f3af857eba495201884c7561abc671fc9352445","sha256:f5460921a8161bda059410e9e262d1722478f6a80b5cb2807fb31bf0529507b3","c08bbe87365c06f034983d8c016a3b01094ef9ae72a11ddc91c81001edcff430","7b9e403a99bebc75311cd3be2de0ade4ecf6fa7146e098f729d8e668c74fd79a"
"d2-v5-easy-124","EASY","8x8","8","8","5","3","1","0.1406","0.4444","76","1.894736842105263","4","7","31","0","24","4","23","4","3","0.0","0.9412","0.0588","0.2857","0.098","4","2","10","4","0.2482","2","1.0","0.875","2","2","0.9667","0","1.0","89","36","COMPLETE","PASS_STRUCTURAL","sha256:90f64c04dc53051e3aab9ed7aac9f4fa51d9a4b7ea357be2cf9685bc39ad1edc","sha256:4485168567c1d2cce1e2be070ed85c8302e75576ccf206e1da13da9faef0d647","c197b354f70c2d81438b9dd583cb3d5ed5ee3a51cb2b7ff220e91c517c364f4b","60985b9136f90e57089ea67af085a807735f5c21138abbe371af4cfd5155d8c4"
"d2-v5-hard-125","HARD","6x6","6","6","6","4","1","0.3056","0.4182","111","1.9639639639639639","4","9","50","1","56","5","43","5","11","0.2","0.6875","0.3125","0.7059","0.5938","5","2","16","8","0.3673","2","0.0","0.0938","2","2","0.9444","56","1.0","86","42","COMPLETE","REVIEW_ISOLATED_OBJECTS","sha256:3bb17d4b701c86067d33d88cc604ac38576cacd57b2a90197f1ed945b3f98ed4","sha256:928439f791338396f1bac3bfea5cad660c97e3b2caf6d626d28a3240ecbc780c","e5cc568c2e6d9d6f0cc5c892849008fb8b66fabf25862438e19db6d20d0547b5","3b7ffae19f5490b18a55d3fd73560cf6cea21e19dfe7934872a5cc05e1338c36"
"d2-v5-easy-126","EASY","5x5","5","5","4","1","2","0.28","0.381","9","1.3333333333333333","2","4","28","0","5","3","25","4","4","0.6667","0.8889","0.1111","0.5","0.1852","4","2","12","1","0.3179","3","1.0","0.4062","1","1","0.6667","28","1.0","78","9","COMPLETE","PASS_STRUCTURAL","sha256:7bfeeae0163543639c19f4042d899abbbf22fb86963bb04ecd0a40e099c56609","sha256:37815bce6fe99d5015ed24555a6facb46edeca0021034fb23aebb2175dc3f982","2da5418a5941ff0bddb0046c5ebce5b442a8e3d90a51d8633b718019398af053","30289f7aea459de14e6a47b3c9852f47a2395ae1eba96c3029e4acc52127483e"
"d2-v5-medium-127","MEDIUM","5x5","5","5","5","2","1","0.32","0.5357","40","1.4","2","6","24","0","12","4","17","4","4","0.2","0.8462","0.1538","0.6667","0.282","4","1","6","0","0.2811","0","0.0","0.375","1","1","0.9667","44","1.0","91","24","COMPLETE","PASS_STRUCTURAL","sha256:58fe4f903008bae65fcadf6aa08cb23b6a40dbd477fc50611a61e5325bba13f4","sha256:6f5a887aecacfaac8140514865b245c9d53db3c569ab57d40b0a7e4d5975237c","d3b8121d611b03ebff86941b62db216cfe63c5c0371152201e9b89b0c8bbc03f","8c2468f3472c0eb37177cfdbc1078cdfd92c28a00300a3b4f27beef44c2b0b22"
"d2-v5-expert-128","EXPERT","8x8","8","8","6","6","3","0.2344","0.2","42","1.7142857142857142","3","10","36","1","6","4","25","4","8","0.5333","0.8667","0.1333","0.4","0.2222","4","2","10","4","0.3201","6","0.0","0.5938","1","1","0.9444","34","1.0","81","20","COMPLETE","REVIEW_ISOLATED_OBJECTS","sha256:0a62ebed47d3e3a2b816eb15eb2f0a5f687a3d2bf2b1d0addd6ab1921f1cc449","sha256:d23b35db9ad42b2ea600467d825bc33af9b8cb5deef4b3a7151e9897735d4394","8a059894337bb8854b76aa1ebfc68027dac280a38d85ec5567ce1dbdf7332998","098af289aec1949a114943c3ab357297ad73d913d8547180bd7da7ae41570e4b"
"d2-v5-hard-129","HARD","7x7","7","7","4","5","2","0.2245","0.2","32","2.5","5","6","20","0","8","3","16","4","3","0.1667","0.8571","0.1429","1.0","0.2382","4","2","6","2","0.2584","3","0.6667","0.5","2","2","0.8333","25","1.0","84","20","COMPLETE","REVIEW_ISOLATED_OBJECTS","sha256:53bafc746e6ff56b650895c44a4402afae22f69d222eea0ae299efdd6f0c0c7d","sha256:3677bf9b932e256fb58b13aee111fca01d6eb054feb498a6f17ed3ba9823ddac","0bc458b5e22b3f7c95999f559f05b9df5e51da8da09fa149e510a92449dc867f","879764f43321cd0191f6ae568a9477c2ca64ff3be03a73c2e687c6702c860417"
"d2-v5-medium-130","MEDIUM","5x5","5","5","6","2","1","0.36","0.5833","88","1.6136363636363635","3","7","67","0","62","5","57","7","6","0.0667","0.9211","0.0789","0.75","0.1315","7","3","28","6","0.3087","1","0.3333","0.4688","2","2","0.9762","19","1.0","93","36","COMPLETE","PASS_STRUCTURAL","sha256:8f9d98ba5b29820ef27401829b1b510e2503e276cd46e5d9f0c239499902bfe8","sha256:e097a85216e5a77ade811d0b398294e4c1a50f75203898f5853c9ae18ee74e95","0fe18859687f5b816505016028d5f499c6a205b768c59c51f11c82a3bab29ddd","4ee37c79bf7ffb013a7e2e9a1b7f48c7d539326f7141079dc98f1f0fce8a7187"
"d2-v5-expert-131","EXPERT","7x7","7","7","5","3","2","0.2041","0.3111","24","2.3333333333333335","4","6","24","0","16","4","20","4","3","0.3","0.875","0.125","0.5714","0.2083","4","2","8","4","0.3998","2","0.6667","0.4688","1","1","0.95","33","1.0","87","20","COMPLETE","REVIEW_ISOLATED_OBJECTS","sha256:b67592a6cb53897a14bcc2c83a4c5adbaf02154855d73a3e8d8afd99b5b2836d","sha256:7518b01d4c89c15ce30e078103969da2e0b2da3ccdccfef8314a5e2eeea6a0eb","b4a223b7d101b598bb775d3e719309f975df363b4c1060dd9414bb12aace025a","2773e2fe621f8a961cb873540d49274268c551e71547e4e3fcf3fdf67a43b33e"
"d2-v5-easy-132","EASY","4x4","4","4","3","1","2","0.375","0.4667","8","1.0","1","3","10","0","4","2","11","3","2","0.3333","0.7778","0.2222","1.0","0.3333","3","1","4","0","0.455","1","0.0","0.4375","1","1","0.6667","52","1.0","88","8","COMPLETE","PASS_STRUCTURAL","sha256:f29305e8f294730ed585863b7b2c071db89128dcee02dc8824ca46197370d634","sha256:89648e0b8f605d60e770f903b536fe1edcd65ce5037f170b655642658c4552b6","1a04d11812aea8044bd75cb4430f4eb4ea5d52302dec1d775e9863eaf47f6b13","c71597c2d8df19ef8694257d50bd44372524dff3929fa271b422be0ec509ad02"
"d2-v5-hard-133","HARD","7x7","7","7","5","3","2","0.2041","0.3111","27","1.0","1","5","27","0","6","4","20","4","3","0.3","0.8929","0.1071","0.5","0.1785","4","2","8","0","0.2464","2","0.0","0.5","1","1","0.95","34","1.0","85","18","COMPLETE","REVIEW_ISOLATED_OBJECTS","sha256:311664576524ae14318c34e617e150c66aa8f84eba1ec93b30c8d8e48fe77751","sha256:4460dc4b8fd27a105c45685b2742768727cb00d487083e45222e9828cbb4d662","e92ac470e4d3906a843227a1eba011abbdb8a0f948f602b810ae26a6fec03ca6","6594170b4d8c744315566c87c9cec1a05eb5b21d625f55fd8328515bfb087e3f"
"d2-v5-easy-134","EASY","8x8","8","8","5","1","5","0.1719","0.2727","30","1.0","1","4","36","0","24","4","32","5","6","0.1","0.8333","0.1667","0.6","0.2778","5","2","14","0","0.2271","4","1.0","0.5938","2","2","0.9","30","1.0","80","21","COMPLETE","PASS_STRUCTURAL","sha256:33f08c9e70a4bed75f658911dc5f74c1f1182a82092d0d0abcdaba2ec2e858cb","sha256:024b75ddbd979f041f593d0b866af5073a079a5c06abb647faa09863ef3e7a41","dcaf1e346a4020293605dec21fe7289467cf57af8621b03a0bf54a652c006bb3","9ce4fcb613d8c550b663c1e9bd604c24b02003f163531cc6eb1c9dd9804233c9"
"d2-v5-medium-135","MEDIUM","6x6","6","6","4","3","5","0.3333","0.1667","28","1.2857142857142858","3","6","12","0","4","3","8","3","3","0.1667","0.8333","0.1667","1.0","0.2778","3","1","2","4","0.2033","6","0.6667","0.4688","1","1","0.9167","26","1.0","82","16","COMPLETE","PASS_STRUCTURAL","sha256:05faeca3ece356ba194a65f338fe690b4cbbd52ac0db13e4eaf1f739a6ccca4d","sha256:f045c314ed225bf3c98df03961c49e4046f1625b4f65256004c3552ccba72ec5","b46b4f5432b2babb16cff330c284b5fcf25c37d9eaf35960ff3c815e154ef8c0","8bd702679a509fb7fee63e3c765ee72b7943e38b8d52b6b1f61febcf6b91ab68"
"d2-v5-expert-136","EXPERT","8x8","8","8","6","4","4","0.2188","0.2747","204","1.6470588235294117","7","10","59","1","84","5","49","6","11","0.2","0.6737","0.3263","0.8636","0.6245","6","2","18","28","0.2285","4","0.3333","0.0312","3","3","0.95","48","1.0","84","88","COMPLETE","REVIEW_ISOLATED_OBJECTS","sha256:00c722cbee29fefd56cce78f4203a4a4a5804ee7ef53cc4969369a94f5846106","sha256:f75a03acab8ffbe156fcd554cbf9d400d00a13d84de2f732674f9968a8f64f8d","b76849ee57495cdf9803b10ac0ad8962a87465541f89494855e49e5cca65c76a","17f63c58dbd9d383168ab17584df2d5d207be81955c279a6af462851d35ed6e1"
"d2-v5-hard-137","HARD","5x5","5","5","7","2","1","0.4","0.6667","154","2.220779220779221","4","17","127","0","92","6","99","8","15","0.1429","0.8037","0.1963","0.75","0.3583","8","2","42","41","0.306","1","0.0","0.2188","5","5","0.9519","52","1.0","98","74","COMPLETE","REVIEW_ISOLATED_OBJECTS","sha256:097af2cf101b4a9cc73c3c717ce636f6d07f65ebe0a3df539817e8025d5a7994","sha256:6e25de0c8a72f6ec2c135c59131814b51155aca07a932545f7c138358b3713fc","dd2d36709769067a2052f7ac3bae738e33947efcfd1bf79f523e9462e725a60f","db7df6280abad22e142480a631f378f16857f74467b81a11e2801b42b4036204"
"d2-v5-medium-138","MEDIUM","5x5","5","5","5","4","1","0.4","0.3556","72","1.5555555555555556","2","6","28","1","16","4","20","5","4","0.1","0.8571","0.1429","0.7273","0.262","5","2","8","8","0.3201","2","0.6667","0.625","1","1","0.9778","19","1.0","90","32","COMPLETE","PASS_STRUCTURAL","sha256:343bd991362c0d5fbd54fd89748244b1c64e4aa8c82706d7309436a97fae439e","sha256:879deaaf6d1326f925e3817560cf20130c7eb7ef674e90fe45588dbb70c4cd31","b443aa66fac61521c43dc786de592e843763ece196414e8e6230b4145d4ee8b0","d5974913124087709ce64f6fed5e702b4dd0b9f59ef371a4eebf179fea2bc6a8"
"d2-v5-expert-139","EXPERT","7x7","7","7","5","3","3","0.2245","0.2727","24","1.6666666666666667","2","5","27","0","16","4","22","4","3","0.3","0.875","0.125","0.5714","0.2083","4","2","8","4","0.3668","3","0.6667","0.4688","1","1","0.95","34","1.0","83","20","COMPLETE","REVIEW_ISOLATED_OBJECTS","sha256:c28b1e1b514e6142ec18a2eefc9de49c8ddb47067bf1fddbc0c4a6f970b044ac","sha256:ca0d1a69cd6ddb4ae0849eb5d5cb1de5391ec11694b3cf9feff0046dd8d836ab","aafc9544fd94f867eff04893124d96cd5070e8bff6b5f4f1b82468c96a672a1a","3a247e7b6e7590a114eaa4750e07b583c81ea44f3a1b5bd993e72778e3796b4e"
"d2-v5-easy-140","EASY","8x8","8","8","4","2","3","0.1406","0.3056","32","1.75","3","4","20","0","16","3","20","5","3","0.1667","0.8333","0.1667","1.0","0.2778","5","1","8","0","0.2038","2","0.6667","0.4062","1","1","0.9167","27","1.0","82","16","COMPLETE","PASS_STRUCTURAL","sha256:3abec1116adab6cdda9ff68d836ab7e08491a1c4526d74dfd0c710eb9f9af490","sha256:b2209fb1d79f310c8f1799f95f96a6c2334a753343a16b7a58a25fb3d36f7962","b34ca8dd48f9f256f0f42ecf1e7271500341ee50bebf026f2fb5ddf55a9fb581","032c0814c340be98769e11d2cd35614226ffdc23184ed7c0421adb9afd2b6e06"
"d2-v5-hard-141","HARD","5x5","5","5","5","4","1","0.4","0.3333","40","1.525","4","4","27","0","12","4","21","4","4","0.3","0.8065","0.1935","0.75","0.3548","4","1","8","0","0.1741","2","0.0","0.5938","1","1","0.95","46","1.0","92","21","COMPLETE","REVIEW_ISOLATED_OBJECTS","sha256:a60e9597f16c0c8051fe217066e3a2d6edf8725598174294ad8fd5e572553e6e","sha256:bf0c6192a2bf799ecfaad02a16fc140c2f66e53a740650ebd38a85900d5614b1","231d90e02480e4815f15663b94f02f3804256f13317a9afb777c79599a4fcc9f","db22682323375b0e94f78209f69666cbeed94927d8294aa4a849ebb6afe6c940"
"d2-v5-easy-142","EASY","8x8","8","8","4","3","5","0.1875","0.1667","24","2.3333333333333335","4","4","14","0","8","3","12","3","3","0.1667","0.8333","0.1667","1.0","0.2778","3","1","4","0","0.294","4","0.3333","0.5312","1","1","0.9167","36","1.0","82","16","COMPLETE","PASS_STRUCTURAL","sha256:a526bfde4efbd0fb8adb9fd0fb4b225befb2dbf65da6ba71e690d5c15e8dd116","sha256:1917890fb52237183b8a30cee874294bbe24569d6f7b58287b0d165c607d58f8","ae04b5b11867677e02a762e04ed30eefd94c71f018fce009732ebfb095fb2667","2520823f7cf73c529a47fe2009df219f17060ff5474e03b0daf641d9e07174c4"
"d2-v5-medium-143","MEDIUM","5x5","5","5","6","1","1","0.32","0.6786","36","1.1111111111111112","2","5","35","0","24","4","27","4","6","0.4","0.9","0.1","0.4","0.1667","4","2","12","4","0.4309","0","1.0","0.625","1","1","0.9667","31","1.0","92","24","COMPLETE","PASS_STRUCTURAL","sha256:07cd77eb2df5b3450ea69fcafbc5267228a5cb07b7c85e5cd00a583b7d4519c7","sha256:129fa0b42c558ea58d40842ed6a647221e01bc892f871125bb48823f77681408","9b3233f532fb035ff46c6f04e34d9e0ab9f4064b8b6d8d056d7c0234f5753cb6","ab6e76e1a53ca3b8f857f8343ec0ab141e841cfe69fd025167d0e3e3ef3903dc"
"d2-v5-expert-144","EXPERT","7x7","7","7","6","4","2","0.2449","0.2879","30","1.2666666666666666","2","8","30","1","2","2","22","5","10","0.6667","0.6667","0.3333","1.0","0.6666","5","1","8","8","0.298","2","0.0","0.0625","1","1","0.8333","59","1.0","82","20","COMPLETE","REVIEW_ISOLATED_OBJECTS","sha256:13e38c211c42b1f6b438104fa8ef00d2d579ba88b913b64fd1971c9e36a99d4d","sha256:ab97f12c97ef28f955d76173ef47e7f278954c8f71a840f22ff47cd8a139a902","19e4b564ad870a4bb12ef85c6ca61d9744c5ae7d3ab21dc88db62ecfe16a0c7d","d6a392441ed7a432a2113ea4fc470a9055221d3cec48a17b1baccd9935eb7434"
"d2-v5-hard-145","HARD","7x7","7","7","4","5","1","0.2041","0.2444","24","1.6666666666666667","2","5","14","0","8","3","12","3","3","0.1667","0.8333","0.1667","1.0","0.2778","3","1","4","0","0.2829","4","0.3333","0.5938","1","1","0.9167","38","1.0","84","16","COMPLETE","REVIEW_ISOLATED_OBJECTS","sha256:5bbf8929f1a71724cf771a707e1d58d8c7d49fb0ee7280fbc4c444380bd95316","sha256:1fcf4b80eebdcc0d37f4f45e038ed3641ced367e15497fc25dc248fc36f54207","794484ad912f5a9cafade7887d0f7fb5532c51158a88f30813bbcb1b437cc596","a75ae73b4fe5299c5a8920edecbfeea2d3c994c487b0518bb28a9c80977f493a"
"d2-v5-medium-146","MEDIUM","5x5","5","5","6","2","1","0.36","0.6389","104","1.5865384615384615","4","9","65","1","56","5","55","7","10","0.0667","0.8353","0.1647","0.5882","0.3255","7","2","24","11","0.414","0","0.0","0.4375","4","4","0.9615","46","1.0","96","48","COMPLETE","PASS_STRUCTURAL","sha256:dcb7636d4a4cff302daea62aad3343aef3a03650c2648a154b6ef43fdbacd2a4","sha256:81550c5e1f576f0d337761a1eed77e66d0d9e967d2ea38f869b2b9d04358a1be","e048ac2a063ed6ee5c5e8a252a04cca4dcaea61acd833b2871ee95f57a9f0099","8bbdbe2c702dbc9e81fa48b9de00fb97da334de4056ffeb92abc802bc490e48d"
"d2-v5-expert-147","EXPERT","8x8","8","8","6","4","2","0.1875","0.3182","68","2.0","4","8","37","1","20","5","32","5","10","0.6667","0.5333","0.4667","1.0","0.9667","5","2","10","6","0.3191","4","0.0","0.0312","1","1","0.8333","65","1.0","81","32","COMPLETE","REVIEW_ISOLATED_OBJECTS","sha256:a6bd0e1c35e6bc139aa81354d32b2a8fa7c5a9879579d7c1320722cf121bb204","sha256:897462bcb0e62149a016a44d18b3b66cd663cb5696ba12c89fe78b7048570727","be1903892aba4087efa98bfbbaef8a82acf6ee999b38414ad35efa9eb42664c0","deef155292f84a848318ef4b8805d66b92d8ba64629a5226eeb0a4dfab6df426"
"d2-v5-easy-148","EASY","5x5","5","5","4","1","5","0.4","0.2444","12","1.1666666666666667","2","5","22","0","8","3","20","4","3","0.5","0.8333","0.1667","0.6667","0.25","4","2","8","2","0.2074","4","1.0","0.5625","1","1","0.75","40","1.0","88","10","COMPLETE","PASS_STRUCTURAL","sha256:e11265f2b7f9013a1d6355132a43d4e076d70d32bb4387be5439f983203030d2","sha256:152f982ab20948cc5e4d3f85c2304863c7fd216c9654ffd3c6bd62f7014e8c32","8c01879fef4fe4b37c24a21540cdff0826ffa7c5fd058c3476049208a2c49167","dab0feeee3f2a518fd135ef291942b081b3e153d5cd79821350a01bdcfc317e8"
"d2-v5-hard-149","HARD","6x6","6","6","4","3","1","0.2222","0.3571","16","2.0","3","3","13","1","8","3","12","3","3","0.1667","0.8333","0.1667","1.0","0.2778","3","1","4","0","0.3755","1","0.3333","0.5938","1","1","0.9167","40","1.0","87","16","COMPLETE","REVIEW_ISOLATED_OBJECTS","sha256:95812ea847f0d72e7aaa29c8c029eb424dc66e0cadbc0deaf44f0a4b8e5eeab5","sha256:cda97754a08dd9f15d1c82e72c8abfce32e2e6bb8db9e21d88c50510cb82c6e8","ccb18de8fdd57d7f9af69f0ac82d5db710ba74a070064abb9ac5ab97ca96d223","cfeaec091db435e89597c5a444b279668905b730ffe2b9a55b4aad5ba74177cf"
"d2-v5-easy-150","EASY","8x8","8","8","5","1","5","0.1719","0.2545","24","1.0","1","3","23","0","12","4","17","4","4","0.2","0.8462","0.1538","0.6667","0.282","4","1","6","0","0.22","3","0.0","0.6875","1","1","0.9667","41","1.0","80","24","COMPLETE","PASS_STRUCTURAL","sha256:c4f5358a57192d449d0543205a2c495d8dc8bf8d2a17941c63b54c1fb4a8f43e","sha256:cfa37e98edf7f3c01d8dab329bfd5f5414bab2c7bb3d7091eacfca37b350ade0","acb85fe89a62fb54e198df3f852ecb050aeacce477d3502a5c323ce0556d288b","9052c4e3603458d6af794791bbc6e47db88517de9bf89a9094b28ad72d0b8a88"
"d2-v5-medium-151","MEDIUM","5x5","5","5","5","3","1","0.36","0.4167","48","1.5833333333333333","2","4","21","1","8","4","16","3","3","0.3","0.875","0.125","0.5714","0.25","4","2","6","0","0.3029","0","1.0","0.375","1","1","0.95","34","1.0","96","24","COMPLETE","PASS_STRUCTURAL","sha256:1956f9521f7ecdff5264e0090c90f6c9460c78494cfb8d1afeeb8ab3f680d1fb","sha256:473eaf4c921beb9979b600fa32826a093804ad1dce188575479fda49461c6955","b42493f7b35dabb347b35367b60dd01cd3e54d3389412bc725f63c5ef142cdee","285802087a4a01b3ada392f8c4c4f1c399a22a096297960fec5f4887dc6c5cfe"
"d2-v5-expert-152","EXPERT","7x7","7","7","5","3","2","0.2041","0.3778","40","1.2","2","6","26","1","16","4","21","4","7","0.3","0.7","0.3","1.0","0.5667","4","2","6","4","0.3148","1","0.6667","0.1562","1","1","0.95","50","1.0","85","32","COMPLETE","REVIEW_ISOLATED_OBJECTS","sha256:5596445a4e417d20a7ea34f7fbd28141b87bb1f9dbbb27db38c9bd16a6c68418","sha256:470a828803da3ad967162f2e78df840cc2f3551b0697338b6d9a8fb8ce6b19e6","b4b34a075b87eab38c224a6c58e6d7fa86764ba5feec3153dd6a33410a6f6dd6","7a8779d0781fd84d3dcbeca341430bab30186ba713cee7b5daaa6a551b358cfb"
"d2-v5-hard-153","HARD","5x5","5","5","5","2","1","0.32","0.6071","75","2.48","4","7","45","1","34","4","37","6","4","0.1","0.8696","0.1304","0.6429","0.2173","6","2","16","11","0.2882","1","0.3333","0.5","4","4","0.92","37","1.0","92","42","COMPLETE","REVIEW_ISOLATED_OBJECTS","sha256:e7acbebe5d6059252bbea7c276e81af9ad18038b6c89c7a6eebd9f8cc26bf2f5","sha256:b98178759a041657623d8f7e89e122fe569d2ee7315f17fdbdae9f21995d606f","07db2a8b8de8c46c0a8033589c6300404aaab202dedd5dabf25ca89e613f7524","556007fcfa753cf84979bbb1b6e34ad43a70f1d3cf46f726cda28d10429a7405"
"d2-v5-medium-154","MEDIUM","6x6","6","6","3","1","2","0.1667","0.4667","8","1.0","1","3","10","0","4","2","11","3","2","0.3333","0.7778","0.2222","1.0","0.3333","3","1","4","0","0.455","1","1.0","0.5625","1","1","0.6667","40","1.0","80","8","COMPLETE","PASS_STRUCTURAL","sha256:237ed2b8e33973442fbad5038c6a87bba347e9685b422d8a605e40e688a7e083","sha256:23add0d658be3ce9efce08e27eb9e8f5dc0486f63bccf423f46271dc721d53ac","190050b3394d3022cc1cce88bd928460747c13402d4e664f8eea4f458d0e0d41","03ca4859d84132781943ee86d7f41886bb56ed95ab87cdae070892bf802f292a"
"d2-v5-expert-155","EXPERT","7x7","7","7","5","4","2","0.2245","0.2727","40","2.4","5","6","20","1","4","3","13","3","4","0.3","0.7778","0.2222","1.0","0.4074","4","1","4","8","0.3541","4","0.0","0.3438","1","1","0.95","48","1.0","83","24","COMPLETE","REVIEW_ISOLATED_OBJECTS","sha256:84be76fda32b08e17458da16da87830a5fe308516cafa843e57c25a2aac98cc1","sha256:e78b3cf561be9586c7dd9156c1b67a5d3b8be1ac0d6665029dfaf82bb6356a14","5a37d7e09a6250230a294906d40bafa9ff234bfee6ddea6e6e4fd3d0749643ff","74bb0f633c9268a2546944b7277800375394ad734c7713087e0d00838b38e304"
"d2-v5-hard-156","HARD","5x5","5","5","4","4","1","0.36","0.3333","24","1.0","1","6","14","1","8","3","12","3","3","0.1667","0.8333","0.1667","1.0","0.2778","3","1","4","0","0.2757","1","0.0","0.5","1","1","0.9167","37","1.0","91","16","COMPLETE","REVIEW_ISOLATED_OBJECTS","sha256:7167b00b632ab9769d0cb5613ed2224a4e7c8dcc15bc363e6b5997bd58b9758c","sha256:e57f6a10453467f7b3a65f5929b31db731ac6657b5d5fb5a04e3559b8f7dd0e8","e7325f45dd50e90a1b7a8bd5b765d1c2118290dc394f8daf006dd3515fdd7119","5c4379f6f8eb5c649e7dc692ccef69b8e98dc98942a2da685a9125dcb825f4b7"
"d2-v5-hard-157","HARD","5x5","5","5","5","3","1","0.36","0.4444","64","1.9375","4","7","34","0","32","4","29","6","4","0.1","0.8431","0.1569","0.7273","0.2746","6","1","12","4","0.2513","1","0.3333","0.6562","2","2","0.95","36","1.0","93","32","COMPLETE","REVIEW_ISOLATED_OBJECTS","sha256:565910c1fd350365d3a7876acd3827c68df7e4290b56fad1ac2a4ca97f76a0df","sha256:a0d035151b28d1539a58ce21c4a2d1cd8b3c3f97dcb92e1592aba3d96a98865c","28a2c4336e36e9d8a308d73b466db6725698d48a06317a45adaadb37359d692e","2979550ca18d88b63551f9a060947eae48c1700e1c5f661673a7a3220788c4eb"
"d2-v5-expert-158","EXPERT","7x7","7","7","6","4","3","0.2653","0.2564","63","2.4603174603174605","5","8","58","0","30","5","47","7","6","0.2","0.88","0.12","0.4615","0.2","7","2","22","1","0.2434","4","0.6667","0.625","3","3","0.9062","26","1.0","87","31","COMPLETE","REVIEW_ISOLATED_OBJECTS","sha256:4259cc71766ffdcc5ed8a7348e85cbff91dd0d428df83d8381e60b7ba2303a5e","sha256:6c6bb1e6ef82efe02028190178fe6fa7778753e6fd89d2245e4b8fc2c6b41356","04099f8aa4fb077b43863b03b25f50c3ac59a6f44c0e334e514076c76828ff89","c80922b81d060aac857d329d79b4b7ab89aaa044e97fdfdc83308364ec0966ce"
"d2-v5-medium-159","MEDIUM","8x8","8","8","5","1","7","0.2031","0.2051","28","1.1428571428571428","2","5","20","0","12","4","14","3","3","0.2","0.9091","0.0909","0.3636","0.1515","3","1","4","4","0.2779","5","0.3333","0.75","1","1","0.975","16","1.0","80","24","COMPLETE","PASS_STRUCTURAL","sha256:5ce12325096d6dcd3f1750ad7ee7852a68f2406a3b93655526fe6465ea3ef139","sha256:8016b4ada37f61e93db3075a40c15d9aceae6aa111fcbbddff87dcec3d0d8b8e","989c53e9de97be8eeea602931735a2afd0ef1dadabad2ed0be5e024a1e1e13bc","fe7a171e98520d433a1b9f3ea56637fe4c29793ddc03f9f8b9093a8a7080b4fc"
"d2-v5-expert-160","EXPERT","7x7","7","7","5","4","2","0.2245","0.3091","50","2.8","5","11","29","0","25","4","24","5","3","0.3","0.8611","0.1389","0.5","0.2222","5","2","10","10","0.3118","3","0.6667","0.4688","2","2","0.9","32","1.0","86","25","COMPLETE","REVIEW_ISOLATED_OBJECTS","sha256:0eecfbdcc7156ebc74794c5ef157febd01bebe5f7db186bee5c354a2ce63042b","sha256:142f008fa59da61eb9d7be6af03605ed8948b78e96ba084552046ab991a6c9c0","01fe52c0ef8e6ef55c1bfe58edb0fdfe6e7e83340dc89986bcf961d0d2dc9f70","7d8cee9ce0db9c37213bb2990986da45e9506cd7fb85ebcf09208306398fc813"
"d2-v5-hard-161","HARD","5x5","5","5","4","5","1","0.4","0.2444","24","1.0","1","3","16","1","8","3","13","3","3","0.1667","0.8333","0.1667","1.0","0.2778","3","1","4","0","0.2952","2","0.0","0.5","1","1","0.9167","37","1.0","88","16","COMPLETE","REVIEW_ISOLATED_OBJECTS","sha256:73b636ca60c06d6cf384ad38d6bf7a033cc681422ddaf60033ef3cb00be80dc3","sha256:10e2031ecddf42dd4c9102b279985d7bf00b263dc34705c904025fbc161978bf","e0544e36c9adaf428f793d4bfb8f3c4a9af90766939240dafbe17adfd146276d","1393bc3f3df368b19d832299a3222c036a6f9b4bfe480f8209ad9bf397a9cbca"
"d2-v5-medium-162","MEDIUM","6x6","6","6","4","2","4","0.2778","0.2222","24","1.0","1","3","14","0","8","3","12","3","3","0.1667","0.8333","0.1667","1.0","0.2778","3","1","4","0","0.2789","4","0.0","0.5938","1","1","0.9167","38","1.0","83","16","COMPLETE","PASS_STRUCTURAL","sha256:cf12522cb9523e38f8fdef717ae328329dbb417b79c9ad5a96df652244ece108","sha256:05e844b3a675f3da779c433112cbf9c4519d8a7bfbe9cd084ee3df6ced044f11","8fc7e38b33a35ea15f9300559ac52893b16176f3960dcf084aecb5b4daf899d4","349d679dc2a537dfcdf4d02ba6cc30c4fc595e44ae0dbcdb64644a0ac0f87522"
"d2-v5-expert-163","EXPERT","7x7","7","7","5","2","3","0.2041","0.3111","32","1.25","2","5","20","0","8","4","13","3","4","0.3","0.7778","0.2222","1.0","0.4074","4","1","4","8","0.2839","2","0.0","0.3438","1","1","0.95","54","1.0","81","24","COMPLETE","REVIEW_ISOLATED_OBJECTS","sha256:15a5fea2a5a630ef7e1608d183f87c9720e10db5982bc4aa36197a4ad2ec9a80","sha256:f0eb81d79c8f3d6f5049247b9acec365fcaba2aaed4e593961c33b1198943faf","dd2690243f7df6e8f44747c601fc2de6c0df54942cbd11f19cacfb5f339ec2b2","2d3acd0690548e769fdb987e0b6f04f82b3f3cd65419dc6aa5dd1cda5580c617"
"d2-v5-hard-164","HARD","5x5","5","5","6","2","1","0.36","0.5278","50","1.32","4","8","33","0","16","5","26","6","7","0.4667","0.8857","0.1143","0.25","0.2096","6","2","10","6","0.4833","0","0.0","0.3438","1","1","0.9583","37","1.0","94","28","COMPLETE","PASS_STRUCTURAL","sha256:68b83caeb203684012358329dddd99ba78cf7fec8adb3cd5432e550b038e3fcc","sha256:b225fdf2c1c8b8ba412114ebdf51b2d5d10abf22367fca0e79248b79d796130e","f0c543cf0ae30ade7dc3eda4104fd01dd045db77ae1a61c23644999970704e60","3af5eb5f877ad730f65815228efd0d7a35c3dbf7d2657b2b25cd44ea35c9054e"
"d2-v5-hard-165","HARD","5x5","5","5","4","4","1","0.36","0.3333","32","2.0","4","6","20","0","16","3","20","5","3","0.1667","0.8333","0.1667","1.0","0.2778","5","1","8","0","0.2169","2","0.6667","0.375","1","1","0.9167","30","1.0","92","16","COMPLETE","REVIEW_ISOLATED_OBJECTS","sha256:d34118c5e8212ab10572a1d5dd0ff17e5a92d46700a43c3716d21d887046392a","sha256:cbe42018a2254e4dca7a117bf8a50b362076f04ca8d388d996441a2fab70c45a","cdd714a257475ee0502a0ae6117f804a4e3de3753a7e491b485f61d925ed20bc","a9e8a8456b91206cc81a8e8dcde8a4a647cf5d48e80f71a4cee75edb930d93e8"
"d2-v5-expert-166","EXPERT","7x7","7","7","5","5","2","0.2449","0.2727","39","1.8461538461538463","3","10","26","1","8","4","19","3","4","0.4","0.8519","0.1481","0.4444","0.2468","3","1","6","10","0.3304","3","0.6667","0.5938","1","1","0.9333","29","1.0","85","18","COMPLETE","REVIEW_ISOLATED_OBJECTS","sha256:294945cc4da28950e31fcf280ad6e4369e2bf0f953467b2bd645b2ce073560d7","sha256:7cd8554eb8f2eb90299ed4d323c7d8c4cb59f32a9a71bd979ea52eb8a70ab29f","934447953c903b2045f404b7686c3949a6819d9f7c7f74af8a57d9cbc4ac0f5b","53ee714ebc132b497b6d9be16ccbf36e6f1e16b38b784bae51030e8628c80fa9"
"d2-v5-medium-167","MEDIUM","5x5","5","5","5","1","6","0.48","0.2121","24","1.0","1","3","23","0","12","4","17","4","4","0.2","0.8462","0.1538","0.6667","0.282","4","1","6","0","0.2214","5","0.0","0.5312","1","1","0.9667","40","1.0","83","24","COMPLETE","PASS_STRUCTURAL","sha256:054d9fbe2272a19a22caac4b286ffb031b28590837786936c37d2c2b695c5b79","sha256:6629db895dd12b56d20cdac726bd600fb02fd0e9bf449928eb9e68b563ca5583","bcb910d32c34a9fa8cbc06074c24b91022f693395c9eddac030f8c3b1d17d5a9","a1d75de4eaec4760f10f6154ff783e80794230e7c8cc6484f067f11e419704be"
"d2-v5-expert-168","EXPERT","7x7","7","7","5","5","2","0.2449","0.2576","52","1.6153846153846154","4","9","30","1","8","4","22","5","6","0.2","0.8462","0.1538","0.5","0.3076","5","2","8","16","0.2625","4","0.3333","0.1562","2","2","0.95","40","1.0","87","40","COMPLETE","REVIEW_ISOLATED_OBJECTS","sha256:59908f272b19fde496e33f5fa8dee95c8795d82b2682ccf4678456d08772c354","sha256:5dce42a8855f060b757333085321c0c12571e5e0b26c2d9292605aee261ae39c","4cbdce38f3515252c7be2500fad8003a51d59b1eec888f93a82e885c662321ed","ec58068933395e004bc8a4d1ab13eb366cfad47fc33adbdff13b448c263a6651"
"d2-v5-hard-169","HARD","5x5","5","5","5","2","5","0.48","0.2121","32","1.0","1","5","20","0","8","4","20","4","6","0.6","0.8667","0.1333","0.5","0.2888","4","2","8","0","0.275","4","0.0","0.5","1","1","0.8","43","1.0","85","16","COMPLETE","REVIEW_ISOLATED_OBJECTS","sha256:6ea83924af6c2716c58d57bb2f001d8948eb9a4bc49cd81337d387adeec36b08","sha256:51bc36718497e52e5876a0955e10c3e62a9bf69503e7fcaff86c636029de89fa","d7ec10784f06f570a5f078c19cee2e2227720506304644ad58515a5d96a65997","28c9afb988f8688473c8e85f7ae0c9edf2790af4c850116519b086556c7b07b5"
"d2-v5-medium-170","MEDIUM","5x5","5","5","5","3","1","0.36","0.4167","40","1.0","1","7","24","0","12","4","17","4","4","0.2","0.8462","0.1538","0.6667","0.282","4","1","6","0","0.2503","1","0.0","0.5312","1","1","0.9667","40","1.0","90","24","COMPLETE","PASS_STRUCTURAL","sha256:2effcbc60f420531ef6463594923697aded7b962889ab4f07aa47cf8a65c3669","sha256:01291b45539833b92388a5e6b8e45be9cf4a200485bb5e17a3cbad713c3b0102","5cc9101821474c4c50c1c92531bc46ee6bc64862cfac743eaea1a66d56916284","5fd6a8de28ac9c95fad2fc09f39fec8a60e67a1d321ff3210948a226f587fad1"
"d2-v5-expert-171","EXPERT","8x8","8","8","5","6","4","0.2344","0.2","76","3.473684210526316","5","13","37","1","28","4","30","6","7","0.3","0.7","0.3","1.0","0.5667","6","1","10","16","0.2194","4","0.3333","0.125","1","1","0.95","56","1.0","87","32","COMPLETE","REVIEW_ISOLATED_OBJECTS","sha256:33d826d8d2405bb9444c30cfd78da06bb34e78c9b7baf51ca1a743ddaa3732bf","sha256:529e22795ebf25ab3da37c1d1b208bef83e505d0f1dceb889e318312008c0169","97a752b8579b29fb44e7f9f0d718e5aed7f1b5fdc55444e900060a69d61a2c06","1a029ef63f07b7ca9e68ed6a7b7ad37782e23bb8bf8fedfcfe1db1dcc1081e9d"
"d2-v5-hard-172","HARD","5x5","5","5","5","5","1","0.44","0.2909","52","1.6923076923076923","4","9","22","0","8","4","16","3","3","0.3","0.875","0.125","0.5714","0.25","4","2","6","8","0.2809","1","0.0","0.5938","1","1","0.95","40","1.0","93","24","COMPLETE","REVIEW_ISOLATED_OBJECTS","sha256:2912ad390e7288b4570f052851689eb478a543078b961ebfce62ae8f47f00cc6","sha256:b07d5c83bff05a325d21c7b75c83d4ad97bf135fdb75eb9a0d4be91f6afa2762","7b9d65cd707d7efe62e17b40a32216d4c6e76e44f68044b64853b9834c553eec","0975723c615d7aa21736148d6c8644de2dc98bfbb96f8b0c6543541c37d12585"
"d2-v5-hard-173","HARD","7x7","7","7","5","2","1","0.1633","0.6429","33","1.1818181818181819","2","10","36","1","17","4","34","5","7","0.7","0.6875","0.3125","0.6667","0.5208","5","2","12","7","0.461","1","0.0","0.1875","1","1","0.75","61","1.0","75","15","COMPLETE","REVIEW_ISOLATED_OBJECTS","sha256:68d12a300d50ddb872f3b551433ea64fb5104c73659dff6d715b7a531dcd091c","sha256:11bb1fc7e75141a41ed116e553c2ce9176fcaba54dae24ca03882c7bbada8f47","70751409147f2b7cdfb92873b322ce905edc7a208befb0a9a94f5e01e21096b1","0043882f25135836b733bd61ede34ecc7c84073bac5a5ef229526156d97f12ea"
"d2-v5-expert-174","EXPERT","7x7","7","7","5","5","2","0.2449","0.2576","67","1.3134328358208955","4","8","38","0","33","4","32","6","7","0.1","0.7843","0.2157","0.7143","0.3595","6","2","12","13","0.2119","4","0.0","0.4062","2","2","0.9333","46","1.0","85","36","COMPLETE","REVIEW_ISOLATED_OBJECTS","sha256:3f210c974faa1615d8777505efb1e54a7998b04b237067c56787b2018d7076ca","sha256:8455b8e32fb344fbb03c7956171cd2f3037f087460b9e16edb52bc53fdf7c7eb","7f05cf8a4fae8e8611ffedd8fdc41e2942f56829b6f7858f37332a42e4c41538","f3d04b36fac3d15e6b38637c9fd44d17822e8cde379e0ffc41185f9d17831f4f"
"d2-v5-medium-175","MEDIUM","6x6","6","6","4","1","7","0.3333","0.1364","12","1.3333333333333333","2","4","11","0","4","3","8","3","3","0.1667","0.8333","0.1667","1.0","0.2778","3","1","2","4","0.298","5","0.3333","0.5938","1","1","0.9167","43","1.0","82","16","COMPLETE","PASS_STRUCTURAL","sha256:bc681039d2304d5e99dd23ee5bbf183cf656b9bc3931e9614985c5d067080b8f","sha256:a16d796230e5f39d046cfff5afd9ab1d1f3a636798812b9b741b0f8ee397e7e8","7d83d5d12c0df791f41e12dd0cc6cd99343b7efe16c7370f7d298c89cf286797","e77cb31e976d813982a701f985a7bc8c2a79c9a4bc9f7269a78ac1566ff787af"
"d2-v5-expert-176","EXPERT","8x8","8","8","5","6","2","0.2031","0.2179","76","2.710526315789474","5","8","27","0","24","4","22","4","4","0.1","0.8667","0.1333","0.7273","0.2444","4","2","8","4","0.2411","4","0.6667","0.5","2","2","0.95","25","1.0","82","36","COMPLETE","REVIEW_ISOLATED_OBJECTS","sha256:94d9304ef12aee3cd9c4031bf5177eb2bf2f50a50f621d4e890edf96d5f1e391","sha256:b03294c55c84f738f764f022294a790284bef9ecec25bd8d3d745e48fb6e50e7","2f72f18943a7f8260adffa87d7991651234a2813cb4778d66d80998c1f58fb45","d362d609727698f31e932b7a5d572f5262d2afbf431b619e17af4e2251087949"
"d2-v5-hard-177","HARD","5x5","5","5","4","2","1","0.28","0.4762","20","2.1","4","5","26","0","10","3","22","4","2","0.3333","0.8824","0.1176","1.0","0.1764","4","2","10","2","0.3193","1","0.0","0.4375","1","1","0.875","33","1.0","88","12","COMPLETE","REVIEW_ISOLATED_OBJECTS","sha256:e3bd0f8405b02cb67e6d60f6a6770ede347054f567fd1b664086fcc9f47fd368","sha256:d86bcdb774a7e3d7474a295e68c66bf7418458927b372f0fdb553664d6cba86b","67b0396bb79893c9aa3ba7c452202be298cfe9fe25d4fe89b118a48cdcbc84d6","94cc0284c6411bfd9fe248d9f2bcc937af0a2a081f99802692348e6702d35dcc"
"d2-v5-medium-178","MEDIUM","5x5","5","5","5","3","1","0.36","0.5","41","1.3170731707317074","3","13","46","1","11","4","36","6","4","0.1","0.8913","0.1087","0.4167","0.2029","6","1","16","11","0.3571","1","0.6667","0.5","3","3","0.9211","20","1.0","90","28","COMPLETE","PASS_STRUCTURAL","sha256:617ad558032ccf65d3c8378a1a24569970fe62dd4fa615aeb2105a6cd581383a","sha256:067f2a43ae8e23edc28d015f31463d5183fea1f7d33510fc6e94b91997f92b2f","a74a9496c30bbd87e4c9df561e1c94bbc3638dace7832ad50362fd4c22c8a397","449f4d75786cb84c274d47ed1223587399287986dd3c5c2364537d9df50ac233"
"d2-v5-expert-179","EXPERT","7x7","7","7","5","5","2","0.2449","0.2576","64","2.375","5","11","43","0","22","4","35","5","4","0.1","0.8298","0.1702","0.8","0.2978","5","2","16","12","0.2684","4","0.6667","0.5938","2","2","0.92","29","1.0","87","32","COMPLETE","REVIEW_ISOLATED_OBJECTS","sha256:960267660a1db06e2b70ebf5551d773f698cd1f5b2debdfea9f2b8b232352a50","sha256:5755e821e94a670e7c672b6e92b6ba5a3332f207e8e2eef647cfd4f0087c6ac0","fc40d03edba32b553fd01d9761cc8e7d5432daedf6200749acfbc009ad76dcca","a9f214726ade16e9b46069833ca2f263b75e904b1249aed2b5c7adacb1cbb4dd"
"d2-v5-hard-180","HARD","6x6","6","6","4","3","4","0.3056","0.1818","16","1.5","2","3","14","0","8","3","12","3","3","0.1667","0.8333","0.1667","1.0","0.2778","3","1","4","0","0.2986","4","0.3333","0.5312","1","1","0.9167","39","1.0","83","16","COMPLETE","REVIEW_ISOLATED_OBJECTS","sha256:58258a1f1e4db8e55d0f2245cc79f5e6a898f59501fd8a5847b5479b8eabd204","sha256:e52dfec952a6e88248df93d456e96f63b855608c8984a93024892bf0dba19a70","431f8f70466471855b6a557f6bd123dbc2c82d2cae7d159ac51149210121ba5f","f152f844b9be302eda5936cb8a1c775a134d95099480dd388d4fc0568164067d"
"d2-v5-hard-181","HARD","6x6","6","6","6","2","9","0.4722","0.1691","115","1.1478260869565218","2","10","58","0","69","5","49","7","11","0.0667","0.7857","0.2143","0.6957","0.3651","7","2","20","17","0.2138","7","0.3333","0.25","3","3","0.96","39","1.0","85","52","COMPLETE","REVIEW_ISOLATED_OBJECTS","sha256:60d7bdab58172b2d4d4a94616843aa4ab0fed8079fd162b8453db55ec6ec390f","sha256:6613218a9037a80386dc5d94765ee1596b11ef497ea35e6a0073633e5d84f249","4d6942585bf0978160ae1a88174a9cfec98fa3e35fa88bfbae9339f4585d32e5","6e96ce535c6cd905445128722e58dca2803410c2efd0b5351e612491d72efaf7"
"d2-v5-expert-182","EXPERT","8x8","8","8","6","2","4","0.1875","0.3182","32","4.46875","7","10","34","0","9","4","22","5","7","0.4667","0.7857","0.2143","0.75","0.3929","5","1","8","9","0.3121","1","0.3333","0.1562","1","1","0.9333","55","1.0","85","21","COMPLETE","REVIEW_ISOLATED_OBJECTS","sha256:ad506182b7d9976ba52d238fb0c71a29fc4e7b3f16c8c8073fb5abb6c4c6ce74","sha256:2d13b6f4facffb5190b10a8a98cd11d7184e36901c9b6a4240a3674c66401b65","0d9641dc884d9452b27b69e30af375d084b5bc4f88cd17984201b9523fe81e68","208f8e580adc9a68096465564a5988fb490d16767d1840ffdf0f09a199e39684"
"d2-v5-medium-183","MEDIUM","5x5","5","5","4","2","5","0.44","0.1636","12","1.3333333333333333","2","3","12","0","4","3","8","3","3","0.1667","0.8333","0.1667","1.0","0.2778","3","1","2","4","0.2677","2","0.6667","0.4062","1","1","0.9167","32","1.0","82","16","COMPLETE","PASS_STRUCTURAL","sha256:6a9737304b22f26a64871f288acaa4beb038cf23d0c1d09575ab880a9bb70cc4","sha256:452f71b056468873051437b120e36c072fd35dfd4a06c634db4ca805de777b9f","7c97500071950c9cf0870236f020bec0254c7fa4713996e1ac7e67cb9ce2e7c1","a69c6dbe8911a584e4b86b16933936aa39e91be6aa894c1896a5d6a4d09463e6"
"d2-v5-expert-184","EXPERT","7x7","7","7","6","6","3","0.3061","0.2286","114","2.0526315789473686","5","10","51","0","66","5","45","7","9","0.2667","0.75","0.25","0.8125","0.4389","7","2","16","14","0.1477","5","0.3333","0.2812","2","2","0.95","54","1.0","85","45","COMPLETE","REVIEW_ISOLATED_OBJECTS","sha256:3a957fc418125f3243329ad68937a82841d2def70b898858775cbb4270baed03","sha256:967eb40824828970992842934be1bde7e263809c736d1230bacb324c0785dbed","ff2725d7395687a206cc9838390c11ca60637ecbef1354c7d92ec7ae1791c52f","6474b2c6300d3aa75f0281d1a7a4b2d98b2f6c44ac5b48d88bf5dfb11a3c56b2"
"d2-v5-hard-185","HARD","6x6","6","6","5","4","3","0.3333","0.2273","12","2.0","4","8","29","0","6","3","18","5","4","0.4","0.85","0.15","0.6","0.25","5","1","6","6","0.1699","5","0.6667","0.4375","1","1","0.9","34","1.0","81","15","COMPLETE","REVIEW_ISOLATED_OBJECTS","sha256:2d6513da4e56bfed630c31a5961c2265979d083a360fcfc668b3c762be1e5a96","sha256:8d907f299d84c38da304923ff66a579a70ef77a636634c6d341c137c45f3e6ee","b4348b9524de5194abefa92d9cd41cb4c2d24f775fdd2bf7dc2ac34cdf7eb48b","19656329b15ebc4780c21dbe474fe54fdaa8a71ec12defc0ac3f366f3c9f1ad5"
"d2-v5-medium-186","MEDIUM","5x5","5","5","3","2","5","0.4","0.1333","8","1.0","1","3","10","0","4","2","11","3","2","0.3333","0.7778","0.2222","1.0","0.3333","3","1","4","0","0.2727","4","0.0","0.4688","1","1","0.6667","47","1.0","80","8","COMPLETE","PASS_STRUCTURAL","sha256:60463313539e27cf7628821bec1ee30195c72ad26d7bccd06dfd6fef60095f04","sha256:b36cd505569deb9be15ac872fbbcfddbac51db72542c58991555044a41f4b89d","8a0cb052c6bf782c4a3129b82665e35754aabe2ea4ca128db96cff15e7ff2478","79c7983df8a10d476326b73d51adcb25f735df04a27ffe956359d6644efcfa2c"
"d2-v5-expert-187","EXPERT","7x7","7","7","5","3","2","0.2041","0.2889","16","3.25","6","4","24","1","2","2","16","4","5","0.5","0.8182","0.1818","1.0","0.303","4","1","6","4","0.3837","3","0.0","0.2188","1","1","0.9","49","1.0","84","16","COMPLETE","REVIEW_ISOLATED_OBJECTS","sha256:35545a6deeea82abbfa8db434daf60f52550e09b507de051b7af14ae83ce75b5","sha256:7f5b0c408e7150f8882d3b9be11a068739d93ce77a144169e48aab447640dd93","99542f121de0fce34153f7261c406f2fba06dbb0eebd25a3183e8e5a7eddebf0","85f2c5fbf580dbd5b249bcb173d0128e2832606fac28979f05a0286ed828771f"
"d2-v5-hard-188","HARD","5x5","5","5","6","5","3","0.56","0.2527","88","1.2727272727272727","2","9","42","0","40","5","39","6","8","0.5333","0.7222","0.2778","0.8","0.5093","6","2","14","8","0.2301","2","0.0","0.2188","1","1","0.9444","62","1.0","96","32","COMPLETE","REVIEW_ISOLATED_OBJECTS","sha256:f0b827c28b9076ca1a22037bdfb85410a713c1cdef43351beec9db9bb0c6e22e","sha256:a5f0eaf6ec8c705c799c6d803b8810f4b66c05e08d1c274c9f1d49edabe45589","2359882ecaea466ce1d5d09b2ec9540bb7acfb632139323e076b4d62b1e3cb01","9b8f4835a6319b3a49de2a9a139ec422876d57b49ae64a6d88d89614a4d07d6a"
"d2-v5-hard-189","HARD","5x5","5","5","4","5","2","0.44","0.2182","24","2.0","4","6","16","0","10","3","17","4","3","0.3333","0.8","0.2","0.75","0.3333","4","1","6","0","0.2617","4","0.3333","0.5625","1","1","0.8333","50","1.0","88","12","COMPLETE","REVIEW_ISOLATED_OBJECTS","sha256:8017b1b9faa4b5c09841a74965bdea67915b82b1acb7ff360ae1e8202764cfc0","sha256:1a2dd533bf91ccfd5dd5e56a4b0d2175606f50a05043bc646f179a9268ce13f0","853d1dcd01c7d63699a440a499622c21e447fd12a65aeb720c376b8af44a1482","1376f9c94e5e149a3cff4e5bf45ea6a5ec121588db88b85bded9d788ee838497"
"d2-v5-expert-190","EXPERT","7x7","7","7","5","3","2","0.2041","0.3556","52","4.153846153846154","5","6","28","0","24","4","21","4","4","0.1","0.8431","0.1569","0.7273","0.2746","4","1","8","8","0.2288","2","0.0","0.375","2","2","0.95","40","1.0","88","32","COMPLETE","REVIEW_ISOLATED_OBJECTS","sha256:a968d51ac552a9217abe78706f4b98ab3ab7d620377919be2fc2a7eb695ca7ed","sha256:610534455f620d09eeb963e1809ea0e2f76d648927784763ea062dd0285198aa","78aea0b6a621a0f1cf49cb0b4c0e9a29f66fe66af3e5223304a2878e48759268","e8a2bf72257c6687c58600cb10312aa5f702d0a538ac785d4609e442446bd6ff"
"d2-v5-medium-191","MEDIUM","5x5","5","5","5","3","1","0.36","0.4722","60","1.0","1","6","25","0","20","4","20","4","4","0.2","0.8462","0.1538","0.6667","0.282","4","1","6","0","0.3019","2","1.0","0.375","1","1","0.9667","33","1.0","89","24","COMPLETE","PASS_STRUCTURAL","sha256:8f17675518bf6c390e58fab44380b8a92eafd6aee8da5d2cdd6198a744b1d6b7","sha256:623806c678678a8d5c6d3bb5125352747080971b447a1088690e87db415f49c0","a25878fa8959fbbe4db5eb55ad36a26caa93feaaf8f40553f923319405f4944b","4c1e79680b799a59434b88cbac0c3d3c6bc913c8eba5723cd9cbe3c2b5d5f990"
"d2-v5-expert-192","EXPERT","7x7","7","7","5","6","2","0.2653","0.2308","40","1.2","2","8","28","1","16","4","26","4","7","0.6","0.5652","0.4348","1.0","0.8261","4","2","8","4","0.2945","5","0.0","0.0312","1","1","0.8","64","1.0","77","24","COMPLETE","REVIEW_ISOLATED_OBJECTS","sha256:2fcbc0c7aac03cc853943e5861cf32195a0ee3e193da34a714f1890a44de3e61","sha256:a7bb3fa39f95dea137842d72f3693f23759737f0a690d1fac74f5c0f5a1b726b","2d7ce67fc5a26114531586fba7fdcb3a9f128a02e09e3201f8a048e94c14746b","041af09b00464db1611aa4ea101135f693b6f9b2152f648388cd03a316da5269"
"d2-v5-hard-193","HARD","6x6","6","6","4","4","2","0.2778","0.2667","20","3.1","5","7","26","0","10","3","22","4","2","0.3333","0.8824","0.1176","1.0","0.1764","4","2","10","2","0.3077","3","0.6667","0.5312","1","1","0.875","25","1.0","85","12","COMPLETE","REVIEW_ISOLATED_OBJECTS","sha256:b2624c72e3769fd6ae03f343eecbfa38ca3f5d1dbd853d65cecbadd394f27cb3","sha256:0f656bdab247dd90576251644f37d006b372be0376900562de1feca0c4a7f767","a72e757ad9b6d3c346fce05d726de5a9b6f5f25e8d825034b147b0839a162535","5508a7e0e0102969c14120e6d9ec9317655dfea875f879f25d846ce2ac0b5207"
"d2-v5-expert-194","EXPERT","7x7","7","7","5","3","3","0.2245","0.3273","56","2.2857142857142856","5","6","26","1","16","4","21","4","7","0.3","0.7","0.3","1.0","0.5667","4","2","6","4","0.2655","3","0.6667","0.1875","1","1","0.95","46","1.0","88","32","COMPLETE","REVIEW_ISOLATED_OBJECTS","sha256:cd334eec358f5441fe027dcb0fe22733c41313c0e98279094faca4c5d88be9cc","sha256:8b16fbebee3c57cab045023d1dec5afc8736e66df9564261e6b1595826b2048d","7a90460768f50d4e3426c3fe37221d5679eb5910ec3008417ed5830eea97fe2e","d389b49e1cfc0507817532d1dccf093298357c1fa62c8f0101e16b4d62ef0951"
"d2-v5-hard-195","HARD","5x5","5","5","6","3","1","0.4","0.4444","75","2.1333333333333333","4","7","47","0","32","5","38","6","8","0.2","0.84","0.16","0.5333","0.2933","6","2","16","0","0.2325","1","0.3333","0.4688","2","2","0.95","44","1.0","96","28","COMPLETE","REVIEW_ISOLATED_OBJECTS","sha256:c03b2207df54241a58c2433c10e09f265e07f47858675f7c55dad4c2cd67f87f","sha256:0fe07bea3c46b695a4c2b634cde6296c80dcf3f1d3207351ae666b5c110f601f","40d9c7630b0e589c50c6298fbe6c2590f1f14e0748a32145f61073b7db05301c","649196778342fe0150cf5024a68426d8c3fefcb7875418adf9f28b9694cb1611"
"d2-v5-expert-196","EXPERT","7x7","7","7","5","3","2","0.2041","0.2889","15","1.4","2","4","24","0","6","4","17","4","4","0.4","0.7391","0.2609","0.8571","0.4783","4","1","6","6","0.2991","3","0.0","0.125","1","1","0.9","63","1.0","80","18","COMPLETE","REVIEW_ISOLATED_OBJECTS","sha256:b30555ef87702ae41651496bea9989a4605d81bb2ab35aa8bd7a3152d7e8bc63","sha256:fee6ed63f9a1ab075d7a183b764d6609613720855614ccfd66ca2d871a92ef69","d63cf4f9017b4082252eed7999a375889c031728304d33c38129b206a1dbe065","bc941581ecaa6dbe05352ad1556fe6fee01ec9fdcc2db1755bfc4c1fccd2ffa7"
"d2-v5-hard-197","HARD","5x5","5","5","4","3","4","0.44","0.2","20","1.2","2","6","12","0","4","3","8","3","3","0.1667","0.8333","0.1667","1.0","0.2778","3","1","2","4","0.2909","4","0.0","0.5312","1","1","0.9167","38","1.0","86","16","COMPLETE","REVIEW_ISOLATED_OBJECTS","sha256:48b670a99b53f53a1a9d8578afd122b1cdc58f00e99b0a343dd94c0ebf3b79d0","sha256:f5f1360be9697152af127a3bccebb5a8d5b7ccb6db541c02309437cecd7a153b","b3364dbc37fe08aaa841b6e914ee49d481d9511e11bb194dc06f7e100fed386a","2df058a0313162e3581a93e085b3f25879652cb2a05d447f5259af04f1182c14"
"d2-v5-expert-198","EXPERT","7x7","7","7","5","3","3","0.2245","0.2727","32","1.25","2","6","20","0","8","4","13","3","4","0.3","0.7778","0.2222","1.0","0.4074","4","1","4","8","0.3427","3","0.3333","0.3125","1","1","0.95","55","1.0","81","24","COMPLETE","REVIEW_ISOLATED_OBJECTS","sha256:d235afe1c1681fb25955d86d6e8f05519305b45dd1a5eeee2c66ab679db2c892","sha256:1496cb08a836012e6cff7abe0e0a66a6795bfb0f682bf376e7719f43b8341f98","281f2fa6b9b0cea70e4c94817867022010f852007bd12e7a95c027224d4b95e7","cd947ae90d7ee57dc7119efe1c24985467d00cb6aa40be5df631d9e91e126883"
"d2-v5-hard-199","HARD","5x5","5","5","6","5","3","0.56","0.1868","40","1.9","3","8","37","0","16","5","36","6","11","0.7333","0.7","0.3","1.0","0.6667","6","2","14","0","0.2166","5","0.0","0.2812","1","1","0.8333","58","1.0","93","24","COMPLETE","REVIEW_ISOLATED_OBJECTS","sha256:50553f4a0fc5857db0678cae9dcc9d0514cd4d9d1110b4250b171acd6067a207","sha256:f04955dcbcfc5817eb6ee00f3e3a98c56c879a9120b6b254760d3695b15c7231","e909ab0d1d5a009e9246dcaadd78173668728b7997def2238d4ee3ba3357e893","3480c4a96a806a9cb751412d633749cf03ff44e05ce7eedf0caef515287ec04d"
"d2-v5-expert-200","EXPERT","8x8","8","8","5","3","4","0.1875","0.2576","56","1.7142857142857142","3","5","34","1","24","4","31","5","8","0.4","0.697","0.303","1.0","0.5555","5","2","10","4","0.247","4","0.0","0.1562","1","1","0.9333","60","1.0","81","32","COMPLETE","REVIEW_ISOLATED_OBJECTS","sha256:bfdce3e623b5da5cfc0a997beb984ce2ec04eefc7ebb3071b54af27c4deaeefe","sha256:3ab1a0f46b11b1ba4e4b54180ef6b4f58635965d45eca2905a192a5b0768ceb5","4405babcc643a862923b4fb9984525e80a417a128ca092ae43a256e18b6f68b7","76b1b1d84f8bbcba593f32dc8b44c213bb855dfa60e46b992949b97f7fd58993"
